ISO-10303-21;
HEADER;
FILE_DESCRIPTION (( 'STEP AP203' ),
    '1' );
FILE_NAME ('EKM_Horizontally wide detection type.STEP',
    '2019-07-31T23:25:54',
    ( '' ),
    ( '' ),
    'SwSTEP 2.0',
    'SolidWorks 2018',
    '' );
FILE_SCHEMA (( 'CONFIG_CONTROL_DESIGN' ));
ENDSEC;

DATA;
#1 = LINE ( 'NONE', #4841, #1976 ) ;
#2 = CARTESIAN_POINT ( 'NONE',  ( -4.599999999909109683, -6.000000000000002665, -1.434538370960584341 ) ) ;
#3 = CARTESIAN_POINT ( 'NONE',  ( 8.500000000000000000, 6.500000000000004441, -1.000000000000000000 ) ) ;
#4 = CARTESIAN_POINT ( 'NONE',  ( 0.0000000000000000000, 7.563033244373329467, -92.56798676366528866 ) ) ;
#5 = EDGE_CURVE ( 'NONE', #8273, #6556, #4312, .T. ) ;
#6 = DIRECTION ( 'NONE',  ( -0.0000000000000000000, -0.0000000000000000000, 1.000000000000000000 ) ) ;
#7 = CARTESIAN_POINT ( 'NONE',  ( -3.521030927140393008, -6.461560893046986997, -2.959618654331490184 ) ) ;
#8 = CARTESIAN_POINT ( 'NONE',  ( -12.19808431957723904, -5.199991117421787656, 1.000000000203727257 ) ) ;
#9 = VECTOR ( 'NONE', #2431, 1000.000000000000114 ) ;
#10 = ORIENTED_EDGE ( 'NONE', *, *, #2464, .T. ) ;
#11 = DIRECTION ( 'NONE',  ( 0.0000000000000000000, 1.000000000000000000, 0.0000000000000000000 ) ) ;
#12 = CARTESIAN_POINT ( 'NONE',  ( -1.014477084804764839, -4.542965623815465648, -8.297241590063180183 ) ) ;
#13 = CALENDAR_DATE ( 2019, 1, 8 ) ;
#14 = PLANE ( 'NONE',  #8269 ) ;
#15 = EDGE_CURVE ( 'NONE', #1418, #5064, #5418, .T. ) ;
#16 = ADVANCED_FACE ( 'NONE', ( #6431 ), #7426, .T. ) ;
#17 = DIRECTION ( 'NONE',  ( 0.0000000000000000000, 1.000000000000000000, 0.0000000000000000000 ) ) ;
#18 = ORIENTED_EDGE ( 'NONE', *, *, #4169, .T. ) ;
#19 = DIRECTION ( 'NONE',  ( 0.0000000000000000000, -1.000000000000000000, 0.0000000000000000000 ) ) ;
#20 = AXIS2_PLACEMENT_3D ( 'NONE', #2508, #3811, #6398 ) ;
#21 = PERSON_AND_ORGANIZATION ( #6821, #2012 ) ;
#22 = LINE ( 'NONE', #949, #5986 ) ;
#23 = ORIENTED_EDGE ( 'NONE', *, *, #6658, .F. ) ;
#24 = CARTESIAN_POINT ( 'NONE',  ( 0.0000000000000000000, 5.549999999999998934, -92.70000000000000284 ) ) ;
#25 = AXIS2_PLACEMENT_3D ( 'NONE', #5672, #7682, #1943 ) ;
#26 = DIRECTION ( 'NONE',  ( -0.9434756357255822401, 0.0000000000000000000, 0.3314418875039912837 ) ) ;
#27 = VERTEX_POINT ( 'NONE', #6776 ) ;
#28 = ORIENTED_EDGE ( 'NONE', *, *, #2238, .F. ) ;
#29 = CARTESIAN_POINT ( 'NONE',  ( -4.065461636035833770, -6.421446036757061826, -0.9999999999999997780 ) ) ;
#30 = CIRCLE ( 'NONE', #3297, 0.1999999999999999833 ) ;
#31 = B_SPLINE_CURVE_WITH_KNOTS ( 'NONE', 3,
 ( #5391, #3451, #6689, #7340 ),
 .UNSPECIFIED., .F., .F.,
 ( 4, 4 ),
 ( 2.007215768678148604E-07, 0.001856827759838319781 ),
 .UNSPECIFIED. ) ;
#32 = DATE_AND_TIME ( #2101, #4280 ) ;
#33 = CARTESIAN_POINT ( 'NONE',  ( -4.500000000000000888, -6.000000000000001776, -9.299999999999998934 ) ) ;
#34 = CIRCLE ( 'NONE', #2388, 0.2500000000000002220 ) ;
#35 = DIRECTION ( 'NONE',  ( 0.0000000000000000000, 1.000000000000000000, 0.0000000000000000000 ) ) ;
#36 = ORIENTED_EDGE ( 'NONE', *, *, #2380, .F. ) ;
#37 = CARTESIAN_POINT ( 'NONE',  ( 1.013323155338314185, -4.538245936797078883, -8.299999999999998934 ) ) ;
#38 = ORIENTED_EDGE ( 'NONE', *, *, #4225, .T. ) ;
#39 = ORIENTED_EDGE ( 'NONE', *, *, #1501, .T. ) ;
#40 = AXIS2_PLACEMENT_3D ( 'NONE', #1834, #1212, #6974 ) ;
#41 = LINE ( 'NONE', #4464, #1521 ) ;
#42 = EDGE_CURVE ( 'NONE', #837, #1731, #7135, .T. ) ;
#43 = VECTOR ( 'NONE', #5024, 1000.000000000000227 ) ;
#44 = ORIENTED_EDGE ( 'NONE', *, *, #441, .F. ) ;
#45 = DIRECTION ( 'NONE',  ( 0.0000000000000000000, -0.0000000000000000000, 1.000000000000000000 ) ) ;
#46 = FACE_OUTER_BOUND ( 'NONE', #296, .T. ) ;
#47 = CARTESIAN_POINT ( 'NONE',  ( -11.06882430048111665, -5.637602997555113404, 6.346388877235770387 ) ) ;
#48 = PLANE ( 'NONE',  #7662 ) ;
#49 = ORIENTED_EDGE ( 'NONE', *, *, #15, .T. ) ;
#50 = DIRECTION ( 'NONE',  ( 0.001521307388085444160, 0.9961935453064447721, -0.08715564189200575296 ) ) ;
#51 = ORIENTED_EDGE ( 'NONE', *, *, #7669, .T. ) ;
#52 = ORIENTED_EDGE ( 'NONE', *, *, #3519, .F. ) ;
#53 = CARTESIAN_POINT ( 'NONE',  ( -3.801787997811556519, 6.000000000000000000, -3.000000000000000000 ) ) ;
#54 = LINE ( 'NONE', #6063, #3807 ) ;
#55 = ORIENTED_EDGE ( 'NONE', *, *, #1333, .T. ) ;
#56 = CARTESIAN_POINT ( 'NONE',  ( 5.000000000000000888, 5.900000000000003020, -1.499999999999999556 ) ) ;
#57 = DIRECTION ( 'NONE',  ( 0.9434756357255822401, -4.336808689942016947E-15, -0.3314418875039912837 ) ) ;
#58 = CARTESIAN_POINT ( 'NONE',  ( -4.500000000585131055, -5.999999999414771246, -1.448147957716981349 ) ) ;
#59 = LINE ( 'NONE', #4022, #2036 ) ;
#60 = EDGE_CURVE ( 'NONE', #1725, #2087, #361, .T. ) ;
#61 = ADVANCED_FACE ( 'NONE', ( #7449 ), #3618, .F. ) ;
#62 = CARTESIAN_POINT ( 'NONE',  ( 4.500000000000000888, 6.650000000000004796, -2.943132368708153646 ) ) ;
#63 = CARTESIAN_POINT ( 'NONE',  ( -10.90254453544683955, 5.549999999999998934, 6.477342301583089323 ) ) ;
#64 = EDGE_LOOP ( 'NONE', ( #1873, #7335, #6598 ) ) ;
#65 = CARTESIAN_POINT ( 'NONE',  ( 9.500000000000001776, -6.650000000000001243, -9.035105632878352111 ) ) ;
#66 = CARTESIAN_POINT ( 'NONE',  ( -10.90200680405430411, 5.634133462253633873, 6.478870043677033230 ) ) ;
#67 = CARTESIAN_POINT ( 'NONE',  ( -1.049421838954762265, 4.530185634976633402, -8.975499814951833244 ) ) ;
#68 = EDGE_CURVE ( 'NONE', #1829, #4824, #5831, .T. ) ;
#69 = FACE_OUTER_BOUND ( 'NONE', #5920, .T. ) ;
#70 = ORIENTED_EDGE ( 'NONE', *, *, #7631, .T. ) ;
#71 = ADVANCED_FACE ( 'NONE', ( #6632 ), #2329, .F. ) ;
#72 = CARTESIAN_POINT ( 'NONE',  ( -9.500000000000001776, -6.150000000000001243, -9.035105632878352111 ) ) ;
#73 = AXIS2_PLACEMENT_3D ( 'NONE', #7582, #6337, #3769 ) ;
#74 = DIRECTION ( 'NONE',  ( 0.0000000000000000000, 1.000000000000000000, 0.0000000000000000000 ) ) ;
#75 = ADVANCED_FACE ( 'NONE', ( #7551 ), #5246, .T. ) ;
#76 = PLANE ( 'NONE',  #4199 ) ;
#77 = DIRECTION ( 'NONE',  ( 0.9998476951563913806, 0.0000000000000000000, 0.01745240643727699950 ) ) ;
#78 = CIRCLE ( 'NONE', #7385, 0.2500000000000002220 ) ;
#79 = ORIENTED_EDGE ( 'NONE', *, *, #6675, .F. ) ;
#80 = CARTESIAN_POINT ( 'NONE',  ( -12.19996953439120801, 5.200000000000001066, -1.000000000000000000 ) ) ;
#81 = CARTESIAN_POINT ( 'NONE',  ( -9.000000000000001776, -6.650000000000001243, -2.943132368708153646 ) ) ;
#82 = DIRECTION ( 'NONE',  ( 0.0000000000000000000, 0.0000000000000000000, 1.000000000000000000 ) ) ;
#83 = FACE_OUTER_BOUND ( 'NONE', #5644, .T. ) ;
#84 = CARTESIAN_POINT ( 'NONE',  ( 0.9670890758901474760, 4.348765769651652846, -8.637749907475930300 ) ) ;
#85 = EDGE_LOOP ( 'NONE', ( #4317, #604, #1090 ) ) ;
#86 = AXIS2_PLACEMENT_3D ( 'NONE', #4654, #1494, #2125 ) ;
#87 = CARTESIAN_POINT ( 'NONE',  ( -5.100000000000000533, 6.000000000000001776, -1.207106781186547240 ) ) ;
#88 = DIRECTION ( 'NONE',  ( 0.9998476951563912696, 2.168074086486366787E-15, -0.01745240643728354982 ) ) ;
#89 = VERTEX_POINT ( 'NONE', #3173 ) ;
#90 = EDGE_CURVE ( 'NONE', #3511, #4342, #5042, .T. ) ;
#91 = CARTESIAN_POINT ( 'NONE',  ( 10.88012917333600704, -5.637602997552447093, 6.280100499734930786 ) ) ;
#92 = FACE_OUTER_BOUND ( 'NONE', #4264, .T. ) ;
#93 = CARTESIAN_POINT ( 'NONE',  ( -5.000000000000000888, 5.100000000000003197, -2.500000000000000000 ) ) ;
#94 = VERTEX_POINT ( 'NONE', #2480 ) ;
#95 = VERTEX_POINT ( 'NONE', #4402 ) ;
#96 = VECTOR ( 'NONE', #3423, 1000.000000000000000 ) ;
#97 = DIRECTION ( 'NONE',  ( 0.3314418875039927825, 0.0000000000000000000, 0.9434756357255816850 ) ) ;
#98 = CARTESIAN_POINT ( 'NONE',  ( 1.205925905206711057, 4.491000891609667534, -8.486904841698098778 ) ) ;
#99 = DIRECTION ( 'NONE',  ( -0.0000000000000000000, -0.0000000000000000000, 1.000000000000000000 ) ) ;
#100 = EDGE_CURVE ( 'NONE', #4543, #7161, #2253, .T. ) ;
#101 = DIRECTION ( 'NONE',  ( 0.3314418875039927825, 0.0000000000000000000, 0.9434756357255816850 ) ) ;
#102 = VECTOR ( 'NONE', #2567, 1000.000000000000000 ) ;
#103 = CARTESIAN_POINT ( 'NONE',  ( 4.275634565074214244, -6.224365434925836382, -1.075747223755089577 ) ) ;
#104 = CARTESIAN_POINT ( 'NONE',  ( 0.0000000000000000000, -6.500000000000002665, -1.500000000000000000 ) ) ;
#105 = ORIENTED_EDGE ( 'NONE', *, *, #3229, .T. ) ;
#106 = ADVANCED_FACE ( 'NONE', ( #8288 ), #3786, .T. ) ;
#107 = DIRECTION ( 'NONE',  ( 0.0000000000000000000, 0.0000000000000000000, 1.000000000000000000 ) ) ;
#108 =( BOUNDED_CURVE ( )  B_SPLINE_CURVE ( 3, ( #7940, #7969, #2147, #2735 ),
 .UNSPECIFIED., .F., .F. ) 
 B_SPLINE_CURVE_WITH_KNOTS ( ( 4, 4 ),
 ( 4.712388980384689674, 6.283185307179586232 ),
 .UNSPECIFIED. ) 
 CURVE ( )  GEOMETRIC_REPRESENTATION_ITEM ( )  RATIONAL_B_SPLINE_CURVE ( ( 1.000000000000000000, 0.8047378541243649375, 0.8047378541243649375, 1.000000000000000000 ) ) 
 REPRESENTATION_ITEM ( '' )  );
#109 = LINE ( 'NONE', #6956, #4267 ) ;
#110 = CARTESIAN_POINT ( 'NONE',  ( 3.801787997811547637, 6.000000000000000000, -3.000000000000000000 ) ) ;
#111 = CARTESIAN_POINT ( 'NONE',  ( 0.0000000000000000000, 6.349999999999999645, -3.350000000000002309 ) ) ;
#112 = EDGE_CURVE ( 'NONE', #7123, #7226, #5859, .T. ) ;
#113 = ORIENTED_EDGE ( 'NONE', *, *, #4256, .F. ) ;
#114 = CARTESIAN_POINT ( 'NONE',  ( -1.203504633341323293, 4.491556144314996502, -8.712954876825477868 ) ) ;
#115 = CARTESIAN_POINT ( 'NONE',  ( 3.412409198551541678, -5.999999999999999112, -3.000000000000000888 ) ) ;
#116 = LOCAL_TIME ( 8, 25, 54.00000000000000000, #5677 ) ;
#117 = EDGE_CURVE ( 'NONE', #146, #2412, #5353, .T. ) ;
#118 = VECTOR ( 'NONE', #6055, 1000.000000000000000 ) ;
#119 = AXIS2_PLACEMENT_3D ( 'NONE', #6848, #3606, #2340 ) ;
#120 = ORIENTED_EDGE ( 'NONE', *, *, #2601, .T. ) ;
#121 = ORIENTED_EDGE ( 'NONE', *, *, #5063, .T. ) ;
#122 = CARTESIAN_POINT ( 'NONE',  ( 5.000000000000000888, 5.100000000000000533, 0.5000000000000000000 ) ) ;
#123 = EDGE_CURVE ( 'NONE', #2362, #6688, #4540, .T. ) ;
#124 = APPROVAL_DATE_TIME ( #1806, #5528 ) ;
#125 = DIRECTION ( 'NONE',  ( 0.0000000000000000000, 0.0000000000000000000, 1.000000000000000000 ) ) ;
#126 = CIRCLE ( 'NONE', #1784, 0.1999999999999998446 ) ;
#127 = PRODUCT_DEFINITION_SHAPE ( 'NONE', 'NONE',  #2683 ) ;
#128 = DIRECTION ( 'NONE',  ( 0.9434756357255816850, 0.0000000000000000000, 0.3314418875039930046 ) ) ;
#129 = ORIENTED_EDGE ( 'NONE', *, *, #6299, .F. ) ;
#130 = VERTEX_POINT ( 'NONE', #4992 ) ;
#131 = VERTEX_POINT ( 'NONE', #3098 ) ;
#132 = VERTEX_POINT ( 'NONE', #659 ) ;
#133 = SPHERICAL_SURFACE ( 'NONE', #6477, 0.5000000000000008882 ) ;
#134 = CARTESIAN_POINT ( 'NONE',  ( -8.250000000000000000, -5.964708090068002733, -1.000000000000000000 ) ) ;
#135 = DIRECTION ( 'NONE',  ( 0.0000000000000000000, 0.0000000000000000000, 1.000000000000000000 ) ) ;
#136 = AXIS2_PLACEMENT_3D ( 'NONE', #4371, #7624, #588 ) ;
#137 = CARTESIAN_POINT ( 'NONE',  ( 4.479800088298167893, -6.100166593084896505, -1.192726625728557144 ) ) ;
#138 = FACE_OUTER_BOUND ( 'NONE', #3907, .T. ) ;
#139 = DIRECTION ( 'NONE',  ( 0.0000000000000000000, 1.000000000000000000, 0.0000000000000000000 ) ) ;
#140 = EDGE_CURVE ( 'NONE', #5631, #7226, #673, .T. ) ;
#141 = CARTESIAN_POINT ( 'NONE',  ( 12.40000000000000391, 5.200000000000000178, 22.32470080335484397 ) ) ;
#142 = EDGE_LOOP ( 'NONE', ( #8240, #1323, #7542 ) ) ;
#143 = VECTOR ( 'NONE', #2064, 1000.000000000000000 ) ;
#144 = DIRECTION ( 'NONE',  ( 1.000000000000000000, 0.0000000000000000000, 0.0000000000000000000 ) ) ;
#145 = VECTOR ( 'NONE', #3790, 1000.000000000000000 ) ;
#146 = VERTEX_POINT ( 'NONE', #6274 ) ;
#147 = ORIENTED_EDGE ( 'NONE', *, *, #2737, .F. ) ;
#148 = CARTESIAN_POINT ( 'NONE',  ( 3.301787997811554742, -6.200000000000000178, -9.035105632878352111 ) ) ;
#149 = ORIENTED_EDGE ( 'NONE', *, *, #2935, .F. ) ;
#150 = EDGE_CURVE ( 'NONE', #2920, #6854, #2155, .T. ) ;
#151 = APPROVAL ( #1729, 'UNSPECIFIED' ) ;
#152 = ADVANCED_FACE ( 'NONE', ( #3537 ), #1262, .F. ) ;
#153 = CARTESIAN_POINT ( 'NONE',  ( 11.06938308350911271, -5.549999999999998934, 6.344798257002013386 ) ) ;
#154 = PLANE ( 'NONE',  #5989 ) ;
#155 = CARTESIAN_POINT ( 'NONE',  ( 13.00102500000000028, -6.000000000000000000, -3.000000000000000000 ) ) ;
#156 = ADVANCED_FACE ( 'NONE', ( #3242 ), #1469, .T. ) ;
#157 = CARTESIAN_POINT ( 'NONE',  ( 0.0000000000000000000, 0.0000000000000000000, -3.000000000000000000 ) ) ;
#158 = VECTOR ( 'NONE', #1548, 1000.000000000000000 ) ;
#159 = CARTESIAN_POINT ( 'NONE',  ( -10.90200680405430234, 5.634133462257180369, 6.478870043677106061 ) ) ;
#160 = CARTESIAN_POINT ( 'NONE',  ( -2.540000000000000036, 0.0000000000000000000, 0.0000000000000000000 ) ) ;
#161 = ORIENTED_EDGE ( 'NONE', *, *, #5647, .F. ) ;
#162 = DIRECTION ( 'NONE',  ( 0.0000000000000000000, 0.01745240643727676011, 0.9998476951563912696 ) ) ;
#163 = FACE_OUTER_BOUND ( 'NONE', #6273, .T. ) ;
#164 = CARTESIAN_POINT ( 'NONE',  ( 4.000000000000000000, -6.500000000000002665, -0.9999999999999993339 ) ) ;
#165 = ORIENTED_EDGE ( 'NONE', *, *, #5486, .T. ) ;
#166 = ORIENTED_EDGE ( 'NONE', *, *, #2754, .F. ) ;
#167 = DIRECTION ( 'NONE',  ( -0.0000000000000000000, -0.0000000000000000000, 1.000000000000000000 ) ) ;
#168 = EDGE_CURVE ( 'NONE', #5610, #938, #5016, .T. ) ;
#169 = CARTESIAN_POINT ( 'NONE',  ( -4.791019402581309983, -6.349999999999999645, -3.350000000000002309 ) ) ;
#170 = AXIS2_PLACEMENT_3D ( 'NONE', #4780, #7446, #1002 ) ;
#171 = LINE ( 'NONE', #879, #3523 ) ;
#172 = ORIENTED_EDGE ( 'NONE', *, *, #3527, .F. ) ;
#173 = CARTESIAN_POINT ( 'NONE',  ( 12.31714466825703980, -5.200000000000001066, 1.000000000090039975 ) ) ;
#174 = ORIENTED_EDGE ( 'NONE', *, *, #4924, .F. ) ;
#175 = EDGE_CURVE ( 'NONE', #132, #5631, #8198, .T. ) ;
#176 = LINE ( 'NONE', #5855, #3330 ) ;
#177 = CARTESIAN_POINT ( 'NONE',  ( 1.213583322788941654, 4.529154619866582188, -8.504906618023776232 ) ) ;
#178 = ORIENTED_EDGE ( 'NONE', *, *, #5027, .F. ) ;
#179 = CARTESIAN_POINT ( 'NONE',  ( 4.000000000000001776, -5.099999999999997868, -1.000000000000000000 ) ) ;
#180 = DIRECTION ( 'NONE',  ( 0.0000000000000000000, 0.0000000000000000000, 1.000000000000000000 ) ) ;
#181 = AXIS2_PLACEMENT_3D ( 'NONE', #4800, #1591, #4158 ) ;
#182 = AXIS2_PLACEMENT_3D ( 'NONE', #1543, #2143, #4694 ) ;
#183 = DIRECTION ( 'NONE',  ( 0.0000000000000000000, 0.0000000000000000000, -1.000000000000000000 ) ) ;
#184 = CARTESIAN_POINT ( 'NONE',  ( 8.998722858706033279, 6.185714285714285054, -9.035105632878352111 ) ) ;
#185 = VECTOR ( 'NONE', #5328, 1000.000000000000114 ) ;
#186 = ORIENTED_EDGE ( 'NONE', *, *, #5873, .F. ) ;
#187 = DIRECTION ( 'NONE',  ( -0.0000000000000000000, -0.0000000000000000000, -1.000000000000000000 ) ) ;
#188 = CARTESIAN_POINT ( 'NONE',  ( 4.500000000000000888, -5.900000000090927621, -1.434538370960584786 ) ) ;
#189 = EDGE_LOOP ( 'NONE', ( #5740, #3326, #5810, #587 ) ) ;
#190 = ORIENTED_EDGE ( 'NONE', *, *, #5541, .T. ) ;
#191 = ADVANCED_FACE ( 'NONE', ( #92 ), #5151, .T. ) ;
#192 = VECTOR ( 'NONE', #4658, 1000.000000000000000 ) ;
#193 = DIRECTION ( 'NONE',  ( 0.0000000000000000000, 1.000000000000000000, 0.0000000000000000000 ) ) ;
#194 = LINE ( 'NONE', #2422, #5867 ) ;
#195 = AXIS2_PLACEMENT_3D ( 'NONE', #7646, #1282, #6941 ) ;
#196 = DIRECTION ( 'NONE',  ( 1.000000000000000000, 0.0000000000000000000, 0.0000000000000000000 ) ) ;
#197 = EDGE_CURVE ( 'NONE', #7995, #7161, #4136, .T. ) ;
#198 = ORIENTED_EDGE ( 'NONE', *, *, #6251, .T. ) ;
#199 = VERTEX_POINT ( 'NONE', #2595 ) ;
#200 = CARTESIAN_POINT ( 'NONE',  ( 8.000000000000000000, 5.100000000000001421, -1.000000000000000888 ) ) ;
#201 = FACE_OUTER_BOUND ( 'NONE', #4951, .T. ) ;
#202 = DIRECTION ( 'NONE',  ( 1.000000000000000000, 0.0000000000000000000, 0.0000000000000000000 ) ) ;
#203 = DIRECTION ( 'NONE',  ( 0.0000000000000000000, 0.9748390637953896487, -0.2229098465714969279 ) ) ;
#204 = DIRECTION ( 'NONE',  ( 0.0000000000000000000, 0.0000000000000000000, 1.000000000000000000 ) ) ;
#205 = VECTOR ( 'NONE', #7918, 1000.000000000000114 ) ;
#206 = CARTESIAN_POINT ( 'NONE',  ( -12.79999999999999893, 5.800000000000000711, -3.000000000000000000 ) ) ;
#207 = PLANE ( 'NONE',  #1938 ) ;
#208 = CARTESIAN_POINT ( 'NONE',  ( 3.301787997811554742, -6.000000000000000000, -1.000000000000000888 ) ) ;
#209 = CARTESIAN_POINT ( 'NONE',  ( -1.228913276475499528, 4.586366785902491472, -8.803638574933408734 ) ) ;
#210 = VERTEX_POINT ( 'NONE', #3815 ) ;
#211 = BREP_WITH_VOIDS ( 'NONE', #7163, ( #4247, #4669, #1544, #3501 ) );
#212 = CYLINDRICAL_SURFACE ( 'NONE', #6844, 0.5000000000000000000 ) ;
#213 = CARTESIAN_POINT ( 'NONE',  ( 7.750000000000000000, 6.349999999999999645, -3.000000000000000000 ) ) ;
#214 = DIRECTION ( 'NONE',  ( -1.000000000000000000, -1.057758217059028608E-16, 0.0000000000000000000 ) ) ;
#215 = VERTEX_POINT ( 'NONE', #4563 ) ;
#216 = ORIENTED_EDGE ( 'NONE', *, *, #2543, .T. ) ;
#217 = CARTESIAN_POINT ( 'NONE',  ( -7.900000000000000355, 5.900000000000003020, -3.000000000000000000 ) ) ;
#218 = COORDINATED_UNIVERSAL_TIME_OFFSET ( 9, 0, .AHEAD. ) ;
#219 = VECTOR ( 'NONE', #3525, 1000.000000000000227 ) ;
#220 = VERTEX_POINT ( 'NONE', #3705 ) ;
#221 = EDGE_CURVE ( 'NONE', #4351, #4021, #2451, .T. ) ;
#222 = ORIENTED_EDGE ( 'NONE', *, *, #7007, .F. ) ;
#223 = ORIENTED_EDGE ( 'NONE', *, *, #1979, .F. ) ;
#224 = CARTESIAN_POINT ( 'NONE',  ( -7.708980597418688241, 6.349999999999999645, -3.349999999999998757 ) ) ;
#225 = DIRECTION ( 'NONE',  ( -0.9998476951563913806, 0.0000000000000000000, -0.01745240643727653460 ) ) ;
#226 = VERTEX_POINT ( 'NONE', #767 ) ;
#227 = AXIS2_PLACEMENT_3D ( 'NONE', #7171, #3319, #1367 ) ;
#228 = VECTOR ( 'NONE', #778, 1000.000000000000114 ) ;
#229 = AXIS2_PLACEMENT_3D ( 'NONE', #5686, #1871, #7643 ) ;
#230 = COORDINATED_UNIVERSAL_TIME_OFFSET ( 9, 0, .AHEAD. ) ;
#231 = LINE ( 'NONE', #5018, #2002 ) ;
#232 = AXIS2_PLACEMENT_3D ( 'NONE', #5262, #5968, #7262 ) ;
#233 = ADVANCED_FACE ( 'NONE', ( #5552 ), #4597, .T. ) ;
#234 = VERTEX_POINT ( 'NONE', #7825 ) ;
#235 = DIRECTION ( 'NONE',  ( 0.0000000000000000000, 0.2229098465714969279, 0.9748390637953896487 ) ) ;
#236 = CARTESIAN_POINT ( 'NONE',  ( -9.500000000000001776, -6.000000000000004441, -9.035105632878352111 ) ) ;
#237 = ORIENTED_EDGE ( 'NONE', *, *, #5164, .F. ) ;
#238 = EDGE_CURVE ( 'NONE', #4768, #754, #1374, .T. ) ;
#239 = ADVANCED_FACE ( 'NONE', ( #6867 ), #2024, .T. ) ;
#240 = LINE ( 'NONE', #1747, #3992 ) ;
#241 = CARTESIAN_POINT ( 'NONE',  ( -1.203693630730415354, 4.492245786632950377, -8.569906295074407154 ) ) ;
#242 = LINE ( 'NONE', #7774, #6614 ) ;
#243 = VERTEX_POINT ( 'NONE', #1415 ) ;
#244 = DIRECTION ( 'NONE',  ( 0.0000000000000000000, 1.000000000000000000, 0.0000000000000000000 ) ) ;
#245 = VERTEX_POINT ( 'NONE', #3955 ) ;
#246 = CARTESIAN_POINT ( 'NONE',  ( 12.20879437627110420, -5.199805269916314643, 1.006012215157170431 ) ) ;
#247 = CARTESIAN_POINT ( 'NONE',  ( -8.499999999999998224, -5.900000000000001243, -1.207106781186548128 ) ) ;
#248 = EDGE_CURVE ( 'NONE', #938, #3753, #5667, .T. ) ;
#249 = CARTESIAN_POINT ( 'NONE',  ( 1.206800688281443712, -4.490763100230619642, -8.491636364902932499 ) ) ;
#250 = ORIENTED_EDGE ( 'NONE', *, *, #6094, .F. ) ;
#251 = FACE_OUTER_BOUND ( 'NONE', #4123, .T. ) ;
#252 = DIRECTION ( 'NONE',  ( 0.0000000000000000000, 0.0000000000000000000, -1.000000000000000000 ) ) ;
#253 = EDGE_LOOP ( 'NONE', ( #7642, #3770, #5450, #711 ) ) ;
#254 = CARTESIAN_POINT ( 'NONE',  ( -3.466060434432935100, 4.102456537500842160, -7.449999999999997513 ) ) ;
#255 = EDGE_CURVE ( 'NONE', #1931, #4768, #7366, .T. ) ;
#256 = FACE_OUTER_BOUND ( 'NONE', #5709, .T. ) ;
#257 = ORIENTED_EDGE ( 'NONE', *, *, #2627, .T. ) ;
#258 = ORIENTED_EDGE ( 'NONE', *, *, #1628, .T. ) ;
#259 = CC_DESIGN_PERSON_AND_ORGANIZATION_ASSIGNMENT ( #5078, #8264, ( #5364 ) ) ;
#260 = DIRECTION ( 'NONE',  ( -1.000000000000000000, 0.0000000000000000000, 0.0000000000000000000 ) ) ;
#261 = DIRECTION ( 'NONE',  ( 0.9434756357255816850, 0.0000000000000000000, -0.3314418875039930046 ) ) ;
#262 = CARTESIAN_POINT ( 'NONE',  ( 0.0000000000000000000, 0.0000000000000000000, -8.299999999999998934 ) ) ;
#263 = DIRECTION ( 'NONE',  ( 0.01745240643728354635, -1.220770127380827502E-18, 0.9998476951563911586 ) ) ;
#264 = CARTESIAN_POINT ( 'NONE',  ( 8.264936909805021159, -6.349999999999999645, -0.1442650103882689716 ) ) ;
#265 = LINE ( 'NONE', #5598, #4920 ) ;
#266 = ORIENTED_EDGE ( 'NONE', *, *, #5970, .F. ) ;
#267 = CARTESIAN_POINT ( 'NONE',  ( -12.26799717453607386, -5.188357837812895390, 1.359447204068501058 ) ) ;
#268 = DIRECTION ( 'NONE',  ( -0.01745240643728354635, 0.0000000000000000000, 0.9998476951563911586 ) ) ;
#269 = CARTESIAN_POINT ( 'NONE',  ( 7.715089870143564177, 6.250000000000004441, -3.000000000000000000 ) ) ;
#270 = EDGE_CURVE ( 'NONE', #7859, #6280, #7991, .T. ) ;
#271 = ADVANCED_FACE ( 'NONE', ( #1662 ), #5162, .T. ) ;
#272 = VERTEX_POINT ( 'NONE', #2566 ) ;
#273 = DIRECTION ( 'NONE',  ( -1.000000000000000000, 0.0000000000000000000, 0.0000000000000000000 ) ) ;
#274 = AXIS2_PLACEMENT_3D ( 'NONE', #4953, #7536, #4279 ) ;
#275 = ORIENTED_EDGE ( 'NONE', *, *, #4916, .T. ) ;
#276 = DIRECTION ( 'NONE',  ( -1.927470528863115795E-15, 1.000000000000000000, 0.0000000000000000000 ) ) ;
#277 = LINE ( 'NONE', #3327, #5643 ) ;
#278 = DIRECTION ( 'NONE',  ( 0.0000000000000000000, 0.0000000000000000000, 1.000000000000000000 ) ) ;
#279 = ORIENTED_EDGE ( 'NONE', *, *, #1671, .F. ) ;
#280 = EDGE_CURVE ( 'NONE', #1555, #3026, #6557, .T. ) ;
#281 = ORIENTED_EDGE ( 'NONE', *, *, #385, .F. ) ;
#282 = CARTESIAN_POINT ( 'NONE',  ( -7.999999999999998224, 5.099999999999999645, -1.499999999999999556 ) ) ;
#283 = DIRECTION ( 'NONE',  ( 0.9998476951563913806, 0.0000000000000000000, -0.01745240643727653460 ) ) ;
#284 = LINE ( 'NONE', #6727, #3201 ) ;
#285 = CARTESIAN_POINT ( 'NONE',  ( -9.198212002188448366, 6.000000000000000000, -1.000000000000000000 ) ) ;
#286 = DIRECTION ( 'NONE',  ( 0.0000000000000000000, -0.0000000000000000000, -1.000000000000000000 ) ) ;
#287 = AXIS2_PLACEMENT_3D ( 'NONE', #1851, #6, #7047 ) ;
#288 = ORIENTED_EDGE ( 'NONE', *, *, #1324, .T. ) ;
#289 = ORIENTED_EDGE ( 'NONE', *, *, #5731, .F. ) ;
#290 = FACE_OUTER_BOUND ( 'NONE', #5909, .T. ) ;
#291 = CARTESIAN_POINT ( 'NONE',  ( 12.30411482862444927, -5.170882534829403632, 1.898990348911955728 ) ) ;
#292 = DIRECTION ( 'NONE',  ( -0.7071067811865469066, 0.7071067811865482389, 0.0000000000000000000 ) ) ;
#293 = DIRECTION ( 'NONE',  ( 1.000000000000000000, 0.0000000000000000000, 0.0000000000000000000 ) ) ;
#294 = VECTOR ( 'NONE', #3645, 1000.000000000000000 ) ;
#295 = EDGE_CURVE ( 'NONE', #4282, #5700, #1322, .T. ) ;
#296 = EDGE_LOOP ( 'NONE', ( #7305, #3915, #1194, #7240 ) ) ;
#297 = CARTESIAN_POINT ( 'NONE',  ( -1.141908296579407844, -4.507707233935025037, -8.355746645795102623 ) ) ;
#298 = CC_DESIGN_DATE_AND_TIME_ASSIGNMENT ( #6399, #1836, ( #7865 ) ) ;
#299 = CARTESIAN_POINT ( 'NONE',  ( 5.084383593863692319, 6.013013671780253588, -1.369126033402016551 ) ) ;
#300 = VECTOR ( 'NONE', #4273, 1000.000000000000000 ) ;
#301 = CARTESIAN_POINT ( 'NONE',  ( 12.30000000000000071, 5.100000000000001421, 0.5000000000000000000 ) ) ;
#302 = ADVANCED_FACE ( 'NONE', ( #7160 ), #708, .F. ) ;
#303 = VERTEX_POINT ( 'NONE', #1963 ) ;
#304 = DIRECTION ( 'NONE',  ( -0.3314418875039929491, 0.0000000000000000000, -0.9434756357255815740 ) ) ;
#305 = DIRECTION ( 'NONE',  ( -0.006377395874620063118, -0.9998148677100333614, 0.01815376346180267580 ) ) ;
#306 = CARTESIAN_POINT ( 'NONE',  ( 10.93142588574142060, 5.549999999999998934, 6.545662011518390777 ) ) ;
#307 = LINE ( 'NONE', #4829, #4764 ) ;
#308 = CARTESIAN_POINT ( 'NONE',  ( 11.06882430048112553, -5.637602997552447093, 6.346388877235729531 ) ) ;
#309 = DIRECTION ( 'NONE',  ( -0.0000000000000000000, -0.0000000000000000000, -1.000000000000000000 ) ) ;
#310 = ORIENTED_EDGE ( 'NONE', *, *, #4568, .F. ) ;
#311 = ORIENTED_EDGE ( 'NONE', *, *, #3876, .T. ) ;
#312 = CARTESIAN_POINT ( 'NONE',  ( 12.29091180021934449, -5.178134846022082627, 1.675078077312264213 ) ) ;
#313 = DIRECTION ( 'NONE',  ( -0.0000000000000000000, 0.0000000000000000000, 1.000000000000000000 ) ) ;
#315 = CARTESIAN_POINT ( 'NONE',  ( 12.79999999999999005, 6.000000000000000000, -1.000000000000000000 ) ) ;
#314 = APPROVAL_PERSON_ORGANIZATION ( #902, #718, #3708 ) ;
#316 = EDGE_CURVE ( 'NONE', #6585, #3816, #3739, .T. ) ;
#317 = LINE ( 'NONE', #5617, #8138 ) ;
#318 = ORIENTED_EDGE ( 'NONE', *, *, #5, .F. ) ;
#319 = VERTEX_POINT ( 'NONE', #3250 ) ;
#320 = ORIENTED_EDGE ( 'NONE', *, *, #2356, .F. ) ;
#321 = VERTEX_POINT ( 'NONE', #2736 ) ;
#322 = FACE_OUTER_BOUND ( 'NONE', #6836, .T. ) ;
#323 = CARTESIAN_POINT ( 'NONE',  ( -7.715089870143564177, 6.349999999999999645, -3.000000000000000000 ) ) ;
#324 = EDGE_CURVE ( 'NONE', #7689, #7080, #3146, .T. ) ;
#325 = LOCAL_TIME ( 8, 25, 54.00000000000000000, #4586 ) ;
#326 = FACE_OUTER_BOUND ( 'NONE', #4797, .T. ) ;
#327 = ORIENTED_EDGE ( 'NONE', *, *, #6871, .T. ) ;
#328 = CARTESIAN_POINT ( 'NONE',  ( -1.203504633341323071, -4.491556144314997390, -8.562544938126388061 ) ) ;
#329 = CARTESIAN_POINT ( 'NONE',  ( -12.39999999999999680, 5.000000000000002665, 1.000000000000000000 ) ) ;
#330 = CARTESIAN_POINT ( 'NONE',  ( -3.801787997811553410, 6.200000000000000178, -1.000000000000000888 ) ) ;
#331 = ORIENTED_EDGE ( 'NONE', *, *, #7472, .T. ) ;
#332 = ORIENTED_EDGE ( 'NONE', *, *, #5431, .F. ) ;
#333 = DIRECTION ( 'NONE',  ( 0.001521307388087604108, -0.9961935453064447721, -0.08715564189200575296 ) ) ;
#334 = FACE_OUTER_BOUND ( 'NONE', #6925, .T. ) ;
#335 = AXIS2_PLACEMENT_3D ( 'NONE', #7089, #128, #4523 ) ;
#336 = CARTESIAN_POINT ( 'NONE',  ( -12.94999238359781124, -5.764738551036723280, -1.000000000000000000 ) ) ;
#337 = LINE ( 'NONE', #4348, #8147 ) ;
#338 = ORIENTED_EDGE ( 'NONE', *, *, #3750, .F. ) ;
#339 = PLANE ( 'NONE',  #7170 ) ;
#340 = PLANE ( 'NONE',  #1721 ) ;
#341 = CARTESIAN_POINT ( 'NONE',  ( -8.013013671780262470, 5.915616406136321004, -1.369126033401988796 ) ) ;
#342 = CARTESIAN_POINT ( 'NONE',  ( 4.500000000000000888, 5.100000000000000533, -1.500000000000000000 ) ) ;
#343 = CYLINDRICAL_SURFACE ( 'NONE', #2447, 0.2500000000000002220 ) ;
#344 = MECHANICAL_CONTEXT ( 'NONE', #2858, 'mechanical' ) ;
#345 = VERTEX_POINT ( 'NONE', #7217 ) ;
#346 = EDGE_CURVE ( 'NONE', #754, #6976, #2061, .T. ) ;
#347 = DIRECTION ( 'NONE',  ( 1.000000000000000000, -2.168404344971008474E-15, -0.0000000000000000000 ) ) ;
#348 = CARTESIAN_POINT ( 'NONE',  ( -10.97764929098189413, 5.549999999999998934, 6.469075460995439286 ) ) ;
#349 = CARTESIAN_POINT ( 'NONE',  ( 4.500000000000000888, -0.0000000000000000000, -1.500000000000000000 ) ) ;
#350 = LINE ( 'NONE', #1375, #2127 ) ;
#351 = AXIS2_PLACEMENT_3D ( 'NONE', #7921, #5314, #7980 ) ;
#352 = DIRECTION ( 'NONE',  ( -0.0000000000000000000, -0.0000000000000000000, 1.000000000000000000 ) ) ;
#353 = ORIENTED_EDGE ( 'NONE', *, *, #512, .F. ) ;
#354 = EDGE_CURVE ( 'NONE', #7500, #6953, #6663, .T. ) ;
#355 = ADVANCED_FACE ( 'NONE', ( #7792 ), #3639, .T. ) ;
#356 = DIRECTION ( 'NONE',  ( 0.0000000000000000000, 0.2229098465715040889, -0.9748390637953878723 ) ) ;
#357 = FACE_OUTER_BOUND ( 'NONE', #64, .T. ) ;
#358 = ORIENTED_EDGE ( 'NONE', *, *, #1863, .F. ) ;
#359 = CARTESIAN_POINT ( 'NONE',  ( 12.31388325425705510, -5.164400781150093600, 2.099111958614222395 ) ) ;
#360 = CARTESIAN_POINT ( 'NONE',  ( 4.775634565074213356, 6.224365434925790197, -1.075747223755090021 ) ) ;
#361 =( BOUNDED_CURVE ( )  B_SPLINE_CURVE ( 3, ( #4876, #6246, #1073, #8148 ),
 .UNSPECIFIED., .F., .F. ) 
 B_SPLINE_CURVE_WITH_KNOTS ( ( 4, 4 ),
 ( 3.141592653589793116, 4.712388980384689674 ),
 .UNSPECIFIED. ) 
 CURVE ( )  GEOMETRIC_REPRESENTATION_ITEM ( )  RATIONAL_B_SPLINE_CURVE ( ( 1.000000000000000000, 0.8047378541243649375, 0.8047378541243649375, 1.000000000000000000 ) ) 
 REPRESENTATION_ITEM ( '' )  );
#362 = PLANE ( 'NONE',  #6646 ) ;
#363 = EDGE_CURVE ( 'NONE', #6757, #4543, #6059, .T. ) ;
#364 = LINE ( 'NONE', #72, #5236 ) ;
#365 = APPROVAL ( #4295, 'UNSPECIFIED' ) ;
#366 = EDGE_LOOP ( 'NONE', ( #5411, #6428, #717, #7987 ) ) ;
#367 = CARTESIAN_POINT ( 'NONE',  ( 10.88012917333600527, -5.637602997552447981, 6.280100499734938779 ) ) ;
#368 = CARTESIAN_POINT ( 'NONE',  ( -7.900000000000000355, 6.000000000000004441, -1.500000000000000444 ) ) ;
#369 = APPLICATION_CONTEXT ( 'configuration controlled 3d designs of mechanical parts and assemblies' ) ;
#370 = CIRCLE ( 'NONE', #4037, 0.2000000000000005107 ) ;
#371 = ORIENTED_EDGE ( 'NONE', *, *, #1993, .T. ) ;
#372 = DIRECTION ( 'NONE',  ( -0.01745240643728354635, 0.0000000000000000000, -0.9998476951563911586 ) ) ;
#373 = CARTESIAN_POINT ( 'NONE',  ( 9.500000000000001776, -6.650000000000001243, -1.000000000000000000 ) ) ;
#374 = DIRECTION ( 'NONE',  ( 1.000000000000000000, 0.0000000000000000000, 0.0000000000000000000 ) ) ;
#375 = ORIENTED_EDGE ( 'NONE', *, *, #3663, .T. ) ;
#376 = EDGE_CURVE ( 'NONE', #7405, #7828, #3940, .T. ) ;
#377 = CIRCLE ( 'NONE', #5653, 0.1000000000000002554 ) ;
#378 = ORIENTED_EDGE ( 'NONE', *, *, #1636, .F. ) ;
#379 = AXIS2_PLACEMENT_3D ( 'NONE', #6783, #6112, #4826 ) ;
#380 = ORIENTED_EDGE ( 'NONE', *, *, #5109, .F. ) ;
#381 = ORIENTED_EDGE ( 'NONE', *, *, #2571, .F. ) ;
#382 = CARTESIAN_POINT ( 'NONE',  ( -1.203510034171503040, -4.491554697168492538, -8.708867498785668460 ) ) ;
#383 = FACE_OUTER_BOUND ( 'NONE', #3191, .T. ) ;
#384 = FACE_OUTER_BOUND ( 'NONE', #7523, .T. ) ;
#385 = EDGE_CURVE ( 'NONE', #131, #4759, #1157, .T. ) ;
#386 = ADVANCED_FACE ( 'NONE', ( #6760 ), #7185, .F. ) ;
#387 = CARTESIAN_POINT ( 'NONE',  ( -10.90254453544682889, -5.549999999999998934, 6.477342301583102646 ) ) ;
#388 = ORIENTED_EDGE ( 'NONE', *, *, #117, .T. ) ;
#389 = VERTEX_POINT ( 'NONE', #4008 ) ;
#390 = FACE_OUTER_BOUND ( 'NONE', #3340, .T. ) ;
#391 = DIRECTION ( 'NONE',  ( 1.000000000000000000, 0.0000000000000000000, 0.0000000000000000000 ) ) ;
#392 = DIRECTION ( 'NONE',  ( 0.0000000000000000000, -1.301042606982605479E-14, -1.000000000000000000 ) ) ;
#393 = DIRECTION ( 'NONE',  ( 1.000000000000000000, 0.0000000000000000000, 0.0000000000000000000 ) ) ;
#394 = CARTESIAN_POINT ( 'NONE',  ( 3.080005782477226006, -3.645691207426494884, 0.0000000000000000000 ) ) ;
#395 = AXIS2_PLACEMENT_3D ( 'NONE', #342, #5422, #2243 ) ;
#396 = EDGE_CURVE ( 'NONE', #3457, #2995, #377, .T. ) ;
#397 = CIRCLE ( 'NONE', #8179, 4.549999999999999822 ) ;
#398 = DIRECTION ( 'NONE',  ( -1.000000000000000000, -1.668003342285391551E-16, 0.0000000000000000000 ) ) ;
#399 = DIRECTION ( 'NONE',  ( -1.367044011388618777E-16, 1.000000000000000000, -3.891399265864331642E-16 ) ) ;
#400 = CARTESIAN_POINT ( 'NONE',  ( -12.79999999999999716, -5.800000000000001599, -1.000000000000000000 ) ) ;
#401 = ORIENTED_EDGE ( 'NONE', *, *, #2148, .T. ) ;
#402 = VERTEX_POINT ( 'NONE', #3334 ) ;
#403 = CARTESIAN_POINT ( 'NONE',  ( 8.250232848830766130, -5.964475241237236602, -0.9866600994196538243 ) ) ;
#404 = CARTESIAN_POINT ( 'NONE',  ( -12.90270275423461932, -5.728723333559694098, 1.126108323596651806 ) ) ;
#405 = LINE ( 'NONE', #5263, #5068 ) ;
#406 = EDGE_CURVE ( 'NONE', #4342, #6177, #488, .T. ) ;
#407 = VERTEX_POINT ( 'NONE', #1447 ) ;
#408 = CARTESIAN_POINT ( 'NONE',  ( -12.39999999999999503, -5.172340578923654952, 1.853973807744119906 ) ) ;
#409 = CC_DESIGN_PERSON_AND_ORGANIZATION_ASSIGNMENT ( #4884, #7493, ( #7477 ) ) ;
#410 = DIRECTION ( 'NONE',  ( 0.0000000000000000000, -0.0000000000000000000, -1.000000000000000000 ) ) ;
#411 = VERTEX_POINT ( 'NONE', #7874 ) ;
#412 = CARTESIAN_POINT ( 'NONE',  ( 2.540000000000000036, 0.0000000000000000000, 0.0000000000000000000 ) ) ;
#413 = CALENDAR_DATE ( 2019, 1, 8 ) ;
#414 = VECTOR ( 'NONE', #1283, 1000.000000000000000 ) ;
#415 = ORIENTED_EDGE ( 'NONE', *, *, #6599, .F. ) ;
#416 = ORIENTED_EDGE ( 'NONE', *, *, #5755, .F. ) ;
#417 = CARTESIAN_POINT ( 'NONE',  ( -7.915616406136353866, 6.013013671780259806, -1.369126033402001674 ) ) ;
#418 = ORIENTED_EDGE ( 'NONE', *, *, #3255, .T. ) ;
#419 = DIRECTION ( 'NONE',  ( 0.0000000000000000000, 0.0000000000000000000, -1.000000000000000000 ) ) ;
#420 = VECTOR ( 'NONE', #5962, 1000.000000000000227 ) ;
#421 = DIRECTION ( 'NONE',  ( 0.0000000000000000000, 0.0000000000000000000, 1.000000000000000000 ) ) ;
#422 = PERSON_AND_ORGANIZATION ( #6821, #2012 ) ;
#423 = VECTOR ( 'NONE', #3869, 1000.000000000000000 ) ;
#424 = EDGE_LOOP ( 'NONE', ( #2328, #1373 ) ) ;
#425 = EDGE_CURVE ( 'NONE', #3711, #1964, #1858, .T. ) ;
#426 = VERTEX_POINT ( 'NONE', #808 ) ;
#427 = ORIENTED_EDGE ( 'NONE', *, *, #4203, .F. ) ;
#428 = CARTESIAN_POINT ( 'NONE',  ( 18.35813107968150604, 5.000000000000000888, 7.174921777190895078 ) ) ;
#429 = CARTESIAN_POINT ( 'NONE',  ( 8.500000000000000000, 5.100000000000001421, -1.500000000000000000 ) ) ;
#430 = DIRECTION ( 'NONE',  ( 1.000000000000000000, 0.0000000000000000000, 0.0000000000000000000 ) ) ;
#431 = AXIS2_PLACEMENT_3D ( 'NONE', #4612, #838, #2642 ) ;
#432 = CYLINDRICAL_SURFACE ( 'NONE', #195, 0.2000000000000005107 ) ;
#433 = FACE_OUTER_BOUND ( 'NONE', #7821, .T. ) ;
#434 = ADVANCED_FACE ( 'NONE', ( #7267 ), #1969, .T. ) ;
#435 = LINE ( 'NONE', #8119, #5708 ) ;
#436 = CARTESIAN_POINT ( 'NONE',  ( -8.998722858706033279, 6.185714285714285054, -2.983752105345186756 ) ) ;
#437 = VERTEX_POINT ( 'NONE', #2699 ) ;
#438 = LINE ( 'NONE', #4666, #3906 ) ;
#439 = DIRECTION ( 'NONE',  ( -1.057758217059028608E-16, 1.000000000000000000, 0.0000000000000000000 ) ) ;
#440 = ORIENTED_EDGE ( 'NONE', *, *, #7552, .F. ) ;
#441 = EDGE_CURVE ( 'NONE', #6696, #146, #6964, .T. ) ;
#442 = CARTESIAN_POINT ( 'NONE',  ( -12.37291378835499067, 5.101503990362120433, 1.931076858704009025 ) ) ;
#443 = ORIENTED_EDGE ( 'NONE', *, *, #4521, .T. ) ;
#444 = EDGE_LOOP ( 'NONE', ( #7000, #3630, #8285, #874 ) ) ;
#445 = AXIS2_PLACEMENT_3D ( 'NONE', #7720, #203, #235 ) ;
#446 = VECTOR ( 'NONE', #7118, 1000.000000000000000 ) ;
#447 = EDGE_LOOP ( 'NONE', ( #5525, #5307, #2398, #5587 ) ) ;
#448 = AXIS2_PLACEMENT_3D ( 'NONE', #3742, #2417, #1839 ) ;
#449 = CARTESIAN_POINT ( 'NONE',  ( -8.000000000000000000, 5.100000000000003197, -9.299999999999998934 ) ) ;
#450 = DIRECTION ( 'NONE',  ( -1.000000000000000000, 0.0000000000000000000, 0.0000000000000000000 ) ) ;
#451 = CARTESIAN_POINT ( 'NONE',  ( 13.00000000000000000, 6.000000000000000000, -3.000000000000000000 ) ) ;
#452 = CARTESIAN_POINT ( 'NONE',  ( -8.500000000000000000, -5.900000000000002132, -1.500000000000000888 ) ) ;
#453 = CARTESIAN_POINT ( 'NONE',  ( 0.0000000000000000000, 0.0000000000000000000, -3.000000000000000000 ) ) ;
#454 = CARTESIAN_POINT ( 'NONE',  ( 0.0000000000000000000, 0.0000000000000000000, 0.0000000000000000000 ) ) ;
#455 = CARTESIAN_POINT ( 'NONE',  ( -8.500000000000000000, 5.099999999999998757, -1.499999999999999556 ) ) ;
#456 = FACE_OUTER_BOUND ( 'NONE', #4930, .T. ) ;
#457 = ORIENTED_EDGE ( 'NONE', *, *, #1965, .T. ) ;
#458 = ORIENTED_EDGE ( 'NONE', *, *, #4169, .F. ) ;
#459 = VERTEX_POINT ( 'NONE', #7205 ) ;
#460 = CARTESIAN_POINT ( 'NONE',  ( 12.20177712636572842, -5.199993561500126482, 1.000198786170267251 ) ) ;
#461 = CARTESIAN_POINT ( 'NONE',  ( 0.0000000000000000000, 5.549999999999998934, -1.000000000000000000 ) ) ;
#462 = CARTESIAN_POINT ( 'NONE',  ( -12.91609080765415030, -5.549999999999998934, 1.087998167073456646 ) ) ;
#463 = DIRECTION ( 'NONE',  ( -0.0000000000000000000, 0.0000000000000000000, 1.000000000000000000 ) ) ;
#464 = AXIS2_PLACEMENT_3D ( 'NONE', #8039, #4910, #4795 ) ;
#465 = CARTESIAN_POINT ( 'NONE',  ( -5.100000000000001421, 6.000000000000003553, -1.499999999999999556 ) ) ;
#466 = EDGE_CURVE ( 'NONE', #215, #2066, #3439, .T. ) ;
#467 = VECTOR ( 'NONE', #6414, 1000.000000000000000 ) ;
#468 = CARTESIAN_POINT ( 'NONE',  ( 8.776553001849967117, 6.649999999999997691, -2.943132368708154534 ) ) ;
#469 = ORIENTED_EDGE ( 'NONE', *, *, #5746, .F. ) ;
#470 = B_SPLINE_CURVE_WITH_KNOTS ( 'NONE', 3,
 ( #6258, #2418, #3059, #3686 ),
 .UNSPECIFIED., .F., .F.,
 ( 4, 4 ),
 ( 2.018187625889123371, 2.018193277777632577 ),
 .UNSPECIFIED. ) ;
#471 =( BOUNDED_CURVE ( )  B_SPLINE_CURVE ( 3, ( #6707, #468, #6179, #8106 ),
 .UNSPECIFIED., .F., .F. ) 
 B_SPLINE_CURVE_WITH_KNOTS ( ( 4, 4 ),
 ( 0.0000000000000000000, 1.499306876909372921 ),
 .UNSPECIFIED. ) 
 CURVE ( )  GEOMETRIC_REPRESENTATION_ITEM ( )  RATIONAL_B_SPLINE_CURVE ( ( 1.000000000000000000, 0.8212833698076007494, 0.8212833698076007494, 1.000000000000000000 ) ) 
 REPRESENTATION_ITEM ( '' )  );
#472 = DIRECTION ( 'NONE',  ( -1.057758217059028608E-16, 1.000000000000000000, 0.0000000000000000000 ) ) ;
#473 = FACE_OUTER_BOUND ( 'NONE', #1730, .T. ) ;
#474 = ORIENTED_EDGE ( 'NONE', *, *, #1392, .T. ) ;
#475 = ORIENTED_EDGE ( 'NONE', *, *, #4774, .T. ) ;
#476 = CARTESIAN_POINT ( 'NONE',  ( 9.006624373044605392, 6.075375642781208896, -2.993405485750665118 ) ) ;
#477 = ORIENTED_EDGE ( 'NONE', *, *, #6267, .F. ) ;
#478 = ADVANCED_FACE ( 'NONE', ( #5850 ), #4000, .F. ) ;
#479 = DIRECTION ( 'NONE',  ( 0.0000000000000000000, 1.000000000000000000, 0.0000000000000000000 ) ) ;
#480 = CARTESIAN_POINT ( 'NONE',  ( -5.000000000000000888, 5.100000000000004086, -3.000000000000000000 ) ) ;
#481 = FACE_OUTER_BOUND ( 'NONE', #772, .T. ) ;
#482 = CARTESIAN_POINT ( 'NONE',  ( -5.100000000000001421, 5.900000000000003020, -3.000000000000000000 ) ) ;
#483 = ORIENTED_EDGE ( 'NONE', *, *, #4916, .F. ) ;
#484 = CARTESIAN_POINT ( 'NONE',  ( -7.900000000000000355, 5.900000000000003020, -9.299999999999998934 ) ) ;
#485 = DATE_TIME_ROLE ( 'classification_date' ) ;
#486 = EDGE_CURVE ( 'NONE', #234, #8292, #4432, .T. ) ;
#487 = ORIENTED_EDGE ( 'NONE', *, *, #7472, .F. ) ;
#488 = LINE ( 'NONE', #1439, #3338 ) ;
#489 = CARTESIAN_POINT ( 'NONE',  ( -12.96326458944043658, 5.549999999999998934, 1.104570261448667656 ) ) ;
#490 = CARTESIAN_POINT ( 'NONE',  ( 0.0000000000000000000, 0.0000000000000000000, 0.0000000000000000000 ) ) ;
#491 = CARTESIAN_POINT ( 'NONE',  ( 12.94999238359781124, -5.764738551036724168, -1.000000000000000000 ) ) ;
#492 = EDGE_CURVE ( 'NONE', #8142, #2705, #277, .T. ) ;
#493 = ORIENTED_EDGE ( 'NONE', *, *, #1248, .T. ) ;
#494 = VERTEX_POINT ( 'NONE', #134 ) ;
#495 = CARTESIAN_POINT ( 'NONE',  ( 11.06882430048091948, -5.637602997585311471, 6.346388877236325499 ) ) ;
#496 = ORIENTED_EDGE ( 'NONE', *, *, #5191, .F. ) ;
#497 = LINE ( 'NONE', #3638, #6778 ) ;
#498 = AXIS2_PLACEMENT_3D ( 'NONE', #3432, #5345, #8016 ) ;
#499 = CARTESIAN_POINT ( 'NONE',  ( -12.39999999999999680, 5.000000000000001776, 1.853973807840247900 ) ) ;
#500 = AXIS2_PLACEMENT_3D ( 'NONE', #1485, #865, #214 ) ;
#501 = CARTESIAN_POINT ( 'NONE',  ( -3.801787997811556519, 6.000000000000000000, -3.000000000000000000 ) ) ;
#502 = ORIENTED_EDGE ( 'NONE', *, *, #4454, .F. ) ;
#503 = CIRCLE ( 'NONE', #6584, 0.2249999999999999500 ) ;
#504 = ORIENTED_EDGE ( 'NONE', *, *, #7656, .T. ) ;
#505 = CARTESIAN_POINT ( 'NONE',  ( 4.784910129856434935, -5.999999999999999112, -3.000000000000000000 ) ) ;
#506 = DIRECTION ( 'NONE',  ( 0.0000000000000000000, 0.01745240643727676011, 0.9998476951563912696 ) ) ;
#507 = DIRECTION ( 'NONE',  ( 0.0000000000000000000, 0.0000000000000000000, -1.000000000000000000 ) ) ;
#508 = LINE ( 'NONE', #2719, #7084 ) ;
#509 = APPROVAL_ROLE ( '' ) ;
#510 = AXIS2_PLACEMENT_3D ( 'NONE', #4763, #2857, #2219 ) ;
#511 = AXIS2_PLACEMENT_3D ( 'NONE', #6476, #2637, #6555 ) ;
#512 = EDGE_CURVE ( 'NONE', #2589, #8194, #3933, .T. ) ;
#513 = ORIENTED_EDGE ( 'NONE', *, *, #5439, .T. ) ;
#514 = CARTESIAN_POINT ( 'NONE',  ( 3.676955262170030991, -3.889087296526028137, 0.9499999999999998446 ) ) ;
#515 = CARTESIAN_POINT ( 'NONE',  ( 4.600000000000000533, -6.000000000000001776, -1.499999999999999556 ) ) ;
#516 = CARTESIAN_POINT ( 'NONE',  ( 12.22540724879225671, 5.198393386658839432, 1.049603558521485569 ) ) ;
#517 = CARTESIAN_POINT ( 'NONE',  ( 13.00102500000000028, 6.000000000000000000, -3.000000000000000000 ) ) ;
#518 = FACE_OUTER_BOUND ( 'NONE', #3477, .T. ) ;
#519 = ADVANCED_FACE ( 'NONE', ( #8192 ), #6588, .T. ) ;
#520 = CARTESIAN_POINT ( 'NONE',  ( -11.02748973205786420, 5.576428739998524620, 6.464051006528288568 ) ) ;
#521 = ORIENTED_EDGE ( 'NONE', *, *, #566, .F. ) ;
#522 = DIRECTION ( 'NONE',  ( 0.0000000000000000000, 0.0000000000000000000, 1.000000000000000000 ) ) ;
#523 = VERTEX_POINT ( 'NONE', #4555 ) ;
#524 = DIRECTION ( 'NONE',  ( -0.001521307388085444377, -0.9961935453064447721, -0.08715564189200575296 ) ) ;
#525 = EDGE_CURVE ( 'NONE', #1927, #3711, #953, .T. ) ;
#526 = CALENDAR_DATE ( 2019, 1, 8 ) ;
#527 = CIRCLE ( 'NONE', #7733, 90.18367011610378370 ) ;
#528 = EDGE_LOOP ( 'NONE', ( #2987, #5203, #3791, #4201 ) ) ;
#529 = CARTESIAN_POINT ( 'NONE',  ( -4.657048748739223143, 6.369126042717339509, -1.013013667921719652 ) ) ;
#530 = CARTESIAN_POINT ( 'NONE',  ( -2.876056813810293988, 3.653874273115508942, -9.299999999999998934 ) ) ;
#531 = VERTEX_POINT ( 'NONE', #1377 ) ;
#532 = ORIENTED_EDGE ( 'NONE', *, *, #6951, .F. ) ;
#533 = ORIENTED_EDGE ( 'NONE', *, *, #7813, .F. ) ;
#534 = FACE_OUTER_BOUND ( 'NONE', #3396, .T. ) ;
#535 = CARTESIAN_POINT ( 'NONE',  ( 11.06919682255774795, 5.579200959573230811, 6.345328463581581424 ) ) ;
#536 = FACE_OUTER_BOUND ( 'NONE', #6085, .T. ) ;
#537 = CARTESIAN_POINT ( 'NONE',  ( 1.013323155338303083, -4.538245936797031810, -8.975499814951833244 ) ) ;
#538 = CARTESIAN_POINT ( 'NONE',  ( -8.400000000090962260, -6.000000000000002665, -1.434538370960589004 ) ) ;
#539 = PERSON_AND_ORGANIZATION_ROLE ( 'design_supplier' ) ;
#540 = ORIENTED_EDGE ( 'NONE', *, *, #3971, .F. ) ;
#541 = FACE_OUTER_BOUND ( 'NONE', #5479, .T. ) ;
#542 = EDGE_CURVE ( 'NONE', #1016, #1706, #5893, .T. ) ;
#543 = VECTOR ( 'NONE', #4936, 1000.000000000000000 ) ;
#544 = VERTEX_POINT ( 'NONE', #2668 ) ;
#545 = DIRECTION ( 'NONE',  ( 0.0000000000000000000, -1.000000000000000000, 0.0000000000000000000 ) ) ;
#546 = CARTESIAN_POINT ( 'NONE',  ( -9.000000000000001776, -6.650000000000001243, -2.943132368708153646 ) ) ;
#547 = VECTOR ( 'NONE', #999, 1000.000000000000000 ) ;
#548 = CARTESIAN_POINT ( 'NONE',  ( -4.351471862576143046, -6.207106781186550570, -0.9999999999999997780 ) ) ;
#549 = DIRECTION ( 'NONE',  ( 1.000000000000000000, 1.057758217059028608E-16, 0.0000000000000000000 ) ) ;
#550 = EDGE_CURVE ( 'NONE', #6913, #5287, #6263, .T. ) ;
#551 = CARTESIAN_POINT ( 'NONE',  ( -8.500000000000000000, 6.650000000000004796, -2.943132368708153646 ) ) ;
#552 = ORIENTED_EDGE ( 'NONE', *, *, #3171, .T. ) ;
#553 = DIRECTION ( 'NONE',  ( 0.3313969516099847801, -0.01646619573978484741, 0.9433477221372130739 ) ) ;
#554 = CARTESIAN_POINT ( 'NONE',  ( 7.714976252832475900, 6.175600287733477245, -3.006509131392911538 ) ) ;
#555 = EDGE_CURVE ( 'NONE', #4049, #2705, #1150, .T. ) ;
#556 = FACE_BOUND ( 'NONE', #1917, .T. ) ;
#557 = ORIENTED_EDGE ( 'NONE', *, *, #3635, .T. ) ;
#558 = ORIENTED_EDGE ( 'NONE', *, *, #5052, .T. ) ;
#559 = CARTESIAN_POINT ( 'NONE',  ( 0.0000000000000000000, -7.363063705342051790, -92.57147724495271746 ) ) ;
#560 = CARTESIAN_POINT ( 'NONE',  ( 4.500000000000001776, -5.099999999999998757, -1.499999999999999556 ) ) ;
#561 = LINE ( 'NONE', #3575, #2832 ) ;
#562 = ADVANCED_FACE ( 'NONE', ( #577 ), #2163, .T. ) ;
#563 = DIRECTION ( 'NONE',  ( -0.1093716925545507174, 0.0000000000000000000, 0.9940009219652428119 ) ) ;
#564 = CARTESIAN_POINT ( 'NONE',  ( 10.90218604790531387, -5.606088938310245240, 6.478360796161415358 ) ) ;
#565 = ORIENTED_EDGE ( 'NONE', *, *, #7155, .T. ) ;
#566 = EDGE_CURVE ( 'NONE', #7253, #2159, #861, .T. ) ;
#567 = CARTESIAN_POINT ( 'NONE',  ( 2.752019238889933384, -3.623381032789633860, 0.9499999999999998446 ) ) ;
#568 = APPROVAL_STATUS ( 'not_yet_approved' ) ;
#569 = LINE ( 'NONE', #373, #5843 ) ;
#570 = ORIENTED_EDGE ( 'NONE', *, *, #6971, .F. ) ;
#571 = DIRECTION ( 'NONE',  ( -1.000000000000000000, -0.0000000000000000000, -0.0000000000000000000 ) ) ;
#572 = CARTESIAN_POINT ( 'NONE',  ( -4.500000000000000888, 5.099999999999999645, -1.499999999999999556 ) ) ;
#573 = CARTESIAN_POINT ( 'NONE',  ( 1.228892178883608910, -4.586288048617639390, -8.471906744391047184 ) ) ;
#574 = VERTEX_POINT ( 'NONE', #4714 ) ;
#575 = EDGE_CURVE ( 'NONE', #7221, #2442, #3236, .T. ) ;
#576 = DIRECTION ( 'NONE',  ( 0.0000000000000000000, 0.0000000000000000000, 1.000000000000000000 ) ) ;
#577 = FACE_OUTER_BOUND ( 'NONE', #6659, .T. ) ;
#578 = CC_DESIGN_APPROVAL ( #718, ( #8026 ) ) ;
#579 = VERTEX_POINT ( 'NONE', #1566 ) ;
#580 = VERTEX_POINT ( 'NONE', #2188 ) ;
#581 = VECTOR ( 'NONE', #5670, 1000.000000000000000 ) ;
#582 = CARTESIAN_POINT ( 'NONE',  ( -4.455305366464687111, -6.044694633535318218, -1.282502095618271776 ) ) ;
#583 = ORIENTED_EDGE ( 'NONE', *, *, #1324, .F. ) ;
#584 = EDGE_LOOP ( 'NONE', ( #1315, #6708, #5478, #174 ) ) ;
#585 = DIRECTION ( 'NONE',  ( 0.0000000000000000000, -1.000000000000000000, 0.0000000000000000000 ) ) ;
#586 = DIRECTION ( 'NONE',  ( -0.0000000000000000000, -0.0000000000000000000, 1.000000000000000000 ) ) ;
#587 = ORIENTED_EDGE ( 'NONE', *, *, #6030, .F. ) ;
#588 = DIRECTION ( 'NONE',  ( 1.000000000000000000, 0.0000000000000000000, 0.0000000000000000000 ) ) ;
#589 = CIRCLE ( 'NONE', #4913, 0.2000000000000000389 ) ;
#590 = CARTESIAN_POINT ( 'NONE',  ( 0.0000000000000000000, 0.0000000000000000000, -4.000000000000000000 ) ) ;
#591 = CARTESIAN_POINT ( 'NONE',  ( -4.599999999999986322, -6.000000000000000000, -3.000000000000000000 ) ) ;
#592 = PERSON_AND_ORGANIZATION_ROLE ( 'design_supplier' ) ;
#593 = EDGE_CURVE ( 'NONE', #5337, #8195, #2350, .T. ) ;
#594 = ORIENTED_EDGE ( 'NONE', *, *, #5121, .T. ) ;
#595 = ORIENTED_EDGE ( 'NONE', *, *, #5633, .F. ) ;
#596 = LINE ( 'NONE', #8141, #7177 ) ;
#597 = DIRECTION ( 'NONE',  ( 1.000000000000000000, -6.994852725712932707E-17, 0.0000000000000000000 ) ) ;
#598 = EDGE_CURVE ( 'NONE', #4970, #2455, #6541, .T. ) ;
#599 = ADVANCED_FACE ( 'NONE', ( #5142 ), #3573, .T. ) ;
#600 = DIRECTION ( 'NONE',  ( -1.000000000000000000, 0.0000000000000000000, 0.0000000000000000000 ) ) ;
#601 = VERTEX_POINT ( 'NONE', #6671 ) ;
#602 = CARTESIAN_POINT ( 'NONE',  ( -5.099999999909075044, 6.000000000000004441, -1.434538370960587450 ) ) ;
#603 = AXIS2_PLACEMENT_3D ( 'NONE', #6077, #6047, #1587 ) ;
#604 = ORIENTED_EDGE ( 'NONE', *, *, #4306, .F. ) ;
#605 = CARTESIAN_POINT ( 'NONE',  ( -4.333763965509990435, -6.166236034489973150, -1.120744521546744421 ) ) ;
#606 = CARTESIAN_POINT ( 'NONE',  ( 8.434538363964200869, 6.421446036757102682, -1.000000000000000000 ) ) ;
#607 = ORIENTED_EDGE ( 'NONE', *, *, #1914, .T. ) ;
#608 = DIRECTION ( 'NONE',  ( 1.000000000000000000, 0.0000000000000000000, 0.0000000000000000000 ) ) ;
#609 = DIRECTION ( 'NONE',  ( 1.000000000000000000, -0.0000000000000000000, 0.0000000000000000000 ) ) ;
#610 = ORIENTED_EDGE ( 'NONE', *, *, #5671, .F. ) ;
#611 = CARTESIAN_POINT ( 'NONE',  ( -7.714708090067983193, 6.000000000000005329, -3.021872165881479333 ) ) ;
#612 =( BOUNDED_CURVE ( )  B_SPLINE_CURVE ( 3, ( #5087, #4329, #1222, #4412 ),
 .UNSPECIFIED., .F., .F. ) 
 B_SPLINE_CURVE_WITH_KNOTS ( ( 4, 4 ),
 ( 4.712388980384689674, 6.283185307179586232 ),
 .UNSPECIFIED. ) 
 CURVE ( )  GEOMETRIC_REPRESENTATION_ITEM ( )  RATIONAL_B_SPLINE_CURVE ( ( 1.000000000000000000, 0.8047378541243649375, 0.8047378541243649375, 1.000000000000000000 ) ) 
 REPRESENTATION_ITEM ( '' )  );
#613 = ORGANIZATION ( 'NAUO-ORG1', 'UNSPECIFIED', 'UNSPECIFIED' ) ;
#614 = AXIS2_PLACEMENT_3D ( 'NONE', #3243, #7702, #7093 ) ;
#615 = FACE_OUTER_BOUND ( 'NONE', #5285, .T. ) ;
#616 = ORIENTED_EDGE ( 'NONE', *, *, #6282, .F. ) ;
#617 = EDGE_CURVE ( 'NONE', #7506, #7372, #3838, .T. ) ;
#618 = EDGE_LOOP ( 'NONE', ( #1565, #2355, #1762, #4736 ) ) ;
#619 = ORIENTED_EDGE ( 'NONE', *, *, #5977, .T. ) ;
#620 = DIRECTION ( 'NONE',  ( 0.01745240643728354635, -1.220770127380827502E-18, -0.9998476951563911586 ) ) ;
#621 = DIRECTION ( 'NONE',  ( 1.000000000000000000, 0.0000000000000000000, 0.0000000000000000000 ) ) ;
#622 = DATE_AND_TIME ( #3985, #7411 ) ;
#623 = CIRCLE ( 'NONE', #7519, 0.5000000000000004441 ) ;
#624 = ORIENTED_EDGE ( 'NONE', *, *, #6143, .F. ) ;
#625 = EDGE_LOOP ( 'NONE', ( #4139, #1574, #8180 ) ) ;
#626 = CYLINDRICAL_SURFACE ( 'NONE', #3005, 0.5000000000000004441 ) ;
#627 = LINE ( 'NONE', #4152, #4396 ) ;
#628 = DIRECTION ( 'NONE',  ( -0.01234165475093831031, -0.7070529271412461236, 0.7070529271412461236 ) ) ;
#629 = EDGE_LOOP ( 'NONE', ( #6261, #6036, #1393, #358 ) ) ;
#630 = CYLINDRICAL_SURFACE ( 'NONE', #2877, 0.2499999999999997780 ) ;
#631 = ORIENTED_EDGE ( 'NONE', *, *, #5814, .T. ) ;
#632 = ADVANCED_FACE ( 'NONE', ( #2646 ), #3521, .F. ) ;
#633 = CARTESIAN_POINT ( 'NONE',  ( 0.0000000000000000000, -5.627186188544990308, 6.876879088087331837 ) ) ;
#634 = ORIENTED_EDGE ( 'NONE', *, *, #6992, .F. ) ;
#635 = ORIENTED_EDGE ( 'NONE', *, *, #4568, .T. ) ;
#636 =( REPRESENTATION_RELATIONSHIP ('NONE','NONE', #686, #6215 ) REPRESENTATION_RELATIONSHIP_WITH_TRANSFORMATION ( #6086 )SHAPE_REPRESENTATION_RELATIONSHIP( ) );
#637 = LINE ( 'NONE', #6351, #5115 ) ;
#638 = ORIENTED_EDGE ( 'NONE', *, *, #5633, .T. ) ;
#639 = EDGE_CURVE ( 'NONE', #3970, #95, #2445, .T. ) ;
#640 = ADVANCED_FACE ( 'NONE', ( #83 ), #1257, .T. ) ;
#641 = CARTESIAN_POINT ( 'NONE',  ( 8.869126042717319081, -6.342951251260766199, -1.013013667921725869 ) ) ;
#642 = CARTESIAN_POINT ( 'NONE',  ( -11.02730226579368278, -5.605804941558908183, 6.464584644125094037 ) ) ;
#643 = DIRECTION ( 'NONE',  ( -6.994852725712932707E-17, -1.000000000000000000, 0.0000000000000000000 ) ) ;
#644 = AXIS2_PLACEMENT_3D ( 'NONE', #2514, #1389, #6993 ) ;
#645 = FACE_OUTER_BOUND ( 'NONE', #1420, .T. ) ;
#646 = ORIENTED_EDGE ( 'NONE', *, *, #2393, .F. ) ;
#647 = VERTEX_POINT ( 'NONE', #4243 ) ;
#648 = AXIS2_PLACEMENT_3D ( 'NONE', #7311, #7923, #4710 ) ;
#649 = CARTESIAN_POINT ( 'NONE',  ( 5.000000000000000888, 6.000000000000003553, -1.499999999999999556 ) ) ;
#650 = EDGE_CURVE ( 'NONE', #220, #494, #7886, .T. ) ;
#651 = CARTESIAN_POINT ( 'NONE',  ( 5.302365194784652402, 6.000000000000000000, -4.000000000000000000 ) ) ;
#652 = TOROIDAL_SURFACE ( 'NONE', #2988, 4.844999999999999751, 0.3900000000000002354 ) ;
#653 = CARTESIAN_POINT ( 'NONE',  ( 4.773560748417020605, -7.350205627196689129, -2.349794372803313269 ) ) ;
#654 = ORIENTED_EDGE ( 'NONE', *, *, #6938, .T. ) ;
#655 = CARTESIAN_POINT ( 'NONE',  ( -4.424439740334364046, -6.075560259665683915, -1.223785139368432251 ) ) ;
#656 = AXIS2_PLACEMENT_3D ( 'NONE', #3142, #7017, #26 ) ;
#657 = CARTESIAN_POINT ( 'NONE',  ( 8.063106795708453234, 5.975728154850151519, -1.248190534232918036 ) ) ;
#658 = AXIS2_PLACEMENT_3D ( 'NONE', #4202, #8086, #4119 ) ;
#659 = CARTESIAN_POINT ( 'NONE',  ( 4.650000000000000355, 0.0000000000000000000, -9.299999999999998934 ) ) ;
#660 = EDGE_CURVE ( 'NONE', #5864, #3511, #6861, .T. ) ;
#661 = FACE_OUTER_BOUND ( 'NONE', #3012, .T. ) ;
#662 = CARTESIAN_POINT ( 'NONE',  ( 3.572467902723102995, -2.903229087180623225, 0.0000000000000000000 ) ) ;
#663 = ORIENTED_EDGE ( 'NONE', *, *, #4297, .F. ) ;
#664 = CARTESIAN_POINT ( 'NONE',  ( -5.000000000000000888, 5.900000000000003908, -1.207106781186547240 ) ) ;
#666 = ORIENTED_EDGE ( 'NONE', *, *, #3274, .F. ) ;
#665 = CARTESIAN_POINT ( 'NONE',  ( -4.500000000000001776, -5.100000000000002309, -9.299999999999998934 ) ) ;
#667 = CARTESIAN_POINT ( 'NONE',  ( 1.203510034171503040, 4.491554697168492538, -8.708867498785668460 ) ) ;
#668 = EDGE_CURVE ( 'NONE', #3092, #5392, #4637, .T. ) ;
#669 = ADVANCED_FACE ( 'NONE', ( #7053 ), #4217, .T. ) ;
#670 = VERTEX_POINT ( 'NONE', #7465 ) ;
#671 = APPROVAL ( #7655, 'UNKNOWN' ) ;
#672 = VECTOR ( 'NONE', #3337, 1000.000000000000000 ) ;
#673 = CIRCLE ( 'NONE', #1971, 4.650000000000000355 ) ;
#674 = DIRECTION ( 'NONE',  ( 0.0000000000000000000, -0.9998476951563913806, -0.01745240643727676705 ) ) ;
#675 = DIRECTION ( 'NONE',  ( 1.000000000000000000, 0.0000000000000000000, 0.0000000000000000000 ) ) ;
#676 = ORIENTED_EDGE ( 'NONE', *, *, #8136, .T. ) ;
#677 = DIRECTION ( 'NONE',  ( 0.0000000000000000000, 0.0000000000000000000, -1.000000000000000000 ) ) ;
#678 = ADVANCED_FACE ( 'NONE', ( #7573 ), #7358, .T. ) ;
#679 = LINE ( 'NONE', #7041, #5562 ) ;
#680 = DIRECTION ( 'NONE',  ( -0.3313969516099847246, 0.01646619573978484741, 0.9433477221372130739 ) ) ;
#681 = ADVANCED_FACE ( 'NONE', ( #481 ), #5480, .T. ) ;
#682 = CARTESIAN_POINT ( 'NONE',  ( 4.021030927140394340, 6.461560893046986109, -2.959618654331490628 ) ) ;
#683 = EDGE_CURVE ( 'NONE', #531, #437, #5343, .T. ) ;
#684 = DIRECTION ( 'NONE',  ( 0.0000000000000000000, 0.0000000000000000000, -1.000000000000000000 ) ) ;
#685 = FACE_OUTER_BOUND ( 'NONE', #3877, .T. ) ;
#686 = SHAPE_REPRESENTATION ( 'EKM_Horizontally wide detection type', ( #810, #3192, #3612, #4040 ), #4466 ) ;
#687 = AXIS2_PLACEMENT_3D ( 'NONE', #2374, #7487, #8089 ) ;
#688 = ORIENTED_EDGE ( 'NONE', *, *, #828, .F. ) ;
#689 = CYLINDRICAL_SURFACE ( 'NONE', #3416, 0.2000000000000000944 ) ;
#690 = CARTESIAN_POINT ( 'NONE',  ( 13.00000000000000178, -5.800000000000001599, -3.000000000000000000 ) ) ;
#691 = EDGE_CURVE ( 'NONE', #6761, #4094, #761, .T. ) ;
#692 = DIRECTION ( 'NONE',  ( 1.889888912631821051E-16, -0.08715574274765112983, -0.9961946980917462113 ) ) ;
#693 = CARTESIAN_POINT ( 'NONE',  ( 10.88012917333603014, 5.637602997552447981, 6.280100499734863284 ) ) ;
#694 = ORIENTED_EDGE ( 'NONE', *, *, #2120, .F. ) ;
#695 = CARTESIAN_POINT ( 'NONE',  ( 12.71400762708950261, -5.728723333559693209, 1.059819946095853282 ) ) ;
#696 = AXIS2_PLACEMENT_3D ( 'NONE', #7759, #4499, #2613 ) ;
#697 = ORIENTED_EDGE ( 'NONE', *, *, #7329, .T. ) ;
#698 = LINE ( 'NONE', #4805, #219 ) ;
#699 = CARTESIAN_POINT ( 'NONE',  ( 4.078553963242892877, -6.434538363964209751, -0.9999999999999993339 ) ) ;
#700 = DIRECTION ( 'NONE',  ( -0.01744974916067617773, 0.01744974916067593834, -0.9996954598818876825 ) ) ;
#701 = ORIENTED_EDGE ( 'NONE', *, *, #5970, .T. ) ;
#702 = ORIENTED_EDGE ( 'NONE', *, *, #2366, .T. ) ;
#703 = CARTESIAN_POINT ( 'NONE',  ( -12.75002284456653534, 5.964708090068001844, -1.000000000000000000 ) ) ;
#704 = MANIFOLD_SOLID_BREP ( 'Boss-Extrude1', #3221 ) ;
#705 = APPROVAL_PERSON_ORGANIZATION ( #1510, #2103, #5535 ) ;
#706 = CARTESIAN_POINT ( 'NONE',  ( 7.749989253834149494, 5.964718836233852350, -1.000615647429258237 ) ) ;
#707 = LINE ( 'NONE', #5557, #1907 ) ;
#708 = PLANE ( 'NONE',  #6409 ) ;
#709 = ORIENTED_EDGE ( 'NONE', *, *, #4744, .F. ) ;
#710 = ORIENTED_EDGE ( 'NONE', *, *, #4133, .F. ) ;
#711 = ORIENTED_EDGE ( 'NONE', *, *, #5001, .T. ) ;
#712 = ORIENTED_EDGE ( 'NONE', *, *, #1467, .F. ) ;
#713 = LINE ( 'NONE', #6784, #4289 ) ;
#714 = EDGE_CURVE ( 'NONE', #5145, #1119, #2247, .T. ) ;
#715 = CALENDAR_DATE ( 2019, 1, 8 ) ;
#716 = LINE ( 'NONE', #5988, #3097 ) ;
#717 = ORIENTED_EDGE ( 'NONE', *, *, #6824, .F. ) ;
#718 = APPROVAL ( #4349, 'UNSPECIFIED' ) ;
#719 = CARTESIAN_POINT ( 'NONE',  ( 8.842951251260808831, -6.369126042717281777, -1.013013667921742300 ) ) ;
#720 = DIRECTION ( 'NONE',  ( 1.000000000000000000, 0.0000000000000000000, 0.0000000000000000000 ) ) ;
#721 = DIRECTION ( 'NONE',  ( -9.637352644315598694E-16, -1.000000000000000000, 0.0000000000000000000 ) ) ;
#722 = DIRECTION ( 'NONE',  ( 0.7071067811865464625, -0.7071067811865486830, 0.0000000000000000000 ) ) ;
#723 = EDGE_LOOP ( 'NONE', ( #8032, #594, #443, #3136 ) ) ;
#724 = ADVANCED_FACE ( 'NONE', ( #7475 ), #3289, .F. ) ;
#725 = DIRECTION ( 'NONE',  ( -1.000000000000000000, 0.0000000000000000000, 0.0000000000000000000 ) ) ;
#726 = CIRCLE ( 'NONE', #7351, 0.5000000000000004441 ) ;
#727 = DIRECTION ( 'NONE',  ( 0.0000000000000000000, 0.0000000000000000000, -1.000000000000000000 ) ) ;
#728 = ORIENTED_EDGE ( 'NONE', *, *, #7292, .F. ) ;
#729 = ORIENTED_EDGE ( 'NONE', *, *, #8156, .T. ) ;
#730 = CARTESIAN_POINT ( 'NONE',  ( 8.499999999999998224, -5.900000000000002132, -1.500000000000000000 ) ) ;
#731 = CYLINDRICAL_SURFACE ( 'NONE', #4729, 0.2000000000000005107 ) ;
#732 = VERTEX_POINT ( 'NONE', #6296 ) ;
#733 = DIRECTION ( 'NONE',  ( 0.9434756357255826842, 0.0000000000000000000, -0.3314418875039900625 ) ) ;
#734 = CARTESIAN_POINT ( 'NONE',  ( -3.301787997811557851, -6.000000000000000000, -3.000000000000000000 ) ) ;
#735 = DIRECTION ( 'NONE',  ( 0.01744974916068268642, -0.01744974916067593834, -0.9996954598818875715 ) ) ;
#736 = CARTESIAN_POINT ( 'NONE',  ( 2.765000000000000124, 0.0000000000000000000, -5.500000000000000000 ) ) ;
#737 = LINE ( 'NONE', #5659, #2729 ) ;
#738 = EDGE_CURVE ( 'NONE', #3588, #6805, #4725, .T. ) ;
#739 = ORIENTED_EDGE ( 'NONE', *, *, #1237, .F. ) ;
#740 = DIRECTION ( 'NONE',  ( 0.0000000000000000000, 1.000000000000000000, 0.0000000000000000000 ) ) ;
#741 = EDGE_CURVE ( 'NONE', #1007, #4334, #6164, .T. ) ;
#742 = VECTOR ( 'NONE', #1186, 1000.000000000000000 ) ;
#743 = VERTEX_POINT ( 'NONE', #2482 ) ;
#744 = ORIENTED_EDGE ( 'NONE', *, *, #2944, .F. ) ;
#745 = CARTESIAN_POINT ( 'NONE',  ( 8.400000000090960484, -6.000000000000002665, -1.434538370960578568 ) ) ;
#746 = CARTESIAN_POINT ( 'NONE',  ( 8.500000000000000000, 6.649999999999997691, -2.943132368708154534 ) ) ;
#747 = AXIS2_PLACEMENT_3D ( 'NONE', #5428, #2811, #8047 ) ;
#748 = AXIS2_PLACEMENT_3D ( 'NONE', #7010, #4437, #6443 ) ;
#749 = DIRECTION ( 'NONE',  ( 1.000000000000000000, 0.0000000000000000000, 0.0000000000000000000 ) ) ;
#750 = PLANE ( 'NONE',  #335 ) ;
#751 = CARTESIAN_POINT ( 'NONE',  ( -4.223446998150033771, 6.649999999999997691, -2.943132368708154534 ) ) ;
#752 = FACE_OUTER_BOUND ( 'NONE', #6320, .T. ) ;
#753 = AXIS2_PLACEMENT_3D ( 'NONE', #5833, #7127, #7796 ) ;
#754 = VERTEX_POINT ( 'NONE', #6973 ) ;
#755 = UNCERTAINTY_MEASURE_WITH_UNIT (LENGTH_MEASURE( 1.000000000000000082E-05 ), #7432, 'distance_accuracy_value', 'NONE');
#756 = DIRECTION ( 'NONE',  ( -0.0000000000000000000, 0.0000000000000000000, 1.000000000000000000 ) ) ;
#757 = ORIENTED_EDGE ( 'NONE', *, *, #8238, .T. ) ;
#758 = CARTESIAN_POINT ( 'NONE',  ( 0.2250000000000009770, 2.540000000000000036, -5.500000000000000000 ) ) ;
#759 = CARTESIAN_POINT ( 'NONE',  ( 4.130873957282760855, -6.342951251260766199, -1.013013667921758509 ) ) ;
#760 = DIRECTION ( 'NONE',  ( 0.0000000000000000000, 0.0000000000000000000, 1.000000000000000000 ) ) ;
#761 = CIRCLE ( 'NONE', #901, 0.5000000000000004441 ) ;
#762 = ADVANCED_FACE ( 'NONE', ( #4934 ), #1754, .T. ) ;
#763 = EDGE_CURVE ( 'NONE', #7190, #8093, #1060, .T. ) ;
#764 = CARTESIAN_POINT ( 'NONE',  ( -8.500000000000000000, -4.757005158825455382, -1.000000000000000000 ) ) ;
#765 = ORIENTED_EDGE ( 'NONE', *, *, #4026, .F. ) ;
#766 = CARTESIAN_POINT ( 'NONE',  ( 12.30000000000000071, 5.100000000000001421, -1.000000000000000000 ) ) ;
#767 = CARTESIAN_POINT ( 'NONE',  ( 8.500000000000000000, -5.100000000000000533, -3.000000000000000000 ) ) ;
#768 = ORIENTED_EDGE ( 'NONE', *, *, #1216, .T. ) ;
#769 = EDGE_CURVE ( 'NONE', #2629, #2129, #2077, .T. ) ;
#770 = DIRECTION ( 'NONE',  ( 1.000000000000000000, 0.0000000000000000000, 0.0000000000000000000 ) ) ;
#771 = VECTOR ( 'NONE', #5973, 1000.000000000000000 ) ;
#772 = EDGE_LOOP ( 'NONE', ( #1854, #6994, #900 ) ) ;
#773 = EDGE_LOOP ( 'NONE', ( #5165, #6657, #4222, #3105, #2178 ) ) ;
#774 = CIRCLE ( 'NONE', #920, 5.059461084755860760 ) ;
#775 = VECTOR ( 'NONE', #8247, 1000.000000000000227 ) ;
#776 = DIRECTION ( 'NONE',  ( -1.000000000000000000, 0.0000000000000000000, 0.0000000000000000000 ) ) ;
#777 = EDGE_CURVE ( 'NONE', #5847, #2130, #612, .T. ) ;
#778 = DIRECTION ( 'NONE',  ( -0.01745240643728354635, 1.220770127380827502E-18, 0.9998476951563911586 ) ) ;
#779 = CC_DESIGN_APPROVAL ( #671, ( #7541 ) ) ;
#780 = EDGE_LOOP ( 'NONE', ( #873, #4651, #1313 ) ) ;
#781 = FACE_OUTER_BOUND ( 'NONE', #6602, .T. ) ;
#782 = DIRECTION ( 'NONE',  ( -0.0000000000000000000, -0.0000000000000000000, 1.000000000000000000 ) ) ;
#783 = CARTESIAN_POINT ( 'NONE',  ( 4.065461636035798243, -6.421446036757102682, -0.9999999999999993339 ) ) ;
#784 = CARTESIAN_POINT ( 'NONE',  ( 4.802365194784652402, -5.700000000000001954, -4.000000000000000000 ) ) ;
#785 = FACE_OUTER_BOUND ( 'NONE', #3421, .T. ) ;
#786 = ORIENTED_EDGE ( 'NONE', *, *, #5791, .T. ) ;
#787 = CARTESIAN_POINT ( 'NONE',  ( 10.97764929098187636, -5.549999999999994493, 6.469075460995463267 ) ) ;
#788 = EDGE_CURVE ( 'NONE', #2483, #2834, #2954, .T. ) ;
#789 = ORIENTED_EDGE ( 'NONE', *, *, #6627, .F. ) ;
#790 = FACE_OUTER_BOUND ( 'NONE', #1074, .T. ) ;
#791 = AXIS2_PLACEMENT_3D ( 'NONE', #2696, #5215, #862 ) ;
#792 = ORIENTED_EDGE ( 'NONE', *, *, #1942, .T. ) ;
#793 = ORIENTED_EDGE ( 'NONE', *, *, #3651, .T. ) ;
#794 = CARTESIAN_POINT ( 'NONE',  ( 8.215089870143565065, -5.200000000000000178, -3.000000000000000000 ) ) ;
#795 = CARTESIAN_POINT ( 'NONE',  ( 8.000000000000000000, 5.900000000000003908, -1.207106781186547462 ) ) ;
#796 = DIRECTION ( 'NONE',  ( 0.0000000000000000000, 0.0000000000000000000, 1.000000000000000000 ) ) ;
#797 = CARTESIAN_POINT ( 'NONE',  ( -5.284910129856434047, 6.249999999999999112, -3.000000000000000000 ) ) ;
#798 = EDGE_CURVE ( 'NONE', #3063, #6696, #7983, .T. ) ;
#799 = ADVANCED_FACE ( 'NONE', ( #5744 ), #3113, .T. ) ;
#800 = CALENDAR_DATE ( 2019, 1, 8 ) ;
#801 = DIRECTION ( 'NONE',  ( 0.0000000000000000000, 1.000000000000000000, 0.0000000000000000000 ) ) ;
#802 = VECTOR ( 'NONE', #356, 1000.000000000000114 ) ;
#803 = CARTESIAN_POINT ( 'NONE',  ( -7.750000000000000000, 5.200000000000001066, -1.000000000000000000 ) ) ;
#804 = ORIENTED_EDGE ( 'NONE', *, *, #6889, .F. ) ;
#805 = EDGE_LOOP ( 'NONE', ( #3055, #906, #4638, #5006 ) ) ;
#806 = CARTESIAN_POINT ( 'NONE',  ( 4.500000000000000888, 6.149999999999997691, -9.035105632878352111 ) ) ;
#807 = EDGE_LOOP ( 'NONE', ( #1214, #7534, #5916 ) ) ;
#808 = CARTESIAN_POINT ( 'NONE',  ( 11.09848522915800650, -5.549999999999998934, 6.412812697791911987 ) ) ;
#809 = COORDINATED_UNIVERSAL_TIME_OFFSET ( 9, 0, .AHEAD. ) ;
#810 = AXIS2_PLACEMENT_3D ( 'NONE', #4796, #4883, #2885 ) ;
#811 = CARTESIAN_POINT ( 'NONE',  ( 4.500000000585130167, -5.999999999414770357, -1.448147957716981571 ) ) ;
#812 = FACE_OUTER_BOUND ( 'NONE', #4529, .T. ) ;
#813 = EDGE_LOOP ( 'NONE', ( #380, #8045, #4430, #28 ) ) ;
#814 = EDGE_CURVE ( 'NONE', #411, #3001, #3632, .T. ) ;
#815 = EDGE_LOOP ( 'NONE', ( #6352, #2500 ) ) ;
#816 = ORIENTED_EDGE ( 'NONE', *, *, #945, .T. ) ;
#817 = FACE_OUTER_BOUND ( 'NONE', #6970, .T. ) ;
#818 = CARTESIAN_POINT ( 'NONE',  ( 3.712310601229358742, -3.500178566873426877, 0.9499999999999998446 ) ) ;
#819 = CARTESIAN_POINT ( 'NONE',  ( 0.0000000000000000000, 0.0000000000000000000, 0.9499999999999998446 ) ) ;
#820 = VECTOR ( 'NONE', #263, 1000.000000000000114 ) ;
#821 = VECTOR ( 'NONE', #2460, 1000.000000000000000 ) ;
#822 = ORIENTED_EDGE ( 'NONE', *, *, #6196, .T. ) ;
#823 = ORIENTED_EDGE ( 'NONE', *, *, #295, .F. ) ;
#824 = DIRECTION ( 'NONE',  ( 0.7071067811865450192, -0.7071067811865501263, 0.0000000000000000000 ) ) ;
#825 = CARTESIAN_POINT ( 'NONE',  ( 8.998722858706033279, 6.185714285714285054, -2.983752105345187644 ) ) ;
#826 = VECTOR ( 'NONE', #4261, 1000.000000000000000 ) ;
#827 = VERTEX_POINT ( 'NONE', #1890 ) ;
#828 = EDGE_CURVE ( 'NONE', #8231, #3343, #4519, .T. ) ;
#829 = PRODUCT_DEFINITION ( 'UNKNOWN', '', #5094, #7756 ) ;
#830 = EDGE_LOOP ( 'NONE', ( #6420, #5885, #4401, #2703 ) ) ;
#831 = DIRECTION ( 'NONE',  ( -1.000000000000000000, 0.0000000000000000000, 0.0000000000000000000 ) ) ;
#832 = CARTESIAN_POINT ( 'NONE',  ( 1.013323155338313741, 4.538245936797079771, -8.975499814951863442 ) ) ;
#833 = CARTESIAN_POINT ( 'NONE',  ( 11.02730226579377337, 5.605804941574869638, 6.464584644125634938 ) ) ;
#834 = CARTESIAN_POINT ( 'NONE',  ( -5.000000000000000888, 6.000000000000003553, -9.299999999999998934 ) ) ;
#835 = FACE_OUTER_BOUND ( 'NONE', #3671, .T. ) ;
#836 = DIRECTION ( 'NONE',  ( 0.0000000000000000000, -1.000000000000000000, 0.0000000000000000000 ) ) ;
#837 = VERTEX_POINT ( 'NONE', #6364 ) ;
#838 = DIRECTION ( 'NONE',  ( 0.0000000000000000000, -1.000000000000000000, 0.0000000000000000000 ) ) ;
#839 = LINE ( 'NONE', #554, #7035 ) ;
#840 = CARTESIAN_POINT ( 'NONE',  ( -8.707106781186546129, -6.148528137423858730, -1.000000000000000444 ) ) ;
#841 = ORIENTED_EDGE ( 'NONE', *, *, #4360, .F. ) ;
#842 = EDGE_CURVE ( 'NONE', #5436, #8260, #2546, .T. ) ;
#843 = ADVANCED_FACE ( 'NONE', ( #4333 ), #14, .T. ) ;
#844 = ADVANCED_FACE ( 'NONE', ( #6452 ), #4357, .F. ) ;
#845 = AXIS2_PLACEMENT_3D ( 'NONE', #7795, #5178, #5261 ) ;
#846 = CARTESIAN_POINT ( 'NONE',  ( 5.284910129856433159, 6.349999999999994316, -3.000000000000000000 ) ) ;
#847 = CARTESIAN_POINT ( 'NONE',  ( -9.111091270347374760, 9.888908729652611029, -9.299999999999998934 ) ) ;
#848 = AXIS2_PLACEMENT_3D ( 'NONE', #7290, #5355, #1545 ) ;
#849 = VECTOR ( 'NONE', #7056, 1000.000000000000227 ) ;
#850 = ORIENTED_EDGE ( 'NONE', *, *, #295, .T. ) ;
#851 = EDGE_CURVE ( 'NONE', #7297, #5145, #7259, .T. ) ;
#852 = ORIENTED_EDGE ( 'NONE', *, *, #542, .T. ) ;
#853 = DIRECTION ( 'NONE',  ( 0.0000000000000000000, 0.0000000000000000000, -1.000000000000000000 ) ) ;
#854 = AXIS2_PLACEMENT_3D ( 'NONE', #7254, #853, #1474 ) ;
#855 =( BOUNDED_CURVE ( )  B_SPLINE_CURVE ( 3, ( #2745, #7232, #7897, #4018 ),
 .UNSPECIFIED., .F., .F. ) 
 B_SPLINE_CURVE_WITH_KNOTS ( ( 4, 4 ),
 ( 0.0000000000000000000, 1.570796326794896558 ),
 .UNSPECIFIED. ) 
 CURVE ( )  GEOMETRIC_REPRESENTATION_ITEM ( )  RATIONAL_B_SPLINE_CURVE ( ( 1.000000000000000000, 0.8047378541243649375, 0.8047378541243649375, 1.000000000000000000 ) ) 
 REPRESENTATION_ITEM ( '' )  );
#856 = CARTESIAN_POINT ( 'NONE',  ( 0.0000000000000000000, -5.623695707257534870, 7.076848627118613955 ) ) ;
#857 = ORIENTED_EDGE ( 'NONE', *, *, #4079, .T. ) ;
#858 = CARTESIAN_POINT ( 'NONE',  ( 8.500000000000000000, -5.099999999999997868, -1.499999999999999556 ) ) ;
#859 = ORIENTED_EDGE ( 'NONE', *, *, #354, .T. ) ;
#860 = AXIS2_PLACEMENT_3D ( 'NONE', #5032, #1862, #7637 ) ;
#861 = LINE ( 'NONE', #6052, #1959 ) ;
#862 = DIRECTION ( 'NONE',  ( 0.0000000000000000000, 0.01815413264054118250, 0.9998352001545403045 ) ) ;
#863 = ORIENTED_EDGE ( 'NONE', *, *, #3472, .T. ) ;
#864 = CARTESIAN_POINT ( 'NONE',  ( 12.20708383012035014, -5.199875994830382986, 1.003828610260992349 ) ) ;
#865 = DIRECTION ( 'NONE',  ( -1.057758217059028608E-16, 1.000000000000000000, 0.0000000000000000000 ) ) ;
#866 = FACE_OUTER_BOUND ( 'NONE', #3109, .T. ) ;
#867 = DIRECTION ( 'NONE',  ( 1.000000000000000000, 0.0000000000000000000, 0.0000000000000000000 ) ) ;
#868 = CYLINDRICAL_SURFACE ( 'NONE', #696, 0.5000000000000004441 ) ;
#869 = AXIS2_PLACEMENT_3D ( 'NONE', #6628, #5304, #875 ) ;
#870 = CARTESIAN_POINT ( 'NONE',  ( -7.999999999999998224, 5.099999999999999645, 0.5000000000000000000 ) ) ;
#871 = CARTESIAN_POINT ( 'NONE',  ( 0.0000000000000000000, 0.0000000000000000000, -9.299999999999998934 ) ) ;
#872 = EDGE_CURVE ( 'NONE', #3518, #2030, #5545, .T. ) ;
#873 = ORIENTED_EDGE ( 'NONE', *, *, #100, .F. ) ;
#874 = ORIENTED_EDGE ( 'NONE', *, *, #175, .F. ) ;
#875 = DIRECTION ( 'NONE',  ( 1.000000000000000000, 0.0000000000000000000, 0.0000000000000000000 ) ) ;
#876 = LINE ( 'NONE', #6881, #7691 ) ;
#877 = CARTESIAN_POINT ( 'NONE',  ( -11.14999999999999680, 6.000000000000000000, -2.500000000000000888 ) ) ;
#878 = ADVANCED_FACE ( 'NONE', ( #4034 ), #2945, .F. ) ;
#879 = CARTESIAN_POINT ( 'NONE',  ( 13.00102500000000028, 6.000000000000000000, -3.000000000000000000 ) ) ;
#880 = CARTESIAN_POINT ( 'NONE',  ( -10.88012917333603191, 5.637602997552447981, 6.280100499734861508 ) ) ;
#881 = VECTOR ( 'NONE', #1149, 1000.000000000000000 ) ;
#882 = DIRECTION ( 'NONE',  ( 0.0000000000000000000, -0.0000000000000000000, -1.000000000000000000 ) ) ;
#883 = DIRECTION ( 'NONE',  ( -0.0000000000000000000, -0.0000000000000000000, 1.000000000000000000 ) ) ;
#884 = CARTESIAN_POINT ( 'NONE',  ( -5.302365194784652402, 6.000000000000000000, -4.000000000000000000 ) ) ;
#885 = CARTESIAN_POINT ( 'NONE',  ( -2.315000000000000391, 0.0000000000000000000, -5.500000000000000000 ) ) ;
#886 = EDGE_LOOP ( 'NONE', ( #3966, #2993, #353, #7670 ) ) ;
#887 = CARTESIAN_POINT ( 'NONE',  ( -12.29537852724258151, -5.176387483352216989, 1.729027216342207351 ) ) ;
#888 = CARTESIAN_POINT ( 'NONE',  ( 12.31250988819749104, -5.165352100142741598, 2.069740356812397319 ) ) ;
#889 = EDGE_CURVE ( 'NONE', #3840, #6852, #8083, .T. ) ;
#890 = ORIENTED_EDGE ( 'NONE', *, *, #2501, .T. ) ;
#891 = EDGE_LOOP ( 'NONE', ( #2241, #418, #5907, #558 ) ) ;
#892 = CARTESIAN_POINT ( 'NONE',  ( 1.141908296579407844, -4.507707233935025037, -8.919753169156757977 ) ) ;
#893 = PERSON_AND_ORGANIZATION ( #6821, #2012 ) ;
#894 = FACE_OUTER_BOUND ( 'NONE', #4535, .T. ) ;
#895 = EDGE_CURVE ( 'NONE', #962, #5103, #7976, .T. ) ;
#896 = DIRECTION ( 'NONE',  ( 1.000000000000000000, 0.0000000000000000000, 0.0000000000000000000 ) ) ;
#897 = EDGE_LOOP ( 'NONE', ( #5045, #4501, #4050, #5039 ) ) ;
#898 = CARTESIAN_POINT ( 'NONE',  ( -1.205925905206711057, -4.491000891609667534, -8.486904841698098778 ) ) ;
#899 = PLANE ( 'NONE',  #6809 ) ;
#900 = ORIENTED_EDGE ( 'NONE', *, *, #617, .F. ) ;
#901 = AXIS2_PLACEMENT_3D ( 'NONE', #6747, #8070, #2320 ) ;
#902 = PERSON_AND_ORGANIZATION ( #6821, #2012 ) ;
#903 = VECTOR ( 'NONE', #1289, 1000.000000000000000 ) ;
#904 = AXIS2_PLACEMENT_3D ( 'NONE', #2700, #7930, #4692 ) ;
#905 = DIRECTION ( 'NONE',  ( 0.7071067811865463515, -0.7071067811865487940, -0.0000000000000000000 ) ) ;
#906 = ORIENTED_EDGE ( 'NONE', *, *, #3283, .T. ) ;
#907 = VERTEX_POINT ( 'NONE', #4520 ) ;
#908 = CLOSED_SHELL ( 'NONE', ( #434, #4707, #1722, #3829 ) ) ;
#909 = CARTESIAN_POINT ( 'NONE',  ( 12.38077705930806616, 5.087683279078763832, 1.908693433935467310 ) ) ;
#910 = VECTOR ( 'NONE', #4104, 1000.000000000000000 ) ;
#911 = CARTESIAN_POINT ( 'NONE',  ( 5.250010746165849618, 5.964718836233852350, -1.000615647429258237 ) ) ;
#912 = CARTESIAN_POINT ( 'NONE',  ( 8.400000000000000355, -6.000000000000001776, -1.207106781186547240 ) ) ;
#913 = PERSON_AND_ORGANIZATION ( #6821, #2012 ) ;
#914 = VECTOR ( 'NONE', #3512, 1000.000000000000000 ) ;
#915 = ORIENTED_EDGE ( 'NONE', *, *, #6734, .T. ) ;
#916 = DIRECTION ( 'NONE',  ( -0.1093716925544988422, 0.0000000000000000000, -0.9940009219652486960 ) ) ;
#917 = ORIENTED_EDGE ( 'NONE', *, *, #6538, .F. ) ;
#918 = CARTESIAN_POINT ( 'NONE',  ( 12.24453247690888702, -5.195005682491992793, 1.154197599733946422 ) ) ;
#919 = CARTESIAN_POINT ( 'NONE',  ( -9.500000000000001776, -6.000000000000004441, -9.035105632878352111 ) ) ;
#920 = AXIS2_PLACEMENT_3D ( 'NONE', #157, #2744, #7896 ) ;
#921 = CARTESIAN_POINT ( 'NONE',  ( -3.612114643341579168, 2.928523860351210484, -8.067376046868687922 ) ) ;
#922 = LINE ( 'NONE', #4556, #1012 ) ;
#923 = AXIS2_PLACEMENT_3D ( 'NONE', #4907, #6245, #5584 ) ;
#924 = EDGE_CURVE ( 'NONE', #7293, #6569, #5738, .T. ) ;
#925 = ADVANCED_FACE ( 'NONE', ( #8183 ), #48, .F. ) ;
#926 = CARTESIAN_POINT ( 'NONE',  ( 1.049421838954761821, -4.530185634976632514, -8.975499814951833244 ) ) ;
#927 = ORIENTED_EDGE ( 'NONE', *, *, #1392, .F. ) ;
#928 = B_SPLINE_CURVE_WITH_KNOTS ( 'NONE', 3,
 ( #5880, #6528, #3262, #2690 ),
 .UNSPECIFIED., .F., .F.,
 ( 4, 4 ),
 ( 8.673617379884035472E-19, 0.0002234579204250847673 ),
 .UNSPECIFIED. ) ;
#929 = VECTOR ( 'NONE', #4108, 1000.000000000000000 ) ;
#930 = CARTESIAN_POINT ( 'NONE',  ( 13.00102500000000028, -6.650000000000004796, -2.943132368708153646 ) ) ;
#931 = VERTEX_POINT ( 'NONE', #1338 ) ;
#932 = DIRECTION ( 'NONE',  ( 0.0000000000000000000, -0.01745240643727676011, 0.9998476951563912696 ) ) ;
#933 = CARTESIAN_POINT ( 'NONE',  ( -1.050012575614238441, -4.530053732223037422, -8.975499814954648770 ) ) ;
#934 = DIRECTION ( 'NONE',  ( 0.01745240643727699603, 0.0000000000000000000, 0.9998476951563912696 ) ) ;
#935 = CARTESIAN_POINT ( 'NONE',  ( -12.22262983385613389, 5.198748428857053128, 1.038641769001376058 ) ) ;
#936 = EDGE_CURVE ( 'NONE', #3697, #5200, #5335, .T. ) ;
#937 = SPHERICAL_SURFACE ( 'NONE', #8271, 0.2000000000000000111 ) ;
#938 = VERTEX_POINT ( 'NONE', #7085 ) ;
#939 = CARTESIAN_POINT ( 'NONE',  ( 4.802365194784653291, -5.200000000000000178, -4.000000000000000000 ) ) ;
#940 = DIRECTION ( 'NONE',  ( -1.000000000000000000, 6.994852725712932707E-17, 0.0000000000000000000 ) ) ;
#941 = CIRCLE ( 'NONE', #5877, 0.2249999999999999500 ) ;
#942 = ORIENTED_EDGE ( 'NONE', *, *, #5701, .F. ) ;
#943 = CARTESIAN_POINT ( 'NONE',  ( 12.23144546022530932, -5.197518096653684694, 1.076627795088732631 ) ) ;
#944 = DIRECTION ( 'NONE',  ( 0.0000000000000000000, 1.000000000000000000, 0.0000000000000000000 ) ) ;
#945 = EDGE_CURVE ( 'NONE', #5443, #3680, #1852, .T. ) ;
#946 = FACE_OUTER_BOUND ( 'NONE', #5546, .T. ) ;
#947 = CARTESIAN_POINT ( 'NONE',  ( -9.818198051533924442, 9.181801948466064900, -7.449999999999999289 ) ) ;
#948 = ORIENTED_EDGE ( 'NONE', *, *, #5499, .T. ) ;
#949 = CARTESIAN_POINT ( 'NONE',  ( 10.54027656803994262, -4.757005158825455382, -1.000000000000000000 ) ) ;
#950 = AXIS2_PLACEMENT_3D ( 'NONE', #6457, #1413, #6516 ) ;
#951 = ORIENTED_EDGE ( 'NONE', *, *, #3971, .T. ) ;
#952 = CARTESIAN_POINT ( 'NONE',  ( -5.000000000000000888, 5.900000000000003020, -3.000000000000000000 ) ) ;
#953 = LINE ( 'NONE', #7762, #2847 ) ;
#954 = DIRECTION ( 'NONE',  ( 0.0000000000000000000, 0.0000000000000000000, 1.000000000000000000 ) ) ;
#955 = ORIENTED_EDGE ( 'NONE', *, *, #7329, .F. ) ;
#956 =( BOUNDED_CURVE ( )  B_SPLINE_CURVE ( 3, ( #1513, #4693, #921, #2141 ),
 .UNSPECIFIED., .F., .F. ) 
 B_SPLINE_CURVE_WITH_KNOTS ( ( 4, 4 ),
 ( 4.593831870006671814, 4.615463094344680606 ),
 .UNSPECIFIED. ) 
 CURVE ( )  GEOMETRIC_REPRESENTATION_ITEM ( )  RATIONAL_B_SPLINE_CURVE ( ( 1.000000000000000000, 0.9999610078912386513, 0.9999610078912386513, 1.000000000000000000 ) ) 
 REPRESENTATION_ITEM ( '' )  );
#957 = EDGE_CURVE ( 'NONE', #7916, #4031, #7048, .T. ) ;
#958 = ORIENTED_EDGE ( 'NONE', *, *, #3100, .T. ) ;
#959 = ADVANCED_FACE ( 'NONE', ( #5537 ), #6495, .T. ) ;
#960 = CARTESIAN_POINT ( 'NONE',  ( 12.31613172760729569, -5.201103551519474344, 1.000000000090040420 ) ) ;
#961 = VECTOR ( 'NONE', #2122, 1000.000000000000000 ) ;
#962 = VERTEX_POINT ( 'NONE', #1306 ) ;
#963 = CARTESIAN_POINT ( 'NONE',  ( 12.37298853298192469, 5.101378438287895278, 1.930864092193878667 ) ) ;
#964 =( NAMED_UNIT ( * ) SI_UNIT ( $, .STERADIAN. ) SOLID_ANGLE_UNIT ( ) );
#965 = CARTESIAN_POINT ( 'NONE',  ( -11.98566414201826191, 5.100000000000003197, -2.500000000000000000 ) ) ;
#966 = ORIENTED_EDGE ( 'NONE', *, *, #7601, .T. ) ;
#967 = EDGE_CURVE ( 'NONE', #5595, #94, #176, .T. ) ;
#968 = LINE ( 'NONE', #2080, #8098 ) ;
#969 = LINE ( 'NONE', #7698, #2069 ) ;
#970 = CARTESIAN_POINT ( 'NONE',  ( -11.04433998763855307, 5.549999999999998934, 6.416085416796237340 ) ) ;
#971 = DIRECTION ( 'NONE',  ( -0.01745240643728354635, 0.0000000000000000000, 0.9998476951563911586 ) ) ;
#972 = ORIENTED_EDGE ( 'NONE', *, *, #7538, .T. ) ;
#973 = LINE ( 'NONE', #7392, #4554 ) ;
#974 = DIRECTION ( 'NONE',  ( 1.668003342285391551E-16, -1.000000000000000000, 4.748103885137817623E-16 ) ) ;
#975 = EDGE_CURVE ( 'NONE', #4767, #7123, #1352, .T. ) ;
#976 = CARTESIAN_POINT ( 'NONE',  ( -1.013323155338313963, -4.538245936797079771, -8.975499814951863442 ) ) ;
#977 = CC_DESIGN_APPROVAL ( #2103, ( #829 ) ) ;
#978 = CARTESIAN_POINT ( 'NONE',  ( 5.024271845149852922, 6.063106795708466557, -1.248190534232892279 ) ) ;
#979 = LINE ( 'NONE', #6576, #7182 ) ;
#980 = CARTESIAN_POINT ( 'NONE',  ( -12.20948687892646056, 5.199791994219282287, 1.006422096878711203 ) ) ;
#981 = ORIENTED_EDGE ( 'NONE', *, *, #3051, .T. ) ;
#982 = PLANE ( 'NONE',  #6380 ) ;
#983 = VERTEX_POINT ( 'NONE', #2608 ) ;
#984 = DIRECTION ( 'NONE',  ( -0.0000000000000000000, -0.0000000000000000000, -1.000000000000000000 ) ) ;
#985 = CARTESIAN_POINT ( 'NONE',  ( -12.71400762708950438, 5.728723333559693209, 1.059819946095848398 ) ) ;
#986 = LINE ( 'NONE', #465, #7605 ) ;
#987 = SECURITY_CLASSIFICATION_LEVEL ( 'unclassified' ) ;
#988 = CARTESIAN_POINT ( 'NONE',  ( -7.765089203050246525, 6.349999999999999645, -0.1355401362126436859 ) ) ;
#989 = ORIENTED_EDGE ( 'NONE', *, *, #168, .T. ) ;
#990 = ORIENTED_EDGE ( 'NONE', *, *, #2210, .T. ) ;
#991 = CARTESIAN_POINT ( 'NONE',  ( -4.780541710910954478, -6.950266553773485789, -2.749733446226517053 ) ) ;
#993 = DIRECTION ( 'NONE',  ( 1.000000000000000000, 0.0000000000000000000, 0.0000000000000000000 ) ) ;
#992 = LOCAL_TIME ( 8, 25, 54.00000000000000000, #5784 ) ;
#994 = EDGE_CURVE ( 'NONE', #1829, #437, #3529, .T. ) ;
#995 = LINE ( 'NONE', #7993, #1298 ) ;
#996 = ORIENTED_EDGE ( 'NONE', *, *, #6647, .F. ) ;
#997 = ADVANCED_FACE ( 'NONE', ( #473 ), #7812, .T. ) ;
#998 = ORIENTED_EDGE ( 'NONE', *, *, #3578, .T. ) ;
#999 = DIRECTION ( 'NONE',  ( -1.000000000000000000, 0.0000000000000000000, 0.0000000000000000000 ) ) ;
#1000 = ORIENTED_EDGE ( 'NONE', *, *, #5160, .T. ) ;
#1001 = VECTOR ( 'NONE', #4918, 1000.000000000000000 ) ;
#1002 = DIRECTION ( 'NONE',  ( 1.000000000000000000, 0.0000000000000000000, 0.0000000000000000000 ) ) ;
#1003 = EDGE_CURVE ( 'NONE', #5443, #6677, #2342, .T. ) ;
#1004 = LINE ( 'NONE', #4735, #5698 ) ;
#1005 = ORIENTED_EDGE ( 'NONE', *, *, #1049, .T. ) ;
#1006 = DIRECTION ( 'NONE',  ( -0.0000000000000000000, 0.0000000000000000000, 1.000000000000000000 ) ) ;
#1007 = VERTEX_POINT ( 'NONE', #2034 ) ;
#1008 = AXIS2_PLACEMENT_3D ( 'NONE', #5030, #6254, #3077 ) ;
#1009 = VERTEX_POINT ( 'NONE', #7722 ) ;
#1011 = AXIS2_PLACEMENT_3D ( 'NONE', #1122, #3667, #8199 ) ;
#1010 = CARTESIAN_POINT ( 'NONE',  ( -12.23321087503523152, 5.197287786618241867, 1.083738527343534486 ) ) ;
#1012 = VECTOR ( 'NONE', #2558, 1000.000000000000000 ) ;
#1013 = FACE_BOUND ( 'NONE', #3850, .T. ) ;
#1014 = CARTESIAN_POINT ( 'NONE',  ( -11.04433988692500179, -5.549999999999998934, 6.416085703485501668 ) ) ;
#1015 = CYLINDRICAL_SURFACE ( 'NONE', #8235, 0.5000000000000000000 ) ;
#1016 = VERTEX_POINT ( 'NONE', #5824 ) ;
#1017 = ORIENTED_EDGE ( 'NONE', *, *, #5323, .T. ) ;
#1018 = CARTESIAN_POINT ( 'NONE',  ( 12.31613172760729569, -5.201103551519474344, 2.105706630459280859 ) ) ;
#1019 = CARTESIAN_POINT ( 'NONE',  ( -8.020199911701851647, 6.100166593084862754, -1.192726625728592671 ) ) ;
#1020 = DIRECTION ( 'NONE',  ( 0.0000000000000000000, 0.0000000000000000000, 1.000000000000000000 ) ) ;
#1021 = VECTOR ( 'NONE', #5724, 1000.000000000000000 ) ;
#1022 = DIRECTION ( 'NONE',  ( 1.000000000000000000, 0.0000000000000000000, 0.0000000000000000000 ) ) ;
#1023 = DIRECTION ( 'NONE',  ( 0.0000000000000000000, 0.0000000000000000000, -1.000000000000000000 ) ) ;
#1024 = ORIENTED_EDGE ( 'NONE', *, *, #1003, .F. ) ;
#1025 = ORIENTED_EDGE ( 'NONE', *, *, #6951, .T. ) ;
#1026 = CARTESIAN_POINT ( 'NONE',  ( 12.20390118559151205, -5.199965541364825583, 1.001063896888614524 ) ) ;
#1027 = CARTESIAN_POINT ( 'NONE',  ( -7.900000000000000355, 6.000000000000003553, -1.499999999999999556 ) ) ;
#1028 = CARTESIAN_POINT ( 'NONE',  ( 4.500000000000006217, -4.336808689942025625E-15, -3.000000000000000000 ) ) ;
#1029 = VECTOR ( 'NONE', #2297, 1000.000000000000000 ) ;
#1030 = AXIS2_PLACEMENT_3D ( 'NONE', #6995, #6353, #3761 ) ;
#1031 = CARTESIAN_POINT ( 'NONE',  ( -40.68388472567862379, 0.0000000000000000000, -78.40779887272486803 ) ) ;
#1032 = ORIENTED_EDGE ( 'NONE', *, *, #3950, .F. ) ;
#1033 = EDGE_CURVE ( 'NONE', #7025, #6866, #8284, .T. ) ;
#1034 = CARTESIAN_POINT ( 'NONE',  ( -10.90257007011518020, 5.546004849585093766, 6.477269755348455504 ) ) ;
#1035 = CARTESIAN_POINT ( 'NONE',  ( 8.148528137423857842, 6.207106781186551459, -1.000000000000000222 ) ) ;
#1036 = CARTESIAN_POINT ( 'NONE',  ( 9.000000000000001776, -6.150000000000001243, -9.035105632878352111 ) ) ;
#1037 = CYLINDRICAL_SURFACE ( 'NONE', #3607, 4.549999999999999822 ) ;
#1038 = VERTEX_POINT ( 'NONE', #2633 ) ;
#1039 = DIRECTION ( 'NONE',  ( -0.01745240643727699603, -0.0000000000000000000, 0.9998476951563912696 ) ) ;
#1040 = DIRECTION ( 'NONE',  ( 1.000000000000000000, 0.0000000000000000000, -0.0000000000000000000 ) ) ;
#1041 = LINE ( 'NONE', #7843, #8276 ) ;
#1042 = ADVANCED_FACE ( 'NONE', ( #3037 ), #5037, .T. ) ;
#1043 = CARTESIAN_POINT ( 'NONE',  ( 8.400000000000000355, -5.900000000000001243, -9.299999999999998934 ) ) ;
#1044 = EDGE_LOOP ( 'NONE', ( #2530, #4269, #3778 ) ) ;
#1045 = DIRECTION ( 'NONE',  ( 0.0000000000000000000, 0.0000000000000000000, -1.000000000000000000 ) ) ;
#1046 = CARTESIAN_POINT ( 'NONE',  ( -7.999999999414901808, 5.999999999414773022, -1.448147957716959144 ) ) ;
#1047 =( NAMED_UNIT ( * ) PLANE_ANGLE_UNIT ( ) SI_UNIT ( $, .RADIAN. ) );
#1048 = CARTESIAN_POINT ( 'NONE',  ( 12.40000000000196323, 5.118034671097259292, 1.000000000203727257 ) ) ;
#1049 = EDGE_CURVE ( 'NONE', #1144, #7391, #7665, .T. ) ;
#1050 = ORIENTED_EDGE ( 'NONE', *, *, #1196, .T. ) ;
#1051 = CARTESIAN_POINT ( 'NONE',  ( -8.500000000000000000, 6.149999999999997691, -9.035105632878352111 ) ) ;
#1052 = DIRECTION ( 'NONE',  ( 0.0000000000000000000, 0.0000000000000000000, 1.000000000000000000 ) ) ;
#1053 = CARTESIAN_POINT ( 'NONE',  ( -2.540000000000000036, 0.0000000000000000000, -5.500000000000000000 ) ) ;
#1054 = DIRECTION ( 'NONE',  ( 1.000000000000000000, 0.0000000000000000000, 0.0000000000000000000 ) ) ;
#1055 = EDGE_LOOP ( 'NONE', ( #1732, #6028, #857, #6360 ) ) ;
#1056 = EDGE_CURVE ( 'NONE', #3680, #5745, #78, .T. ) ;
#1057 = CIRCLE ( 'NONE', #7785, 0.09999999999999939493 ) ;
#1058 = CARTESIAN_POINT ( 'NONE',  ( -10.90238231482020836, 5.575381013724976853, 6.477803184625524402 ) ) ;
#1059 = CARTESIAN_POINT ( 'NONE',  ( 9.000000000000001776, -5.099999999999997868, -1.000000000000000000 ) ) ;
#1060 = CIRCLE ( 'NONE', #7224, 90.00330277587154626 ) ;
#1061 = VERTEX_POINT ( 'NONE', #285 ) ;
#1062 =( BOUNDED_CURVE ( )  B_SPLINE_CURVE ( 3, ( #6083, #1649, #2950, #4859 ),
 .UNSPECIFIED., .F., .F. ) 
 B_SPLINE_CURVE_WITH_KNOTS ( ( 4, 4 ),
 ( 3.141592653589793116, 4.712388980384689674 ),
 .UNSPECIFIED. ) 
 CURVE ( )  GEOMETRIC_REPRESENTATION_ITEM ( )  RATIONAL_B_SPLINE_CURVE ( ( 1.000000000000000000, 0.8047378541243649375, 0.8047378541243649375, 1.000000000000000000 ) ) 
 REPRESENTATION_ITEM ( '' )  );
#1063 = CARTESIAN_POINT ( 'NONE',  ( 11.14999999999999680, 6.000000000000000000, -2.000000000000000000 ) ) ;
#1064 = VERTEX_POINT ( 'NONE', #7953 ) ;
#1065 = CARTESIAN_POINT ( 'NONE',  ( 3.521030927140393008, -6.461560893046986997, -2.959618654331490184 ) ) ;
#1066 = CONICAL_SURFACE ( 'NONE', #5668, 5.500000000000000000, 0.06981317007977690114 ) ;
#1067 = CARTESIAN_POINT ( 'NONE',  ( -11.80646320625605838, 5.674254229703988628, 4.246641193553035265 ) ) ;
#1068 = CIRCLE ( 'NONE', #5444, 0.2249999999999999500 ) ;
#1069 = EDGE_CURVE ( 'NONE', #7500, #7730, #2142, .T. ) ;
#1070 = ORIENTED_EDGE ( 'NONE', *, *, #4787, .F. ) ;
#1071 = PLANE ( 'NONE',  #6855 ) ;
#1072 = ORIENTED_EDGE ( 'NONE', *, *, #2794, .T. ) ;
#1073 = CARTESIAN_POINT ( 'NONE',  ( 4.351471862576143046, -6.207106781186549682, -0.9999999999999995559 ) ) ;
#1074 = EDGE_LOOP ( 'NONE', ( #4088, #5113, #1973, #7645 ) ) ;
#1075 = DIRECTION ( 'NONE',  ( -0.0000000000000000000, -0.0000000000000000000, -1.000000000000000000 ) ) ;
#1076 = VECTOR ( 'NONE', #4472, 1000.000000000000000 ) ;
#1077 = DIRECTION ( 'NONE',  ( -0.1093716925544988422, 0.0000000000000000000, -0.9940009219652486960 ) ) ;
#1078 = DIRECTION ( 'NONE',  ( 0.01234165475093827735, -0.7070529271412480110, -0.7070529271412442363 ) ) ;
#1079 = APPLICATION_PROTOCOL_DEFINITION ( 'international standard', 'config_control_design', 1994, #369 ) ;
#1080 = EDGE_CURVE ( 'NONE', #7705, #5123, #4822, .T. ) ;
#1081 = FACE_OUTER_BOUND ( 'NONE', #4660, .T. ) ;
#1082 = DIRECTION ( 'NONE',  ( 1.000000000000000000, 0.0000000000000000000, 0.0000000000000000000 ) ) ;
#1083 = CARTESIAN_POINT ( 'NONE',  ( -12.23321087503514448, -5.197287786618259631, 1.083738527343476310 ) ) ;
#1084 = ADVANCED_FACE ( 'NONE', ( #3135 ), #1462, .T. ) ;
#1085 = ORIENTED_EDGE ( 'NONE', *, *, #2420, .T. ) ;
#1086 = B_SPLINE_CURVE_WITH_KNOTS ( 'NONE', 3,
 ( #4140, #5413, #7386, #8061, #3505, #2259, #7972, #359 ),
 .UNSPECIFIED., .F., .F.,
 ( 4, 2, 2, 4 ),
 ( 3.985708892782953319E-14, 8.114053151494906386E-05, 0.0001622810629900410398, 0.0003245621259402265910 ),
 .UNSPECIFIED. ) ;
#1087 = CARTESIAN_POINT ( 'NONE',  ( 12.90270275423461932, 0.0000000000000000000, 1.126108323596650918 ) ) ;
#1088 = LINE ( 'NONE', #6703, #6488 ) ;
#1089 = EDGE_CURVE ( 'NONE', #6177, #3139, #1250, .T. ) ;
#1090 = ORIENTED_EDGE ( 'NONE', *, *, #889, .T. ) ;
#1091 = ORIENTED_EDGE ( 'NONE', *, *, #4821, .T. ) ;
#1092 = CARTESIAN_POINT ( 'NONE',  ( 8.998722858706033279, 6.185714285714285054, -2.983752105345187644 ) ) ;
#1093 = LOCAL_TIME ( 8, 25, 54.00000000000000000, #3974 ) ;
#1094 = LINE ( 'NONE', #4164, #6596 ) ;
#1095 = ORIENTED_EDGE ( 'NONE', *, *, #2420, .F. ) ;
#1096 = EDGE_LOOP ( 'NONE', ( #5503, #4823, #70, #7800 ) ) ;
#1097 = CARTESIAN_POINT ( 'NONE',  ( 12.77746328742306936, 5.992148532924535864, -2.572061918382516410 ) ) ;
#1098 = CALENDAR_DATE ( 2019, 1, 8 ) ;
#1099 = LINE ( 'NONE', #930, #4886 ) ;
#1100 = ORIENTED_EDGE ( 'NONE', *, *, #5910, .T. ) ;
#1101 = EDGE_CURVE ( 'NONE', #8231, #2287, #6756, .T. ) ;
#1102 = EDGE_LOOP ( 'NONE', ( #5067, #1117 ) ) ;
#1103 = ORIENTED_EDGE ( 'NONE', *, *, #4561, .F. ) ;
#1104 = UNCERTAINTY_MEASURE_WITH_UNIT (LENGTH_MEASURE( 1.000000000000000082E-05 ), #3993, 'distance_accuracy_value', 'NONE');
#1105 = EDGE_LOOP ( 'NONE', ( #7434, #2979, #7463, #863 ) ) ;
#1106 = DIRECTION ( 'NONE',  ( -0.01745240643728354635, 0.0000000000000000000, -0.9998476951563911586 ) ) ;
#1107 = CARTESIAN_POINT ( 'NONE',  ( 10.93142588574142060, -5.549999999999998934, 6.545662011518390777 ) ) ;
#1108 = CARTESIAN_POINT ( 'NONE',  ( 12.24781222382322809, 5.194331862451713633, 1.175001529434857472 ) ) ;
#1109 = DIRECTION ( 'NONE',  ( 0.0000000000000000000, 0.08715574274765121310, -0.9961946980917462113 ) ) ;
#1110 = AXIS2_PLACEMENT_3D ( 'NONE', #8228, #35, #1908 ) ;
#1111 = VECTOR ( 'NONE', #2140, 1000.000000000000000 ) ;
#1112 = AXIS2_PLACEMENT_3D ( 'NONE', #517, #1109, #4973 ) ;
#1113 = FACE_OUTER_BOUND ( 'NONE', #3349, .T. ) ;
#1114 = CARTESIAN_POINT ( 'NONE',  ( 0.0000000000000000000, 0.0000000000000000000, -92.70000000000000284 ) ) ;
#1115 = ORIENTED_EDGE ( 'NONE', *, *, #1599, .T. ) ;
#1116 = CARTESIAN_POINT ( 'NONE',  ( -12.79999999999999716, -6.000000000000000000, -3.000000000000000000 ) ) ;
#1117 = ORIENTED_EDGE ( 'NONE', *, *, #2672, .F. ) ;
#1118 = EDGE_CURVE ( 'NONE', #1725, #8142, #3625, .T. ) ;
#1119 = VERTEX_POINT ( 'NONE', #5934 ) ;
#1120 = ORIENTED_EDGE ( 'NONE', *, *, #5715, .T. ) ;
#1122 = CARTESIAN_POINT ( 'NONE',  ( -11.14999999999999680, -6.000000000000000000, -2.000000000000000000 ) ) ;
#1121 = AXIS2_PLACEMENT_3D ( 'NONE', #2059, #7871, #5284 ) ;
#1123 = ORIENTED_EDGE ( 'NONE', *, *, #2230, .T. ) ;
#1124 = ADVANCED_FACE ( 'NONE', ( #661 ), #6552, .T. ) ;
#1125 = DIRECTION ( 'NONE',  ( 0.9434756357255816850, -0.0000000000000000000, -0.3314418875039927825 ) ) ;
#1126 = CARTESIAN_POINT ( 'NONE',  ( -9.000000000000000000, -6.500000000000002665, -1.000000000000000000 ) ) ;
#1127 = DIRECTION ( 'NONE',  ( -0.0000000000000000000, -0.0000000000000000000, 1.000000000000000000 ) ) ;
#1128 = APPROVAL_STATUS ( 'not_yet_approved' ) ;
#1129 = LINE ( 'NONE', #1869, #4912 ) ;
#1130 = VERTEX_POINT ( 'NONE', #4045 ) ;
#1131 = VERTEX_POINT ( 'NONE', #856 ) ;
#1132 = DIRECTION ( 'NONE',  ( -1.000000000000000000, 1.445602896647339163E-16, 0.0000000000000000000 ) ) ;
#1133 = PLANE ( 'NONE',  #8221 ) ;
#1134 = DIRECTION ( 'NONE',  ( -1.000000000000000000, 0.0000000000000000000, 0.0000000000000000000 ) ) ;
#1135 = EDGE_CURVE ( 'NONE', #6688, #4009, #5134, .T. ) ;
#1136 = VECTOR ( 'NONE', #2467, 1000.000000000000000 ) ;
#1137 = CARTESIAN_POINT ( 'NONE',  ( 5.000000000000000888, 4.757005158825442948, -1.000000000000000888 ) ) ;
#1138 = ORIENTED_EDGE ( 'NONE', *, *, #1368, .F. ) ;
#1139 = SECURITY_CLASSIFICATION ( '', '', #1782 ) ;
#1140 = CARTESIAN_POINT ( 'NONE',  ( 3.889087296525995274, -3.676955262170064298, 0.9499999999999998446 ) ) ;
#1141 = CARTESIAN_POINT ( 'NONE',  ( 11.06882430048114863, 5.637602997552447981, 6.346388877235662029 ) ) ;
#1142 = CIRCLE ( 'NONE', #1716, 90.00330277587154626 ) ;
#1143 = DIRECTION ( 'NONE',  ( -0.0000000000000000000, -0.0000000000000000000, 1.000000000000000000 ) ) ;
#1144 = VERTEX_POINT ( 'NONE', #1454 ) ;
#1145 = ORIENTED_EDGE ( 'NONE', *, *, #2896, .F. ) ;
#1146 = PLANE ( 'NONE',  #2557 ) ;
#1147 = ORIENTED_EDGE ( 'NONE', *, *, #7681, .F. ) ;
#1148 = CARTESIAN_POINT ( 'NONE',  ( 12.40000000000000391, 5.200000000000000178, 1.000000000000000000 ) ) ;
#1149 = DIRECTION ( 'NONE',  ( 0.3312872439521293844, 0.03054404459231326724, -0.9430354305828307915 ) ) ;
#1150 = LINE ( 'NONE', #7819, #2151 ) ;
#1151 = CARTESIAN_POINT ( 'NONE',  ( -8.520199911701851647, -6.100166593084860978, -1.192726625728593115 ) ) ;
#1152 = ORIENTED_EDGE ( 'NONE', *, *, #4888, .F. ) ;
#1153 = DIRECTION ( 'NONE',  ( 0.0000000000000000000, 0.01745240643727676011, -0.9998476951563912696 ) ) ;
#1154 = PERSON_AND_ORGANIZATION_ROLE ( 'classification_officer' ) ;
#1155 = EDGE_CURVE ( 'NONE', #3819, #5310, #3230, .T. ) ;
#1156 = ORIENTED_EDGE ( 'NONE', *, *, #1269, .F. ) ;
#1157 = CIRCLE ( 'NONE', #5379, 4.454999999999999183 ) ;
#1159 = ORIENTED_EDGE ( 'NONE', *, *, #1069, .T. ) ;
#1158 = DIRECTION ( 'NONE',  ( 0.3314418875039900625, 0.0000000000000000000, -0.9434756357255826842 ) ) ;
#1160 = CARTESIAN_POINT ( 'NONE',  ( -0.9670956450635146417, -4.348792752600306954, -8.777007848704725390 ) ) ;
#1161 = CARTESIAN_POINT ( 'NONE',  ( 12.19996953439122223, 5.200000000000000178, 1.000000000090039975 ) ) ;
#1162 = CARTESIAN_POINT ( 'NONE',  ( 1.213583322788939212, -4.529154619866569753, -8.770593196928009760 ) ) ;
#1163 = DIRECTION ( 'NONE',  ( -1.000000000000000000, -0.0000000000000000000, -0.0000000000000000000 ) ) ;
#1164 = EDGE_CURVE ( 'NONE', #6313, #6856, #370, .T. ) ;
#1165 = ADVANCED_FACE ( 'NONE', ( #1955 ), #3649, .F. ) ;
#1166 = VERTEX_POINT ( 'NONE', #797 ) ;
#1167 = LINE ( 'NONE', #6016, #7890 ) ;
#1168 = AXIS2_PLACEMENT_3D ( 'NONE', #3434, #6053, #2863 ) ;
#1169 = DIRECTION ( 'NONE',  ( 1.000000000000000000, 0.0000000000000000000, 0.0000000000000000000 ) ) ;
#1170 = AXIS2_PLACEMENT_3D ( 'NONE', #6377, #3200, #6965 ) ;
#1171 = PRODUCT_DEFINITION_SHAPE ( 'NONE', 'NONE',  #5414 ) ;
#1172 = CARTESIAN_POINT ( 'NONE',  ( -4.001277141293966721, 6.185714285714285054, -2.983752105345186756 ) ) ;
#1173 = VECTOR ( 'NONE', #2481, 1000.000000000000000 ) ;
#1174 = CARTESIAN_POINT ( 'NONE',  ( 12.40000000000000036, -11.92622972452171659, 1.853973807744100366 ) ) ;
#1175 = DIRECTION ( 'NONE',  ( -0.0000000000000000000, -0.0000000000000000000, -1.000000000000000000 ) ) ;
#1176 = CARTESIAN_POINT ( 'NONE',  ( 0.9856213070749795246, 4.424948200857286906, -8.365070952587611686 ) ) ;
#1177 = CARTESIAN_POINT ( 'NONE',  ( 12.30000000000000071, 5.100000000000001421, -1.000000000000000000 ) ) ;
#1178 = DIRECTION ( 'NONE',  ( -5.399676883299360003E-18, 0.03237209870275840201, -0.9994758862651860198 ) ) ;
#1179 = EDGE_CURVE ( 'NONE', #4036, #7190, #5035, .T. ) ;
#1180 = VECTOR ( 'NONE', #6336, 1000.000000000000000 ) ;
#1181 = APPLICATION_PROTOCOL_DEFINITION ( 'international standard', 'config_control_design', 1994, #6693 ) ;
#1182 = AXIS2_PLACEMENT_3D ( 'NONE', #4530, #3945, #1317 ) ;
#1183 = ORIENTED_EDGE ( 'NONE', *, *, #4940, .T. ) ;
#1184 = EDGE_CURVE ( 'NONE', #3300, #1390, #1758, .T. ) ;
#1185 = ORIENTED_EDGE ( 'NONE', *, *, #936, .T. ) ;
#1186 = DIRECTION ( 'NONE',  ( -1.000000000000000000, 0.0000000000000000000, 0.0000000000000000000 ) ) ;
#1187 = CARTESIAN_POINT ( 'NONE',  ( -1.228913276475504857, -4.586366785902513676, -8.471861240018435879 ) ) ;
#1188 = PERSON_AND_ORGANIZATION ( #6651, #7817 ) ;
#1189 = CARTESIAN_POINT ( 'NONE',  ( 1.228913276475499528, -4.586366785902490584, -8.803638574933408734 ) ) ;
#1190 = VECTOR ( 'NONE', #5836, 1000.000000000000227 ) ;
#1191 = CARTESIAN_POINT ( 'NONE',  ( -8.400000000000000355, -5.900000000000001243, -1.499999999999999556 ) ) ;
#1192 = ORIENTED_EDGE ( 'NONE', *, *, #3007, .F. ) ;
#1193 = CARTESIAN_POINT ( 'NONE',  ( 11.06919905768968526, -5.578850547609497390, 6.345322101101157131 ) ) ;
#1194 = ORIENTED_EDGE ( 'NONE', *, *, #2283, .T. ) ;
#1195 = CARTESIAN_POINT ( 'NONE',  ( -11.02695830598610982, -5.635522792357901878, 6.465563753015400650 ) ) ;
#1196 = EDGE_CURVE ( 'NONE', #2750, #4075, #4625, .T. ) ;
#1197 = APPROVAL_DATE_TIME ( #3374, #2639 ) ;
#1198 = LINE ( 'NONE', #56, #2291 ) ;
#1199 = DIRECTION ( 'NONE',  ( -2.168404344971008474E-15, 1.000000000000000000, -0.0000000000000000000 ) ) ;
#1200 = DIRECTION ( 'NONE',  ( 0.0000000000000000000, 0.0000000000000000000, -1.000000000000000000 ) ) ;
#1201 = ORIENTED_EDGE ( 'NONE', *, *, #117, .F. ) ;
#1202 = ORIENTED_EDGE ( 'NONE', *, *, #777, .T. ) ;
#1203 = DIRECTION ( 'NONE',  ( 1.000000000000000000, 0.0000000000000000000, 0.0000000000000000000 ) ) ;
#1204 = LINE ( 'NONE', #1675, #1316 ) ;
#1205 = LOCAL_TIME ( 8, 25, 54.00000000000000000, #6219 ) ;
#1206 = ADVANCED_FACE ( 'NONE', ( #3424 ), #2053, .T. ) ;
#1207 = CARTESIAN_POINT ( 'NONE',  ( 8.428001933057059247, 6.428001933057015727, -1.000000000026771696 ) ) ;
#1208 = LINE ( 'NONE', #6149, #7834 ) ;
#1209 = CARTESIAN_POINT ( 'NONE',  ( -9.181801948466029373, 9.818198051533956416, -7.449999999999998401 ) ) ;
#1210 = VERTEX_POINT ( 'NONE', #5472 ) ;
#1211 = DIRECTION ( 'NONE',  ( -1.000000000000000000, 0.0000000000000000000, 0.0000000000000000000 ) ) ;
#1212 = DIRECTION ( 'NONE',  ( -0.0000000000000000000, -0.0000000000000000000, -1.000000000000000000 ) ) ;
#1213 =( BOUNDED_CURVE ( )  B_SPLINE_CURVE ( 3, ( #5352, #7212, #7382, #436 ),
 .UNSPECIFIED., .F., .F. ) 
 B_SPLINE_CURVE_WITH_KNOTS ( ( 4, 4 ),
 ( 3.141592653589793116, 4.640899530499165593 ),
 .UNSPECIFIED. ) 
 CURVE ( )  GEOMETRIC_REPRESENTATION_ITEM ( )  RATIONAL_B_SPLINE_CURVE ( ( 1.000000000000000000, 0.8212833698076007494, 0.8212833698076007494, 1.000000000000000000 ) ) 
 REPRESENTATION_ITEM ( '' )  );
#1214 = ORIENTED_EDGE ( 'NONE', *, *, #5868, .F. ) ;
#1215 = VECTOR ( 'NONE', #6289, 1000.000000000000000 ) ;
#1216 = EDGE_CURVE ( 'NONE', #6739, #4134, #1356, .T. ) ;
#1217 = FACE_OUTER_BOUND ( 'NONE', #6811, .T. ) ;
#1218 = ORIENTED_EDGE ( 'NONE', *, *, #4403, .F. ) ;
#1219 = ORIENTED_EDGE ( 'NONE', *, *, #6900, .F. ) ;
#1220 = VECTOR ( 'NONE', #4720, 1000.000000000000000 ) ;
#1221 = AXIS2_PLACEMENT_3D ( 'NONE', #2727, #7126, #5940 ) ;
#1222 = CARTESIAN_POINT ( 'NONE',  ( -7.900000000000000355, 6.000000000000001776, -1.207106781186547240 ) ) ;
#1223 = VERTEX_POINT ( 'NONE', #2322 ) ;
#1224 = AXIS2_PLACEMENT_3D ( 'NONE', #633, #5111, #3231 ) ;
#1225 = ORIENTED_EDGE ( 'NONE', *, *, #4240, .T. ) ;
#1226 = CARTESIAN_POINT ( 'NONE',  ( 12.90270275423461932, 5.549999999999998934, 1.126108323596648475 ) ) ;
#1227 = EDGE_CURVE ( 'NONE', #95, #2066, #7250, .T. ) ;
#1228 = LINE ( 'NONE', #3209, #4608 ) ;
#1229 = ORIENTED_EDGE ( 'NONE', *, *, #6033, .T. ) ;
#1230 = CARTESIAN_POINT ( 'NONE',  ( -0.9670890758901478090, 4.348765769651652846, -8.500345869332162962 ) ) ;
#1231 = CARTESIAN_POINT ( 'NONE',  ( 9.198212002188439484, 6.000000000000000000, -1.000000000000000000 ) ) ;
#1232 = CARTESIAN_POINT ( 'NONE',  ( -4.600000000000001421, -6.000000000000002665, -1.500000000000000888 ) ) ;
#1233 = CIRCLE ( 'NONE', #1168, 0.5000000000000004441 ) ;
#1234 = AXIS2_PLACEMENT_3D ( 'NONE', #7566, #4957, #4927 ) ;
#1235 = CARTESIAN_POINT ( 'NONE',  ( 8.131271950874310761, 6.192726625728560919, -1.100166593084895394 ) ) ;
#1236 = ORIENTED_EDGE ( 'NONE', *, *, #3597, .F. ) ;
#1237 = EDGE_CURVE ( 'NONE', #3386, #3571, #3731, .T. ) ;
#1238 = CARTESIAN_POINT ( 'NONE',  ( 12.91327220468261672, -5.549999999999998934, 1.103697641126796913 ) ) ;
#1239 = VERTEX_POINT ( 'NONE', #6136 ) ;
#1240 = DIRECTION ( 'NONE',  ( 0.3314418875039927825, 0.0000000000000000000, 0.9434756357255816850 ) ) ;
#1241 = DIRECTION ( 'NONE',  ( 0.0000000000000000000, 0.0000000000000000000, -1.000000000000000000 ) ) ;
#1242 = VECTOR ( 'NONE', #7317, 1000.000000000000000 ) ;
#1243 = CARTESIAN_POINT ( 'NONE',  ( 1.204163065101840235, 4.493997739557928917, -8.974651897294108949 ) ) ;
#1244 = ORIENTED_EDGE ( 'NONE', *, *, #7031, .F. ) ;
#1245 = DIRECTION ( 'NONE',  ( 0.0000000000000000000, -1.000000000000000000, 0.0000000000000000000 ) ) ;
#1246 = CARTESIAN_POINT ( 'NONE',  ( -8.250000000000000000, -5.199999999999998401, -1.000000000000000000 ) ) ;
#1247 = DIRECTION ( 'NONE',  ( 0.0000000000000000000, 0.0000000000000000000, -1.000000000000000000 ) ) ;
#1248 = EDGE_CURVE ( 'NONE', #5082, #4673, #4227, .T. ) ;
#1249 = ADVANCED_FACE ( 'NONE', ( #6960 ), #4120, .T. ) ;
#1250 = LINE ( 'NONE', #1477, #5242 ) ;
#1251 = APPROVAL ( #1128, 'UNSPECIFIED' ) ;
#1252 = ORIENTED_EDGE ( 'NONE', *, *, #2681, .T. ) ;
#1253 = DIRECTION ( 'NONE',  ( 1.000000000000000000, 0.0000000000000000000, 0.0000000000000000000 ) ) ;
#1254 = CLOSED_SHELL ( 'NONE', ( #3783, #3535, #5470, #3924, #6118 ) ) ;
#1255 = LINE ( 'NONE', #3011, #1673 ) ;
#1256 = CARTESIAN_POINT ( 'NONE',  ( -10.88012917333603191, 5.637602997552447981, 6.280100499734861508 ) ) ;
#1257 = CYLINDRICAL_SURFACE ( 'NONE', #5059, 0.5000000000000004441 ) ;
#1258 = ADVANCED_FACE ( 'NONE', ( #7878 ), #8168, .T. ) ;
#1259 = CARTESIAN_POINT ( 'NONE',  ( -4.000000000000000888, -6.500000000000002665, -0.9999999999999997780 ) ) ;
#1260 = VERTEX_POINT ( 'NONE', #4355 ) ;
#1261 = CARTESIAN_POINT ( 'NONE',  ( 1.013323155338313741, 4.538245936797079771, -8.975499814951863442 ) ) ;
#1262 = PLANE ( 'NONE',  #4514 ) ;
#1263 = ORIENTED_EDGE ( 'NONE', *, *, #1276, .F. ) ;
#1264 = EDGE_CURVE ( 'NONE', #3596, #2964, #2136, .T. ) ;
#1265 = PLANE ( 'NONE',  #3562 ) ;
#1266 = CARTESIAN_POINT ( 'NONE',  ( -12.99999999999999822, -5.800000000000001599, -1.000000000000000000 ) ) ;
#1267 = VECTOR ( 'NONE', #6482, 1000.000000000000000 ) ;
#1268 = LINE ( 'NONE', #7664, #6170 ) ;
#1269 = EDGE_CURVE ( 'NONE', #1271, #2066, #7771, .T. ) ;
#1270 = AXIS2_PLACEMENT_3D ( 'NONE', #3976, #5327, #5926 ) ;
#1271 = VERTEX_POINT ( 'NONE', #1365 ) ;
#1272 = ORIENTED_EDGE ( 'NONE', *, *, #2435, .F. ) ;
#1273 = EDGE_LOOP ( 'NONE', ( #36, #1293, #475, #7951 ) ) ;
#1274 = VECTOR ( 'NONE', #5902, 1000.000000000000000 ) ;
#1275 = CARTESIAN_POINT ( 'NONE',  ( 8.724365434925690721, -6.224365434925837270, -1.075747223755090465 ) ) ;
#1276 = EDGE_CURVE ( 'NONE', #1038, #6890, #364, .T. ) ;
#1277 = DIRECTION ( 'NONE',  ( -0.0000000000000000000, -0.0000000000000000000, -1.000000000000000000 ) ) ;
#1278 = AXIS2_PLACEMENT_3D ( 'NONE', #6700, #313, #6022 ) ;
#1279 = LINE ( 'NONE', #4850, #1585 ) ;
#1280 = AXIS2_PLACEMENT_3D ( 'NONE', #2470, #576, #6937 ) ;
#1281 = ORIENTED_EDGE ( 'NONE', *, *, #6388, .F. ) ;
#1282 = DIRECTION ( 'NONE',  ( 0.0000000000000000000, 0.0000000000000000000, 1.000000000000000000 ) ) ;
#1283 = DIRECTION ( 'NONE',  ( -0.0000000000000000000, -0.0000000000000000000, -1.000000000000000000 ) ) ;
#1284 = PLANE ( 'NONE',  #6226 ) ;
#1285 = ORIENTED_EDGE ( 'NONE', *, *, #5899, .F. ) ;
#1286 = CARTESIAN_POINT ( 'NONE',  ( -4.500000000000001776, -5.900000000000002132, -1.500000000000000888 ) ) ;
#1287 = LINE ( 'NONE', #3550, #7915 ) ;
#1288 = ADVANCED_FACE ( 'NONE', ( #946, #2436 ), #3288, .F. ) ;
#1289 = DIRECTION ( 'NONE',  ( -1.000000000000000000, -2.168404344971008474E-15, 0.0000000000000000000 ) ) ;
#1290 = VERTEX_POINT ( 'NONE', #6493 ) ;
#1291 = CARTESIAN_POINT ( 'NONE',  ( 10.90254453544680757, -5.549999999999998934, 6.477342301583102646 ) ) ;
#1292 = CARTESIAN_POINT ( 'NONE',  ( 12.71400762708950261, -5.928692872590971774, 1.063310427383307832 ) ) ;
#1293 = ORIENTED_EDGE ( 'NONE', *, *, #3849, .T. ) ;
#1294 = CARTESIAN_POINT ( 'NONE',  ( 3.648780240663637819, -5.549999999999998934, 7.275769946518446218 ) ) ;
#1295 = DATE_TIME_ROLE ( 'classification_date' ) ;
#1296 = APPROVAL_DATE_TIME ( #2891, #365 ) ;
#1297 = AXIS2_PLACEMENT_3D ( 'NONE', #4011, #2740, #7222 ) ;
#1298 = VECTOR ( 'NONE', #5464, 1000.000000000000000 ) ;
#1299 = EDGE_CURVE ( 'NONE', #3753, #8273, #2620, .T. ) ;
#1300 = ORIENTED_EDGE ( 'NONE', *, *, #7988, .F. ) ;
#1301 = ADVANCED_FACE ( 'NONE', ( #2638 ), #6252, .T. ) ;
#1302 = ORIENTED_EDGE ( 'NONE', *, *, #8267, .F. ) ;
#1303 = CARTESIAN_POINT ( 'NONE',  ( -4.750000000000000888, -5.199999999999999289, -1.000000000000000000 ) ) ;
#1304 = CARTESIAN_POINT ( 'NONE',  ( 4.500000000000000888, -6.000000000000002665, -1.499999999999999556 ) ) ;
#1305 = DIRECTION ( 'NONE',  ( -0.0000000000000000000, -0.0000000000000000000, 1.000000000000000000 ) ) ;
#1306 = CARTESIAN_POINT ( 'NONE',  ( -8.000000000000000000, 4.757005158825442059, -1.000000000000000000 ) ) ;
#1307 = ADVANCED_FACE ( 'NONE', ( #6040 ), #3909, .T. ) ;
#1308 = COORDINATED_UNIVERSAL_TIME_OFFSET ( 9, 0, .AHEAD. ) ;
#1309 = FACE_OUTER_BOUND ( 'NONE', #3891, .T. ) ;
#1310 = CARTESIAN_POINT ( 'NONE',  ( -9.198212002188448366, 6.000000000000000000, -3.000000000000000000 ) ) ;
#1311 = DIRECTION ( 'NONE',  ( 0.0000000000000000000, 1.000000000000000000, 0.0000000000000000000 ) ) ;
#1312 = ORIENTED_EDGE ( 'NONE', *, *, #4701, .F. ) ;
#1313 = ORIENTED_EDGE ( 'NONE', *, *, #197, .T. ) ;
#1314 = DIRECTION ( 'NONE',  ( -1.000000000000000000, -0.0000000000000000000, -0.0000000000000000000 ) ) ;
#1315 = ORIENTED_EDGE ( 'NONE', *, *, #593, .F. ) ;
#1316 = VECTOR ( 'NONE', #6731, 1000.000000000000000 ) ;
#1317 = DIRECTION ( 'NONE',  ( 0.0000000000000000000, 0.0000000000000000000, -1.000000000000000000 ) ) ;
#1318 = PLANE ( 'NONE',  #3979 ) ;
#1319 = CIRCLE ( 'NONE', #5395, 0.5000000000000004441 ) ;
#1320 = CLOSED_SHELL ( 'NONE', ( #5046, #6958, #6539, #7043, #4459, #5132, #7725, #1924, #1554, #302, #6375, #5233, #4631, #5313, #152, #5765, #4080, #1394, #3616, #1980, #7130, #6918, #7287, #6283, #5606, #1288, #2017, #6205, #2089, #3122, #4291, #2630, #5949, #4551, #6705, #7172, #3795, #2421, #1877, #4161, #106, #2371, #7989, #1842, #7741, #878, #6455, #1962, #271, #8200, #355, #4366, #61, #386, #7594, #6661, #1472, #3495, #2673, #1258, #5265, #4041, #7908, #6497, #4745, #2212, #4664, #3168, #1206, #5639, #640, #6621, #6873, #7422, #1764, #7676, #4206, #3841, #3744, #7001, #7905, #1249, #6413, #7252, #3449, #8165, #1640, #997, #5144, #4921, #2675, #7473, #7559, #3579, #1084, #7786, #6029, #7210, #4250, #1478, #7380, #6832, #1165, #5734, #2797, #3204, #724, #71, #2020, #4415, #4832, #7214, #7690, #4508, #3839 ) ) ;
#1321 = CARTESIAN_POINT ( 'NONE',  ( -2.681686020725958245E-15, -1.260707920384105948E-15, -7.449999999999998401 ) ) ;
#1322 =( BOUNDED_CURVE ( )  B_SPLINE_CURVE ( 3, ( #3207, #3842, #1354, #63 ),
 .UNSPECIFIED., .F., .F. ) 
 B_SPLINE_CURVE_WITH_KNOTS ( ( 4, 4 ),
 ( 0.0000000000000000000, 0.1096129169461127761 ),
 .UNSPECIFIED. ) 
 CURVE ( )  GEOMETRIC_REPRESENTATION_ITEM ( )  RATIONAL_B_SPLINE_CURVE ( ( 1.000000000000000000, 0.9989990013031597726, 0.9989990013031597726, 1.000000000000000000 ) ) 
 REPRESENTATION_ITEM ( '' )  );
#1323 = ORIENTED_EDGE ( 'NONE', *, *, #3578, .F. ) ;
#1324 = EDGE_CURVE ( 'NONE', #2426, #2629, #2239, .T. ) ;
#1325 = DIRECTION ( 'NONE',  ( -1.445602896647339163E-16, 1.000000000000000000, 0.0000000000000000000 ) ) ;
#1326 = DIRECTION ( 'NONE',  ( 0.0000000000000000000, 1.000000000000000000, 0.0000000000000000000 ) ) ;
#1327 = CARTESIAN_POINT ( 'NONE',  ( -3.501277141293968054, -6.185714285714285943, -2.983752105345187644 ) ) ;
#1328 = VERTEX_POINT ( 'NONE', #4461 ) ;
#1329 = ORIENTED_EDGE ( 'NONE', *, *, #7552, .T. ) ;
#1330 = CARTESIAN_POINT ( 'NONE',  ( -10.90254453544682889, -5.549999999999998934, 6.477342301583102646 ) ) ;
#1331 = SPHERICAL_SURFACE ( 'NONE', #5492, 0.2000000000000000111 ) ;
#1332 = ORIENTED_EDGE ( 'NONE', *, *, #1269, .T. ) ;
#1333 = EDGE_CURVE ( 'NONE', #4730, #2711, #7246, .T. ) ;
#1334 = CARTESIAN_POINT ( 'NONE',  ( 40.87257985282374051, 0.0000000000000000000, -78.34151049522405685 ) ) ;
#1335 = DIRECTION ( 'NONE',  ( 0.0000000000000000000, 1.000000000000000000, 0.0000000000000000000 ) ) ;
#1336 = CARTESIAN_POINT ( 'NONE',  ( -11.02767719837483185, -5.547052561015262562, 6.463517368780236083 ) ) ;
#1337 = AXIS2_PLACEMENT_3D ( 'NONE', #3800, #3827, #621 ) ;
#1338 = CARTESIAN_POINT ( 'NONE',  ( 12.75002284456653356, 5.964708090068001844, -1.000000000000000000 ) ) ;
#1339 = LINE ( 'NONE', #649, #6237 ) ;
#1340 = CARTESIAN_POINT ( 'NONE',  ( 9.603470755691904076E-16, 2.540000000000000036, -5.500000000000000000 ) ) ;
#1341 = DIRECTION ( 'NONE',  ( 0.0000000000000000000, 0.0000000000000000000, -1.000000000000000000 ) ) ;
#1342 = DIRECTION ( 'NONE',  ( 0.06975647374412902169, 8.542704229055397694E-18, -0.9975640502598240866 ) ) ;
#1343 = VERTEX_POINT ( 'NONE', #3879 ) ;
#1344 = AXIS2_PLACEMENT_3D ( 'NONE', #5941, #7439, #2225 ) ;
#1345 = CARTESIAN_POINT ( 'NONE',  ( 7.900000000000000355, 5.900000000000003020, -1.499999999999999556 ) ) ;
#1346 = CARTESIAN_POINT ( 'NONE',  ( 0.0000000000000000000, 0.0000000000000000000, -8.637749907475930300 ) ) ;
#1347 = LINE ( 'NONE', #3654, #1136 ) ;
#1348 = CARTESIAN_POINT ( 'NONE',  ( 4.750010746165849618, -5.964718836233852350, -1.000615647429258237 ) ) ;
#1349 = CARTESIAN_POINT ( 'NONE',  ( 4.000000000000001776, -5.099999999999998757, -1.000000000000000000 ) ) ;
#1350 = VERTEX_POINT ( 'NONE', #746 ) ;
#1351 = DIRECTION ( 'NONE',  ( 1.000000000000000000, -4.336808689942006692E-15, 0.0000000000000000000 ) ) ;
#1352 = B_SPLINE_CURVE_WITH_KNOTS ( 'NONE', 3,
 ( #2688, #7144, #3239, #7058 ),
 .UNSPECIFIED., .F., .F.,
 ( 4, 4 ),
 ( 2.007114096504456837E-07, 0.001856827749671103103 ),
 .UNSPECIFIED. ) ;
#1353 = AXIS2_PLACEMENT_3D ( 'NONE', #6609, #2157, #7256 ) ;
#1354 = CARTESIAN_POINT ( 'NONE',  ( -7.281116333598522061, 5.549999999999998934, 6.875955803897149998 ) ) ;
#1355 = EDGE_CURVE ( 'NONE', #5394, #2030, #2529, .T. ) ;
#1356 = CIRCLE ( 'NONE', #3035, 0.1999999999999999833 ) ;
#1357 = CARTESIAN_POINT ( 'NONE',  ( -7.714976252832475900, 6.175600287733477245, -3.006509131392911538 ) ) ;
#1358 = ORIENTED_EDGE ( 'NONE', *, *, #2536, .T. ) ;
#1359 = CARTESIAN_POINT ( 'NONE',  ( -1.205925905206711057, 4.491000891609666645, -8.788594973253761822 ) ) ;
#1360 = EDGE_LOOP ( 'NONE', ( #7777, #4671 ) ) ;
#1361 = ORIENTED_EDGE ( 'NONE', *, *, #2230, .F. ) ;
#1362 = VECTOR ( 'NONE', #3599, 1000.000000000000227 ) ;
#1364 = EDGE_LOOP ( 'NONE', ( #4997, #4172, #2730, #1032 ) ) ;
#1363 = PLANE ( 'NONE',  #4681 ) ;
#1365 = CARTESIAN_POINT ( 'NONE',  ( -12.91397716612077851, 5.549999999999998934, 1.063310427383305168 ) ) ;
#1366 = CARTESIAN_POINT ( 'NONE',  ( 1.013323155338314185, 4.538245936797079771, -8.299999999999998934 ) ) ;
#1367 = DIRECTION ( 'NONE',  ( -1.000000000000000000, 0.0000000000000000000, 0.0000000000000000000 ) ) ;
#1368 = EDGE_CURVE ( 'NONE', #4282, #7347, #5530, .T. ) ;
#1369 = CARTESIAN_POINT ( 'NONE',  ( -5.273560748417021493, 7.350205627196687352, -2.349794372803311049 ) ) ;
#1370 = DIRECTION ( 'NONE',  ( 1.000000000000000000, 2.168404344971008474E-15, 0.0000000000000000000 ) ) ;
#1371 = DIRECTION ( 'NONE',  ( -0.3314418875039929491, 0.0000000000000000000, 0.9434756357255815740 ) ) ;
#1372 = CARTESIAN_POINT ( 'NONE',  ( 2.752019238889932051, -3.623381032789634748, 0.0000000000000000000 ) ) ;
#1373 = ORIENTED_EDGE ( 'NONE', *, *, #6463, .F. ) ;
#1374 = CIRCLE ( 'NONE', #3233, 4.549999999999999822 ) ;
#1375 = CARTESIAN_POINT ( 'NONE',  ( 9.000000000000000000, -6.000000000000002665, -1.000000000000000000 ) ) ;
#1376 = ORIENTED_EDGE ( 'NONE', *, *, #4642, .T. ) ;
#1377 = CARTESIAN_POINT ( 'NONE',  ( 8.215089870143565065, -6.250000000000005329, -3.000000000000000000 ) ) ;
#1378 = PLANE ( 'NONE',  #753 ) ;
#1379 = CARTESIAN_POINT ( 'NONE',  ( 4.599999999909108794, -6.000000000000002665, -1.434538370960584341 ) ) ;
#1380 = ORIENTED_EDGE ( 'NONE', *, *, #5300, .F. ) ;
#1381 = VERTEX_POINT ( 'NONE', #5119 ) ;
#1382 = CARTESIAN_POINT ( 'NONE',  ( 3.323401871576757927, -3.889087296526028581, -1.471169911671835973 ) ) ;
#1383 = ORIENTED_EDGE ( 'NONE', *, *, #4275, .T. ) ;
#1384 = CYLINDRICAL_SURFACE ( 'NONE', #656, 0.2000000000000000389 ) ;
#1385 = CARTESIAN_POINT ( 'NONE',  ( -8.400000000000000355, -6.000000000000001776, -1.499999999999999556 ) ) ;
#1386 = DIRECTION ( 'NONE',  ( 0.01744974916068272458, -0.01744974916067593834, 0.9996954598818875715 ) ) ;
#1387 = DIRECTION ( 'NONE',  ( 1.000000000000000000, 0.0000000000000000000, 0.0000000000000000000 ) ) ;
#1388 = EDGE_CURVE ( 'NONE', #2304, #2128, #7872, .T. ) ;
#1389 = DIRECTION ( 'NONE',  ( 0.0000000000000000000, -0.0000000000000000000, -1.000000000000000000 ) ) ;
#1390 = VERTEX_POINT ( 'NONE', #1949 ) ;
#1391 = TOROIDAL_SURFACE ( 'NONE', #5129, 99.46350510663008038, 0.2000000000000000111 ) ;
#1392 = EDGE_CURVE ( 'NONE', #2786, #2466, #3824, .T. ) ;
#1393 = ORIENTED_EDGE ( 'NONE', *, *, #2021, .F. ) ;
#1394 = ADVANCED_FACE ( 'NONE', ( #6543 ), #3214, .F. ) ;
#1395 = CARTESIAN_POINT ( 'NONE',  ( 8.692726625728576906, -6.131271950874270793, -1.100166593084874078 ) ) ;
#1396 = CARTESIAN_POINT ( 'NONE',  ( 11.06919682255767334, -5.579200959584406760, 6.345328463581816791 ) ) ;
#1397 = DIRECTION ( 'NONE',  ( -0.1093716925545507174, 0.0000000000000000000, 0.9940009219652428119 ) ) ;
#1398 = LINE ( 'NONE', #2632, #8013 ) ;
#1399 = EDGE_CURVE ( 'NONE', #6805, #1482, #4020, .T. ) ;
#1400 = DIRECTION ( 'NONE',  ( 1.000000000000000000, 0.0000000000000000000, 0.0000000000000000000 ) ) ;
#1401 = DIRECTION ( 'NONE',  ( 0.0000000000000000000, -1.000000000000000000, -0.0000000000000000000 ) ) ;
#1402 = ORIENTED_EDGE ( 'NONE', *, *, #2088, .T. ) ;
#1403 = CARTESIAN_POINT ( 'NONE',  ( -1.014437372223563782, 4.542803202836082299, -8.297334993775381307 ) ) ;
#1404 = EDGE_LOOP ( 'NONE', ( #416, #6007, #2587, #7579 ) ) ;
#1405 = LINE ( 'NONE', #6175, #118 ) ;
#1406 = AXIS2_PLACEMENT_3D ( 'NONE', #2537, #7023, #3174 ) ;
#1407 = DIRECTION ( 'NONE',  ( 0.01744974916067617426, 0.01744974916067593487, 0.9996954598818876825 ) ) ;
#1408 = DIRECTION ( 'NONE',  ( 1.000000000000000000, 0.0000000000000000000, 0.0000000000000000000 ) ) ;
#1409 = ORIENTED_EDGE ( 'NONE', *, *, #5671, .T. ) ;
#1410 = EDGE_CURVE ( 'NONE', #7391, #3063, #7565, .T. ) ;
#1411 = ORIENTED_EDGE ( 'NONE', *, *, #8123, .T. ) ;
#1412 = COORDINATED_UNIVERSAL_TIME_OFFSET ( 9, 0, .AHEAD. ) ;
#1413 = DIRECTION ( 'NONE',  ( -0.01744974916067617426, -0.01744974916067594181, -0.9996954598818877935 ) ) ;
#1414 = CYLINDRICAL_SURFACE ( 'NONE', #5895, 0.1000000000000002554 ) ;
#1415 = CARTESIAN_POINT ( 'NONE',  ( 3.801787997811547637, 6.000000000000000000, -1.000000000000000000 ) ) ;
#1416 = ORIENTED_EDGE ( 'NONE', *, *, #4275, .F. ) ;
#1417 = ORIENTED_EDGE ( 'NONE', *, *, #2334, .F. ) ;
#1418 = VERTEX_POINT ( 'NONE', #7891 ) ;
#1419 = CARTESIAN_POINT ( 'NONE',  ( 12.31388325425196406, 5.164400781149088182, 2.099111958667366551 ) ) ;
#1420 = EDGE_LOOP ( 'NONE', ( #3235, #7443, #1508, #1202 ) ) ;
#1421 = VECTOR ( 'NONE', #1461, 1000.000000000000000 ) ;
#1422 = EDGE_CURVE ( 'NONE', #8157, #5853, #1846, .T. ) ;
#1423 = VECTOR ( 'NONE', #7298, 1000.000000000000000 ) ;
#1424 = EDGE_LOOP ( 'NONE', ( #804, #1100, #8038, #5720 ) ) ;
#1425 = CC_DESIGN_APPROVAL ( #5684, ( #5252 ) ) ;
#1426 = CARTESIAN_POINT ( 'NONE',  ( 8.520199911701830331, -6.100166593084896505, -1.192726625728557144 ) ) ;
#1427 = CARTESIAN_POINT ( 'NONE',  ( -4.802365194784654179, -5.199999999999999289, -4.000000000000000000 ) ) ;
#1428 = DIRECTION ( 'NONE',  ( -0.01745240643728354635, 0.0000000000000000000, 0.9998476951563911586 ) ) ;
#1429 = ORIENTED_EDGE ( 'NONE', *, *, #4494, .F. ) ;
#1430 = LINE ( 'NONE', #952, #7215 ) ;
#1431 = CARTESIAN_POINT ( 'NONE',  ( 12.90270275423461932, -5.728723333559693209, 1.126108323596651806 ) ) ;
#1432 = VECTOR ( 'NONE', #7061, 1000.000000000000000 ) ;
#1433 = FACE_OUTER_BOUND ( 'NONE', #805, .T. ) ;
#1434 = ORIENTED_EDGE ( 'NONE', *, *, #396, .T. ) ;
#1435 = DIRECTION ( 'NONE',  ( 1.000000000000000000, 0.0000000000000000000, 0.0000000000000000000 ) ) ;
#1436 = VECTOR ( 'NONE', #7073, 1000.000000000000000 ) ;
#1437 =( BOUNDED_CURVE ( )  B_SPLINE_CURVE ( 3, ( #6730, #7284, #2890, #5458 ),
 .UNSPECIFIED., .F., .F. ) 
 B_SPLINE_CURVE_WITH_KNOTS ( ( 4, 4 ),
 ( 4.712388980384689674, 6.283185307179581791 ),
 .UNSPECIFIED. ) 
 CURVE ( )  GEOMETRIC_REPRESENTATION_ITEM ( )  RATIONAL_B_SPLINE_CURVE ( ( 1.000000000000000000, 0.8047378541243649375, 0.8047378541243649375, 1.000000000000000000 ) ) 
 REPRESENTATION_ITEM ( '' )  );
#1438 = ORIENTED_EDGE ( 'NONE', *, *, #3774, .F. ) ;
#1439 = CARTESIAN_POINT ( 'NONE',  ( 8.500000000000000000, -5.100000000000000533, -1.000000000000000888 ) ) ;
#1440 = CARTESIAN_POINT ( 'NONE',  ( -7.750000000000000000, 5.964708090068001844, -1.000000000000000000 ) ) ;
#1441 = CARTESIAN_POINT ( 'NONE',  ( 1.013323155338314185, 4.538245936797079771, -8.299999999999998934 ) ) ;
#1442 = ORIENTED_EDGE ( 'NONE', *, *, #1164, .F. ) ;
#1443 = ADVANCED_FACE ( 'NONE', ( #752 ), #6634, .F. ) ;
#1444 = VECTOR ( 'NONE', #6005, 1000.000000000000000 ) ;
#1445 = EDGE_CURVE ( 'NONE', #6757, #4836, #6138, .T. ) ;
#1446 = CARTESIAN_POINT ( 'NONE',  ( 8.000000000000000000, 6.000000000000004441, -1.500000000000000666 ) ) ;
#1447 = CARTESIAN_POINT ( 'NONE',  ( -12.91397716612078206, -5.728723333559693209, 1.063310427383308499 ) ) ;
#1448 = ORIENTED_EDGE ( 'NONE', *, *, #3876, .F. ) ;
#1449 = CARTESIAN_POINT ( 'NONE',  ( 12.40000000000000391, 5.000000000000000888, 7.174921777190895078 ) ) ;
#1450 = EDGE_CURVE ( 'NONE', #1390, #2250, #171, .T. ) ;
#1451 = CIRCLE ( 'NONE', #4259, 90.00330277587154626 ) ;
#1452 = VERTEX_POINT ( 'NONE', #2104 ) ;
#1453 = ORIENTED_EDGE ( 'NONE', *, *, #5232, .T. ) ;
#1454 = CARTESIAN_POINT ( 'NONE',  ( -9.500000000000001776, -6.000000000000000000, -3.000000000000000000 ) ) ;
#1455 = AXIS2_PLACEMENT_3D ( 'NONE', #8177, #4232, #6187 ) ;
#1456 = CARTESIAN_POINT ( 'NONE',  ( 7.697634805215346709, 5.699999999999998401, -4.000000000000000000 ) ) ;
#1457 = VECTOR ( 'NONE', #2189, 1000.000000000000000 ) ;
#1458 = EDGE_LOOP ( 'NONE', ( #7425, #2702, #3114, #7544, #789, #4929, #5288, #1120 ) ) ;
#1459 = CARTESIAN_POINT ( 'NONE',  ( 4.500000000000001776, -5.100000000000004086, -2.500000000000001332 ) ) ;
#1460 = CARTESIAN_POINT ( 'NONE',  ( 7.750000000000000000, 6.349999999999999645, -3.000000000000000000 ) ) ;
#1461 = DIRECTION ( 'NONE',  ( 0.0000000000000000000, 0.0000000000000000000, 1.000000000000000000 ) ) ;
#1462 = CYLINDRICAL_SURFACE ( 'NONE', #2607, 0.2000000000000005107 ) ;
#1463 = EDGE_LOOP ( 'NONE', ( #3430, #3091, #1244, #1669 ) ) ;
#1464 = AXIS2_PLACEMENT_3D ( 'NONE', #1346, #5804, #3223 ) ;
#1465 = DIRECTION ( 'NONE',  ( 1.927470528863115795E-15, -1.000000000000000000, 0.0000000000000000000 ) ) ;
#1466 = CLOSED_SHELL ( 'NONE', ( #2131, #7165, #8033, #6787 ) ) ;
#1467 = EDGE_CURVE ( 'NONE', #2159, #4873, #2335, .T. ) ;
#1468 = LINE ( 'NONE', #2524, #7169 ) ;
#1469 = SPHERICAL_SURFACE ( 'NONE', #3975, 0.2000000000000000111 ) ;
#1470 = EDGE_LOOP ( 'NONE', ( #6504, #7815, #6608, #1185 ) ) ;
#1471 = ORIENTED_EDGE ( 'NONE', *, *, #994, .T. ) ;
#1472 = ADVANCED_FACE ( 'NONE', ( #2936 ), #652, .T. ) ;
#1473 = CIRCLE ( 'NONE', #2943, 0.5000000000000008882 ) ;
#1474 = DIRECTION ( 'NONE',  ( -1.000000000000000000, 0.0000000000000000000, -0.0000000000000000000 ) ) ;
#1475 = CARTESIAN_POINT ( 'NONE',  ( -12.71400762708950438, 5.728723333559693209, 1.059819946095848398 ) ) ;
#1476 = VECTOR ( 'NONE', #50, 999.9999999999998863 ) ;
#1477 = CARTESIAN_POINT ( 'NONE',  ( 12.30000000000000071, -5.099999999999997868, -1.000000000000000000 ) ) ;
#1478 = ADVANCED_FACE ( 'NONE', ( #6148 ), #7353, .F. ) ;
#1479 = DIRECTION ( 'NONE',  ( 0.0000000000000000000, 1.000000000000000000, 0.0000000000000000000 ) ) ;
#1480 = CARTESIAN_POINT ( 'NONE',  ( 11.14999999999999680, -6.000000000000000000, -1.499999999999999112 ) ) ;
#1481 = ORIENTED_EDGE ( 'NONE', *, *, #2435, .T. ) ;
#1482 = VERTEX_POINT ( 'NONE', #5366 ) ;
#1483 = ORIENTED_EDGE ( 'NONE', *, *, #1196, .F. ) ;
#1484 = LINE ( 'NONE', #5133, #3445 ) ;
#1485 = CARTESIAN_POINT ( 'NONE',  ( 12.30000000000000071, -5.099999999999997868, 0.5000000000000000000 ) ) ;
#1486 = CARTESIAN_POINT ( 'NONE',  ( 12.40000000000000036, -11.92622972452171659, 1.853973807744100366 ) ) ;
#1487 = EDGE_CURVE ( 'NONE', #2087, #6419, #2738, .T. ) ;
#1488 = CARTESIAN_POINT ( 'NONE',  ( -8.400000000000000355, -6.000000000000001776, -1.499999999999999556 ) ) ;
#1489 = CIRCLE ( 'NONE', #7569, 100.0000000000000000 ) ;
#1490 = CARTESIAN_POINT ( 'NONE',  ( -7.750000000000000000, 6.349999999999999645, -3.349999999999998757 ) ) ;
#1491 = EDGE_CURVE ( 'NONE', #7859, #5337, #4323, .T. ) ;
#1492 = ORIENTED_EDGE ( 'NONE', *, *, #936, .F. ) ;
#1493 = CARTESIAN_POINT ( 'NONE',  ( -12.91397716612078028, -1.358115580776782336E-15, 1.063310427383307610 ) ) ;
#1494 = DIRECTION ( 'NONE',  ( 0.9998476951563912696, -2.168074086486366787E-15, -0.01745240643728354982 ) ) ;
#1495 = AXIS2_PLACEMENT_3D ( 'NONE', #2947, #6892, #3053 ) ;
#1496 = VECTOR ( 'NONE', #7963, 999.9999999999998863 ) ;
#1497 = AXIS2_PLACEMENT_3D ( 'NONE', #7697, #5172, #1953 ) ;
#1498 = ORIENTED_EDGE ( 'NONE', *, *, #5116, .F. ) ;
#1499 = CARTESIAN_POINT ( 'NONE',  ( 8.000000000000000000, 5.900000000000003020, -1.499999999999999556 ) ) ;
#1500 = CARTESIAN_POINT ( 'NONE',  ( 11.06882430048099941, 5.637602997572876973, 6.346388877236075921 ) ) ;
#1501 = EDGE_CURVE ( 'NONE', #1617, #1009, #4220, .T. ) ;
#1502 = DATE_AND_TIME ( #5481, #3177 ) ;
#1503 = VECTOR ( 'NONE', #6906, 1000.000000000000000 ) ;
#1504 = PLANE ( 'NONE',  #5013 ) ;
#1505 = CARTESIAN_POINT ( 'NONE',  ( -0.9670890758901474760, -4.348765769651652846, -8.637749907475930300 ) ) ;
#1506 = VERTEX_POINT ( 'NONE', #1556 ) ;
#1507 = ORIENTED_EDGE ( 'NONE', *, *, #2552, .F. ) ;
#1508 = ORIENTED_EDGE ( 'NONE', *, *, #7102, .F. ) ;
#1509 = CARTESIAN_POINT ( 'NONE',  ( -12.99999999999999822, -5.800000000000001599, -3.000000000000000000 ) ) ;
#1511 = DIRECTION ( 'NONE',  ( 1.000000000000000000, 0.0000000000000000000, 0.0000000000000000000 ) ) ;
#1510 = PERSON_AND_ORGANIZATION ( #6821, #2012 ) ;
#1512 = AXIS2_PLACEMENT_3D ( 'NONE', #6451, #2207, #7648 ) ;
#1513 = CARTESIAN_POINT ( 'NONE',  ( -3.653874273115497839, 2.876056813810305535, -9.299999999999998934 ) ) ;
#1514 = FACE_OUTER_BOUND ( 'NONE', #2144, .T. ) ;
#1515 = ORIENTED_EDGE ( 'NONE', *, *, #828, .T. ) ;
#1516 = EDGE_CURVE ( 'NONE', #5882, #426, #1142, .T. ) ;
#1517 = ADVANCED_FACE ( 'NONE', ( #3324 ), #339, .T. ) ;
#1518 = VERTEX_POINT ( 'NONE', #8004 ) ;
#1519 = DIRECTION ( 'NONE',  ( -0.01744974916067617426, -0.01744974916067594181, -0.9996954598818877935 ) ) ;
#1520 = ORIENTED_EDGE ( 'NONE', *, *, #6204, .F. ) ;
#1521 = VECTOR ( 'NONE', #6256, 999.9999999999998863 ) ;
#1522 = COORDINATED_UNIVERSAL_TIME_OFFSET ( 9, 0, .AHEAD. ) ;
#1523 = VECTOR ( 'NONE', #3958, 1000.000000000000000 ) ;
#1524 = ORIENTED_EDGE ( 'NONE', *, *, #3283, .F. ) ;
#1525 = VECTOR ( 'NONE', #4194, 1000.000000000000114 ) ;
#1526 = ORIENTED_EDGE ( 'NONE', *, *, #8275, .F. ) ;
#1527 = EDGE_CURVE ( 'NONE', #5703, #5297, #31, .T. ) ;
#1528 = CC_DESIGN_SECURITY_CLASSIFICATION ( #7647, ( #8297 ) ) ;
#1529 = ORIENTED_EDGE ( 'NONE', *, *, #1264, .F. ) ;
#1530 = CARTESIAN_POINT ( 'NONE',  ( 12.40000000000000213, -5.000000000000000888, 1.000000000090040420 ) ) ;
#1531 = CIRCLE ( 'NONE', #2770, 0.2000000000000005107 ) ;
#1532 = DIRECTION ( 'NONE',  ( 2.168404344971008474E-15, 1.000000000000000000, 0.0000000000000000000 ) ) ;
#1533 = CARTESIAN_POINT ( 'NONE',  ( -0.9670890758901474760, -4.348765769651652846, -8.775153945619699414 ) ) ;
#1534 = ORIENTED_EDGE ( 'NONE', *, *, #8049, .F. ) ;
#1535 = CARTESIAN_POINT ( 'NONE',  ( 12.24756305708386606, -5.194277920157702511, 1.176666977156196836 ) ) ;
#1536 = CARTESIAN_POINT ( 'NONE',  ( -4.600000000000000533, -6.000000000000001776, -1.499999999999999556 ) ) ;
#1537 = CARTESIAN_POINT ( 'NONE',  ( -4.802365194784653291, -5.200000000000000178, -4.000000000000000000 ) ) ;
#1538 = CIRCLE ( 'NONE', #791, 0.1999999999999999001 ) ;
#1539 = DIRECTION ( 'NONE',  ( 0.0000000000000000000, 1.000000000000000000, 0.0000000000000000000 ) ) ;
#1540 = ORIENTED_EDGE ( 'NONE', *, *, #2737, .T. ) ;
#1541 = ORIENTED_EDGE ( 'NONE', *, *, #5899, .T. ) ;
#1542 = EDGE_CURVE ( 'NONE', #5585, #4205, #5028, .T. ) ;
#1543 = CARTESIAN_POINT ( 'NONE',  ( 0.0000000000000000000, 7.363063705342044685, -92.57147724495273167 ) ) ;
#1544 = ORIENTED_CLOSED_SHELL ( 'NONE', *, #5080, .F. );
#1545 = DIRECTION ( 'NONE',  ( 0.0000000000000000000, -3.891399265864331149E-16, -1.000000000000000000 ) ) ;
#1546 = AXIS2_PLACEMENT_3D ( 'NONE', #1031, #6785, #5518 ) ;
#1547 = FACE_BOUND ( 'NONE', #5244, .T. ) ;
#1548 = DIRECTION ( 'NONE',  ( 9.637352644315598694E-16, -1.000000000000000000, 0.0000000000000000000 ) ) ;
#1549 = VERTEX_POINT ( 'NONE', #3942 ) ;
#1550 = DIRECTION ( 'NONE',  ( -1.000000000000000000, 0.0000000000000000000, 0.0000000000000000000 ) ) ;
#1551 = ORIENTED_EDGE ( 'NONE', *, *, #4998, .T. ) ;
#1552 = EDGE_CURVE ( 'NONE', #5093, #3443, #3927, .T. ) ;
#1553 = VECTOR ( 'NONE', #984, 1000.000000000000000 ) ;
#1554 = ADVANCED_FACE ( 'NONE', ( #1651 ), #1625, .F. ) ;
#1555 = VERTEX_POINT ( 'NONE', #5373 ) ;
#1556 = CARTESIAN_POINT ( 'NONE',  ( 5.500000000000000000, 6.735557395310442023E-16, -9.299999999999998934 ) ) ;
#1557 = CARTESIAN_POINT ( 'NONE',  ( -4.500000000000002665, -5.099999999999999645, -1.000000000000000000 ) ) ;
#1558 = AXIS2_PLACEMENT_3D ( 'NONE', #572, #6361, #4326 ) ;
#1559 = DIRECTION ( 'NONE',  ( 0.0000000000000000000, 0.7071067811865475727, -0.7071067811865475727 ) ) ;
#1560 = CARTESIAN_POINT ( 'NONE',  ( 13.00000000000000000, 5.800000000000000711, -1.000000000000000000 ) ) ;
#1561 = CARTESIAN_POINT ( 'NONE',  ( 8.648528137423856066, -6.207106781186549682, -0.9999999999999995559 ) ) ;
#1562 = ORIENTED_EDGE ( 'NONE', *, *, #3065, .T. ) ;
#1563 = AXIS2_PLACEMENT_3D ( 'NONE', #2771, #261, #5981 ) ;
#1564 = VECTOR ( 'NONE', #6308, 1000.000000000000000 ) ;
#1565 = ORIENTED_EDGE ( 'NONE', *, *, #2762, .T. ) ;
#1566 = CARTESIAN_POINT ( 'NONE',  ( -5.000000000000000888, 5.100000000000000533, -1.000000000000000888 ) ) ;
#1567 = CARTESIAN_POINT ( 'NONE',  ( 4.500000000000000888, 6.649999999999997691, -1.000000000000000000 ) ) ;
#1568 = PLANE ( 'NONE',  #6318 ) ;
#1569 = CARTESIAN_POINT ( 'NONE',  ( 8.000000000000000000, 5.900000000000003020, -3.000000000000000000 ) ) ;
#1570 = ORIENTED_EDGE ( 'NONE', *, *, #7007, .T. ) ;
#1571 = VECTOR ( 'NONE', #5832, 1000.000000000000000 ) ;
#1572 = B_SPLINE_CURVE_WITH_KNOTS ( 'NONE', 3,
 ( #2028, #67, #4427, #3847, #3821, #1359, #114, #5194, #7136, #4455, #5753, #6487, #4513, #5783 ),
 .UNSPECIFIED., .F., .F.,
 ( 4, 2, 2, 2, 2, 2, 4 ),
 ( -0.0004389025938781264922, -0.0003296854245083413737, -0.0002204682551385562009, -2.033916398990354840E-06, 0.0002164004223405754370, 0.0003256175917103605556, 0.0004348347610801457826 ),
 .UNSPECIFIED. ) ;
#1573 = EDGE_CURVE ( 'NONE', #7025, #6559, #569, .T. ) ;
#1574 = ORIENTED_EDGE ( 'NONE', *, *, #324, .T. ) ;
#1575 = VERTEX_POINT ( 'NONE', #7350 ) ;
#1576 = CC_DESIGN_PERSON_AND_ORGANIZATION_ASSIGNMENT ( #893, #8154, ( #5298 ) ) ;
#1577 = CIRCLE ( 'NONE', #7675, 0.1999999999999996503 ) ;
#1578 = CARTESIAN_POINT ( 'NONE',  ( 4.500000000000000888, 6.500000000000004441, -1.000000000000000000 ) ) ;
#1579 =( BOUNDED_CURVE ( )  B_SPLINE_CURVE ( 3, ( #2989, #1773, #476, #1092 ),
 .UNSPECIFIED., .F., .F. ) 
 B_SPLINE_CURVE_WITH_KNOTS ( ( 4, 4 ),
 ( 3.141592653589836193, 4.640899530499165593 ),
 .UNSPECIFIED. ) 
 CURVE ( )  GEOMETRIC_REPRESENTATION_ITEM ( )  RATIONAL_B_SPLINE_CURVE ( ( 1.000000000000000000, 0.8212833698076105193, 0.8212833698076105193, 1.000000000000000000 ) ) 
 REPRESENTATION_ITEM ( '' )  );
#1580 = DIRECTION ( 'NONE',  ( 1.000000000000000000, 0.0000000000000000000, 0.0000000000000000000 ) ) ;
#1581 = CARTESIAN_POINT ( 'NONE',  ( 12.91609080765415030, -5.549999999999998934, 1.087998167073456646 ) ) ;
#1582 = ORIENTED_EDGE ( 'NONE', *, *, #3635, .F. ) ;
#1583 = DIRECTION ( 'NONE',  ( 0.9434756357255816850, -0.0000000000000000000, 0.3314418875039927825 ) ) ;
#1584 = DIRECTION ( 'NONE',  ( -0.0000000000000000000, 0.9998476951563914916, 0.01745240643727676705 ) ) ;
#1585 = VECTOR ( 'NONE', #6405, 1000.000000000000000 ) ;
#1586 = CARTESIAN_POINT ( 'NONE',  ( 11.00665714627384162, 5.549999999999998934, 6.537375654894497679 ) ) ;
#1587 = DIRECTION ( 'NONE',  ( 1.000000000000000000, 0.0000000000000000000, 0.0000000000000000000 ) ) ;
#1588 = ORIENTED_EDGE ( 'NONE', *, *, #3229, .F. ) ;
#1589 = CIRCLE ( 'NONE', #5286, 5.500000000000000000 ) ;
#1590 = CARTESIAN_POINT ( 'NONE',  ( 12.22698268868141369, -5.198167887800360099, 1.056565747603599448 ) ) ;
#1591 = DIRECTION ( 'NONE',  ( 1.057758217059028608E-16, -1.000000000000000000, 0.0000000000000000000 ) ) ;
#1592 = EDGE_CURVE ( 'NONE', #6890, #2159, #3723, .T. ) ;
#1593 = ORIENTED_EDGE ( 'NONE', *, *, #5264, .F. ) ;
#1594 = ADVANCED_FACE ( 'NONE', ( #5432 ), #7959, .F. ) ;
#1595 = EDGE_LOOP ( 'NONE', ( #7164, #2345, #4276, #6478 ) ) ;
#1596 = CARTESIAN_POINT ( 'NONE',  ( 1.013323155338303083, -4.538245936797031810, -8.975499814951833244 ) ) ;
#1597 = DIRECTION ( 'NONE',  ( -9.637352644315598694E-16, 1.000000000000000000, -0.0000000000000000000 ) ) ;
#1598 = LINE ( 'NONE', #8129, #2680 ) ;
#1599 = EDGE_CURVE ( 'NONE', #2629, #4334, #5635, .T. ) ;
#1600 = CARTESIAN_POINT ( 'NONE',  ( -8.500000000000000000, 5.099999999999998757, -0.9999999999999997780 ) ) ;
#1601 = ORIENTED_EDGE ( 'NONE', *, *, #7137, .T. ) ;
#1602 = DIRECTION ( 'NONE',  ( -1.000000000000000000, -1.927470528863116583E-15, 0.0000000000000000000 ) ) ;
#1603 = DIRECTION ( 'NONE',  ( 0.7071067811865490160, 0.7071067811865460184, 0.0000000000000000000 ) ) ;
#1604 = CARTESIAN_POINT ( 'NONE',  ( 4.630873957282720887, 6.342951251260767975, -1.013013667921742744 ) ) ;
#1605 = ORIENTED_EDGE ( 'NONE', *, *, #376, .F. ) ;
#1606 = AXIS2_PLACEMENT_3D ( 'NONE', #4582, #5348, #5992 ) ;
#1608 = AXIS2_PLACEMENT_3D ( 'NONE', #2428, #7568, #4870 ) ;
#1607 = PLANE ( 'NONE',  #7277 ) ;
#1609 = DATE_AND_TIME ( #3781, #2301 ) ;
#1610 = VECTOR ( 'NONE', #5842, 1000.000000000000000 ) ;
#1611 = VERTEX_POINT ( 'NONE', #3490 ) ;
#1612 = AXIS2_PLACEMENT_3D ( 'NONE', #490, #6896, #5600 ) ;
#1613 = DIRECTION ( 'NONE',  ( 0.9434756357255816850, -0.0000000000000000000, -0.3314418875039927825 ) ) ;
#1614 = ORIENTED_EDGE ( 'NONE', *, *, #3557, .F. ) ;
#1615 = CARTESIAN_POINT ( 'NONE',  ( -12.86716967662983180, -5.964708090068004509, -0.9999999999999997780 ) ) ;
#1616 = DIRECTION ( 'NONE',  ( 0.0000000000000000000, 0.0000000000000000000, 1.000000000000000000 ) ) ;
#1617 = VERTEX_POINT ( 'NONE', #6672 ) ;
#1618 = CARTESIAN_POINT ( 'NONE',  ( 12.94999238359781479, -5.881885383100027731, -1.000000000000000000 ) ) ;
#1619 = FACE_OUTER_BOUND ( 'NONE', #5081, .T. ) ;
#1620 = DATE_AND_TIME ( #715, #2602 ) ;
#1621 = VECTOR ( 'NONE', #4234, 1000.000000000000000 ) ;
#1622 = ORIENTED_EDGE ( 'NONE', *, *, #3937, .T. ) ;
#1623 = ORIENTED_EDGE ( 'NONE', *, *, #8002, .F. ) ;
#1624 = CARTESIAN_POINT ( 'NONE',  ( 12.30964895459721298, -5.167254562955317709, 2.011002561573604908 ) ) ;
#1625 = PLANE ( 'NONE',  #181 ) ;
#1626 = DIRECTION ( 'NONE',  ( 0.9998476951563912696, 0.0000000000000000000, -0.01745240643728354982 ) ) ;
#1627 = LINE ( 'NONE', #5219, #6315 ) ;
#1628 = EDGE_CURVE ( 'NONE', #8132, #5436, #8078, .T. ) ;
#1629 = LINE ( 'NONE', #5871, #7633 ) ;
#1630 = ORIENTED_EDGE ( 'NONE', *, *, #4449, .T. ) ;
#1631 = B_SPLINE_CURVE_WITH_KNOTS ( 'NONE', 3,
 ( #3507, #6742, #980, #1635, #6039, #935, #3560, #1010, #2851, #6770, #1657, #7419, #7974, #7332, #2316, #4812 ),
 .UNSPECIFIED., .F., .F.,
 ( 4, 2, 2, 2, 2, 2, 2, 4 ),
 ( 3.314676486809381520E-14, 1.755593515983049047E-05, 3.511187028651421681E-05, 7.022374053988175756E-05, 0.0001404474810466161750, 0.0002808949620600836275, 0.0005617899240870192915, 0.001123579848140890403 ),
 .UNSPECIFIED. ) ;
#1632 = LINE ( 'NONE', #7096, #1436 ) ;
#1633 = VERTEX_POINT ( 'NONE', #1567 ) ;
#1634 = CARTESIAN_POINT ( 'NONE',  ( 5.100000000000000533, 6.000000000000004441, -1.500000000000000444 ) ) ;
#1635 = CARTESIAN_POINT ( 'NONE',  ( -12.21491562168324307, 5.199459458854665428, 1.016688996201958517 ) ) ;
#1636 = EDGE_CURVE ( 'NONE', #4352, #3626, #4418, .T. ) ;
#1637 = CYLINDRICAL_SURFACE ( 'NONE', #2176, 0.2500000000000002220 ) ;
#1638 = VERTEX_POINT ( 'NONE', #1536 ) ;
#1639 = APPROVAL ( #5564, 'UNKNOWN' ) ;
#1640 = ADVANCED_FACE ( 'NONE', ( #2049 ), #6141, .F. ) ;
#1641 = CARTESIAN_POINT ( 'NONE',  ( -40.76541555679221318, 0.0000000000000000000, -78.37915718709906798 ) ) ;
#1642 = CARTESIAN_POINT ( 'NONE',  ( 0.0000000000000000000, 5.549999999999998934, -1.000000000000000000 ) ) ;
#1643 =( NAMED_UNIT ( * ) SI_UNIT ( $, .STERADIAN. ) SOLID_ANGLE_UNIT ( ) );
#1644 = DIRECTION ( 'NONE',  ( 0.3313969516099847246, -0.01646619573978484741, -0.9433477221372130739 ) ) ;
#1645 = FACE_OUTER_BOUND ( 'NONE', #8278, .T. ) ;
#1646 = ORIENTED_EDGE ( 'NONE', *, *, #7806, .T. ) ;
#1647 = ORIENTED_EDGE ( 'NONE', *, *, #6838, .F. ) ;
#1648 = CARTESIAN_POINT ( 'NONE',  ( -13.00099999999999945, -6.650000000000004796, -2.943132368708153646 ) ) ;
#1649 = CARTESIAN_POINT ( 'NONE',  ( 8.499999999999996447, -5.900000000000001243, -1.207106781186547240 ) ) ;
#1650 = EDGE_CURVE ( 'NONE', #7943, #3001, #1437, .T. ) ;
#1651 = FACE_OUTER_BOUND ( 'NONE', #1670, .T. ) ;
#1652 = ORIENTED_EDGE ( 'NONE', *, *, #1410, .F. ) ;
#1653 = AXIS2_PLACEMENT_3D ( 'NONE', #1894, #6287, #3773 ) ;
#1654 = CARTESIAN_POINT ( 'NONE',  ( 5.000000000000000888, 5.100000000000004086, -3.000000000000000000 ) ) ;
#1655 = VECTOR ( 'NONE', #2881, 1000.000000000000114 ) ;
#1656 = ORIENTED_EDGE ( 'NONE', *, *, #2472, .F. ) ;
#1657 = CARTESIAN_POINT ( 'NONE',  ( -12.25328821852252581, 5.192832155409463191, 1.221304398241659150 ) ) ;
#1658 = EDGE_CURVE ( 'NONE', #1633, #1009, #1233, .T. ) ;
#1659 = ORIENTED_EDGE ( 'NONE', *, *, #7265, .T. ) ;
#1660 = DIRECTION ( 'NONE',  ( -1.000000000000000000, 0.0000000000000000000, 0.0000000000000000000 ) ) ;
#1661 = CARTESIAN_POINT ( 'NONE',  ( -12.71400762708950438, 5.728723333559693209, 1.059819946095849286 ) ) ;
#1662 = FACE_OUTER_BOUND ( 'NONE', #1470, .T. ) ;
#1663 = CARTESIAN_POINT ( 'NONE',  ( 12.30000000000000071, 5.100000000000001421, -1.000000000000000000 ) ) ;
#1664 = EDGE_LOOP ( 'NONE', ( #5036, #1070, #4621, #1691, #2648, #1562, #4775 ) ) ;
#1665 = DIRECTION ( 'NONE',  ( 1.000000000000000000, 0.0000000000000000000, 0.0000000000000000000 ) ) ;
#1666 = PERSON_AND_ORGANIZATION_ROLE ( 'design_supplier' ) ;
#1667 = CARTESIAN_POINT ( 'NONE',  ( 12.19808431957722483, 5.199991117421789433, 1.000000000203727257 ) ) ;
#1668 = AXIS2_PLACEMENT_3D ( 'NONE', #2173, #1326, #1966 ) ;
#1669 = ORIENTED_EDGE ( 'NONE', *, *, #7778, .F. ) ;
#1670 = EDGE_LOOP ( 'NONE', ( #6876, #2951, #4237 ) ) ;
#1671 = EDGE_CURVE ( 'NONE', #5700, #7405, #5841, .T. ) ;
#1672 = LINE ( 'NONE', #1382, #3747 ) ;
#1673 = VECTOR ( 'NONE', #553, 1000.000000000000000 ) ;
#1674 = DIRECTION ( 'NONE',  ( -1.000000000000000000, 0.0000000000000000000, 0.0000000000000000000 ) ) ;
#1675 = CARTESIAN_POINT ( 'NONE',  ( -4.500000000000006217, -4.336808689942025625E-15, -3.000000000000000000 ) ) ;
#1676 = DIRECTION ( 'NONE',  ( -0.0000000000000000000, -0.0000000000000000000, 1.000000000000000000 ) ) ;
#1677 = ADVANCED_FACE ( 'NONE', ( #8073 ), #5017, .T. ) ;
#1678 = ORIENTED_EDGE ( 'NONE', *, *, #2823, .F. ) ;
#1679 = CARTESIAN_POINT ( 'NONE',  ( -4.500000000000000888, -5.900000000000001243, -1.499999999999999556 ) ) ;
#1680 = ORIENTED_EDGE ( 'NONE', *, *, #3614, .F. ) ;
#1681 = LINE ( 'NONE', #5066, #3156 ) ;
#1682 = DIRECTION ( 'NONE',  ( 0.0000000000000000000, 0.0000000000000000000, 1.000000000000000000 ) ) ;
#1683 =( BOUNDED_SURFACE ( )  B_SPLINE_SURFACE ( 3, 2, ( 
 ( #164, #7067, #4506 ),
 ( #783, #7180, #699 ),
 ( #759, #3329, #6481 ),
 ( #3269, #103, #5154 ),
 ( #7797, #4615, #3225 ),
 ( #3244, #6450, #137 ),
 ( #6425, #4557, #2014 ),
 ( #7852, #3969, #2671 ),
 ( #188, #811, #1379 ),
 ( #3896, #5220, #5863 ) ),
 .UNSPECIFIED., .F., .F., .F. ) 
 B_SPLINE_SURFACE_WITH_KNOTS ( ( 4, 2, 2, 2, 4 ),
 ( 3, 3 ),
 ( 1.570796326794896558, 1.963495408493620697, 2.356194490192344837, 2.748893571891068976, 3.141592653589793116 ),
 ( 0.0000000000000000000, 1.000000000000000000 ),
 .UNSPECIFIED. ) 
 GEOMETRIC_REPRESENTATION_ITEM ( )  RATIONAL_B_SPLINE_SURFACE ( (
 ( 1.000000000000000000, 1.000000000000000000, 1.000000000000000000),
 ( 1.000000000000000000, 1.000158593443190913, 1.000000000000000000),
 ( 1.000000000000000000, 0.9867291723804786363, 1.000000000000000000),
 ( 1.000000000000000000, 0.9386556673818348129, 1.000000000000000000),
 ( 1.000000000000000000, 0.9038128477757030321, 1.000000000000000000),
 ( 1.000000000000000000, 0.8282379597931739390, 1.000000000000000000),
 ( 1.000000000000000000, 0.7876784551907374254, 1.000000000000000000),
 ( 1.000000000000000000, 0.7265517845064721758, 1.000000000000000000),
 ( 1.000000000000000000, 0.7066757228337892105, 1.000000000000000000),
 ( 1.000000000000000000, 0.7071067811865475727, 1.000000000000000000) ) ) 
 REPRESENTATION_ITEM ( '' )  SURFACE ( )  );
#1684 = CARTESIAN_POINT ( 'NONE',  ( -13.00000000000000000, 5.800000000000000711, -1.000000000000000000 ) ) ;
#1685 = EDGE_CURVE ( 'NONE', #4543, #7995, #5225, .T. ) ;
#1686 = CARTESIAN_POINT ( 'NONE',  ( 4.500000000000001776, -5.100000000000002309, -3.000000000000000000 ) ) ;
#1687 = CC_DESIGN_PERSON_AND_ORGANIZATION_ASSIGNMENT ( #7735, #5476, ( #2959 ) ) ;
#1688 = DIRECTION ( 'NONE',  ( 1.000000000000000000, 0.0000000000000000000, 0.0000000000000000000 ) ) ;
#1689 = FACE_OUTER_BOUND ( 'NONE', #1273, .T. ) ;
#1690 = DIRECTION ( 'NONE',  ( 2.168404344971008474E-15, -1.000000000000000000, 0.0000000000000000000 ) ) ;
#1691 = ORIENTED_EDGE ( 'NONE', *, *, #6546, .F. ) ;
#1692 = DIRECTION ( 'NONE',  ( 0.0000000000000000000, 0.9998476951563913806, -0.01745240643727676358 ) ) ;
#1693 = CARTESIAN_POINT ( 'NONE',  ( -8.166236034489886109, 6.166236034490050422, -1.120744521546730654 ) ) ;
#1694 = DIRECTION ( 'NONE',  ( -1.000000000000000000, 0.0000000000000000000, 0.0000000000000000000 ) ) ;
#1695 = FACE_OUTER_BOUND ( 'NONE', #424, .T. ) ;
#1696 = EDGE_CURVE ( 'NONE', #7766, #6417, #3615, .T. ) ;
#1697 = ORIENTED_EDGE ( 'NONE', *, *, #1155, .F. ) ;
#1698 = CARTESIAN_POINT ( 'NONE',  ( 0.0000000000000000000, 7.363063705342044685, -92.57147724495273167 ) ) ;
#1699 = CARTESIAN_POINT ( 'NONE',  ( 1.154097690616278538, 4.307151218277870619, -8.501586295819215877 ) ) ;
#1700 = DIRECTION ( 'NONE',  ( 1.000000000000000000, 0.0000000000000000000, -0.0000000000000000000 ) ) ;
#1702 = DIRECTION ( 'NONE',  ( 0.0000000000000000000, -1.000000000000000000, 0.0000000000000000000 ) ) ;
#1701 = APPROVAL_PERSON_ORGANIZATION ( #2385, #2639, #509 ) ;
#1703 = CARTESIAN_POINT ( 'NONE',  ( 12.96326458944043125, -11.92622972452171659, 1.104570261448656998 ) ) ;
#1704 = EDGE_CURVE ( 'NONE', #426, #2589, #6484, .T. ) ;
#1705 = LINE ( 'NONE', #2760, #6800 ) ;
#1706 = VERTEX_POINT ( 'NONE', #7376 ) ;
#1707 = EDGE_LOOP ( 'NONE', ( #1376, #7776, #6253, #2957 ) ) ;
#1708 = LINE ( 'NONE', #5257, #2503 ) ;
#1709 = PLANE ( 'NONE',  #8051 ) ;
#1710 = EDGE_CURVE ( 'NONE', #6165, #2765, #941, .T. ) ;
#1711 = COORDINATED_UNIVERSAL_TIME_OFFSET ( 9, 0, .AHEAD. ) ;
#1712 = LINE ( 'NONE', #706, #2894 ) ;
#1713 = ORIENTED_EDGE ( 'NONE', *, *, #6143, .T. ) ;
#1714 = DIRECTION ( 'NONE',  ( -0.0000000000000000000, -0.0000000000000000000, -1.000000000000000000 ) ) ;
#1715 = DIRECTION ( 'NONE',  ( 1.000000000000000000, 0.0000000000000000000, 0.0000000000000000000 ) ) ;
#1716 = AXIS2_PLACEMENT_3D ( 'NONE', #2854, #1583, #6043 ) ;
#1717 = VERTEX_POINT ( 'NONE', #4827 ) ;
#1718 = CARTESIAN_POINT ( 'NONE',  ( 3.500178566873394015, -3.712310601229390716, 0.9499999999999998446 ) ) ;
#1719 = PRODUCT_DEFINITION_SHAPE ( 'NONE', 'NONE',  #8026 ) ;
#1720 = CALENDAR_DATE ( 2019, 1, 8 ) ;
#1721 = AXIS2_PLACEMENT_3D ( 'NONE', #6074, #7365, #4793 ) ;
#1722 = ADVANCED_FACE ( 'NONE', ( #3516 ), #2331, .F. ) ;
#1723 = DIRECTION ( 'NONE',  ( -1.000000000000000000, 0.0000000000000000000, 0.0000000000000000000 ) ) ;
#1724 = CIRCLE ( 'NONE', #5459, 4.650000000000000355 ) ;
#1725 = VERTEX_POINT ( 'NONE', #515 ) ;
#1726 = CARTESIAN_POINT ( 'NONE',  ( -8.499999999414971086, -5.999999999414737495, -1.448147957716967804 ) ) ;
#1727 = PLANE ( 'NONE',  #4429 ) ;
#1728 = LINE ( 'NONE', #8080, #1525 ) ;
#1729 = APPROVAL_STATUS ( 'not_yet_approved' ) ;
#1730 = EDGE_LOOP ( 'NONE', ( #3743, #1630, #5749, #3488, #257, #3433, #6392, #3852 ) ) ;
#1731 = VERTEX_POINT ( 'NONE', #8101 ) ;
#1732 = ORIENTED_EDGE ( 'NONE', *, *, #270, .F. ) ;
#1733 =( BOUNDED_CURVE ( )  B_SPLINE_CURVE ( 3, ( #7554, #6174, #3684, #546 ),
 .UNSPECIFIED., .F., .F. ) 
 B_SPLINE_CURVE_WITH_KNOTS ( ( 4, 4 ),
 ( 4.712388980384689674, 6.283185307179586232 ),
 .UNSPECIFIED. ) 
 CURVE ( )  GEOMETRIC_REPRESENTATION_ITEM ( )  RATIONAL_B_SPLINE_CURVE ( ( 1.000000000000000000, 0.8047378541243649375, 0.8047378541243649375, 1.000000000000000000 ) ) 
 REPRESENTATION_ITEM ( '' )  );
#1734 = DIRECTION ( 'NONE',  ( 1.668003342285391551E-16, -1.000000000000000000, 4.748103885137817623E-16 ) ) ;
#1735 = VECTOR ( 'NONE', #5381, 1000.000000000000000 ) ;
#1736 = AXIS2_PLACEMENT_3D ( 'NONE', #4880, #3622, #6103 ) ;
#1737 = CARTESIAN_POINT ( 'NONE',  ( 10.90254453544689284, 5.549999999999998934, 6.477342301583075113 ) ) ;
#1738 = ORIENTED_EDGE ( 'NONE', *, *, #5572, .F. ) ;
#1739 = EDGE_CURVE ( 'NONE', #4695, #7209, #3121, .T. ) ;
#1740 = DIRECTION ( 'NONE',  ( 0.0000000000000000000, 0.0000000000000000000, 1.000000000000000000 ) ) ;
#1741 = CARTESIAN_POINT ( 'NONE',  ( 3.822467902723103439, -2.903229087180623225, 0.7199999999999999734 ) ) ;
#1742 = B_SPLINE_CURVE_WITH_KNOTS ( 'NONE', 3,
 ( #7564, #5721, #1230, #1823 ),
 .UNSPECIFIED., .F., .F.,
 ( 4, 4 ),
 ( 3.974750819240313445E-18, 0.0004121439919903413388 ),
 .UNSPECIFIED. ) ;
#1743 = DIRECTION ( 'NONE',  ( 0.0000000000000000000, 1.000000000000000000, 0.0000000000000000000 ) ) ;
#1744 = CYLINDRICAL_SURFACE ( 'NONE', #229, 0.2000000000000000389 ) ;
#1745 = ORIENTED_EDGE ( 'NONE', *, *, #6418, .F. ) ;
#1746 = ORIENTED_EDGE ( 'NONE', *, *, #4155, .T. ) ;
#1747 = CARTESIAN_POINT ( 'NONE',  ( -7.750000000000000000, -5.200000000000000178, -4.000000000000000000 ) ) ;
#1748 = DIRECTION ( 'NONE',  ( 1.000000000000000000, 0.0000000000000000000, 0.0000000000000000000 ) ) ;
#1749 = LINE ( 'NONE', #4517, #4807 ) ;
#1750 = DIRECTION ( 'NONE',  ( 1.000000000000000000, 0.0000000000000000000, -0.0000000000000000000 ) ) ;
#1751 = DIRECTION ( 'NONE',  ( 0.0000000000000000000, 0.0000000000000000000, -1.000000000000000000 ) ) ;
#1752 = ORIENTED_EDGE ( 'NONE', *, *, #7669, .F. ) ;
#1753 = ORIENTED_EDGE ( 'NONE', *, *, #8251, .T. ) ;
#1754 = PLANE ( 'NONE',  #6470 ) ;
#1755 = CARTESIAN_POINT ( 'NONE',  ( 12.91397716612078206, 5.728723333559693209, 1.063310427383306722 ) ) ;
#1756 = APPROVAL_ROLE ( '' ) ;
#1757 = EDGE_CURVE ( 'NONE', #8093, #321, #7133, .T. ) ;
#1758 = LINE ( 'NONE', #7342, #1553 ) ;
#1759 = ORIENTED_EDGE ( 'NONE', *, *, #2845, .F. ) ;
#1760 = CARTESIAN_POINT ( 'NONE',  ( 12.19996953439122045, -5.200000000000000178, 1.000000000033196557 ) ) ;
#1761 = CARTESIAN_POINT ( 'NONE',  ( 12.20586215378396311, 5.199999999999852740, 0.9999999999240607451 ) ) ;
#1762 = ORIENTED_EDGE ( 'NONE', *, *, #3802, .F. ) ;
#1763 = EDGE_CURVE ( 'NONE', #6976, #6189, #6535, .T. ) ;
#1764 = ADVANCED_FACE ( 'NONE', ( #7558 ), #6840, .F. ) ;
#1765 = CARTESIAN_POINT ( 'NONE',  ( -12.78538012481310382, 6.000065370314569435, -3.025617228694665872 ) ) ;
#1766 = VECTOR ( 'NONE', #6144, 1000.000000000000000 ) ;
#1767 = ORIENTED_EDGE ( 'NONE', *, *, #6334, .T. ) ;
#1768 = CARTESIAN_POINT ( 'NONE',  ( -8.500000000000000000, 5.100000000000003197, -1.499999999999999556 ) ) ;
#1769 = EDGE_LOOP ( 'NONE', ( #7847, #6142, #7937 ) ) ;
#1770 = CARTESIAN_POINT ( 'NONE',  ( 4.000000000000001776, -6.650000000000002132, -2.943132368708153646 ) ) ;
#1771 = AXIS2_PLACEMENT_3D ( 'NONE', #5516, #1702, #2191 ) ;
#1772 = CARTESIAN_POINT ( 'NONE',  ( 8.500000000000000000, 6.149999999999997691, -9.035105632878352111 ) ) ;
#1773 = CARTESIAN_POINT ( 'NONE',  ( 9.087590801448456546, 6.000000000000004441, -3.000000000000000000 ) ) ;
#1774 = DIRECTION ( 'NONE',  ( -0.3314418875039928380, 0.0000000000000000000, -0.9434756357255816850 ) ) ;
#1775 = EDGE_LOOP ( 'NONE', ( #440, #7488, #3286, #3987 ) ) ;
#1776 = DIRECTION ( 'NONE',  ( 0.9434756357255822401, 0.0000000000000000000, 0.3314418875039912837 ) ) ;
#1777 = ORIENTED_EDGE ( 'NONE', *, *, #593, .T. ) ;
#1778 = CARTESIAN_POINT ( 'NONE',  ( 0.0000000000000000000, 0.0000000000000000000, -9.299999999999998934 ) ) ;
#1779 = LINE ( 'NONE', #3339, #96 ) ;
#1780 = CARTESIAN_POINT ( 'NONE',  ( -8.697828629901161790, -6.248190524917578870, -1.063106799566992722 ) ) ;
#1781 = CARTESIAN_POINT ( 'NONE',  ( 12.40000000000000213, -5.000000000000000888, 500000.0000000000582 ) ) ;
#1782 = SECURITY_CLASSIFICATION_LEVEL ( 'unclassified' ) ;
#1783 = AXIS2_PLACEMENT_3D ( 'NONE', #3293, #7230, #101 ) ;
#1784 = AXIS2_PLACEMENT_3D ( 'NONE', #1906, #4451, #563 ) ;
#1785 = EDGE_CURVE ( 'NONE', #6556, #6828, #3418, .T. ) ;
#1786 = VECTOR ( 'NONE', #7078, 1000.000000000000000 ) ;
#1787 = CARTESIAN_POINT ( 'NONE',  ( 4.784910129856434047, -6.349999999999999645, -3.000000000000000000 ) ) ;
#1788 = DIRECTION ( 'NONE',  ( -0.0000000000000000000, 0.0000000000000000000, -1.000000000000000000 ) ) ;
#1789 = CARTESIAN_POINT ( 'NONE',  ( -2.876056813810293988, 3.653874273115508942, -9.299999999999998934 ) ) ;
#1790 = EDGE_LOOP ( 'NONE', ( #3090, #1481, #289, #1380, #6483 ) ) ;
#1791 = DIRECTION ( 'NONE',  ( 0.0000000000000000000, 0.0000000000000000000, -1.000000000000000000 ) ) ;
#1792 = FACE_OUTER_BOUND ( 'NONE', #807, .T. ) ;
#1793 = EDGE_CURVE ( 'NONE', #7293, #3457, #4515, .T. ) ;
#1794 = CARTESIAN_POINT ( 'NONE',  ( -12.40000000000022595, 5.027508045138946891, 1.853973807725890932 ) ) ;
#1795 = ORIENTED_EDGE ( 'NONE', *, *, #788, .T. ) ;
#1796 = FACE_OUTER_BOUND ( 'NONE', #780, .T. ) ;
#1797 = ADVANCED_FACE ( 'NONE', ( #7863 ), #2384, .F. ) ;
#1798 = DIRECTION ( 'NONE',  ( 0.0000000000000000000, 0.0000000000000000000, 1.000000000000000000 ) ) ;
#1799 = ORIENTED_EDGE ( 'NONE', *, *, #2627, .F. ) ;
#1800 = CARTESIAN_POINT ( 'NONE',  ( 12.71400762708950261, 5.728723333559693209, 1.059819946095851062 ) ) ;
#1801 = CARTESIAN_POINT ( 'NONE',  ( -4.102456537500829725, 3.466060434432951087, -7.449999999999998401 ) ) ;
#1802 = CARTESIAN_POINT ( 'NONE',  ( 10.88012917333603369, 5.637602997552447981, 6.280100499734865060 ) ) ;
#1803 = ORIENTED_EDGE ( 'NONE', *, *, #7348, .T. ) ;
#1804 = CARTESIAN_POINT ( 'NONE',  ( -5.000000000000000888, 5.900000000000003020, -1.499999999999999556 ) ) ;
#1805 = APPROVAL_ROLE ( '' ) ;
#1806 = DATE_AND_TIME ( #2000, #3677 ) ;
#1807 = LINE ( 'NONE', #7742, #1610 ) ;
#1808 = ORIENTED_EDGE ( 'NONE', *, *, #1155, .T. ) ;
#1809 = EDGE_CURVE ( 'NONE', #226, #7158, #6845, .T. ) ;
#1810 = ORIENTED_EDGE ( 'NONE', *, *, #5164, .T. ) ;
#1811 = ORIENTED_EDGE ( 'NONE', *, *, #945, .F. ) ;
#1812 = VERTEX_POINT ( 'NONE', #2305 ) ;
#1813 = DIRECTION ( 'NONE',  ( -0.0000000000000000000, -0.0000000000000000000, 1.000000000000000000 ) ) ;
#1814 = PLANE ( 'NONE',  #448 ) ;
#1815 = EDGE_CURVE ( 'NONE', #3245, #3680, #561, .T. ) ;
#1816 = VECTOR ( 'NONE', #5922, 1000.000000000000114 ) ;
#1817 = AXIS2_PLACEMENT_3D ( 'NONE', #1944, #3871, #7683 ) ;
#1818 = VECTOR ( 'NONE', #6687, 1000.000000000000000 ) ;
#1819 = CARTESIAN_POINT ( 'NONE',  ( -4.650000000000000355, 5.694607616035192869E-16, -7.449999999999998401 ) ) ;
#1820 = EDGE_LOOP ( 'NONE', ( #8011, #1551, #1986, #6921 ) ) ;
#1821 = EDGE_CURVE ( 'NONE', #3956, #2913, #1841, .T. ) ;
#1822 = VECTOR ( 'NONE', #782, 1000.000000000000000 ) ;
#1823 = CARTESIAN_POINT ( 'NONE',  ( -0.9670890758901478090, 4.348765769651652846, -8.637749907475930300 ) ) ;
#1824 = VECTOR ( 'NONE', #7027, 1000.000000000000000 ) ;
#1825 = PLANE ( 'NONE',  #1234 ) ;
#1826 = ORIENTED_EDGE ( 'NONE', *, *, #6992, .T. ) ;
#1827 = CARTESIAN_POINT ( 'NONE',  ( -12.37301617123470798, -5.101333714046981882, 1.930785417772668211 ) ) ;
#1828 = LINE ( 'NONE', #1174, #826 ) ;
#1829 = VERTEX_POINT ( 'NONE', #1787 ) ;
#1830 = CARTESIAN_POINT ( 'NONE',  ( -12.75002284456653534, 5.964708090068001844, -1.000000000000000000 ) ) ;
#1831 = EDGE_CURVE ( 'NONE', #7781, #4352, #1947, .T. ) ;
#1832 = DIRECTION ( 'NONE',  ( 0.0000000000000000000, 0.0000000000000000000, -1.000000000000000000 ) ) ;
#1833 = CARTESIAN_POINT ( 'NONE',  ( -8.724365434925870133, -6.224365434925730689, -1.075747223755106008 ) ) ;
#1834 = CARTESIAN_POINT ( 'NONE',  ( 0.0000000000000000000, 0.0000000000000000000, 0.7199999999999999734 ) ) ;
#1835 =( BOUNDED_CURVE ( )  B_SPLINE_CURVE ( 3, ( #1679, #7445, #7474, #3605 ),
 .UNSPECIFIED., .F., .F. ) 
 B_SPLINE_CURVE_WITH_KNOTS ( ( 4, 4 ),
 ( 8.673617379884035472E-16, 1.570796326794897224 ),
 .UNSPECIFIED. ) 
 CURVE ( )  GEOMETRIC_REPRESENTATION_ITEM ( )  RATIONAL_B_SPLINE_CURVE ( ( 1.000000000000000000, 0.8047378541243650485, 0.8047378541243650485, 1.000000000000000000 ) ) 
 REPRESENTATION_ITEM ( '' )  );
#1836 = DATE_TIME_ROLE ( 'classification_date' ) ;
#1837 = EDGE_LOOP ( 'NONE', ( #8255, #1746, #8024, #6042 ) ) ;
#1838 = DIRECTION ( 'NONE',  ( 0.0000000000000000000, -0.0000000000000000000, -1.000000000000000000 ) ) ;
#1839 = DIRECTION ( 'NONE',  ( 1.000000000000000000, 1.057758217059028608E-16, 0.0000000000000000000 ) ) ;
#1840 = EDGE_CURVE ( 'NONE', #4075, #1166, #1347, .T. ) ;
#1841 = LINE ( 'NONE', #1859, #7138 ) ;
#1842 = ADVANCED_FACE ( 'NONE', ( #1645 ), #6893, .F. ) ;
#1843 = ORIENTED_EDGE ( 'NONE', *, *, #5594, .F. ) ;
#1844 = CC_DESIGN_PERSON_AND_ORGANIZATION_ASSIGNMENT ( #6209, #6865, ( #8026 ) ) ;
#1845 = DIRECTION ( 'NONE',  ( 7.105427357601001859E-15, 0.0000000000000000000, -1.000000000000000000 ) ) ;
#1846 = CIRCLE ( 'NONE', #1981, 0.2000000000000002054 ) ;
#1847 = DIRECTION ( 'NONE',  ( -1.000000000000000000, -0.0000000000000000000, -0.0000000000000000000 ) ) ;
#1848 = VERTEX_POINT ( 'NONE', #4354 ) ;
#1849 = VERTEX_POINT ( 'NONE', #5568 ) ;
#1850 = CARTESIAN_POINT ( 'NONE',  ( 7.915616406136344985, 6.013013671780253588, -1.369126033402016551 ) ) ;
#1851 = CARTESIAN_POINT ( 'NONE',  ( 0.0000000000000000000, 0.0000000000000000000, -9.299999999999998934 ) ) ;
#1852 = LINE ( 'NONE', #2662, #4719 ) ;
#1853 = CARTESIAN_POINT ( 'NONE',  ( -8.000000000000000000, 5.100000000000003197, -9.299999999999998934 ) ) ;
#1854 = ORIENTED_EDGE ( 'NONE', *, *, #2706, .T. ) ;
#1855 = CARTESIAN_POINT ( 'NONE',  ( 2.765000000000000124, 0.0000000000000000000, 0.0000000000000000000 ) ) ;
#1856 = EDGE_CURVE ( 'NONE', #6820, #962, #8272, .T. ) ;
#1857 = ORIENTED_EDGE ( 'NONE', *, *, #798, .T. ) ;
#1858 = LINE ( 'NONE', #213, #3143 ) ;
#1860 = ORIENTED_EDGE ( 'NONE', *, *, #1422, .T. ) ;
#1859 = CARTESIAN_POINT ( 'NONE',  ( -12.94999238359781124, 0.0000000000000000000, -1.000000000000000000 ) ) ;
#1861 = CARTESIAN_POINT ( 'NONE',  ( 5.249999999999999112, -5.700000000000001954, -4.000000000000000000 ) ) ;
#1862 = DIRECTION ( 'NONE',  ( -0.0000000000000000000, -0.9998476951563913806, 0.01745240643727676358 ) ) ;
#1863 = EDGE_CURVE ( 'NONE', #3666, #6396, #5128, .T. ) ;
#1864 = ORIENTED_EDGE ( 'NONE', *, *, #5825, .T. ) ;
#1865 = CARTESIAN_POINT ( 'NONE',  ( -10.88012917333600704, -5.637602997552447093, 6.280100499734930786 ) ) ;
#1866 = VERTEX_POINT ( 'NONE', #6931 ) ;
#1867 = FACE_OUTER_BOUND ( 'NONE', #2999, .T. ) ;
#1868 = VECTOR ( 'NONE', #3771, 1000.000000000000000 ) ;
#1870 = AXIS2_PLACEMENT_3D ( 'NONE', #5146, #1335, #5822 ) ;
#1869 = CARTESIAN_POINT ( 'NONE',  ( 24.98566414201826191, 5.100000000000003197, -2.500000000000000000 ) ) ;
#1871 = DIRECTION ( 'NONE',  ( 0.3313969516099847246, 0.01646619573978484741, -0.9433477221372130739 ) ) ;
#1872 = CARTESIAN_POINT ( 'NONE',  ( -11.06938308350912514, 5.549999999999998934, 6.344798257001979636 ) ) ;
#1873 = ORIENTED_EDGE ( 'NONE', *, *, #5241, .F. ) ;
#1874 = ORIENTED_EDGE ( 'NONE', *, *, #5752, .T. ) ;
#1875 = VECTOR ( 'NONE', #2368, 1000.000000000000000 ) ;
#1876 = CARTESIAN_POINT ( 'NONE',  ( 4.500000000000000888, -5.900000000000001243, -1.207106781186547240 ) ) ;
#1877 = ADVANCED_FACE ( 'NONE', ( #5425 ), #2413, .T. ) ;
#1878 = CARTESIAN_POINT ( 'NONE',  ( -8.000000000000000000, 5.900000000000003020, -1.499999999999999556 ) ) ;
#1879 = DIRECTION ( 'NONE',  ( 0.01744974916067617426, -0.01744974916067593487, -0.9996954598818876825 ) ) ;
#1880 = CARTESIAN_POINT ( 'NONE',  ( -12.91397716612078206, 0.0000000000000000000, 1.063310427383307610 ) ) ;
#1881 = LINE ( 'NONE', #3910, #3073 ) ;
#1882 = PLANE ( 'NONE',  #3931 ) ;
#1883 = AXIS2_PLACEMENT_3D ( 'NONE', #559, #3268, #162 ) ;
#1884 = EDGE_CURVE ( 'NONE', #2448, #4773, #7970, .T. ) ;
#1885 = ORIENTED_EDGE ( 'NONE', *, *, #4724, .F. ) ;
#1886 = ADVANCED_FACE ( 'NONE', ( #3717 ), #2492, .F. ) ;
#1887 = CARTESIAN_POINT ( 'NONE',  ( -1.173617955648250222, -4.380001839154123111, -8.369666915351571035 ) ) ;
#1888 = PERSON_AND_ORGANIZATION ( #4005, #6789 ) ;
#1889 = LINE ( 'NONE', #3921, #6587 ) ;
#1890 = CARTESIAN_POINT ( 'NONE',  ( 5.059461084755860760, 6.465805109083651023E-16, -3.000000000000000000 ) ) ;
#1891 = ORIENTED_EDGE ( 'NONE', *, *, #2710, .T. ) ;
#1892 = CARTESIAN_POINT ( 'NONE',  ( 7.750000000000000000, 5.200000000000000178, -4.000000000000000000 ) ) ;
#1893 = EDGE_LOOP ( 'NONE', ( #6097, #955, #5890, #6206 ) ) ;
#1894 = CARTESIAN_POINT ( 'NONE',  ( 5.100000000000001421, 5.900000000000003020, -3.000000000000000000 ) ) ;
#1895 = ITEM_DEFINED_TRANSFORMATION ( 'NONE', 'NONE', #3192,  #603 ) ;
#1896 = VECTOR ( 'NONE', #6125, 1000.000000000000000 ) ;
#1897 = ORIENTED_EDGE ( 'NONE', *, *, #4675, .T. ) ;
#1898 = CARTESIAN_POINT ( 'NONE',  ( -4.993728430859814438, 6.006271569140151811, -1.396395287217423675 ) ) ;
#1899 = CARTESIAN_POINT ( 'NONE',  ( 5.000000000000000888, 5.900000000000003020, -1.499999999999999556 ) ) ;
#1900 = CLOSED_SHELL ( 'NONE', ( #7338, #669, #519, #1443, #5351 ) ) ;
#1901 = ORIENTED_EDGE ( 'NONE', *, *, #4806, .F. ) ;
#1902 = CARTESIAN_POINT ( 'NONE',  ( -4.584383593863720741, -6.013013671780256253, -1.369126033402007003 ) ) ;
#1903 = VECTOR ( 'NONE', #3263, 1000.000000000000000 ) ;
#1904 = PERSON_AND_ORGANIZATION ( #6821, #2012 ) ;
#1905 = EDGE_CURVE ( 'NONE', #5675, #2626, #4614, .T. ) ;
#1906 = CARTESIAN_POINT ( 'NONE',  ( -10.88012917333600349, -5.637602997552447093, 6.280100499734916575 ) ) ;
#1907 = VECTOR ( 'NONE', #4263, 1000.000000000000227 ) ;
#1908 = DIRECTION ( 'NONE',  ( 0.0000000000000000000, -0.0000000000000000000, 1.000000000000000000 ) ) ;
#1909 = ORIENTED_EDGE ( 'NONE', *, *, #3788, .F. ) ;
#1910 = CARTESIAN_POINT ( 'NONE',  ( 8.499999999999998224, -5.900000000000001243, -3.000000000000000000 ) ) ;
#1911 = CARTESIAN_POINT ( 'NONE',  ( 5.000000000000000888, 5.100000000000000533, -1.000000000000000000 ) ) ;
#1912 = ORIENTED_EDGE ( 'NONE', *, *, #4046, .F. ) ;
#1913 = CIRCLE ( 'NONE', #614, 0.2000000000000005107 ) ;
#1914 = EDGE_CURVE ( 'NONE', #2510, #4438, #265, .T. ) ;
#1915 = CIRCLE ( 'NONE', #5336, 100.0000000000000000 ) ;
#1916 = FACE_OUTER_BOUND ( 'NONE', #6533, .T. ) ;
#1917 = EDGE_LOOP ( 'NONE', ( #6291, #3589 ) ) ;
#1918 = PLANE ( 'NONE',  #6853 ) ;
#1919 = LINE ( 'NONE', #2816, #5506 ) ;
#1920 = CARTESIAN_POINT ( 'NONE',  ( -12.19808431957723194, 5.199991117421791209, 2.105706630516124278 ) ) ;
#1921 = AXIS2_PLACEMENT_3D ( 'NONE', #5319, #6642, #7985 ) ;
#1922 = CARTESIAN_POINT ( 'NONE',  ( -8.998722858706033279, 6.185714285714285054, -2.983752105345186756 ) ) ;
#1923 = EDGE_LOOP ( 'NONE', ( #1912, #5717, #3999, #3279 ) ) ;
#1924 = ADVANCED_FACE ( 'NONE', ( #69 ), #6304, .F. ) ;
#1925 = AXIS2_PLACEMENT_3D ( 'NONE', #7955, #5370, #4073 ) ;
#1926 = EDGE_LOOP ( 'NONE', ( #2411, #5816, #1541, #7038 ) ) ;
#1927 = VERTEX_POINT ( 'NONE', #3765 ) ;
#1928 = CARTESIAN_POINT ( 'NONE',  ( -2.540000000000000036, 0.0000000000000000000, 0.0000000000000000000 ) ) ;
#1929 = EDGE_CURVE ( 'NONE', #7820, #6559, #2429, .T. ) ;
#1930 = FACE_OUTER_BOUND ( 'NONE', #1096, .T. ) ;
#1931 = VERTEX_POINT ( 'NONE', #3683 ) ;
#1932 = CARTESIAN_POINT ( 'NONE',  ( -5.000000000585330895, 5.999999999414772134, -1.448147957716959366 ) ) ;
#1933 = CARTESIAN_POINT ( 'NONE',  ( -4.650000000000000355, 5.694607616035192869E-16, 4.252248537653713356 ) ) ;
#1934 = ADVANCED_FACE ( 'NONE', ( #357 ), #8213, .F. ) ;
#1935 = CARTESIAN_POINT ( 'NONE',  ( -4.071998066942911443, -6.428001933056899375, -1.000000000026819658 ) ) ;
#1936 =( BOUNDED_CURVE ( )  B_SPLINE_CURVE ( 3, ( #6453, #3331, #7854, #703 ),
 .UNSPECIFIED., .F., .F. ) 
 B_SPLINE_CURVE_WITH_KNOTS ( ( 4, 4 ),
 ( 2.356346783439934534, 3.926838523739665465 ),
 .UNSPECIFIED. ) 
 CURVE ( )  GEOMETRIC_REPRESENTATION_ITEM ( )  RATIONAL_B_SPLINE_CURVE ( ( 1.000000000000000000, 0.8048096403827864620, 0.8048096403827864620, 1.000000000000000000 ) ) 
 REPRESENTATION_ITEM ( '' )  );
#1937 = VECTOR ( 'NONE', #1314, 1000.000000000000000 ) ;
#1938 = AXIS2_PLACEMENT_3D ( 'NONE', #834, #5256, #7196 ) ;
#1939 = ORIENTED_EDGE ( 'NONE', *, *, #68, .F. ) ;
#1940 = DIRECTION ( 'NONE',  ( 1.000000000000000000, -0.0000000000000000000, -0.0000000000000000000 ) ) ;
#1941 = CARTESIAN_POINT ( 'NONE',  ( 10.90254453544680757, -5.549999999999998934, 6.477342301583102646 ) ) ;
#1942 = EDGE_CURVE ( 'NONE', #5123, #4021, #3224, .T. ) ;
#1943 = DIRECTION ( 'NONE',  ( 1.000000000000000000, 0.0000000000000000000, -0.0000000000000000000 ) ) ;
#1944 = CARTESIAN_POINT ( 'NONE',  ( 12.30000000000000071, -5.099999999999997868, 0.5000000000000000000 ) ) ;
#1945 = CARTESIAN_POINT ( 'NONE',  ( 10.90254453544680757, -5.549999999999998934, 6.477342301583102646 ) ) ;
#1946 = PERSON_AND_ORGANIZATION_ROLE ( 'classification_officer' ) ;
#1947 = LINE ( 'NONE', #4301, #4112 ) ;
#1948 = ORIENTED_EDGE ( 'NONE', *, *, #7052, .T. ) ;
#1949 = CARTESIAN_POINT ( 'NONE',  ( 5.100000000000002309, 6.000000000000000000, -3.000000000000000000 ) ) ;
#1950 = CARTESIAN_POINT ( 'NONE',  ( 1.165222568905546874, 4.501662098138927703, -8.886868625943998623 ) ) ;
#1951 = DIRECTION ( 'NONE',  ( 1.000000000000000000, 1.057758217059028608E-16, 0.0000000000000000000 ) ) ;
#1952 = EDGE_CURVE ( 'NONE', #2640, #4695, #7764, .T. ) ;
#1953 = DIRECTION ( 'NONE',  ( -0.0000000000000000000, 0.0000000000000000000, -1.000000000000000000 ) ) ;
#1954 = DIRECTION ( 'NONE',  ( 0.0000000000000000000, 0.0000000000000000000, 1.000000000000000000 ) ) ;
#1955 = FACE_OUTER_BOUND ( 'NONE', #5519, .T. ) ;
#1956 = ORIENTED_EDGE ( 'NONE', *, *, #2869, .F. ) ;
#1957 = DIRECTION ( 'NONE',  ( 0.0000000000000000000, 0.0000000000000000000, 1.000000000000000000 ) ) ;
#1958 = CARTESIAN_POINT ( 'NONE',  ( 11.14999999999999680, 6.000000000000000000, -2.500000000000000888 ) ) ;
#1959 = VECTOR ( 'NONE', #5347, 1000.000000000000000 ) ;
#1960 = CARTESIAN_POINT ( 'NONE',  ( -4.000000000000000888, -6.500000000000002665, -0.9999999999999997780 ) ) ;
#1961 = ORIENTED_EDGE ( 'NONE', *, *, #2774, .T. ) ;
#1962 = ADVANCED_FACE ( 'NONE', ( #1547, #8178 ), #1363, .T. ) ;
#1963 = CARTESIAN_POINT ( 'NONE',  ( -1.013323155338314185, 4.538245936797077995, -8.299999999999998934 ) ) ;
#1964 = VERTEX_POINT ( 'NONE', #7659 ) ;
#1965 = EDGE_CURVE ( 'NONE', #1549, #5882, #1451, .T. ) ;
#1966 = DIRECTION ( 'NONE',  ( -1.000000000000000000, 0.0000000000000000000, 0.0000000000000000000 ) ) ;
#1967 = CARTESIAN_POINT ( 'NONE',  ( 18.35813107968150604, 5.200000000000000178, 1.000000000000000000 ) ) ;
#1968 = CARTESIAN_POINT ( 'NONE',  ( -12.19808431957723904, -5.199991117421787656, 2.105706630516124278 ) ) ;
#1969 = CYLINDRICAL_SURFACE ( 'NONE', #845, 0.2249999999999999500 ) ;
#1970 = APPROVAL_ROLE ( '' ) ;
#1971 = AXIS2_PLACEMENT_3D ( 'NONE', #5699, #586, #5019 ) ;
#1972 = AXIS2_PLACEMENT_3D ( 'NONE', #2593, #5161, #7804 ) ;
#1973 = ORIENTED_EDGE ( 'NONE', *, *, #5625, .F. ) ;
#1974 = ORIENTED_EDGE ( 'NONE', *, *, #7601, .F. ) ;
#1975 = ADVANCED_FACE ( 'NONE', ( #163 ), #1918, .T. ) ;
#1976 = VECTOR ( 'NONE', #2236, 1000.000000000000000 ) ;
#1977 = PLANE ( 'NONE',  #7948 ) ;
#1978 = CARTESIAN_POINT ( 'NONE',  ( 12.88412810260818731, -6.349999999999999645, 5.638296555662678067 ) ) ;
#1979 = EDGE_CURVE ( 'NONE', #3626, #4493, #1749, .T. ) ;
#1980 = ADVANCED_FACE ( 'NONE', ( #4315 ), #7111, .T. ) ;
#1981 = AXIS2_PLACEMENT_3D ( 'NONE', #4628, #7917, #7836 ) ;
#1982 = DIRECTION ( 'NONE',  ( 1.000000000000000000, -7.109540196336935841E-17, 0.0000000000000000000 ) ) ;
#1983 = LINE ( 'NONE', #451, #294 ) ;
#1984 = DIRECTION ( 'NONE',  ( 0.0000000000000000000, 0.0000000000000000000, 1.000000000000000000 ) ) ;
#1985 = DIRECTION ( 'NONE',  ( -1.889888912631821051E-16, -0.08715574274765112983, 0.9961946980917462113 ) ) ;
#1986 = ORIENTED_EDGE ( 'NONE', *, *, #5752, .F. ) ;
#1987 = CARTESIAN_POINT ( 'NONE',  ( -12.79999999999999716, -5.800000000000001599, -3.000000000000000000 ) ) ;
#1988 = VECTOR ( 'NONE', #796, 1000.000000000000000 ) ;
#1989 = CARTESIAN_POINT ( 'NONE',  ( -4.500000000000000888, 6.500000000000004441, -1.000000000000000000 ) ) ;
#1990 = ORIENTED_EDGE ( 'NONE', *, *, #140, .F. ) ;
#1991 = CARTESIAN_POINT ( 'NONE',  ( -12.31613172760729213, -5.201103551519470791, 1.000000000203727035 ) ) ;
#1992 = VECTOR ( 'NONE', #7409, 1000.000000000000000 ) ;
#1993 = EDGE_CURVE ( 'NONE', #7674, #837, #4712, .T. ) ;
#1994 = ORIENTED_EDGE ( 'NONE', *, *, #3710, .T. ) ;
#1995 = APPROVAL ( #4268, 'UNSPECIFIED' ) ;
#1996 = ORIENTED_EDGE ( 'NONE', *, *, #2634, .T. ) ;
#1997 = CARTESIAN_POINT ( 'NONE',  ( 11.06901056154834606, -5.608401958768383544, 6.345858670326384399 ) ) ;
#1998 = CARTESIAN_POINT ( 'NONE',  ( -11.06901167911486361, -5.608226752526872971, 6.345855489084603285 ) ) ;
#1999 = DIRECTION ( 'NONE',  ( -0.0000000000000000000, -0.0000000000000000000, -1.000000000000000000 ) ) ;
#2000 = CALENDAR_DATE ( 2019, 1, 8 ) ;
#2001 = DIRECTION ( 'NONE',  ( -0.0000000000000000000, 0.0000000000000000000, -1.000000000000000000 ) ) ;
#2002 = VECTOR ( 'NONE', #3784, 1000.000000000000000 ) ;
#2003 = CARTESIAN_POINT ( 'NONE',  ( 8.250000000000000000, -5.964708090068002733, -1.000000000000000000 ) ) ;
#2004 = CARTESIAN_POINT ( 'NONE',  ( -8.197634805215347598, -5.200000000000000178, -4.000000000000000000 ) ) ;
#2005 = PLANE ( 'NONE',  #511 ) ;
#2006 = ORIENTED_EDGE ( 'NONE', *, *, #975, .T. ) ;
#2007 = ORIENTED_EDGE ( 'NONE', *, *, #5323, .F. ) ;
#2008 = EDGE_LOOP ( 'NONE', ( #2907, #5933, #5797, #2145 ) ) ;
#2009 = DIRECTION ( 'NONE',  ( 2.148260799299800383E-16, 0.2229098465714969279, 0.9748390637953896487 ) ) ;
#2010 = ORIENTED_EDGE ( 'NONE', *, *, #6030, .T. ) ;
#2011 = LINE ( 'NONE', #7527, #7832 ) ;
#2013 = CARTESIAN_POINT ( 'NONE',  ( -1.013323155338313963, -4.538245936797078883, -8.299999999999998934 ) ) ;
#2012 = ORGANIZATION ( 'UNSPECIFIED', 'UNSPECIFIED', '' ) ;
#2014 = CARTESIAN_POINT ( 'NONE',  ( 4.524271845149852922, -6.063106795708461227, -1.248190534232899607 ) ) ;
#2015 = CIRCLE ( 'NONE', #658, 4.650000000000000355 ) ;
#2016 = ORIENTED_EDGE ( 'NONE', *, *, #1089, .T. ) ;
#2017 = ADVANCED_FACE ( 'NONE', ( #2930 ), #1977, .F. ) ;
#2018 = CARTESIAN_POINT ( 'NONE',  ( 12.79999999999999893, -5.800000000000000711, -3.000000000000000000 ) ) ;
#2019 = ORIENTED_EDGE ( 'NONE', *, *, #7681, .T. ) ;
#2020 = ADVANCED_FACE ( 'NONE', ( #2041 ), #4882, .F. ) ;
#2021 = EDGE_CURVE ( 'NONE', #6396, #4836, #4414, .T. ) ;
#2022 = LINE ( 'NONE', #2528, #1215 ) ;
#2023 = CARTESIAN_POINT ( 'NONE',  ( 7.999999999414901808, 5.999999999414772134, -1.448147957716960255 ) ) ;
#2024 = PLANE ( 'NONE',  #6997 ) ;
#2025 = LINE ( 'NONE', #4373, #43 ) ;
#2026 = EDGE_LOOP ( 'NONE', ( #5182, #7773, #7354, #3272 ) ) ;
#2027 = ORIENTED_EDGE ( 'NONE', *, *, #4215, .T. ) ;
#2028 = CARTESIAN_POINT ( 'NONE',  ( -1.013323155338303083, 4.538245936797032698, -8.975499814951833244 ) ) ;
#2029 = LINE ( 'NONE', #2309, #4899 ) ;
#2030 = VERTEX_POINT ( 'NONE', #5126 ) ;
#2031 = EDGE_CURVE ( 'NONE', #6590, #2455, #3608, .T. ) ;
#2032 = CARTESIAN_POINT ( 'NONE',  ( 11.14999999999999680, 6.000000000000000000, -2.000000000000000000 ) ) ;
#2033 = AXIS2_PLACEMENT_3D ( 'NONE', #429, #8186, #6173 ) ;
#2034 = CARTESIAN_POINT ( 'NONE',  ( -12.39999999999999503, 5.172340578923654064, 1.853973807744114799 ) ) ;
#2035 = AXIS2_PLACEMENT_3D ( 'NONE', #693, #5796, #3161 ) ;
#2036 = VECTOR ( 'NONE', #244, 1000.000000000000000 ) ;
#2037 = CARTESIAN_POINT ( 'NONE',  ( -11.14999999999999680, 6.000000000000000000, -2.000000000000000000 ) ) ;
#2038 = DIRECTION ( 'NONE',  ( 0.001521307388087604325, 0.9961935453064447721, -0.08715564189200575296 ) ) ;
#2039 = ORIENTED_EDGE ( 'NONE', *, *, #851, .T. ) ;
#2040 = DIRECTION ( 'NONE',  ( 0.0000000000000000000, 1.000000000000000000, 0.0000000000000000000 ) ) ;
#2041 = FACE_OUTER_BOUND ( 'NONE', #142, .T. ) ;
#2042 = EDGE_LOOP ( 'NONE', ( #4253, #4168, #4616, #79 ) ) ;
#2043 = EDGE_CURVE ( 'NONE', #931, #7110, #3398, .T. ) ;
#2044 = DIRECTION ( 'NONE',  ( 1.668003342285391551E-16, 1.000000000000000000, 0.0000000000000000000 ) ) ;
#2045 = B_SPLINE_CURVE_WITH_KNOTS ( 'NONE', 3,
 ( #84, #5185, #6513, #1441 ),
 .UNSPECIFIED., .F., .F.,
 ( 4, 4 ),
 ( 0.0004121439919903493619, 0.0008234787390798762848 ),
 .UNSPECIFIED. ) ;
#2046 = AXIS2_PLACEMENT_3D ( 'NONE', #6949, #3648, #4407 ) ;
#2047 = CARTESIAN_POINT ( 'NONE',  ( -13.00000000000000000, 6.000000000000000000, -1.000000000000000000 ) ) ;
#2048 = EDGE_CURVE ( 'NONE', #319, #2604, #1129, .T. ) ;
#2049 = FACE_OUTER_BOUND ( 'NONE', #6615, .T. ) ;
#2050 = ORIENTED_EDGE ( 'NONE', *, *, #3087, .F. ) ;
#2051 = CARTESIAN_POINT ( 'NONE',  ( 12.40000000000000213, -5.000000000000000888, 1.000000000000000000 ) ) ;
#2052 = ORIENTED_EDGE ( 'NONE', *, *, #4975, .T. ) ;
#2053 = CYLINDRICAL_SURFACE ( 'NONE', #3880, 0.5000000000000000000 ) ;
#2054 = ADVANCED_FACE ( 'NONE', ( #4509 ), #1037, .T. ) ;
#2056 = EDGE_LOOP ( 'NONE', ( #318, #6234, #2248 ) ) ;
#2055 = CARTESIAN_POINT ( 'NONE',  ( 8.563106795708462116, -5.975728154850149743, -1.248190534232891835 ) ) ;
#2057 = EDGE_CURVE ( 'NONE', #3386, #5757, #1538, .T. ) ;
#2058 = CARTESIAN_POINT ( 'NONE',  ( 8.400000000000000355, -6.000000000000001776, -1.499999999999999556 ) ) ;
#2059 = CARTESIAN_POINT ( 'NONE',  ( -4.500000000000000888, 6.149999999999997691, -1.000000000000000888 ) ) ;
#2060 = EDGE_LOOP ( 'NONE', ( #3526, #5543, #3034, #1614 ) ) ;
#2061 = CIRCLE ( 'NONE', #3930, 4.549999999999999822 ) ;
#2062 = ORIENTED_EDGE ( 'NONE', *, *, #90, .F. ) ;
#2063 = DIRECTION ( 'NONE',  ( -1.000000000000000000, 0.0000000000000000000, -0.0000000000000000000 ) ) ;
#2064 = DIRECTION ( 'NONE',  ( 0.0000000000000000000, 0.0000000000000000000, 1.000000000000000000 ) ) ;
#2065 = CARTESIAN_POINT ( 'NONE',  ( -10.90200680405427391, -5.634133462257186586, 6.478870043677131818 ) ) ;
#2066 = VERTEX_POINT ( 'NONE', #7816 ) ;
#2067 = ORIENTED_EDGE ( 'NONE', *, *, #3710, .F. ) ;
#2068 = FACE_OUTER_BOUND ( 'NONE', #3813, .T. ) ;
#2069 = VECTOR ( 'NONE', #3861, 1000.000000000000000 ) ;
#2070 = DIRECTION ( 'NONE',  ( 1.000000000000000000, 0.0000000000000000000, 0.0000000000000000000 ) ) ;
#2071 = EDGE_CURVE ( 'NONE', #6569, #3511, #4013, .T. ) ;
#2072 = ORIENTED_EDGE ( 'NONE', *, *, #7631, .F. ) ;
#2073 = CARTESIAN_POINT ( 'NONE',  ( 1.228913276475505079, 4.586366785902514565, -8.471861240018435879 ) ) ;
#2074 = FACE_OUTER_BOUND ( 'NONE', #3928, .T. ) ;
#2075 = DIRECTION ( 'NONE',  ( -0.0000000000000000000, -0.0000000000000000000, -1.000000000000000000 ) ) ;
#2076 = CARTESIAN_POINT ( 'NONE',  ( 0.0000000000000000000, 0.0000000000000000000, 0.0000000000000000000 ) ) ;
#2077 =( BOUNDED_CURVE ( )  B_SPLINE_CURVE ( 3, ( #3732, #8263, #6329, #7625 ),
 .UNSPECIFIED., .F., .F. ) 
 B_SPLINE_CURVE_WITH_KNOTS ( ( 4, 4 ),
 ( 4.336808689942024836E-15, 1.570796326794931419 ),
 .UNSPECIFIED. ) 
 CURVE ( )  GEOMETRIC_REPRESENTATION_ITEM ( )  RATIONAL_B_SPLINE_CURVE ( ( 1.000000000000000000, 0.8047378541243578320, 0.8047378541243578320, 1.000000000000000000 ) ) 
 REPRESENTATION_ITEM ( '' )  );
#2078 = LINE ( 'NONE', #4016, #1988 ) ;
#2079 = EDGE_CURVE ( 'NONE', #245, #7161, #59, .T. ) ;
#2080 = CARTESIAN_POINT ( 'NONE',  ( 8.500000000000010658, -1.638349949533650654E-14, -3.000000000000000000 ) ) ;
#2081 = DIRECTION ( 'NONE',  ( 1.000000000000000000, 2.168404344971008474E-15, -0.0000000000000000000 ) ) ;
#2082 = CARTESIAN_POINT ( 'NONE',  ( -1.154097690616278982, 4.307151218277869731, -8.773913519132721106 ) ) ;
#2083 = ORIENTED_EDGE ( 'NONE', *, *, #798, .F. ) ;
#2084 = DIRECTION ( 'NONE',  ( -1.927470528863115795E-15, -1.000000000000000000, -0.0000000000000000000 ) ) ;
#2085 = FACE_OUTER_BOUND ( 'NONE', #2523, .T. ) ;
#2086 = AXIS2_PLACEMENT_3D ( 'NONE', #6912, #4258, #1748 ) ;
#2087 = VERTEX_POINT ( 'NONE', #5860 ) ;
#2088 = EDGE_CURVE ( 'NONE', #3139, #2295, #350, .T. ) ;
#2089 = ADVANCED_FACE ( 'NONE', ( #256 ), #7334, .T. ) ;
#2090 = ORIENTED_EDGE ( 'NONE', *, *, #3313, .T. ) ;
#2091 = ADVANCED_FACE ( 'NONE', ( #2824 ), #6024, .T. ) ;
#2092 = LOCAL_TIME ( 8, 25, 54.00000000000000000, #4271 ) ;
#2093 = VECTOR ( 'NONE', #6087, 1000.000000000000000 ) ;
#2094 = DIRECTION ( 'NONE',  ( -0.7071067811865462405, 0.7071067811865489050, 0.0000000000000000000 ) ) ;
#2095 = ORIENTED_EDGE ( 'NONE', *, *, #4756, .F. ) ;
#2096 = ORIENTED_EDGE ( 'NONE', *, *, #5264, .T. ) ;
#2097 = CARTESIAN_POINT ( 'NONE',  ( -5.000000000000000888, 6.500000000000004441, -1.000000000000000000 ) ) ;
#2098 = DIRECTION ( 'NONE',  ( 0.0000000000000000000, -0.0000000000000000000, -1.000000000000000000 ) ) ;
#2099 = ORIENTED_EDGE ( 'NONE', *, *, #4838, .F. ) ;
#2100 = EDGE_CURVE ( 'NONE', #1931, #7389, #6939, .T. ) ;
#2101 = CALENDAR_DATE ( 2019, 1, 8 ) ;
#2102 = ORIENTED_EDGE ( 'NONE', *, *, #5001, .F. ) ;
#2103 = APPROVAL ( #568, 'UNSPECIFIED' ) ;
#2104 = CARTESIAN_POINT ( 'NONE',  ( -2.315000000000000391, 0.0000000000000000000, 0.0000000000000000000 ) ) ;
#2105 = CARTESIAN_POINT ( 'NONE',  ( 8.500000000000000000, 6.649999999999997691, -9.035105632878352111 ) ) ;
#2106 = CARTESIAN_POINT ( 'NONE',  ( 10.90238231482040554, 5.575381013749832526, 6.477803184625932964 ) ) ;
#2107 = ORIENTED_EDGE ( 'NONE', *, *, #7494, .F. ) ;
#2108 = CARTESIAN_POINT ( 'NONE',  ( 5.249999999999999112, 6.349999999999999645, -3.350000000000002309 ) ) ;
#2109 = LINE ( 'NONE', #3637, #7841 ) ;
#2110 = CARTESIAN_POINT ( 'NONE',  ( -1.173617955648129429, 4.380001839154119558, -8.905832899600161667 ) ) ;
#2111 = LINE ( 'NONE', #884, #3185 ) ;
#2112 = VECTOR ( 'NONE', #2299, 1000.000000000000227 ) ;
#2113 = ORIENTED_EDGE ( 'NONE', *, *, #2366, .F. ) ;
#2114 = FACE_OUTER_BOUND ( 'NONE', #4066, .T. ) ;
#2115 = ORIENTED_EDGE ( 'NONE', *, *, #385, .T. ) ;
#2116 = DIRECTION ( 'NONE',  ( -0.01744974916067617773, -0.01744974916067593834, 0.9996954598818876825 ) ) ;
#2117 = ORIENTED_EDGE ( 'NONE', *, *, #7322, .F. ) ;
#2118 = ORIENTED_EDGE ( 'NONE', *, *, #1368, .T. ) ;
#2119 = LINE ( 'NONE', #1663, #1029 ) ;
#2120 = EDGE_CURVE ( 'NONE', #2995, #1725, #8171, .T. ) ;
#2121 = DIRECTION ( 'NONE',  ( -0.7071067811865464625, 0.7071067811865486830, 0.0000000000000000000 ) ) ;
#2122 = DIRECTION ( 'NONE',  ( -1.000000000000000000, -0.0000000000000000000, -0.0000000000000000000 ) ) ;
#2123 = ORIENTED_EDGE ( 'NONE', *, *, #2166, .F. ) ;
#2124 = DIRECTION ( 'NONE',  ( 0.0000000000000000000, 0.0000000000000000000, 1.000000000000000000 ) ) ;
#2125 = DIRECTION ( 'NONE',  ( -0.01745240643728354635, 0.0000000000000000000, -0.9998476951563911586 ) ) ;
#2126 = EDGE_CURVE ( 'NONE', #5093, #5498, #7549, .T. ) ;
#2127 = VECTOR ( 'NONE', #2084, 1000.000000000000000 ) ;
#2128 = VERTEX_POINT ( 'NONE', #7466 ) ;
#2129 = VERTEX_POINT ( 'NONE', #6839 ) ;
#2130 = VERTEX_POINT ( 'NONE', #1027 ) ;
#2131 = ADVANCED_FACE ( 'NONE', ( #4311 ), #4212, .T. ) ;
#2132 = DIRECTION ( 'NONE',  ( -0.0000000000000000000, -0.0000000000000000000, -1.000000000000000000 ) ) ;
#2133 = AXIS2_PLACEMENT_3D ( 'NONE', #6815, #5515, #1700 ) ;
#2134 = CARTESIAN_POINT ( 'NONE',  ( 12.40000000000000391, 5.000000000000000888, 1.853973807744092372 ) ) ;
#2135 = CARTESIAN_POINT ( 'NONE',  ( 3.301787997811554742, -6.200000000000000178, -1.000000000000000888 ) ) ;
#2136 = LINE ( 'NONE', #1861, #5732 ) ;
#2137 = AXIS2_PLACEMENT_3D ( 'NONE', #6438, #5736, #721 ) ;
#2138 = VERTEX_POINT ( 'NONE', #3549 ) ;
#2139 = CARTESIAN_POINT ( 'NONE',  ( 12.26655954223761569, -5.188666119144690114, 1.349929138539619489 ) ) ;
#2140 = DIRECTION ( 'NONE',  ( 1.000000000000000000, 0.0000000000000000000, 0.0000000000000000000 ) ) ;
#2141 = CARTESIAN_POINT ( 'NONE',  ( -3.590811685924654828, 2.954415582856773526, -7.449999999999999289 ) ) ;
#2142 = LINE ( 'NONE', #7276, #4027 ) ;
#2143 = DIRECTION ( 'NONE',  ( -0.0000000000000000000, -0.9998476951563913806, -0.01745240643727676358 ) ) ;
#2144 = EDGE_LOOP ( 'NONE', ( #7427, #3682, #7063, #6582 ) ) ;
#2145 = ORIENTED_EDGE ( 'NONE', *, *, #3075, .F. ) ;
#2146 = AXIS2_PLACEMENT_3D ( 'NONE', #7885, #2124, #2679 ) ;
#2147 = CARTESIAN_POINT ( 'NONE',  ( 9.292893218813453871, -6.650000000000002132, -2.943132368708154534 ) ) ;
#2148 = EDGE_CURVE ( 'NONE', #7943, #4948, #5069, .T. ) ;
#2149 = DIRECTION ( 'NONE',  ( -0.7071067811865451302, 0.7071067811865499042, 0.0000000000000000000 ) ) ;
#2150 = CARTESIAN_POINT ( 'NONE',  ( 12.19996953439122045, -5.200000000000000178, 1.000000000033196557 ) ) ;
#2151 = VECTOR ( 'NONE', #7928, 1000.000000000000000 ) ;
#2152 = EDGE_LOOP ( 'NONE', ( #4417, #7520, #52, #4786 ) ) ;
#2153 = ORIENTED_EDGE ( 'NONE', *, *, #316, .T. ) ;
#2154 = CARTESIAN_POINT ( 'NONE',  ( 8.208980597418689129, -6.349999999999999645, -3.350000000000002309 ) ) ;
#2155 = LINE ( 'NONE', #3759, #7578 ) ;
#2156 = DIRECTION ( 'NONE',  ( -1.000000000000000000, 0.0000000000000000000, 0.0000000000000000000 ) ) ;
#2157 = DIRECTION ( 'NONE',  ( 0.0000000000000000000, 0.0000000000000000000, 1.000000000000000000 ) ) ;
#2158 = DIRECTION ( 'NONE',  ( 0.0000000000000000000, -1.000000000000000000, 0.0000000000000000000 ) ) ;
#2159 = VERTEX_POINT ( 'NONE', #3137 ) ;
#2160 = ORIENTED_EDGE ( 'NONE', *, *, #5929, .F. ) ;
#2161 = ORIENTED_EDGE ( 'NONE', *, *, #6433, .F. ) ;
#2162 = VECTOR ( 'NONE', #1039, 1000.000000000000227 ) ;
#2163 = PLANE ( 'NONE',  #4728 ) ;
#2164 = CARTESIAN_POINT ( 'NONE',  ( 3.501277141293968054, -6.185714285714285943, -1.000000000000000888 ) ) ;
#2165 = PLANE ( 'NONE',  #7108 ) ;
#2166 = EDGE_CURVE ( 'NONE', #1848, #6788, #6427, .T. ) ;
#2167 = ADVANCED_FACE ( 'NONE', ( #456 ), #5061, .T. ) ;
#2168 = PLANE ( 'NONE',  #2289 ) ;
#2169 = FACE_OUTER_BOUND ( 'NONE', #629, .T. ) ;
#2170 = EDGE_CURVE ( 'NONE', #7389, #2396, #5222, .T. ) ;
#2171 = ORIENTED_EDGE ( 'NONE', *, *, #5825, .F. ) ;
#2172 = CARTESIAN_POINT ( 'NONE',  ( 7.900000000000000355, 5.900000000000003020, -9.299999999999998934 ) ) ;
#2173 = CARTESIAN_POINT ( 'NONE',  ( 0.0000000000000000000, 0.0000000000000000000, -92.70000000000000284 ) ) ;
#2174 =( BOUNDED_SURFACE ( )  B_SPLINE_SURFACE ( 3, 2, ( 
 ( #3062, #7532, #2390 ),
 ( #6207, #5009, #1193 ),
 ( #7501, #3631, #6875 ),
 ( #4308, #5574, #495 ) ),
 .UNSPECIFIED., .F., .F., .F. ) 
 B_SPLINE_SURFACE_WITH_KNOTS ( ( 4, 4 ),
 ( 3, 3 ),
 ( 4.264991995490623466, 4.264997681290463305 ),
 ( 0.0000000000000000000, 1.000000000000000000 ),
 .UNSPECIFIED. ) 
 GEOMETRIC_REPRESENTATION_ITEM ( )  RATIONAL_B_SPLINE_SURFACE ( (
 ( 1.000000000000000000, 0.8463489079470809529, 1.000000000000000000),
 ( 1.000000000000000000, 0.8463484032206011198, 1.000000000000000000),
 ( 1.000000000000000000, 0.8463478984929765359, 1.000000000000000000),
 ( 1.000000000000000000, 0.8463473937642223000, 1.000000000000000000) ) ) 
 REPRESENTATION_ITEM ( '' )  SURFACE ( )  );
#2175 = SPHERICAL_SURFACE ( 'NONE', #4531, 0.2000000000000000111 ) ;
#2176 = AXIS2_PLACEMENT_3D ( 'NONE', #2337, #1740, #4307 ) ;
#2177 = DIRECTION ( 'NONE',  ( -1.000000000000000000, 0.0000000000000000000, -0.0000000000000000000 ) ) ;
#2178 = ORIENTED_EDGE ( 'NONE', *, *, #5839, .F. ) ;
#2179 = DIRECTION ( 'NONE',  ( 1.000000000000000000, 0.0000000000000000000, 0.0000000000000000000 ) ) ;
#2180 = CARTESIAN_POINT ( 'NONE',  ( 8.499999999999998224, -6.000000000000001776, -1.499999999999999556 ) ) ;
#2181 = LOCAL_TIME ( 8, 25, 54.00000000000000000, #6586 ) ;
#2182 = CARTESIAN_POINT ( 'NONE',  ( -8.499999999999998224, -5.900000000000001243, -1.499999999999999556 ) ) ;
#2183 = FACE_OUTER_BOUND ( 'NONE', #4847, .T. ) ;
#2184 = PLANE ( 'NONE',  #8069 ) ;
#2185 = DIRECTION ( 'NONE',  ( 0.0000000000000000000, 0.0000000000000000000, 1.000000000000000000 ) ) ;
#2186 = ORIENTED_EDGE ( 'NONE', *, *, #3763, .T. ) ;
#2187 = ORIENTED_EDGE ( 'NONE', *, *, #3274, .T. ) ;
#2188 = CARTESIAN_POINT ( 'NONE',  ( 5.249999999999999112, 5.964708090068001844, -1.000000000000000000 ) ) ;
#2189 = DIRECTION ( 'NONE',  ( -1.668003342285391551E-16, 1.000000000000000000, 0.0000000000000000000 ) ) ;
#2191 = DIRECTION ( 'NONE',  ( 0.0000000000000000000, -0.0000000000000000000, -1.000000000000000000 ) ) ;
#2190 = LOCAL_TIME ( 8, 25, 54.00000000000000000, #3473 ) ;
#2192 = AXIS2_PLACEMENT_3D ( 'NONE', #7416, #954, #1688 ) ;
#2193 = CARTESIAN_POINT ( 'NONE',  ( -13.00000000000000000, 5.800000000000000711, -3.000000000000000000 ) ) ;
#2194 = FACE_OUTER_BOUND ( 'NONE', #4344, .T. ) ;
#2195 = AXIS2_PLACEMENT_3D ( 'NONE', #33, #4367, #6348 ) ;
#2196 = ORIENTED_EDGE ( 'NONE', *, *, #2057, .T. ) ;
#2197 = EDGE_CURVE ( 'NONE', #4993, #1064, #839, .T. ) ;
#2198 = EDGE_LOOP ( 'NONE', ( #6724, #6872, #6389, #7114 ) ) ;
#2199 = DIRECTION ( 'NONE',  ( -0.3314418875039927825, 0.0000000000000000000, 0.9434756357255816850 ) ) ;
#2200 = ORIENTED_EDGE ( 'NONE', *, *, #8216, .F. ) ;
#2201 = CYLINDRICAL_SURFACE ( 'NONE', #7791, 0.2000000000000000944 ) ;
#2202 = DIRECTION ( 'NONE',  ( 0.0000000000000000000, 0.0000000000000000000, 1.000000000000000000 ) ) ;
#2203 = CARTESIAN_POINT ( 'NONE',  ( 2.922036380408588929, -3.487721805357856919, 0.0000000000000000000 ) ) ;
#2204 = CIRCLE ( 'NONE', #923, 0.2499999999999997780 ) ;
#2205 = EDGE_LOOP ( 'NONE', ( #1678, #1312, #279, #4542 ) ) ;
#2206 = DIRECTION ( 'NONE',  ( -0.0000000000000000000, 0.0000000000000000000, -1.000000000000000000 ) ) ;
#2207 = DIRECTION ( 'NONE',  ( -1.000000000000000000, -1.445602896647339163E-16, 0.0000000000000000000 ) ) ;
#2208 = ORIENTED_EDGE ( 'NONE', *, *, #238, .F. ) ;
#2209 = DIRECTION ( 'NONE',  ( 1.057758217059028608E-16, -1.000000000000000000, 0.0000000000000000000 ) ) ;
#2210 = EDGE_CURVE ( 'NONE', #6247, #2364, #6905, .T. ) ;
#2211 = FACE_OUTER_BOUND ( 'NONE', #584, .T. ) ;
#2212 = ADVANCED_FACE ( 'NONE', ( #645 ), #6835, .T. ) ;
#2213 = CARTESIAN_POINT ( 'NONE',  ( 0.0000000000000000000, 0.0000000000000000000, 1.000000000000000000 ) ) ;
#2214 = FACE_OUTER_BOUND ( 'NONE', #5714, .T. ) ;
#2215 = VERTEX_POINT ( 'NONE', #1226 ) ;
#2216 = ORIENTED_EDGE ( 'NONE', *, *, #769, .T. ) ;
#2217 = DIRECTION ( 'NONE',  ( -0.01745240643728354635, -0.0000000000000000000, -0.9998476951563911586 ) ) ;
#2218 = CARTESIAN_POINT ( 'NONE',  ( -8.354458128769374881, 6.354458128769466363, -1.016452607790665486 ) ) ;
#2219 = DIRECTION ( 'NONE',  ( 1.000000000000000000, 0.0000000000000000000, 0.0000000000000000000 ) ) ;
#2220 = CIRCLE ( 'NONE', #8066, 0.1000000000000002554 ) ;
#2221 = CARTESIAN_POINT ( 'NONE',  ( 0.0000000000000000000, 0.0000000000000000000, 0.0000000000000000000 ) ) ;
#2222 = PLANE ( 'NONE',  #4478 ) ;
#2223 = ORIENTED_EDGE ( 'NONE', *, *, #4940, .F. ) ;
#2224 = CARTESIAN_POINT ( 'NONE',  ( 12.28615389755040432, -5.180563133727036806, 1.600105644159235840 ) ) ;
#2225 = DIRECTION ( 'NONE',  ( -1.000000000000000000, 0.0000000000000000000, 0.0000000000000000000 ) ) ;
#2226 = CIRCLE ( 'NONE', #7504, 4.650000000000000355 ) ;
#2227 = DIRECTION ( 'NONE',  ( 0.01745240643727699603, 0.0000000000000000000, 0.9998476951563912696 ) ) ;
#2228 = VERTEX_POINT ( 'NONE', #1819 ) ;
#2229 = LINE ( 'NONE', #2245, #5818 ) ;
#2230 = EDGE_CURVE ( 'NONE', #4590, #3386, #4105, .T. ) ;
#2231 = DIRECTION ( 'NONE',  ( 0.0000000000000000000, 0.0000000000000000000, 1.000000000000000000 ) ) ;
#2232 = EDGE_CURVE ( 'NONE', #7314, #3092, #737, .T. ) ;
#2233 = VECTOR ( 'NONE', #7467, 1000.000000000000114 ) ;
#2234 = ORIENTED_EDGE ( 'NONE', *, *, #8189, .F. ) ;
#2235 = CARTESIAN_POINT ( 'NONE',  ( -1.163712062509606682, -4.502053510331903041, -8.386263384199137860 ) ) ;
#2236 = DIRECTION ( 'NONE',  ( 0.0000000000000000000, -1.000000000000000000, 0.0000000000000000000 ) ) ;
#2237 = DIRECTION ( 'NONE',  ( 0.0000000000000000000, -1.000000000000000000, 0.0000000000000000000 ) ) ;
#2238 = EDGE_CURVE ( 'NONE', #3808, #5093, #3914, .T. ) ;
#2239 = LINE ( 'NONE', #7112, #7657 ) ;
#2240 = CARTESIAN_POINT ( 'NONE',  ( -10.97764956382740031, -5.549999999999998934, 6.469075430963144413 ) ) ;
#2241 = ORIENTED_EDGE ( 'NONE', *, *, #1101, .F. ) ;
#2242 = DIRECTION ( 'NONE',  ( 0.3314418875039927825, 0.0000000000000000000, 0.9434756357255816850 ) ) ;
#2243 = DIRECTION ( 'NONE',  ( 1.000000000000000000, 0.0000000000000000000, 0.0000000000000000000 ) ) ;
#2244 = CARTESIAN_POINT ( 'NONE',  ( 0.0000000000000000000, 0.0000000000000000000, 0.0000000000000000000 ) ) ;
#2245 = CARTESIAN_POINT ( 'NONE',  ( -12.76806172546899987, -5.206275159746432735, 0.8062568971320149824 ) ) ;
#2246 = EDGE_CURVE ( 'NONE', #1390, #4663, #2326, .T. ) ;
#2247 = CIRCLE ( 'NONE', #3341, 0.1999999999999995393 ) ;
#2248 = ORIENTED_EDGE ( 'NONE', *, *, #7388, .F. ) ;
#2249 = CARTESIAN_POINT ( 'NONE',  ( 12.21885405798099100, -5.199113680584657615, 1.027364763702823369 ) ) ;
#2250 = VERTEX_POINT ( 'NONE', #6370 ) ;
#2251 = ADVANCED_FACE ( 'NONE', ( #4704 ), #1744, .T. ) ;
#2252 = DIRECTION ( 'NONE',  ( -1.000000000000000000, -0.0000000000000000000, -0.0000000000000000000 ) ) ;
#2253 = LINE ( 'NONE', #6945, #4341 ) ;
#2254 = ORIENTED_EDGE ( 'NONE', *, *, #2513, .T. ) ;
#2255 = DIRECTION ( 'NONE',  ( -0.9998476951563912696, 0.0000000000000000000, -0.01745240643728354982 ) ) ;
#2256 = EDGE_CURVE ( 'NONE', #8203, #574, #3411, .T. ) ;
#2257 = ORIENTED_EDGE ( 'NONE', *, *, #6889, .T. ) ;
#2258 = ORIENTED_EDGE ( 'NONE', *, *, #6622, .T. ) ;
#2259 = CARTESIAN_POINT ( 'NONE',  ( 12.34870306676130092, -5.136761787637590615, 1.999994599123676720 ) ) ;
#2260 = CC_DESIGN_DATE_AND_TIME_ASSIGNMENT ( #2495, #5423, ( #2683 ) ) ;
#2261 = FACE_OUTER_BOUND ( 'NONE', #2755, .T. ) ;
#2262 = CARTESIAN_POINT ( 'NONE',  ( 5.000000000000000000, 5.900000000000003908, -1.500000000000000444 ) ) ;
#2263 = FACE_OUTER_BOUND ( 'NONE', #7261, .T. ) ;
#2264 = DIRECTION ( 'NONE',  ( 0.0000000000000000000, -0.0000000000000000000, -1.000000000000000000 ) ) ;
#2265 = ORIENTED_EDGE ( 'NONE', *, *, #4026, .T. ) ;
#2266 = CARTESIAN_POINT ( 'NONE',  ( 0.0000000000000000000, 6.000000000000003553, -3.000000000000000000 ) ) ;
#2267 = ORIENTED_EDGE ( 'NONE', *, *, #7086, .T. ) ;
#2268 = CARTESIAN_POINT ( 'NONE',  ( 10.90200680405427391, -5.634133462257186586, 6.478870043677135371 ) ) ;
#2269 = CIRCLE ( 'NONE', #7238, 99.66350510663009743 ) ;
#2270 = CARTESIAN_POINT ( 'NONE',  ( -8.428001933057283068, 6.428001933056853190, -1.000000000026819214 ) ) ;
#2271 = CARTESIAN_POINT ( 'NONE',  ( -4.392129879579201932E-16, -1.769906419927147121E-16, -8.399999999999998579 ) ) ;
#2272 = CARTESIAN_POINT ( 'NONE',  ( 4.000000000000001776, -6.150000000000002132, -1.000000000000000888 ) ) ;
#2273 = FACE_OUTER_BOUND ( 'NONE', #2777, .T. ) ;
#2274 = DIRECTION ( 'NONE',  ( 0.0000000000000000000, -1.000000000000000000, 0.0000000000000000000 ) ) ;
#2275 = CARTESIAN_POINT ( 'NONE',  ( -12.79999999999999893, 5.800000000000000711, -1.000000000000000000 ) ) ;
#2276 = EDGE_CURVE ( 'NONE', #4733, #1452, #7650, .T. ) ;
#2277 = AXIS2_PLACEMENT_3D ( 'NONE', #5943, #1539, #3436 ) ;
#2278 = ORIENTED_EDGE ( 'NONE', *, *, #4431, .F. ) ;
#2279 = DIRECTION ( 'NONE',  ( 1.000000000000000000, 0.0000000000000000000, 0.0000000000000000000 ) ) ;
#2280 =( BOUNDED_CURVE ( )  B_SPLINE_CURVE ( 3, ( #5655, #8167, #8218, #4332 ),
 .UNSPECIFIED., .F., .F. ) 
 B_SPLINE_CURVE_WITH_KNOTS ( ( 4, 4 ),
 ( 1.570796326794896558, 3.141592653589792228 ),
 .UNSPECIFIED. ) 
 CURVE ( )  GEOMETRIC_REPRESENTATION_ITEM ( )  RATIONAL_B_SPLINE_CURVE ( ( 1.000000000000000000, 0.8047378541243652705, 0.8047378541243652705, 1.000000000000000000 ) ) 
 REPRESENTATION_ITEM ( '' )  );
#2281 = DIRECTION ( 'NONE',  ( 1.000000000000000000, 0.0000000000000000000, 0.0000000000000000000 ) ) ;
#2282 = LINE ( 'NONE', #1703, #6192 ) ;
#2283 = EDGE_CURVE ( 'NONE', #1381, #2215, #5932, .T. ) ;
#2284 = EDGE_LOOP ( 'NONE', ( #5020, #3271, #2405, #3564 ) ) ;
#2285 = DIRECTION ( 'NONE',  ( 0.0000000000000000000, 0.2229098465715040889, -0.9748390637953878723 ) ) ;
#2286 = CARTESIAN_POINT ( 'NONE',  ( 4.979800088298127037, 6.100166593084898281, -1.192726625728557588 ) ) ;
#2287 = VERTEX_POINT ( 'NONE', #7700 ) ;
#2289 = AXIS2_PLACEMENT_3D ( 'NONE', #3358, #6031, #4897 ) ;
#2288 = CARTESIAN_POINT ( 'NONE',  ( 12.96326458944042948, 5.549999999999998934, 1.104570261448656110 ) ) ;
#2290 = CALENDAR_DATE ( 2019, 1, 8 ) ;
#2291 = VECTOR ( 'NONE', #2559, 1000.000000000000000 ) ;
#2292 = ORIENTED_EDGE ( 'NONE', *, *, #3133, .F. ) ;
#2293 = AXIS2_PLACEMENT_3D ( 'NONE', #1741, #4820, #1134 ) ;
#2294 = ADVANCED_FACE ( 'NONE', ( #2522 ), #937, .T. ) ;
#2295 = VERTEX_POINT ( 'NONE', #3088 ) ;
#2296 = CARTESIAN_POINT ( 'NONE',  ( 13.00002500000000261, -6.000000000000016875, -3.021872165881479333 ) ) ;
#2297 = DIRECTION ( 'NONE',  ( -1.000000000000000000, -1.057758217059028608E-16, 0.0000000000000000000 ) ) ;
#2298 = ORIENTED_EDGE ( 'NONE', *, *, #4564, .T. ) ;
#2299 = DIRECTION ( 'NONE',  ( 0.01744974916067617426, 0.01744974916067593834, -0.9996954598818876825 ) ) ;
#2300 = DIRECTION ( 'NONE',  ( -0.0000000000000000000, 0.0000000000000000000, 1.000000000000000000 ) ) ;
#2301 = LOCAL_TIME ( 8, 25, 54.00000000000000000, #5696 ) ;
#2302 = CIRCLE ( 'NONE', #4743, 0.5000000000000004441 ) ;
#2303 = ORIENTED_EDGE ( 'NONE', *, *, #3828, .F. ) ;
#2304 = VERTEX_POINT ( 'NONE', #53 ) ;
#2305 = CARTESIAN_POINT ( 'NONE',  ( 4.500000000000000888, 6.650000000000004796, -2.943132368708153646 ) ) ;
#2306 = CARTESIAN_POINT ( 'NONE',  ( -12.71400762708950261, -1.332137150329448931E-15, 1.059819946095851950 ) ) ;
#2307 = DIRECTION ( 'NONE',  ( -0.0000000000000000000, -0.0000000000000000000, -1.000000000000000000 ) ) ;
#2308 = EDGE_CURVE ( 'NONE', #6396, #3300, #1339, .T. ) ;
#2309 = CARTESIAN_POINT ( 'NONE',  ( 0.0000000000000000000, -5.964708090068001844, -1.000000000000000000 ) ) ;
#2310 = ORIENTED_EDGE ( 'NONE', *, *, #2672, .T. ) ;
#2311 = CIRCLE ( 'NONE', #5280, 4.650000000000000355 ) ;
#2312 = CARTESIAN_POINT ( 'NONE',  ( 0.9670956450635146417, 4.348792752600306954, -8.777007848704725390 ) ) ;
#2313 = VERTEX_POINT ( 'NONE', #7731 ) ;
#2314 = CARTESIAN_POINT ( 'NONE',  ( 4.657048748739236466, 6.369126042717283553, -1.013013667921742744 ) ) ;
#2315 = VERTEX_POINT ( 'NONE', #7039 ) ;
#2316 = CARTESIAN_POINT ( 'NONE',  ( -12.30522939509090463, 5.170395235815462343, 1.914035515358427864 ) ) ;
#2317 = LINE ( 'NONE', #1310, #5925 ) ;
#2318 = ORIENTED_EDGE ( 'NONE', *, *, #3937, .F. ) ;
#2319 = CARTESIAN_POINT ( 'NONE',  ( 10.93142588574142060, 5.549999999999998934, 6.545662011518390777 ) ) ;
#2320 = DIRECTION ( 'NONE',  ( 1.000000000000000000, 0.0000000000000000000, 0.0000000000000000000 ) ) ;
#2321 = CARTESIAN_POINT ( 'NONE',  ( 7.707806392922710081, 6.282729869478701268, -3.417270130521300242 ) ) ;
#2322 = CARTESIAN_POINT ( 'NONE',  ( 7.750000000000001776, 5.200000000000000178, -1.000000000000000000 ) ) ;
#2323 = CARTESIAN_POINT ( 'NONE',  ( 5.284910129856434047, 6.249999999999999112, -3.000000000000000000 ) ) ;
#2324 =( NAMED_UNIT ( * ) PLANE_ANGLE_UNIT ( ) SI_UNIT ( $, .RADIAN. ) );
#2325 = DIRECTION ( 'NONE',  ( 1.057758217059028608E-16, -1.000000000000000000, 0.0000000000000000000 ) ) ;
#2326 = CIRCLE ( 'NONE', #1653, 0.1000000000000002554 ) ;
#2327 = EDGE_CURVE ( 'NONE', #2897, #2228, #2226, .T. ) ;
#2328 = ORIENTED_EDGE ( 'NONE', *, *, #7379, .F. ) ;
#2329 = CYLINDRICAL_SURFACE ( 'NONE', #6679, 0.09999999999999939493 ) ;
#2330 = CARTESIAN_POINT ( 'NONE',  ( 4.500000000000001776, -5.100000000000002309, -1.000000000000000888 ) ) ;
#2331 = PLANE ( 'NONE',  #2133 ) ;
#2332 = DIRECTION ( 'NONE',  ( 0.0000000000000000000, 0.0000000000000000000, 1.000000000000000000 ) ) ;
#2333 = CARTESIAN_POINT ( 'NONE',  ( 5.249999999999999112, 6.000000000000000000, -1.000000000000000000 ) ) ;
#2334 = EDGE_CURVE ( 'NONE', #4984, #3350, #7754, .T. ) ;
#2335 = LINE ( 'NONE', #6575, #2839 ) ;
#2336 = ADVANCED_FACE ( 'NONE', ( #7237 ), #2580, .T. ) ;
#2337 = CARTESIAN_POINT ( 'NONE',  ( 3.500178566873394015, -3.712310601229390716, -1.471169911671835973 ) ) ;
#2338 = CARTESIAN_POINT ( 'NONE',  ( 4.000000000000001776, -5.100000000000001421, -1.499999999999999556 ) ) ;
#2339 = ORIENTED_EDGE ( 'NONE', *, *, #3817, .F. ) ;
#2340 = DIRECTION ( 'NONE',  ( 0.0000000000000000000, 0.0000000000000000000, -1.000000000000000000 ) ) ;
#2341 = AXIS2_PLACEMENT_3D ( 'NONE', #1928, #4502, #2617 ) ;
#2342 = LINE ( 'NONE', #4492, #4926 ) ;
#2343 = AXIS2_PLACEMENT_3D ( 'NONE', #454, #6807, #8095 ) ;
#2344 = DIRECTION ( 'NONE',  ( -0.0000000000000000000, -1.000000000000000000, -0.0000000000000000000 ) ) ;
#2345 = ORIENTED_EDGE ( 'NONE', *, *, #4449, .F. ) ;
#2346 = DIRECTION ( 'NONE',  ( 1.000000000000000000, 0.0000000000000000000, 0.0000000000000000000 ) ) ;
#2347 = EDGE_CURVE ( 'NONE', #389, #1223, #3812, .T. ) ;
#2348 = CARTESIAN_POINT ( 'NONE',  ( -5.284910129856433159, 6.349999999999999645, -3.000000000000000000 ) ) ;
#2349 = DIRECTION ( 'NONE',  ( -1.927470528863115795E-15, -1.000000000000000000, 0.0000000000000000000 ) ) ;
#2350 = CIRCLE ( 'NONE', #1921, 0.2000000000000005107 ) ;
#2351 = ORIENTED_EDGE ( 'NONE', *, *, #255, .T. ) ;
#2352 = DATE_TIME_ROLE ( 'classification_date' ) ;
#2353 = AXIS2_PLACEMENT_3D ( 'NONE', #7173, #801, #4552 ) ;
#2354 = AXIS2_PLACEMENT_3D ( 'NONE', #7022, #585, #5107 ) ;
#2355 = ORIENTED_EDGE ( 'NONE', *, *, #8163, .F. ) ;
#2356 = EDGE_CURVE ( 'NONE', #2215, #4134, #5725, .T. ) ;
#2357 = LINE ( 'NONE', #6570, #672 ) ;
#2358 = VECTOR ( 'NONE', #2746, 1000.000000000000000 ) ;
#2359 = DIRECTION ( 'NONE',  ( 1.000000000000000000, 0.0000000000000000000, 0.0000000000000000000 ) ) ;
#2360 = CARTESIAN_POINT ( 'NONE',  ( 12.25325630915490827, 5.192841107168700177, 1.221028016225097934 ) ) ;
#2361 = CARTESIAN_POINT ( 'NONE',  ( 7.281116333598566470, 5.549999999999998934, 6.875955803897139340 ) ) ;
#2362 = VERTEX_POINT ( 'NONE', #7772 ) ;
#2363 = CARTESIAN_POINT ( 'NONE',  ( -8.500000000000000000, 6.649999999999997691, -9.035105632878352111 ) ) ;
#2364 = VERTEX_POINT ( 'NONE', #2597 ) ;
#2365 = FACE_OUTER_BOUND ( 'NONE', #8131, .T. ) ;
#2366 = EDGE_CURVE ( 'NONE', #6788, #6585, #3117, .T. ) ;
#2367 = CARTESIAN_POINT ( 'NONE',  ( 9.603470755691904076E-16, 2.540000000000000036, -5.500000000000000000 ) ) ;
#2368 = DIRECTION ( 'NONE',  ( -0.3313969516099847246, 0.01646619573978484741, -0.9433477221372130739 ) ) ;
#2369 = CIRCLE ( 'NONE', #3095, 0.1999999999999991784 ) ;
#2370 = CARTESIAN_POINT ( 'NONE',  ( -12.38087349745939925, -5.087471403461403696, 1.908418915041738995 ) ) ;
#2371 = ADVANCED_FACE ( 'NONE', ( #556, #7134 ), #7103, .T. ) ;
#2372 = CARTESIAN_POINT ( 'NONE',  ( 9.500000000000001776, -6.000000000000000000, -3.000000000000000000 ) ) ;
#2373 = ORIENTED_EDGE ( 'NONE', *, *, #5604, .T. ) ;
#2374 = CARTESIAN_POINT ( 'NONE',  ( 0.0000000000000000000, -6.349999999999999645, -3.350000000000002309 ) ) ;
#2375 = DIRECTION ( 'NONE',  ( 0.0000000000000000000, 0.01745240643727676011, 0.9998476951563912696 ) ) ;
#2376 = CARTESIAN_POINT ( 'NONE',  ( -9.000000000000000000, -6.500000000000002665, -1.000000000000000000 ) ) ;
#2377 = CYLINDRICAL_SURFACE ( 'NONE', #860, 99.66350510663009743 ) ;
#2378 = APPROVAL_STATUS ( 'not_yet_approved' ) ;
#2379 = ORIENTED_EDGE ( 'NONE', *, *, #5935, .T. ) ;
#2380 = EDGE_CURVE ( 'NONE', #3212, #2604, #1228, .T. ) ;
#2381 = ORIENTED_EDGE ( 'NONE', *, *, #168, .F. ) ;
#2382 = CARTESIAN_POINT ( 'NONE',  ( -9.000000000000010658, -1.734723475976806463E-14, -1.000000000000000000 ) ) ;
#2383 = CARTESIAN_POINT ( 'NONE',  ( 9.000000000000001776, -6.650000000000001243, -9.035105632878352111 ) ) ;
#2384 = PLANE ( 'NONE',  #6421 ) ;
#2385 = PERSON_AND_ORGANIZATION ( #4749, #613 ) ;
#2386 = DIRECTION ( 'NONE',  ( 0.01744974916068268642, 0.01744974916067593834, 0.9996954598818875715 ) ) ;
#2387 = CYLINDRICAL_SURFACE ( 'NONE', #4086, 0.5000000000000004441 ) ;
#2388 = AXIS2_PLACEMENT_3D ( 'NONE', #818, #2202, #7882 ) ;
#2389 = ORIENTED_EDGE ( 'NONE', *, *, #842, .T. ) ;
#2390 = CARTESIAN_POINT ( 'NONE',  ( 11.06938643620614826, -5.549474382746666379, 6.344788713283844750 ) ) ;
#2391 = ORIENTED_EDGE ( 'NONE', *, *, #7708, .F. ) ;
#2392 = DIRECTION ( 'NONE',  ( -0.0000000000000000000, 1.000000000000000000, -0.0000000000000000000 ) ) ;
#2393 = EDGE_CURVE ( 'NONE', #7368, #4278, #6132, .T. ) ;
#2394 = APPROVAL_DATE_TIME ( #2591, #6548 ) ;
#2395 = CYLINDRICAL_SURFACE ( 'NONE', #950, 0.1999999999999991784 ) ;
#2396 = VERTEX_POINT ( 'NONE', #662 ) ;
#2397 = ORIENTED_EDGE ( 'NONE', *, *, #4413, .F. ) ;
#2398 = ORIENTED_EDGE ( 'NONE', *, *, #3901, .F. ) ;
#2399 = AXIS2_PLACEMENT_3D ( 'NONE', #6754, #6105, #421 ) ;
#2400 = LINE ( 'NONE', #2812, #6001 ) ;
#2401 = DATE_AND_TIME ( #5803, #3008 ) ;
#2402 = AXIS2_PLACEMENT_3D ( 'NONE', #367, #305, #7341 ) ;
#2403 = CARTESIAN_POINT ( 'NONE',  ( 11.06882430048114863, 5.637602997552447981, 6.346388877235662029 ) ) ;
#2404 = CIRCLE ( 'NONE', #7965, 90.18367011610379791 ) ;
#2405 = ORIENTED_EDGE ( 'NONE', *, *, #3180, .F. ) ;
#2406 = CARTESIAN_POINT ( 'NONE',  ( -8.631271950874294774, -6.192726625728598222, -1.100166593084857203 ) ) ;
#2407 = DIRECTION ( 'NONE',  ( 1.000000000000000000, 0.0000000000000000000, 0.0000000000000000000 ) ) ;
#2408 = APPROVAL_STATUS ( 'not_yet_approved' ) ;
#2409 = ORIENTED_EDGE ( 'NONE', *, *, #5376, .T. ) ;
#2410 = FACE_OUTER_BOUND ( 'NONE', #447, .T. ) ;
#2411 = ORIENTED_EDGE ( 'NONE', *, *, #2048, .F. ) ;
#2412 = VERTEX_POINT ( 'NONE', #4453 ) ;
#2413 = PLANE ( 'NONE',  #7274 ) ;
#2414 = CARTESIAN_POINT ( 'NONE',  ( 8.500000000000000000, -5.100000000000000533, -9.299999999999998934 ) ) ;
#2415 = CARTESIAN_POINT ( 'NONE',  ( 12.26798038974902028, 5.188364446902105520, 1.359243151071485078 ) ) ;
#2416 = LINE ( 'NONE', #2866, #547 ) ;
#2417 = DIRECTION ( 'NONE',  ( 1.057758217059028608E-16, -1.000000000000000000, 0.0000000000000000000 ) ) ;
#2418 = CARTESIAN_POINT ( 'NONE',  ( -11.06901056154837093, -5.608401958764830830, 6.345858670326314233 ) ) ;
#2419 = ORIENTED_EDGE ( 'NONE', *, *, #4457, .F. ) ;
#2420 = EDGE_CURVE ( 'NONE', #4493, #7916, #637, .T. ) ;
#2421 = ADVANCED_FACE ( 'NONE', ( #7028 ), #5135, .F. ) ;
#2422 = CARTESIAN_POINT ( 'NONE',  ( -5.000000000000002665, 5.099999999999999645, 0.5000000000000000000 ) ) ;
#2423 = CC_DESIGN_APPROVAL ( #1995, ( #5414 ) ) ;
#2424 = DIRECTION ( 'NONE',  ( -1.000000000000000000, -1.057758217059028608E-16, 0.0000000000000000000 ) ) ;
#2425 = VECTOR ( 'NONE', #3749, 1000.000000000000000 ) ;
#2426 = VERTEX_POINT ( 'NONE', #7710 ) ;
#2427 = CARTESIAN_POINT ( 'NONE',  ( -4.571998066942990491, 6.428001933057016615, -1.000000000026819436 ) ) ;
#2428 = CARTESIAN_POINT ( 'NONE',  ( 3.822467902723103439, -2.903229087180623225, 0.0000000000000000000 ) ) ;
#2429 = LINE ( 'NONE', #2383, #7346 ) ;
#2430 = EDGE_LOOP ( 'NONE', ( #4985, #5196, #7400, #6406 ) ) ;
#2431 = DIRECTION ( 'NONE',  ( 0.01234165475093674386, 0.7070529271412480110, 0.7070529271412442363 ) ) ;
#2432 = CARTESIAN_POINT ( 'NONE',  ( -9.500000000000001776, -6.150000000000001243, -1.000000000000000000 ) ) ;
#2433 =( BOUNDED_SURFACE ( )  B_SPLINE_SURFACE ( 3, 1, ( 
 ( #7810, #5789 ),
 ( #6494, #2661 ),
 ( #7057, #7143 ),
 ( #1920, #2606 ) ),
 .UNSPECIFIED., .F., .F., .F. ) 
 B_SPLINE_SURFACE_WITH_KNOTS ( ( 4, 4 ),
 ( 2, 2 ),
 ( 0.0000000000000000000, 1.000000000000000000 ),
 ( 0.0000000000000000000, 1.000000000000000000 ),
 .UNSPECIFIED. ) 
 GEOMETRIC_REPRESENTATION_ITEM ( )  RATIONAL_B_SPLINE_SURFACE ( (
 ( 1.000000000000000000, 1.000000000000000000),
 ( 0.8025111867385860132, 0.8025111867385860132),
 ( 0.8025111867385860132, 0.8025111867385860132),
 ( 1.000000000000000000, 1.000000000000000000) ) ) 
 REPRESENTATION_ITEM ( '' )  SURFACE ( )  );
#2434 = PERSON_AND_ORGANIZATION_ROLE ( 'classification_officer' ) ;
#2435 = EDGE_CURVE ( 'NONE', #6828, #1131, #4905, .T. ) ;
#2436 = FACE_BOUND ( 'NONE', #815, .T. ) ;
#2437 = ORIENTED_EDGE ( 'NONE', *, *, #1388, .T. ) ;
#2438 = EDGE_LOOP ( 'NONE', ( #7927, #7398, #6275, #1826 ) ) ;
#2439 = CARTESIAN_POINT ( 'NONE',  ( -1.213583322788935215, -4.529154619866558207, -8.504906618023735376 ) ) ;
#2440 = CARTESIAN_POINT ( 'NONE',  ( -2.540000000000000036, 0.0000000000000000000, -5.500000000000000000 ) ) ;
#2441 = CARTESIAN_POINT ( 'NONE',  ( 1.203693630730416020, -4.492245786632952154, -8.569906295074407154 ) ) ;
#2442 = VERTEX_POINT ( 'NONE', #1266 ) ;
#2443 = EDGE_CURVE ( 'NONE', #1848, #1290, #2687, .T. ) ;
#2444 = CARTESIAN_POINT ( 'NONE',  ( -7.900000000000000355, 6.000000000000003553, -3.000000000000000000 ) ) ;
#2445 = LINE ( 'NONE', #489, #1362 ) ;
#2446 = ORIENTED_EDGE ( 'NONE', *, *, #5329, .F. ) ;
#2447 = AXIS2_PLACEMENT_3D ( 'NONE', #6829, #7507, #8112 ) ;
#2448 = VERTEX_POINT ( 'NONE', #3789 ) ;
#2449 = CARTESIAN_POINT ( 'NONE',  ( -0.9670890758901474760, -4.348765769651652846, -8.500615662218582003 ) ) ;
#2450 = AXIS2_PLACEMENT_3D ( 'NONE', #2275, #5429, #1054 ) ;
#2451 = LINE ( 'NONE', #5189, #3052 ) ;
#2452 = ORIENTED_EDGE ( 'NONE', *, *, #2983, .F. ) ;
#2453 = ADVANCED_FACE ( 'NONE', ( #7856 ), #1331, .T. ) ;
#2454 = DIRECTION ( 'NONE',  ( 0.0000000000000000000, 0.0000000000000000000, 1.000000000000000000 ) ) ;
#2455 = VERTEX_POINT ( 'NONE', #2539 ) ;
#2456 = DIRECTION ( 'NONE',  ( -1.000000000000000000, -1.057758217059028608E-16, 0.0000000000000000000 ) ) ;
#2457 = CIRCLE ( 'NONE', #6967, 0.2249999999999999500 ) ;
#2458 = CARTESIAN_POINT ( 'NONE',  ( -8.513013671780253588, -5.915616406136319227, -1.369126033402015441 ) ) ;
#2459 = EDGE_CURVE ( 'NONE', #2129, #4334, #3406, .T. ) ;
#2460 = DIRECTION ( 'NONE',  ( 0.0000000000000000000, 0.0000000000000000000, 1.000000000000000000 ) ) ;
#2461 = LINE ( 'NONE', #1765, #775 ) ;
#2462 = SECURITY_CLASSIFICATION_LEVEL ( 'unclassified' ) ;
#2463 = AXIS2_PLACEMENT_3D ( 'NONE', #7051, #5730, #4486 ) ;
#2464 = EDGE_CURVE ( 'NONE', #6913, #5573, #7747, .T. ) ;
#2465 = EDGE_LOOP ( 'NONE', ( #1799, #7626, #1526, #6501 ) ) ;
#2466 = VERTEX_POINT ( 'NONE', #5781 ) ;
#2467 = DIRECTION ( 'NONE',  ( -2.168404344971008474E-15, -1.000000000000000000, 0.0000000000000000000 ) ) ;
#2468 = DIRECTION ( 'NONE',  ( 1.000000000000000000, 9.637352644315598694E-16, 0.0000000000000000000 ) ) ;
#2469 = DIRECTION ( 'NONE',  ( -1.000000000000000000, 0.0000000000000000000, 0.0000000000000000000 ) ) ;
#2470 = CARTESIAN_POINT ( 'NONE',  ( 9.603470755691904076E-16, 2.540000000000000036, -5.500000000000000000 ) ) ;
#2471 = FACE_OUTER_BOUND ( 'NONE', #5382, .T. ) ;
#2472 = EDGE_CURVE ( 'NONE', #3819, #7221, #5315, .T. ) ;
#2473 = CARTESIAN_POINT ( 'NONE',  ( -5.000000000000000000, 5.900000000090929397, -1.434538370960587894 ) ) ;
#2474 = CC_DESIGN_DATE_AND_TIME_ASSIGNMENT ( #5281, #2352, ( #5364 ) ) ;
#2475 = DIRECTION ( 'NONE',  ( 0.3314418875039929491, -0.0000000000000000000, -0.9434756357255815740 ) ) ;
#2476 = ORIENTED_EDGE ( 'NONE', *, *, #7447, .T. ) ;
#2477 = VECTOR ( 'NONE', #2392, 1000.000000000000000 ) ;
#2478 = CARTESIAN_POINT ( 'NONE',  ( 8.044694633535211636, 6.044694633535321771, -1.282502095618244908 ) ) ;
#2479 = ORIENTED_EDGE ( 'NONE', *, *, #8156, .F. ) ;
#2480 = CARTESIAN_POINT ( 'NONE',  ( -4.000000000000001776, -5.099999999999999645, -1.000000000000000000 ) ) ;
#2481 = DIRECTION ( 'NONE',  ( 0.0000000000000000000, 1.000000000000000000, 0.0000000000000000000 ) ) ;
#2482 = CARTESIAN_POINT ( 'NONE',  ( -4.001277141293966721, 6.185714285714285054, -1.000000000000000888 ) ) ;
#2483 = VERTEX_POINT ( 'NONE', #4061 ) ;
#2484 = CARTESIAN_POINT ( 'NONE',  ( 2.315000000000000391, 2.755455298081545702E-17, -5.500000000000000000 ) ) ;
#2485 = APPROVAL_DATE_TIME ( #2689, #1995 ) ;
#2486 = CYLINDRICAL_SURFACE ( 'NONE', #119, 0.5000000000000000000 ) ;
#2487 = ORIENTED_EDGE ( 'NONE', *, *, #4322, .F. ) ;
#2488 = EDGE_CURVE ( 'NONE', #6914, #1223, #2723, .T. ) ;
#2489 = ORIENTED_EDGE ( 'NONE', *, *, #7975, .T. ) ;
#2490 = ORIENTED_EDGE ( 'NONE', *, *, #4481, .T. ) ;
#2491 = ORIENTED_EDGE ( 'NONE', *, *, #1527, .T. ) ;
#2492 = PLANE ( 'NONE',  #5718 ) ;
#2493 = CARTESIAN_POINT ( 'NONE',  ( 1.173449116414120086, -4.379371722554375346, -8.370124129690596604 ) ) ;
#2494 = DIRECTION ( 'NONE',  ( -0.0000000000000000000, -0.0000000000000000000, 1.000000000000000000 ) ) ;
#2495 = DATE_AND_TIME ( #6917, #325 ) ;
#2496 = ADVANCED_FACE ( 'NONE', ( #8067 ), #7644, .T. ) ;
#2497 = LINE ( 'NONE', #8065, #2807 ) ;
#2498 = CARTESIAN_POINT ( 'NONE',  ( 12.71400762708950083, 5.728723333559693209, 1.059819946095850618 ) ) ;
#2499 = VERTEX_POINT ( 'NONE', #1600 ) ;
#2500 = ORIENTED_EDGE ( 'NONE', *, *, #6812, .F. ) ;
#2501 = EDGE_CURVE ( 'NONE', #6225, #3746, #7954, .T. ) ;
#2502 = VECTOR ( 'NONE', #3664, 1000.000000000000000 ) ;
#2504 = DIRECTION ( 'NONE',  ( -0.9434756357255822401, 0.0000000000000000000, -0.3314418875039912837 ) ) ;
#2503 = VECTOR ( 'NONE', #5235, 1000.000000000000000 ) ;
#2505 = VECTOR ( 'NONE', #8206, 1000.000000000000000 ) ;
#2506 = EDGE_LOOP ( 'NONE', ( #3475, #6831, #6549, #7687 ) ) ;
#2507 = ORIENTED_EDGE ( 'NONE', *, *, #3130, .T. ) ;
#2508 = CARTESIAN_POINT ( 'NONE',  ( 2.540000000000000036, 0.0000000000000000000, 0.0000000000000000000 ) ) ;
#2509 = FACE_OUTER_BOUND ( 'NONE', #2026, .T. ) ;
#2510 = VERTEX_POINT ( 'NONE', #5356 ) ;
#2511 = DIRECTION ( 'NONE',  ( -1.000000000000000000, 0.0000000000000000000, 0.0000000000000000000 ) ) ;
#2512 = DIRECTION ( 'NONE',  ( -1.927470528863115795E-15, 1.000000000000000000, 0.0000000000000000000 ) ) ;
#2513 = EDGE_CURVE ( 'NONE', #7916, #4352, #6232, .T. ) ;
#2514 = CARTESIAN_POINT ( 'NONE',  ( -3.301787997811554742, -6.200000000000000178, -1.000000000000000888 ) ) ;
#2515 = ORIENTED_EDGE ( 'NONE', *, *, #3080, .F. ) ;
#2516 = DIRECTION ( 'NONE',  ( 0.0000000000000000000, 1.000000000000000000, 0.0000000000000000000 ) ) ;
#2517 = FACE_OUTER_BOUND ( 'NONE', #5136, .T. ) ;
#2518 = ORIENTED_EDGE ( 'NONE', *, *, #5160, .F. ) ;
#2519 = CARTESIAN_POINT ( 'NONE',  ( -1.154097690616278538, -4.307151218277870619, -8.501586295819215877 ) ) ;
#2520 = CARTESIAN_POINT ( 'NONE',  ( -12.99999999999999822, -6.000000000000000000, -1.000000000000000000 ) ) ;
#2521 = EDGE_CURVE ( 'NONE', #5853, #6556, #54, .T. ) ;
#2522 = FACE_OUTER_BOUND ( 'NONE', #7602, .T. ) ;
#2523 = EDGE_LOOP ( 'NONE', ( #513, #1005, #2966, #7026, #6448, #4485, #7418, #8143 ) ) ;
#2524 = CARTESIAN_POINT ( 'NONE',  ( 3.501277141293968054, -6.185714285714285943, -9.035105632878352111 ) ) ;
#2525 = LINE ( 'NONE', #7944, #7321 ) ;
#2526 = CC_DESIGN_APPROVAL ( #3530, ( #2683 ) ) ;
#2527 = DIRECTION ( 'NONE',  ( -1.000000000000000000, 0.0000000000000000000, 0.0000000000000000000 ) ) ;
#2528 = CARTESIAN_POINT ( 'NONE',  ( 0.0000000000000000000, -5.964708090068001844, -1.000000000000000000 ) ) ;
#2529 = LINE ( 'NONE', #2631, #7040 ) ;
#2530 = ORIENTED_EDGE ( 'NONE', *, *, #2057, .F. ) ;
#2531 = CARTESIAN_POINT ( 'NONE',  ( -4.000000000000000888, -6.500000000000002665, -0.9999999999999997780 ) ) ;
#2532 =( BOUNDED_SURFACE ( )  B_SPLINE_SURFACE ( 3, 2, ( 
 ( #2531, #1960, #1259 ),
 ( #7019, #1935, #29 ),
 ( #2564, #4448, #3169 ),
 ( #7593, #7706, #3757 ),
 ( #4363, #605, #7673 ),
 ( #6943, #655, #3144 ),
 ( #6323, #582, #4421 ),
 ( #1902, #7649, #4399 ),
 ( #2, #58, #5043 ),
 ( #1232, #5104, #1286 ) ),
 .UNSPECIFIED., .F., .F., .F. ) 
 B_SPLINE_SURFACE_WITH_KNOTS ( ( 4, 2, 2, 2, 4 ),
 ( 3, 3 ),
 ( 4.712388980384689674, 5.105088062083414258, 5.497787143782137953, 5.890486225480861648, 6.283185307179586232 ),
 ( 0.0000000000000000000, 1.000000000000000000 ),
 .UNSPECIFIED. ) 
 GEOMETRIC_REPRESENTATION_ITEM ( )  RATIONAL_B_SPLINE_SURFACE ( (
 ( 1.000000000000000000, 1.000000000000000000, 1.000000000000000000),
 ( 1.000000000000000000, 1.000158593443250421, 1.000000000000000000),
 ( 1.000000000000000000, 0.9867291723803998105, 1.000000000000000000),
 ( 1.000000000000000000, 0.9386556673819134167, 1.000000000000000000),
 ( 1.000000000000000000, 0.9038128477756101065, 1.000000000000000000),
 ( 1.000000000000000000, 0.8282379597932659765, 1.000000000000000000),
 ( 1.000000000000000000, 0.7876784551907660692, 1.000000000000000000),
 ( 1.000000000000000000, 0.7265517845064435321, 1.000000000000000000),
 ( 1.000000000000000000, 0.7066757228338101937, 1.000000000000000000),
 ( 1.000000000000000000, 0.7071067811865475727, 1.000000000000000000) ) ) 
 REPRESENTATION_ITEM ( '' )  SURFACE ( )  );
#2533 = ADVANCED_FACE ( 'NONE', ( #4006 ), #7154, .T. ) ;
#2534 = CARTESIAN_POINT ( 'NONE',  ( 8.197828629901176001, 6.248190524917633937, -1.063106799566970739 ) ) ;
#2535 = CARTESIAN_POINT ( 'NONE',  ( 10.90236529170282864, -5.578044450891082029, 6.477851548796740744 ) ) ;
#2536 = EDGE_CURVE ( 'NONE', #6653, #7859, #2817, .T. ) ;
#2537 = CARTESIAN_POINT ( 'NONE',  ( -8.400000000000000355, -5.900000000000001243, -3.000000000000000000 ) ) ;
#2538 = VECTOR ( 'NONE', #1428, 1000.000000000000114 ) ;
#2539 = CARTESIAN_POINT ( 'NONE',  ( 12.19996953439122045, -5.200000000000000178, 1.000000000033196557 ) ) ;
#2540 = ORIENTED_EDGE ( 'NONE', *, *, #3688, .T. ) ;
#2541 = SECURITY_CLASSIFICATION_LEVEL ( 'unclassified' ) ;
#2542 = ORIENTED_EDGE ( 'NONE', *, *, #4055, .F. ) ;
#2543 = EDGE_CURVE ( 'NONE', #1848, #7500, #8270, .T. ) ;
#2544 = VERTEX_POINT ( 'NONE', #4221 ) ;
#2545 = VECTOR ( 'NONE', #5830, 1000.000000000000000 ) ;
#2546 = LINE ( 'NONE', #3082, #3044 ) ;
#2547 = ADVANCED_FACE ( 'NONE', ( #4204 ), #1637, .T. ) ;
#2548 = ORIENTED_EDGE ( 'NONE', *, *, #683, .T. ) ;
#2549 = CARTESIAN_POINT ( 'NONE',  ( -4.000000000000007105, -3.854941057726245789E-15, -1.500000000000000000 ) ) ;
#2550 = DIRECTION ( 'NONE',  ( 0.0000000000000000000, 0.0000000000000000000, -1.000000000000000000 ) ) ;
#2551 = CARTESIAN_POINT ( 'NONE',  ( 12.40000000000000391, 5.200000000000000178, -1.000000000000000000 ) ) ;
#2552 = EDGE_CURVE ( 'NONE', #243, #2250, #8162, .T. ) ;
#2553 = ORIENTED_EDGE ( 'NONE', *, *, #7931, .F. ) ;
#2554 = CIRCLE ( 'NONE', #395, 0.5000000000000004441 ) ;
#2555 = CIRCLE ( 'NONE', #1121, 0.5000000000000004441 ) ;
#2556 = AXIS2_PLACEMENT_3D ( 'NONE', #4572, #7692, #720 ) ;
#2557 = AXIS2_PLACEMENT_3D ( 'NONE', #6217, #5529, #8224 ) ;
#2558 = DIRECTION ( 'NONE',  ( 0.0000000000000000000, 1.000000000000000000, 0.0000000000000000000 ) ) ;
#2559 = DIRECTION ( 'NONE',  ( 0.0000000000000000000, 0.0000000000000000000, 1.000000000000000000 ) ) ;
#2560 = ORIENTED_EDGE ( 'NONE', *, *, #1831, .T. ) ;
#2561 = ORIENTED_EDGE ( 'NONE', *, *, #123, .F. ) ;
#2562 = ORIENTED_EDGE ( 'NONE', *, *, #1696, .T. ) ;
#2563 = CIRCLE ( 'NONE', #5187, 0.1000000000000002554 ) ;
#2564 = CARTESIAN_POINT ( 'NONE',  ( -4.157048748739223143, -6.369126042717337732, -1.013013667921719874 ) ) ;
#2565 = CARTESIAN_POINT ( 'NONE',  ( 3.962310601229359186, -3.500178566873426877, 0.9499999999999998446 ) ) ;
#2566 = CARTESIAN_POINT ( 'NONE',  ( -5.500000000000000000, 0.0000000000000000000, -9.299999999999998934 ) ) ;
#2567 = DIRECTION ( 'NONE',  ( 1.927470528863115795E-15, -1.000000000000000000, -0.0000000000000000000 ) ) ;
#2568 = CARTESIAN_POINT ( 'NONE',  ( -12.39999999999999680, -4.999999999999998224, 1.000000000203727257 ) ) ;
#2569 = VECTOR ( 'NONE', #6248, 1000.000000000000000 ) ;
#2570 = AXIS2_PLACEMENT_3D ( 'NONE', #7829, #4672, #4652 ) ;
#2571 = EDGE_CURVE ( 'NONE', #1061, #130, #2317, .T. ) ;
#2572 = ORIENTED_EDGE ( 'NONE', *, *, #4598, .T. ) ;
#2573 = DIRECTION ( 'NONE',  ( -1.000000000000000000, -9.637352644315598694E-16, 0.0000000000000000000 ) ) ;
#2574 = CARTESIAN_POINT ( 'NONE',  ( -10.90257007011514112, -5.546004849590422836, 6.477269755348594060 ) ) ;
#2575 = LINE ( 'NONE', #1427, #7707 ) ;
#2576 = DIRECTION ( 'NONE',  ( 0.0000000000000000000, 0.9961946980917461003, -0.08715574274765119922 ) ) ;
#2577 = ADVANCED_FACE ( 'NONE', ( #1930 ), #6732, .T. ) ;
#2578 = DIRECTION ( 'NONE',  ( -1.000000000000000000, 0.0000000000000000000, 0.0000000000000000000 ) ) ;
#2579 = ORIENTED_EDGE ( 'NONE', *, *, #376, .T. ) ;
#2580 = PLANE ( 'NONE',  #5764 ) ;
#2581 = UNCERTAINTY_MEASURE_WITH_UNIT (LENGTH_MEASURE( 1.000000000000000082E-05 ), #8041, 'distance_accuracy_value', 'NONE');
#2582 = DATE_AND_TIME ( #7402, #1093 ) ;
#2583 = SPHERICAL_SURFACE ( 'NONE', #3393, 0.5000000000000008882 ) ;
#2584 = DIRECTION ( 'NONE',  ( -0.3313969516099858903, -0.01646619573978454903, -0.9433477221372126298 ) ) ;
#2585 = DIRECTION ( 'NONE',  ( 0.0000000000000000000, -0.9961946980917461003, -0.08715574274765111595 ) ) ;
#2586 = DIRECTION ( 'NONE',  ( 0.0000000000000000000, 0.0000000000000000000, -1.000000000000000000 ) ) ;
#2587 = ORIENTED_EDGE ( 'NONE', *, *, #140, .T. ) ;
#2588 = ADVANCED_FACE ( 'NONE', ( #835 ), #5829, .F. ) ;
#2589 = VERTEX_POINT ( 'NONE', #3859 ) ;
#2590 = ADVANCED_FACE ( 'NONE', ( #251 ), #76, .F. ) ;
#2591 = DATE_AND_TIME ( #5993, #6604 ) ;
#2592 = EDGE_CURVE ( 'NONE', #2913, #6397, #3308, .T. ) ;
#2593 = CARTESIAN_POINT ( 'NONE',  ( 3.801787997811553410, 6.200000000000000178, -9.035105632878352111 ) ) ;
#2594 = FACE_OUTER_BOUND ( 'NONE', #4863, .T. ) ;
#2595 = CARTESIAN_POINT ( 'NONE',  ( -12.79999999999999893, 6.000000000000000000, -1.000000000000000000 ) ) ;
#2596 = ORIENTED_EDGE ( 'NONE', *, *, #3400, .F. ) ;
#2597 = CARTESIAN_POINT ( 'NONE',  ( 4.500000000000000888, 6.500000000000004441, -1.000000000000000000 ) ) ;
#2598 = ORIENTED_EDGE ( 'NONE', *, *, #5063, .F. ) ;
#2599 = ORIENTED_EDGE ( 'NONE', *, *, #4975, .F. ) ;
#2600 = FACE_OUTER_BOUND ( 'NONE', #2657, .T. ) ;
#2601 = EDGE_CURVE ( 'NONE', #6802, #4993, #6331, .T. ) ;
#2602 = LOCAL_TIME ( 8, 25, 54.00000000000000000, #3284 ) ;
#2603 = LINE ( 'NONE', #7339, #914 ) ;
#2604 = VERTEX_POINT ( 'NONE', #7088 ) ;
#2605 = CARTESIAN_POINT ( 'NONE',  ( 0.0000000000000000000, -37.75181934126803895, 6.319726195652005885 ) ) ;
#2606 = CARTESIAN_POINT ( 'NONE',  ( -12.19808431957723194, 5.199991117421791209, 1.000000000090040420 ) ) ;
#2607 = AXIS2_PLACEMENT_3D ( 'NONE', #3346, #2773, #7868 ) ;
#2608 = CARTESIAN_POINT ( 'NONE',  ( -10.90200680405430234, 5.634133462257180369, 6.478870043677106061 ) ) ;
#2609 = ORIENTED_EDGE ( 'NONE', *, *, #4838, .T. ) ;
#2610 = FACE_OUTER_BOUND ( 'NONE', #7281, .T. ) ;
#2611 = DIRECTION ( 'NONE',  ( -1.000000000000000000, 0.0000000000000000000, 0.0000000000000000000 ) ) ;
#2612 = CARTESIAN_POINT ( 'NONE',  ( -8.500000000000000000, 6.000000000000003553, -1.000000000000000000 ) ) ;
#2613 = DIRECTION ( 'NONE',  ( 1.000000000000000000, 0.0000000000000000000, 0.0000000000000000000 ) ) ;
#2614 = AXIS2_PLACEMENT_3D ( 'NONE', #6816, #1311, #3078 ) ;
#2615 = EDGE_LOOP ( 'NONE', ( #4610, #7745, #1622 ) ) ;
#2616 = VERTEX_POINT ( 'NONE', #2003 ) ;
#2617 = DIRECTION ( 'NONE',  ( 1.000000000000000000, 0.0000000000000000000, 0.0000000000000000000 ) ) ;
#2618 = FACE_OUTER_BOUND ( 'NONE', #5206, .T. ) ;
#2619 = EDGE_LOOP ( 'NONE', ( #7471, #6011, #6514, #2381 ) ) ;
#2620 = B_SPLINE_CURVE_WITH_KNOTS ( 'NONE', 3,
 ( #153, #1396, #1997, #6468 ),
 .UNSPECIFIED., .F., .F.,
 ( 4, 4 ),
 ( 4.264992029401954099, 4.264997681290463305 ),
 .UNSPECIFIED. ) ;
#2621 = VECTOR ( 'NONE', #19, 1000.000000000000000 ) ;
#2622 = AXIS2_PLACEMENT_3D ( 'NONE', #5305, #6572, #5780 ) ;
#2623 = ORIENTED_EDGE ( 'NONE', *, *, #3508, .F. ) ;
#2624 = CARTESIAN_POINT ( 'NONE',  ( 8.500000000000000000, -4.757005158825455382, -1.000000000000000888 ) ) ;
#2625 = CARTESIAN_POINT ( 'NONE',  ( 0.0000000000000000000, 0.0000000000000000000, 0.9499999999999998446 ) ) ;
#2626 = VERTEX_POINT ( 'NONE', #93 ) ;
#2627 = EDGE_CURVE ( 'NONE', #4286, #7730, #6386, .T. ) ;
#2628 = VECTOR ( 'NONE', #5914, 1000.000000000000000 ) ;
#2629 = VERTEX_POINT ( 'NONE', #329 ) ;
#2630 = ADVANCED_FACE ( 'NONE', ( #6017 ), #6010, .T. ) ;
#2631 = CARTESIAN_POINT ( 'NONE',  ( 12.79999999999999893, -6.000000000000000000, -3.000000000000000000 ) ) ;
#2632 = CARTESIAN_POINT ( 'NONE',  ( -12.96326458944042948, 5.549999999999998934, 1.104570261448656110 ) ) ;
#2633 = CARTESIAN_POINT ( 'NONE',  ( -9.500000000000001776, -6.150000000000001243, -2.986876700471112756 ) ) ;
#2634 = EDGE_CURVE ( 'NONE', #4981, #1061, #1531, .T. ) ;
#2635 = ADVANCED_FACE ( 'NONE', ( #2517 ), #4118, .T. ) ;
#2636 = PRODUCT_DEFINITION_SHAPE ( 'NONE', 'NONE',  #8297 ) ;
#2637 = DIRECTION ( 'NONE',  ( 1.000000000000000000, -1.668003342285391551E-16, 0.0000000000000000000 ) ) ;
#2638 = FACE_OUTER_BOUND ( 'NONE', #5954, .T. ) ;
#2639 = APPROVAL ( #3074, 'UNKNOWN' ) ;
#2640 = VERTEX_POINT ( 'NONE', #6037 ) ;
#2641 = ORIENTED_EDGE ( 'NONE', *, *, #1248, .F. ) ;
#2642 = DIRECTION ( 'NONE',  ( 0.0000000000000000000, 0.0000000000000000000, -1.000000000000000000 ) ) ;
#2643 = EDGE_LOOP ( 'NONE', ( #4659, #712, #4426, #1263 ) ) ;
#2644 = CARTESIAN_POINT ( 'NONE',  ( 8.000000000000000000, 5.100000000000003197, -2.500000000000000000 ) ) ;
#2645 = DIRECTION ( 'NONE',  ( -1.000000000000000000, -1.057758217059028608E-16, 0.0000000000000000000 ) ) ;
#2646 = FACE_OUTER_BOUND ( 'NONE', #7511, .T. ) ;
#2647 = CARTESIAN_POINT ( 'NONE',  ( -5.302365194784652402, 5.699999999999998401, -4.000000000000000000 ) ) ;
#2648 = ORIENTED_EDGE ( 'NONE', *, *, #3950, .T. ) ;
#2649 = CARTESIAN_POINT ( 'NONE',  ( 5.302365194784652402, 5.699999999999998401, -4.000000000000000000 ) ) ;
#2650 = CARTESIAN_POINT ( 'NONE',  ( 13.00000000000000000, 6.000000000000000000, -3.000000000000000000 ) ) ;
#2651 = ORIENTED_EDGE ( 'NONE', *, *, #1080, .F. ) ;
#2652 = EDGE_CURVE ( 'NONE', #4014, #6852, #2793, .T. ) ;
#2653 = CARTESIAN_POINT ( 'NONE',  ( -12.39999999999999680, -4.999999999999998224, 2.105706630516124278 ) ) ;
#2654 = VECTOR ( 'NONE', #196, 1000.000000000000000 ) ;
#2655 = ORIENTED_EDGE ( 'NONE', *, *, #3557, .T. ) ;
#2656 = AXIS2_PLACEMENT_3D ( 'NONE', #1800, #7570, #608 ) ;
#2657 = EDGE_LOOP ( 'NONE', ( #5801, #1358, #4750, #5646, #6961, #458, #7328, #6027, #3414, #1229, #7308, #607, #786, #1996, #5349, #1646, #5596, #7383, #4397, #533, #4391, #521, #6445, #702, #2153, #4062, #8097, #6728, #2666, #2655, #5597, #311 ) ) ;
#2658 = FACE_OUTER_BOUND ( 'NONE', #1769, .T. ) ;
#2659 = CARTESIAN_POINT ( 'NONE',  ( 8.400000000000000355, -6.000000000000002665, -1.500000000000000000 ) ) ;
#2660 = CARTESIAN_POINT ( 'NONE',  ( -3.801787997811553410, 6.000000000000000000, -1.000000000000000888 ) ) ;
#2661 = CARTESIAN_POINT ( 'NONE',  ( -12.39999999999999503, 5.118034671099024990, 1.000000000090040420 ) ) ;
#2662 = CARTESIAN_POINT ( 'NONE',  ( 3.645691207426466018, -3.080005782477259757, -1.471169911671835973 ) ) ;
#2663 = EDGE_CURVE ( 'NONE', #5103, #2499, #2119, .T. ) ;
#2664 = CARTESIAN_POINT ( 'NONE',  ( 0.0000000000000000000, 0.0000000000000000000, -9.299999999999998934 ) ) ;
#2665 = DIRECTION ( 'NONE',  ( 0.01745240643727699603, 0.0000000000000000000, -0.9998476951563912696 ) ) ;
#2666 = ORIENTED_EDGE ( 'NONE', *, *, #7273, .T. ) ;
#2667 = LINE ( 'NONE', #3149, #4748 ) ;
#2668 = CARTESIAN_POINT ( 'NONE',  ( -7.697634805215347598, 5.699999999999998401, -4.000000000000000000 ) ) ;
#2669 = CARTESIAN_POINT ( 'NONE',  ( -7.726439251582975842, 7.350205627196687352, -2.349794372803311049 ) ) ;
#2670 = AXIS2_PLACEMENT_3D ( 'NONE', #1475, #6635, #4573 ) ;
#2671 = CARTESIAN_POINT ( 'NONE',  ( 4.584383593863691431, -6.013013671780255365, -1.369126033402008336 ) ) ;
#2672 = EDGE_CURVE ( 'NONE', #2765, #6165, #4697, .T. ) ;
#2673 = ADVANCED_FACE ( 'NONE', ( #6830 ), #5148, .T. ) ;
#2674 = VECTOR ( 'NONE', #7555, 1000.000000000000114 ) ;
#2675 = ADVANCED_FACE ( 'NONE', ( #5010 ), #1882, .F. ) ;
#2676 = ORIENTED_EDGE ( 'NONE', *, *, #5594, .T. ) ;
#2677 = DIRECTION ( 'NONE',  ( 0.0000000000000000000, 0.0000000000000000000, 1.000000000000000000 ) ) ;
#2678 = VERTEX_POINT ( 'NONE', #6654 ) ;
#2679 = DIRECTION ( 'NONE',  ( 1.000000000000000000, 0.0000000000000000000, -0.0000000000000000000 ) ) ;
#2680 = VECTOR ( 'NONE', #4246, 999.9999999999998863 ) ;
#2681 = EDGE_CURVE ( 'NONE', #94, #7314, #8265, .T. ) ;
#2682 = ORIENTED_EDGE ( 'NONE', *, *, #7137, .F. ) ;
#2683 = PRODUCT_DEFINITION ( 'UNKNOWN', '', #2959, #3561 ) ;
#2684 = EDGE_LOOP ( 'NONE', ( #5966, #120, #6946, #4015 ) ) ;
#2685 = CARTESIAN_POINT ( 'NONE',  ( 8.415616406136271266, -6.013013671780252700, -1.369126033402016107 ) ) ;
#2686 = CARTESIAN_POINT ( 'NONE',  ( -10.99999999999995204, -11.92622972452171659, 6.693158718294095699 ) ) ;
#2687 =( BOUNDED_CURVE ( )  B_SPLINE_CURVE ( 3, ( #1327, #7, #5750, #7744 ),
 .UNSPECIFIED., .F., .F. ) 
 B_SPLINE_CURVE_WITH_KNOTS ( ( 4, 4 ),
 ( 4.783878430270206650, 6.283185307179586232 ),
 .UNSPECIFIED. ) 
 CURVE ( )  GEOMETRIC_REPRESENTATION_ITEM ( )  RATIONAL_B_SPLINE_CURVE ( ( 1.000000000000000000, 0.8212833698075990840, 0.8212833698075990840, 1.000000000000000000 ) ) 
 REPRESENTATION_ITEM ( '' )  );
#2688 = CARTESIAN_POINT ( 'NONE',  ( -3.480684272201719054, 4.258501731506935784, -9.299999999999998934 ) ) ;
#2689 = DATE_AND_TIME ( #413, #6095 ) ;
#2690 = CARTESIAN_POINT ( 'NONE',  ( 10.90254453544689284, 5.549999999999998934, 6.477342301583075113 ) ) ;
#2691 = LINE ( 'NONE', #6822, #3178 ) ;
#2692 = CARTESIAN_POINT ( 'NONE',  ( 0.0000000000000000000, 0.0000000000000000000, -92.70000000000000284 ) ) ;
#2693 = CARTESIAN_POINT ( 'NONE',  ( -0.9854613058983936469, 4.424293446385036077, -8.365525897406026701 ) ) ;
#2694 = ORIENTED_EDGE ( 'NONE', *, *, #2888, .T. ) ;
#2695 = ORIENTED_EDGE ( 'NONE', *, *, #5241, .T. ) ;
#2696 = CARTESIAN_POINT ( 'NONE',  ( -10.88012917333600704, -5.637602997552447981, 6.280100499734930786 ) ) ;
#2697 = ORIENTED_EDGE ( 'NONE', *, *, #7695, .F. ) ;
#2698 = LINE ( 'NONE', #7986, #7939 ) ;
#2699 = CARTESIAN_POINT ( 'NONE',  ( 8.215089870143565065, -6.349999999999999645, -3.000000000000000000 ) ) ;
#2700 = CARTESIAN_POINT ( 'NONE',  ( -10.88012917333603191, 5.637602997552447981, 6.280100499734860620 ) ) ;
#2701 = LINE ( 'NONE', #6078, #6919 ) ;
#2702 = ORIENTED_EDGE ( 'NONE', *, *, #100, .T. ) ;
#2703 = ORIENTED_EDGE ( 'NONE', *, *, #3007, .T. ) ;
#2704 = DIRECTION ( 'NONE',  ( 1.000000000000000000, 0.0000000000000000000, 0.0000000000000000000 ) ) ;
#2705 = VERTEX_POINT ( 'NONE', #6797 ) ;
#2706 = EDGE_CURVE ( 'NONE', #7506, #4948, #7803, .T. ) ;
#2707 = CIRCLE ( 'NONE', #1464, 4.454999999999999183 ) ;
#2708 = PLANE ( 'NONE',  #5542 ) ;
#2709 = CIRCLE ( 'NONE', #7289, 0.2000000000000000944 ) ;
#2710 = EDGE_CURVE ( 'NONE', #1328, #2448, #5719, .T. ) ;
#2711 = VERTEX_POINT ( 'NONE', #7484 ) ;
#2712 = ORIENTED_EDGE ( 'NONE', *, *, #2785, .F. ) ;
#2713 = CARTESIAN_POINT ( 'NONE',  ( -12.71400762708950261, -5.928692872590971774, 1.063310427383309831 ) ) ;
#2714 = LINE ( 'NONE', #5015, #5711 ) ;
#2715 = ORIENTED_EDGE ( 'NONE', *, *, #3597, .T. ) ;
#2716 = EDGE_CURVE ( 'NONE', #2678, #5538, #6529, .T. ) ;
#2717 = ADVANCED_FACE ( 'NONE', ( #4304 ), #6726, .T. ) ;
#2718 = VERTEX_POINT ( 'NONE', #4960 ) ;
#2719 = CARTESIAN_POINT ( 'NONE',  ( -9.500000000000001776, -6.000000000000000000, -3.000000000000000000 ) ) ;
#2720 = CARTESIAN_POINT ( 'NONE',  ( 3.822467902723103439, -2.903229087180623225, 0.9499999999999998446 ) ) ;
#2721 = ADVANCED_FACE ( 'NONE', ( #2509 ), #1146, .T. ) ;
#2722 = DIRECTION ( 'NONE',  ( 1.927470528863115795E-15, 1.000000000000000000, 0.0000000000000000000 ) ) ;
#2723 = LINE ( 'NONE', #7807, #1735 ) ;
#2724 = DIRECTION ( 'NONE',  ( 0.01744974916067617773, 0.01744974916067594181, -0.9996954598818877935 ) ) ;
#2725 = CARTESIAN_POINT ( 'NONE',  ( -10.90200351184691563, -5.637602997552447093, 6.478900684127972376 ) ) ;
#2726 = ORIENTED_EDGE ( 'NONE', *, *, #1704, .T. ) ;
#2727 = CARTESIAN_POINT ( 'NONE',  ( 40.76541555679221318, 0.0000000000000000000, -78.37915718709906798 ) ) ;
#2728 = CARTESIAN_POINT ( 'NONE',  ( -4.784910129856434047, -6.349999999999999645, -3.000000000000000000 ) ) ;
#2729 = VECTOR ( 'NONE', #2527, 1000.000000000000000 ) ;
#2730 = ORIENTED_EDGE ( 'NONE', *, *, #6738, .F. ) ;
#2731 = ORIENTED_EDGE ( 'NONE', *, *, #1763, .T. ) ;
#2732 = CARTESIAN_POINT ( 'NONE',  ( 1.050012575614238886, -4.530053732223036533, -8.299999999997213607 ) ) ;
#2733 = B_SPLINE_CURVE_WITH_KNOTS ( 'NONE', 3,
 ( #7309, #5961, #5369, #963, #909, #7343, #3428, #2134 ),
 .UNSPECIFIED., .F., .F.,
 ( 4, 2, 2, 4 ),
 ( 0.0003462086561964687744, 0.0005087829125994510274, 0.0005900700408009427501, 0.0006713571690024344729 ),
 .UNSPECIFIED. ) ;
#2734 = AXIS2_PLACEMENT_3D ( 'NONE', #6393, #6910, #4395 ) ;
#2735 = CARTESIAN_POINT ( 'NONE',  ( 9.000000000000001776, -6.650000000000001243, -2.943132368708154534 ) ) ;
#2736 = CARTESIAN_POINT ( 'NONE',  ( -10.93142588574141350, 5.549999999999998934, 6.545662011518390777 ) ) ;
#2737 = EDGE_CURVE ( 'NONE', #6150, #5054, #1828, .T. ) ;
#2738 = LINE ( 'NONE', #179, #6744 ) ;
#2739 = ORIENTED_EDGE ( 'NONE', *, *, #5007, .T. ) ;
#2740 = DIRECTION ( 'NONE',  ( 1.000000000000000000, 1.927470528863115795E-15, 0.0000000000000000000 ) ) ;
#2741 = VECTOR ( 'NONE', #3454, 1000.000000000000000 ) ;
#2742 = ORIENTED_EDGE ( 'NONE', *, *, #4046, .T. ) ;
#2743 = CARTESIAN_POINT ( 'NONE',  ( 12.94999238359780769, 5.549999999999998934, -1.000000000000000000 ) ) ;
#2744 = DIRECTION ( 'NONE',  ( 0.0000000000000000000, -0.0000000000000000000, -1.000000000000000000 ) ) ;
#2745 = CARTESIAN_POINT ( 'NONE',  ( -8.000000000000000000, 5.900000000000003020, -1.499999999999999556 ) ) ;
#2746 = DIRECTION ( 'NONE',  ( -1.000000000000000000, 0.0000000000000000000, 0.0000000000000000000 ) ) ;
#2747 = ORIENTED_EDGE ( 'NONE', *, *, #1942, .F. ) ;
#2748 = VECTOR ( 'NONE', #7037, 1000.000000000000000 ) ;
#2749 = VECTOR ( 'NONE', #1734, 1000.000000000000000 ) ;
#2750 = VERTEX_POINT ( 'NONE', #3640 ) ;
#2751 = DIRECTION ( 'NONE',  ( -0.3314418875039900625, 0.0000000000000000000, -0.9434756357255826842 ) ) ;
#2752 = PLANE ( 'NONE',  #500 ) ;
#2753 = CARTESIAN_POINT ( 'NONE',  ( -12.31388325425145247, -5.164400781149042885, 2.099111958668828937 ) ) ;
#2754 = EDGE_CURVE ( 'NONE', #2396, #5443, #3799, .T. ) ;
#2755 = EDGE_LOOP ( 'NONE', ( #1647, #5275, #6238, #4184 ) ) ;
#2756 = ADVANCED_FACE ( 'NONE', ( #2917 ), #343, .F. ) ;
#2757 = TOROIDAL_SURFACE ( 'NONE', #3460, 4.844999999999999751, 0.3900000000000002354 ) ;
#2758 = CARTESIAN_POINT ( 'NONE',  ( 4.600000000000000533, -6.000000000000001776, -3.000000000000000000 ) ) ;
#2759 = VECTOR ( 'NONE', #1342, 999.9999999999998863 ) ;
#2760 = CARTESIAN_POINT ( 'NONE',  ( -7.715089870143564177, 6.349999999999999645, -3.000000000000000000 ) ) ;
#2761 = DIRECTION ( 'NONE',  ( -1.000000000000000000, 0.0000000000000000000, 0.0000000000000000000 ) ) ;
#2762 = EDGE_CURVE ( 'NONE', #7794, #5928, #1579, .T. ) ;
#2763 = ORIENTED_EDGE ( 'NONE', *, *, #3604, .T. ) ;
#2764 = ORIENTED_EDGE ( 'NONE', *, *, #123, .T. ) ;
#2765 = VERTEX_POINT ( 'NONE', #7543 ) ;
#2766 = CARTESIAN_POINT ( 'NONE',  ( 3.080005782477226006, -3.645691207426494884, 0.9499999999999998446 ) ) ;
#2767 = VECTOR ( 'NONE', #7505, 1000.000000000000000 ) ;
#2768 = DIRECTION ( 'NONE',  ( 0.01744974916067617773, 0.01744974916067594181, -0.9996954598818877935 ) ) ;
#2769 = AXIS2_PLACEMENT_3D ( 'NONE', #3290, #5763, #776 ) ;
#2770 = AXIS2_PLACEMENT_3D ( 'NONE', #8027, #6716, #2872 ) ;
#2771 = CARTESIAN_POINT ( 'NONE',  ( -11.83743514143391096, 0.0000000000000000000, 4.158477122162922868 ) ) ;
#2772 = LINE ( 'NONE', #2855, #2868 ) ;
#2773 = DIRECTION ( 'NONE',  ( 0.0000000000000000000, 0.0000000000000000000, 1.000000000000000000 ) ) ;
#2774 = EDGE_CURVE ( 'NONE', #1518, #5033, #3302, .T. ) ;
#2775 = DIRECTION ( 'NONE',  ( 1.000000000000000000, 0.0000000000000000000, 0.0000000000000000000 ) ) ;
#2776 = DIRECTION ( 'NONE',  ( 1.445602896647339163E-16, -1.000000000000000000, 0.0000000000000000000 ) ) ;
#2777 = EDGE_LOOP ( 'NONE', ( #540, #496, #2196, #1901 ) ) ;
#2778 = DIRECTION ( 'NONE',  ( 0.0000000000000000000, 0.0000000000000000000, 1.000000000000000000 ) ) ;
#2779 = VERTEX_POINT ( 'NONE', #3068 ) ;
#2780 = VECTOR ( 'NONE', #735, 1000.000000000000227 ) ;
#2781 = CARTESIAN_POINT ( 'NONE',  ( 12.20607861285837714, -5.199906704559166926, 1.002880459395782964 ) ) ;
#2782 = CARTESIAN_POINT ( 'NONE',  ( 3.301787997811554742, -6.000000000000000000, -3.000000000000000000 ) ) ;
#2783 = AXIS2_PLACEMENT_3D ( 'NONE', #1772, #6184, #7482 ) ;
#2784 = AXIS2_PLACEMENT_3D ( 'NONE', #5365, #6012, #6662 ) ;
#2785 = EDGE_CURVE ( 'NONE', #4004, #5498, #6933, .T. ) ;
#2786 = VERTEX_POINT ( 'NONE', #560 ) ;
#2787 = DIRECTION ( 'NONE',  ( 0.0000000000000000000, -0.0000000000000000000, 1.000000000000000000 ) ) ;
#2788 = CALENDAR_DATE ( 2019, 1, 8 ) ;
#2789 = CARTESIAN_POINT ( 'NONE',  ( -5.059461084755860760, 0.0000000000000000000, -3.000000000000000000 ) ) ;
#2790 = DIRECTION ( 'NONE',  ( -0.0000000000000000000, 0.9998476951563914916, 0.01745240643727676705 ) ) ;
#2791 = VERTEX_POINT ( 'NONE', #8258 ) ;
#2792 = ORIENTED_EDGE ( 'NONE', *, *, #3417, .T. ) ;
#2793 =( BOUNDED_CURVE ( )  B_SPLINE_CURVE ( 3, ( #7688, #6358, #664, #7716 ),
 .UNSPECIFIED., .F., .F. ) 
 B_SPLINE_CURVE_WITH_KNOTS ( ( 4, 4 ),
 ( 4.712388980384689674, 6.283185307179586232 ),
 .UNSPECIFIED. ) 
 CURVE ( )  GEOMETRIC_REPRESENTATION_ITEM ( )  RATIONAL_B_SPLINE_CURVE ( ( 1.000000000000000000, 0.8047378541243649375, 0.8047378541243649375, 1.000000000000000000 ) ) 
 REPRESENTATION_ITEM ( '' )  );
#2794 = EDGE_CURVE ( 'NONE', #7123, #5703, #3500, .T. ) ;
#2795 = COORDINATED_UNIVERSAL_TIME_OFFSET ( 9, 0, .AHEAD. ) ;
#2796 = LINE ( 'NONE', #4085, #3089 ) ;
#2797 = ADVANCED_FACE ( 'NONE', ( #5216 ), #2532, .F. ) ;
#2798 = ORIENTED_EDGE ( 'NONE', *, *, #5755, .T. ) ;
#2799 = DIRECTION ( 'NONE',  ( 9.637352644315598694E-16, 1.000000000000000000, -0.0000000000000000000 ) ) ;
#2800 = DIRECTION ( 'NONE',  ( 1.000000000000000000, 0.0000000000000000000, 0.0000000000000000000 ) ) ;
#2801 = CARTESIAN_POINT ( 'NONE',  ( -8.500000000000000000, 6.500000000000004441, -0.9999999999999995559 ) ) ;
#2802 = ORIENTED_EDGE ( 'NONE', *, *, #683, .F. ) ;
#2803 = FACE_OUTER_BOUND ( 'NONE', #5011, .T. ) ;
#2804 = DIRECTION ( 'NONE',  ( 1.000000000000000000, -3.469446951953611033E-15, 0.0000000000000000000 ) ) ;
#2805 = DIRECTION ( 'NONE',  ( 0.0000000000000000000, -0.03237209870275840201, -0.9994758862651860198 ) ) ;
#2806 = APPROVAL_DATE_TIME ( #7833, #4390 ) ;
#2807 = VECTOR ( 'NONE', #333, 999.9999999999998863 ) ;
#2808 = ORIENTED_EDGE ( 'NONE', *, *, #8170, .F. ) ;
#2809 = VERTEX_POINT ( 'NONE', #3613 ) ;
#2810 = CARTESIAN_POINT ( 'NONE',  ( 12.26154375608424196, -5.190288649234478413, 1.299834156611723301 ) ) ;
#2811 = DIRECTION ( 'NONE',  ( 0.0000000000000000000, 0.0000000000000000000, 1.000000000000000000 ) ) ;
#2812 = CARTESIAN_POINT ( 'NONE',  ( 12.92684943006243259, 5.741595597501343740, 0.3258589200648634443 ) ) ;
#2813 = CARTESIAN_POINT ( 'NONE',  ( 5.249999999999999112, 6.000000000000000000, -1.000000000000000000 ) ) ;
#2814 = EDGE_CURVE ( 'NONE', #6854, #647, #5410, .T. ) ;
#2815 = ORIENTED_EDGE ( 'NONE', *, *, #3817, .T. ) ;
#2816 = CARTESIAN_POINT ( 'NONE',  ( 8.500000000000000000, -5.099999999999997868, -1.499999999999999556 ) ) ;
#2817 = CIRCLE ( 'NONE', #3342, 0.2000000000000005107 ) ;
#2818 = AXIS2_PLACEMENT_3D ( 'NONE', #3870, #88, #7076 ) ;
#2819 = DIRECTION ( 'NONE',  ( -1.057758217059028608E-16, 1.000000000000000000, 0.0000000000000000000 ) ) ;
#2820 = ORIENTED_EDGE ( 'NONE', *, *, #2043, .F. ) ;
#2821 = CARTESIAN_POINT ( 'NONE',  ( -11.06882430048115573, 5.637602997548896155, 6.346388877235631831 ) ) ;
#2822 = DIRECTION ( 'NONE',  ( -1.000000000000000000, 0.0000000000000000000, 0.0000000000000000000 ) ) ;
#2823 = EDGE_CURVE ( 'NONE', #6313, #983, #7431, .T. ) ;
#2824 = FACE_OUTER_BOUND ( 'NONE', #5840, .T. ) ;
#2825 = ORIENTED_EDGE ( 'NONE', *, *, #4655, .T. ) ;
#2826 = ORIENTED_EDGE ( 'NONE', *, *, #5779, .F. ) ;
#2827 = CARTESIAN_POINT ( 'NONE',  ( 0.0000000000000000000, -5.549999999999998934, -92.70000000000000284 ) ) ;
#2828 = CARTESIAN_POINT ( 'NONE',  ( 11.02748973205810401, 5.576428740023369635, 6.464051006528612753 ) ) ;
#2829 = AXIS2_PLACEMENT_3D ( 'NONE', #5453, #4211, #1023 ) ;
#2830 = CARTESIAN_POINT ( 'NONE',  ( 12.75002284456653534, -5.964708090068001844, -1.000000000000000000 ) ) ;
#2831 = CARTESIAN_POINT ( 'NONE',  ( -1.013323155338313963, -4.538245936797079771, -8.975499814951863442 ) ) ;
#2832 = VECTOR ( 'NONE', #292, 1000.000000000000000 ) ;
#2833 = AXIS2_PLACEMENT_3D ( 'NONE', #5420, #1584, #5447 ) ;
#2834 = VERTEX_POINT ( 'NONE', #4475 ) ;
#2835 = CARTESIAN_POINT ( 'NONE',  ( 12.23623872477410401, -5.196706322621042595, 1.101691000850349766 ) ) ;
#2836 = DIRECTION ( 'NONE',  ( 1.000000000000000000, 1.445602896647339163E-16, -0.0000000000000000000 ) ) ;
#2837 = PLANE ( 'NONE',  #1771 ) ;
#2838 = DIRECTION ( 'NONE',  ( 5.399676883299360003E-18, 0.03237209870275840201, 0.9994758862651860198 ) ) ;
#2839 = VECTOR ( 'NONE', #6550, 1000.000000000000000 ) ;
#2840 = ADVANCED_FACE ( 'NONE', ( #3701 ), #7848, .T. ) ;
#2841 = DIRECTION ( 'NONE',  ( -0.0000000000000000000, 0.0000000000000000000, 1.000000000000000000 ) ) ;
#2842 = ORIENTED_EDGE ( 'NONE', *, *, #6228, .F. ) ;
#2843 = DIRECTION ( 'NONE',  ( 0.0000000000000000000, 0.9998476951563913806, -0.01745240643727676705 ) ) ;
#2844 = ORIENTED_EDGE ( 'NONE', *, *, #550, .F. ) ;
#2845 = EDGE_CURVE ( 'NONE', #1350, #1812, #7020, .T. ) ;
#2846 = CARTESIAN_POINT ( 'NONE',  ( 8.000000000000000000, 5.100000000000003197, -9.299999999999998934 ) ) ;
#2847 = VECTOR ( 'NONE', #7178, 1000.000000000000114 ) ;
#2848 = CC_DESIGN_APPROVAL ( #6548, ( #7865 ) ) ;
#2849 = CARTESIAN_POINT ( 'NONE',  ( 4.924439740334299209, 6.075560259665705232, -1.223785139368448682 ) ) ;
#2850 = ORIENTED_EDGE ( 'NONE', *, *, #4544, .F. ) ;
#2851 = CARTESIAN_POINT ( 'NONE',  ( -12.23715530468645518, 5.196547452416119484, 1.106596056279238960 ) ) ;
#2852 = ORIENTED_EDGE ( 'NONE', *, *, #3544, .T. ) ;
#2853 = DIRECTION ( 'NONE',  ( -0.9434756357255816850, 0.0000000000000000000, -0.3314418875039927825 ) ) ;
#2854 = CARTESIAN_POINT ( 'NONE',  ( 40.87257985282374051, 0.0000000000000000000, -78.34151049522405685 ) ) ;
#2855 = CARTESIAN_POINT ( 'NONE',  ( -12.96326458944042948, -5.549999999999998934, 1.104570261448656110 ) ) ;
#2856 = ORIENTED_EDGE ( 'NONE', *, *, #197, .F. ) ;
#2857 = DIRECTION ( 'NONE',  ( 0.0000000000000000000, 0.0000000000000000000, 1.000000000000000000 ) ) ;
#2858 = APPLICATION_CONTEXT ( 'configuration controlled 3d designs of mechanical parts and assemblies' ) ;
#2859 = DIRECTION ( 'NONE',  ( 0.0000000000000000000, -0.9994758862651860198, 0.03237209870275840201 ) ) ;
#2860 = ORIENTED_EDGE ( 'NONE', *, *, #7538, .F. ) ;
#2861 = CIRCLE ( 'NONE', #6000, 0.1999999999999999833 ) ;
#2862 = CARTESIAN_POINT ( 'NONE',  ( 12.31109991707950968, -5.166303364680822519, 2.040370436271633725 ) ) ;
#2863 = DIRECTION ( 'NONE',  ( 1.000000000000000000, 0.0000000000000000000, 0.0000000000000000000 ) ) ;
#2864 = DIRECTION ( 'NONE',  ( -0.0000000000000000000, -0.0000000000000000000, 1.000000000000000000 ) ) ;
#2865 = EDGE_CURVE ( 'NONE', #2087, #2466, #6641, .T. ) ;
#2866 = CARTESIAN_POINT ( 'NONE',  ( 0.0000000000000000000, 5.964708090068001844, -1.000000000000000000 ) ) ;
#2867 = ORIENTED_EDGE ( 'NONE', *, *, #2925, .F. ) ;
#2868 = VECTOR ( 'NONE', #4709, 1000.000000000000114 ) ;
#2869 = EDGE_CURVE ( 'NONE', #4296, #8203, #2714, .T. ) ;
#2870 = ORIENTED_EDGE ( 'NONE', *, *, #5955, .F. ) ;
#2871 = CARTESIAN_POINT ( 'NONE',  ( 9.000000000000001776, -6.150000000000001243, -1.000000000000000888 ) ) ;
#2872 = DIRECTION ( 'NONE',  ( 1.000000000000000000, 0.0000000000000000000, 0.0000000000000000000 ) ) ;
#2873 = CARTESIAN_POINT ( 'NONE',  ( -12.90270275423461932, 0.0000000000000000000, 1.126108323596650918 ) ) ;
#2874 = AXIS2_PLACEMENT_3D ( 'NONE', #2032, #3826, #3856 ) ;
#2875 = FACE_OUTER_BOUND ( 'NONE', #5462, .T. ) ;
#2877 = AXIS2_PLACEMENT_3D ( 'NONE', #5378, #4644, #7990 ) ;
#2876 = CARTESIAN_POINT ( 'NONE',  ( 24.98566414201826191, 4.757005158825442059, -1.000000000000000000 ) ) ;
#2878 = ADVANCED_FACE ( 'NONE', ( #3998 ), #5866, .F. ) ;
#2879 = ORIENTED_EDGE ( 'NONE', *, *, #4203, .T. ) ;
#2880 = DIRECTION ( 'NONE',  ( 0.0000000000000000000, 0.0000000000000000000, 1.000000000000000000 ) ) ;
#2881 = DIRECTION ( 'NONE',  ( 0.01745240643728354635, 0.0000000000000000000, 0.9998476951563911586 ) ) ;
#2882 = DATE_AND_TIME ( #7822, #8030 ) ;
#2883 = CARTESIAN_POINT ( 'NONE',  ( 11.09848522915800650, 5.549999999999998934, 6.412812697791911987 ) ) ;
#2884 = VECTOR ( 'NONE', #2923, 1000.000000000000000 ) ;
#2885 = DIRECTION ( 'NONE',  ( 1.000000000000000000, 0.0000000000000000000, 0.0000000000000000000 ) ) ;
#2886 = CARTESIAN_POINT ( 'NONE',  ( -0.9850620185950630381, -4.422649562967296610, -8.906808487948866926 ) ) ;
#2887 = ORIENTED_EDGE ( 'NONE', *, *, #3716, .F. ) ;
#2888 = EDGE_CURVE ( 'NONE', #3585, #7221, #5005, .T. ) ;
#2889 = VERTEX_POINT ( 'NONE', #764 ) ;
#2890 = CARTESIAN_POINT ( 'NONE',  ( -12.39999999999999503, -5.117157287525377463, 1.000000000090039975 ) ) ;
#2892 = DIRECTION ( 'NONE',  ( 0.0000000000000000000, 3.891399265864329177E-16, 1.000000000000000000 ) ) ;
#2891 = DATE_AND_TIME ( #800, #5894 ) ;
#2893 = DIRECTION ( 'NONE',  ( 0.0000000000000000000, 0.0000000000000000000, 1.000000000000000000 ) ) ;
#2894 = VECTOR ( 'NONE', #1386, 1000.000000000000227 ) ;
#2895 = ORIENTED_EDGE ( 'NONE', *, *, #3926, .T. ) ;
#2896 = EDGE_CURVE ( 'NONE', #5664, #3674, #2311, .T. ) ;
#2897 = VERTEX_POINT ( 'NONE', #5923 ) ;
#2898 = DIRECTION ( 'NONE',  ( -0.3314418875039929491, 0.0000000000000000000, 0.9434756357255815740 ) ) ;
#2899 = ORIENTED_EDGE ( 'NONE', *, *, #5680, .T. ) ;
#2900 = VERTEX_POINT ( 'NONE', #2647 ) ;
#2901 = VECTOR ( 'NONE', #6758, 1000.000000000000000 ) ;
#2902 = CARTESIAN_POINT ( 'NONE',  ( 3.889087296525995718, -3.323401871576789901, -1.471169911671835973 ) ) ;
#2903 = APPROVAL_PERSON_ORGANIZATION ( #8042, #3530, #5452 ) ;
#2904 = CIRCLE ( 'NONE', #2399, 0.2000000000000000944 ) ;
#2905 = DIRECTION ( 'NONE',  ( 0.0000000000000000000, 0.0000000000000000000, -1.000000000000000000 ) ) ;
#2906 = EDGE_LOOP ( 'NONE', ( #822, #5053, #6284, #5704, #6019, #2351, #3957, #5828, #2731, #4978, #1891, #8227 ) ) ;
#2907 = ORIENTED_EDGE ( 'NONE', *, *, #6057, .F. ) ;
#2908 = CARTESIAN_POINT ( 'NONE',  ( 12.40000000000000391, 4.999999999996679101, 2.105706630516124278 ) ) ;
#2909 = EDGE_CURVE ( 'NONE', #4836, #4984, #1632, .T. ) ;
#2910 = VECTOR ( 'NONE', #6850, 1000.000000000000000 ) ;
#2911 = FACE_OUTER_BOUND ( 'NONE', #3510, .T. ) ;
#2912 = CARTESIAN_POINT ( 'NONE',  ( 0.0000000000000000000, 5.964708090068001844, -1.000000000000000000 ) ) ;
#2913 = VERTEX_POINT ( 'NONE', #5809 ) ;
#2914 = ORIENTED_EDGE ( 'NONE', *, *, #5486, .F. ) ;
#2915 = CARTESIAN_POINT ( 'NONE',  ( -12.94999238359781302, -5.881885383100025066, -0.9999999999999997780 ) ) ;
#2916 = CARTESIAN_POINT ( 'NONE',  ( -8.224365434925873686, 6.224365434925783092, -1.075747223755080917 ) ) ;
#2917 = FACE_OUTER_BOUND ( 'NONE', #3497, .T. ) ;
#2918 = CARTESIAN_POINT ( 'NONE',  ( 12.19808431957722483, 5.199991117421789433, 2.105706630516124278 ) ) ;
#2919 = ORIENTED_EDGE ( 'NONE', *, *, #6204, .T. ) ;
#2920 = VERTEX_POINT ( 'NONE', #736 ) ;
#2921 = CARTESIAN_POINT ( 'NONE',  ( 18.35813107968150604, -5.000000000000000888, 7.174921777190895078 ) ) ;
#2922 = DIRECTION ( 'NONE',  ( -0.01745240643728354635, 0.0000000000000000000, -0.9998476951563911586 ) ) ;
#2923 = DIRECTION ( 'NONE',  ( -0.01234165475093677682, 0.7070529271412462347, -0.7070529271412462347 ) ) ;
#2924 = ORIENTED_EDGE ( 'NONE', *, *, #4494, .T. ) ;
#2925 = EDGE_CURVE ( 'NONE', #215, #4230, #1936, .T. ) ;
#2926 = ADVANCED_FACE ( 'NONE', ( #2114 ), #3111, .T. ) ;
#2927 = CARTESIAN_POINT ( 'NONE',  ( 7.900000000000000355, 6.000000000000003553, -1.207106781186547462 ) ) ;
#2928 = AXIS2_PLACEMENT_3D ( 'NONE', #7437, #398, #4825 ) ;
#2929 = CARTESIAN_POINT ( 'NONE',  ( -13.00000000000000000, -6.000000000000005329, -3.021872165881479333 ) ) ;
#2930 = FACE_OUTER_BOUND ( 'NONE', #8139, .T. ) ;
#2931 = ORIENTED_EDGE ( 'NONE', *, *, #525, .F. ) ;
#2932 = CARTESIAN_POINT ( 'NONE',  ( -4.578553963242941727, 6.434538363964171559, -0.9999999999999995559 ) ) ;
#2933 = VERTEX_POINT ( 'NONE', #7131 ) ;
#2934 = CARTESIAN_POINT ( 'NONE',  ( 4.936893204291537884, 5.975728154850151519, -1.248190534232892279 ) ) ;
#2935 = EDGE_CURVE ( 'NONE', #6991, #3265, #2045, .T. ) ;
#2936 = FACE_OUTER_BOUND ( 'NONE', #1775, .T. ) ;
#2937 = DIRECTION ( 'NONE',  ( -0.0000000000000000000, 0.0000000000000000000, 1.000000000000000000 ) ) ;
#2938 = ORIENTED_EDGE ( 'NONE', *, *, #1650, .T. ) ;
#2939 = CARTESIAN_POINT ( 'NONE',  ( -12.75002284456653356, -5.964708090068001844, -1.000000000000000000 ) ) ;
#2940 = CARTESIAN_POINT ( 'NONE',  ( -8.342951251260732448, 6.369126042717339509, -1.013013667921719652 ) ) ;
#2941 = APPLICATION_CONTEXT ( 'configuration controlled 3d designs of mechanical parts and assemblies' ) ;
#2942 = DIRECTION ( 'NONE',  ( 1.000000000000000000, 0.0000000000000000000, 0.0000000000000000000 ) ) ;
#2943 = AXIS2_PLACEMENT_3D ( 'NONE', #6395, #5663, #677 ) ;
#2944 = EDGE_CURVE ( 'NONE', #5200, #5394, #5306, .T. ) ;
#2945 = CYLINDRICAL_SURFACE ( 'NONE', #1337, 4.650000000000000355 ) ;
#2946 = ORIENTED_EDGE ( 'NONE', *, *, #575, .F. ) ;
#2947 = CARTESIAN_POINT ( 'NONE',  ( -12.69999999999999929, -11.92622972452171659, 1.000000000000000000 ) ) ;
#2948 = CARTESIAN_POINT ( 'NONE',  ( -12.21491562168314360, -5.199459458854670757, 1.016688996201929429 ) ) ;
#2949 = CARTESIAN_POINT ( 'NONE',  ( 0.0000000000000000000, 0.0000000000000000000, -8.299999999999998934 ) ) ;
#2950 = CARTESIAN_POINT ( 'NONE',  ( 8.707106781186544353, -6.148528137423857842, -0.9999999999999995559 ) ) ;
#2951 = ORIENTED_EDGE ( 'NONE', *, *, #4454, .T. ) ;
#2952 = VECTOR ( 'NONE', #7898, 1000.000000000000000 ) ;
#2953 = CARTESIAN_POINT ( 'NONE',  ( -3.493375626955398161, -6.075375642781205343, -2.993405485750665562 ) ) ;
#2954 = LINE ( 'NONE', #1853, #5952 ) ;
#2955 = ORIENTED_EDGE ( 'NONE', *, *, #5439, .F. ) ;
#2956 = EDGE_CURVE ( 'NONE', #3063, #3092, #4624, .T. ) ;
#2957 = ORIENTED_EDGE ( 'NONE', *, *, #975, .F. ) ;
#2958 = CARTESIAN_POINT ( 'NONE',  ( -4.807273374271404442, 6.131271950874297438, -1.100166593084856759 ) ) ;
#2959 = PRODUCT_DEFINITION_FORMATION_WITH_SPECIFIED_SOURCE ( 'ANY', '', #3360, .NOT_KNOWN. ) ;
#2960 = SPHERICAL_SURFACE ( 'NONE', #5942, 0.2000000000000000111 ) ;
#2961 = DIRECTION ( 'NONE',  ( -1.000000000000000000, -0.0000000000000000000, -0.0000000000000000000 ) ) ;
#2962 = LINE ( 'NONE', #7062, #2759 ) ;
#2963 = CARTESIAN_POINT ( 'NONE',  ( -12.39999999999999325, -5.027509650369462513, 1.853973807726561507 ) ) ;
#2964 = VERTEX_POINT ( 'NONE', #784 ) ;
#2965 = ADVANCED_FACE ( 'NONE', ( #8259 ), #3397, .T. ) ;
#2966 = ORIENTED_EDGE ( 'NONE', *, *, #5074, .F. ) ;
#2967 = ORIENTED_EDGE ( 'NONE', *, *, #7750, .F. ) ;
#2968 = LINE ( 'NONE', #653, #6571 ) ;
#2969 = CARTESIAN_POINT ( 'NONE',  ( -8.000000000000000000, 5.900000000090929397, -1.434538370960597442 ) ) ;
#2970 = CARTESIAN_POINT ( 'NONE',  ( -5.100000000000001421, 6.000000000000003553, -3.000000000000000000 ) ) ;
#2971 = DIRECTION ( 'NONE',  ( 0.0000000000000000000, 0.0000000000000000000, 1.000000000000000000 ) ) ;
#2972 = CIRCLE ( 'NONE', #287, 4.650000000000000355 ) ;
#2973 = CARTESIAN_POINT ( 'NONE',  ( 7.750000000000000000, 6.000000000000000000, -1.000000000000000000 ) ) ;
#2974 = CARTESIAN_POINT ( 'NONE',  ( -12.19996953439121512, -5.199999999999998401, 1.000000000090039975 ) ) ;
#2975 = CARTESIAN_POINT ( 'NONE',  ( -11.00665997343207714, 5.549999999999998934, 6.537375343496798941 ) ) ;
#2976 = CARTESIAN_POINT ( 'NONE',  ( 12.22254741605052430, 5.198757694923052064, 1.038355683372645499 ) ) ;
#2977 = PLANE ( 'NONE',  #6147 ) ;
#2978 = EDGE_CURVE ( 'NONE', #1482, #6272, #2220, .T. ) ;
#2979 = ORIENTED_EDGE ( 'NONE', *, *, #2869, .T. ) ;
#2980 = ORIENTED_EDGE ( 'NONE', *, *, #425, .T. ) ;
#2981 = CARTESIAN_POINT ( 'NONE',  ( 5.000000000000000888, 5.900000000000003020, -3.000000000000000000 ) ) ;
#2982 = VECTOR ( 'NONE', #6674, 1000.000000000000000 ) ;
#2983 = EDGE_CURVE ( 'NONE', #5845, #3772, #6521, .T. ) ;
#2984 = ORIENTED_EDGE ( 'NONE', *, *, #6084, .F. ) ;
#2985 = CARTESIAN_POINT ( 'NONE',  ( -4.500000000000000888, 6.500000000000004441, -0.9999999999999995559 ) ) ;
#2986 = CARTESIAN_POINT ( 'NONE',  ( -4.600000000000000533, -5.900000000000001243, -3.000000000000000000 ) ) ;
#2987 = ORIENTED_EDGE ( 'NONE', *, *, #363, .F. ) ;
#2988 = AXIS2_PLACEMENT_3D ( 'NONE', #5980, #3427, #2179 ) ;
#2989 = CARTESIAN_POINT ( 'NONE',  ( 9.198212002188439484, 6.000000000000000000, -3.000000000000000000 ) ) ;
#2990 = APPROVAL_DATE_TIME ( #6498, #151 ) ;
#2991 = FACE_OUTER_BOUND ( 'NONE', #3140, .T. ) ;
#2992 = PLANE ( 'NONE',  #8122 ) ;
#2993 = ORIENTED_EDGE ( 'NONE', *, *, #7499, .T. ) ;
#2994 = DIRECTION ( 'NONE',  ( -9.637352644315598694E-16, 1.000000000000000000, 0.0000000000000000000 ) ) ;
#2995 = VERTEX_POINT ( 'NONE', #2758 ) ;
#2996 =( REPRESENTATION_RELATIONSHIP ('NONE','NONE', #686, #5919 ) REPRESENTATION_RELATIONSHIP_WITH_TRANSFORMATION ( #1895 )SHAPE_REPRESENTATION_RELATIONSHIP( ) );
#2997 = DATE_AND_TIME ( #5493, #4676 ) ;
#2998 = VECTOR ( 'NONE', #1940, 1000.000000000000000 ) ;
#2999 = EDGE_LOOP ( 'NONE', ( #6013, #2792, #6735, #2006, #1072, #2491, #1017, #1623 ) ) ;
#3000 = EDGE_LOOP ( 'NONE', ( #8035, #1429, #2697 ) ) ;
#3001 = VERTEX_POINT ( 'NONE', #7879 ) ;
#3002 = ORIENTED_EDGE ( 'NONE', *, *, #466, .F. ) ;
#3003 = CARTESIAN_POINT ( 'NONE',  ( -12.22547541156252748, -5.198384547297447256, 1.049876470332024470 ) ) ;
#3004 = CARTESIAN_POINT ( 'NONE',  ( 12.31388325425196406, 5.164400781149088182, 2.099111958667366551 ) ) ;
#3005 = AXIS2_PLACEMENT_3D ( 'NONE', #4809, #276, #1602 ) ;
#3006 = LINE ( 'NONE', #5320, #1111 ) ;
#3007 = EDGE_CURVE ( 'NONE', #3674, #2138, #3953, .T. ) ;
#3008 = LOCAL_TIME ( 8, 25, 54.00000000000000000, #3894 ) ;
#3009 = ADVANCED_FACE ( 'NONE', ( #4400 ), #630, .F. ) ;
#3010 = VECTOR ( 'NONE', #3570, 1000.000000000000114 ) ;
#3011 = CARTESIAN_POINT ( 'NONE',  ( -14.02292578627219832, 5.993729386993875252, -2.662628987358815813 ) ) ;
#3012 = EDGE_LOOP ( 'NONE', ( #1974, #841, #6929, #6110 ) ) ;
#3013 = ORIENTED_EDGE ( 'NONE', *, *, #5839, .T. ) ;
#3014 = CARTESIAN_POINT ( 'NONE',  ( -12.39999999999999503, -5.199999999999998401, 22.32470080335486529 ) ) ;
#3015 = DIRECTION ( 'NONE',  ( 1.000000000000000000, -0.0000000000000000000, -0.0000000000000000000 ) ) ;
#3016 = ORIENTED_EDGE ( 'NONE', *, *, #4606, .T. ) ;
#3017 = CARTESIAN_POINT ( 'NONE',  ( -12.39419834053315661, -5.051518769816226495, 1.870488691784118362 ) ) ;
#3018 = VECTOR ( 'NONE', #5075, 999.9999999999998863 ) ;
#3019 = ORIENTED_EDGE ( 'NONE', *, *, #3171, .F. ) ;
#3020 = DIRECTION ( 'NONE',  ( 0.0000000000000000000, 1.000000000000000000, 0.0000000000000000000 ) ) ;
#3021 = CARTESIAN_POINT ( 'NONE',  ( 3.712310601229358742, -3.500178566873426877, -1.471169911671835973 ) ) ;
#3022 = CARTESIAN_POINT ( 'NONE',  ( -8.748190524917655253, -6.197828629901119157, -1.063106799566960303 ) ) ;
#3023 = DIRECTION ( 'NONE',  ( -0.0000000000000000000, -1.000000000000000000, -0.0000000000000000000 ) ) ;
#3024 = APPLICATION_PROTOCOL_DEFINITION ( 'international standard', 'config_control_design', 1994, #4911 ) ;
#3025 = EDGE_CURVE ( 'NONE', #3350, #319, #438, .T. ) ;
#3026 = VERTEX_POINT ( 'NONE', #4746 ) ;
#3027 = EDGE_LOOP ( 'NONE', ( #3825, #5445, #2695, #1152 ) ) ;
#3028 = CARTESIAN_POINT ( 'NONE',  ( 12.69999999999999929, -11.92622972452171659, 1.000000000000000000 ) ) ;
#3029 = CARTESIAN_POINT ( 'NONE',  ( 10.90218604790531920, 5.606088938310985981, 6.478360796161387825 ) ) ;
#3030 = CARTESIAN_POINT ( 'NONE',  ( -4.749767151169233870, -5.964475241237236602, -0.9866600994196538243 ) ) ;
#3031 = EDGE_CURVE ( 'NONE', #7104, #407, #8057, .T. ) ;
#3032 = VECTOR ( 'NONE', #5759, 1000.000000000000114 ) ;
#3033 = DIRECTION ( 'NONE',  ( 0.0000000000000000000, 0.0000000000000000000, -1.000000000000000000 ) ) ;
#3034 = ORIENTED_EDGE ( 'NONE', *, *, #6971, .T. ) ;
#3035 = AXIS2_PLACEMENT_3D ( 'NONE', #4817, #3479, #4762 ) ;
#3036 = CARTESIAN_POINT ( 'NONE',  ( 0.0000000000000000000, 5.623695707257521548, 7.076848627118604185 ) ) ;
#3037 = FACE_OUTER_BOUND ( 'NONE', #2198, .T. ) ;
#3038 = AXIS2_PLACEMENT_3D ( 'NONE', #7207, #3354, #4639 ) ;
#3039 = ORIENTED_EDGE ( 'NONE', *, *, #1422, .F. ) ;
#3040 = ORIENTED_EDGE ( 'NONE', *, *, #255, .F. ) ;
#3041 = ADVANCED_FACE ( 'NONE', ( #6324 ), #6623, .T. ) ;
#3042 = DIRECTION ( 'NONE',  ( 1.000000000000000000, 0.0000000000000000000, 0.0000000000000000000 ) ) ;
#3043 = DIRECTION ( 'NONE',  ( 0.0000000000000000000, 0.0000000000000000000, -1.000000000000000000 ) ) ;
#3044 = VECTOR ( 'NONE', #1163, 1000.000000000000000 ) ;
#3045 = CARTESIAN_POINT ( 'NONE',  ( -8.544694633535280914, -6.044694633535280914, -1.282502095618256011 ) ) ;
#3046 = ORIENTED_EDGE ( 'NONE', *, *, #1739, .F. ) ;
#3047 = DIRECTION ( 'NONE',  ( -0.01745240643727699603, -0.0000000000000000000, 0.9998476951563912696 ) ) ;
#3048 =( BOUNDED_CURVE ( )  B_SPLINE_CURVE ( 3, ( #110, #7098, #7823, #3954 ),
 .UNSPECIFIED., .F., .F. ) 
 B_SPLINE_CURVE_WITH_KNOTS ( ( 4, 4 ),
 ( 3.141592653589765138, 4.640899530499165593 ),
 .UNSPECIFIED. ) 
 CURVE ( )  GEOMETRIC_REPRESENTATION_ITEM ( )  RATIONAL_B_SPLINE_CURVE ( ( 1.000000000000000000, 0.8212833698075943101, 0.8212833698075943101, 1.000000000000000000 ) ) 
 REPRESENTATION_ITEM ( '' )  );
#3049 = SECURITY_CLASSIFICATION_LEVEL ( 'unclassified' ) ;
#3050 = AXIS2_PLACEMENT_3D ( 'NONE', #262, #4071, #5563 ) ;
#3051 = EDGE_CURVE ( 'NONE', #1119, #7347, #3594, .T. ) ;
#3052 = VECTOR ( 'NONE', #3311, 1000.000000000000000 ) ;
#3053 = DIRECTION ( 'NONE',  ( -0.3314418875039900625, 0.0000000000000000000, -0.9434756357255826842 ) ) ;
#3055 = ORIENTED_EDGE ( 'NONE', *, *, #5715, .F. ) ;
#3054 = DIRECTION ( 'NONE',  ( 1.000000000000000000, 1.057758217059028608E-16, 0.0000000000000000000 ) ) ;
#3056 = DIRECTION ( 'NONE',  ( -0.0000000000000000000, -0.0000000000000000000, 1.000000000000000000 ) ) ;
#3057 = CARTESIAN_POINT ( 'NONE',  ( 10.90236529170286595, 5.578044450886788574, 6.477851548796630610 ) ) ;
#3058 = CARTESIAN_POINT ( 'NONE',  ( 0.9670956450635145307, -4.348792752600318501, -8.498491966246994878 ) ) ;
#3059 = CARTESIAN_POINT ( 'NONE',  ( -11.06919682255769288, -5.579200959580854047, 6.345328463581761724 ) ) ;
#3060 = ORIENTED_EDGE ( 'NONE', *, *, #4675, .F. ) ;
#3061 = ORIENTED_EDGE ( 'NONE', *, *, #1993, .F. ) ;
#3062 = CARTESIAN_POINT ( 'NONE',  ( 10.90257007011494039, -5.546004849622397259, 6.477269755349149172 ) ) ;
#3063 = VERTEX_POINT ( 'NONE', #1488 ) ;
#3064 = LINE ( 'NONE', #6166, #7266 ) ;
#3065 = EDGE_CURVE ( 'NONE', #210, #6669, #1919, .T. ) ;
#3066 = ORIENTED_EDGE ( 'NONE', *, *, #1056, .F. ) ;
#3067 = CIRCLE ( 'NONE', #1406, 0.09999999999999939493 ) ;
#3068 = CARTESIAN_POINT ( 'NONE',  ( 5.302365194784653291, 5.200000000000000178, -4.000000000000000000 ) ) ;
#3069 = CARTESIAN_POINT ( 'NONE',  ( 0.9670890758901474760, 4.348765769651652846, -8.775153945619699414 ) ) ;
#3070 = ORIENTED_EDGE ( 'NONE', *, *, #3763, .F. ) ;
#3071 = PLANE ( 'NONE',  #6159 ) ;
#3072 = DIRECTION ( 'NONE',  ( 0.9939991105900893853, 0.001909086515898401632, -0.1093714932456638506 ) ) ;
#3073 = VECTOR ( 'NONE', #7721, 1000.000000000000000 ) ;
#3074 = APPROVAL_STATUS ( 'not_yet_approved' ) ;
#3075 = EDGE_CURVE ( 'NONE', #2315, #1717, #5105, .T. ) ;
#3076 = EDGE_LOOP ( 'NONE', ( #38, #1329, #852, #8081 ) ) ;
#3077 = DIRECTION ( 'NONE',  ( 1.000000000000000000, 1.057758217059028608E-16, 0.0000000000000000000 ) ) ;
#3078 = DIRECTION ( 'NONE',  ( 1.000000000000000000, 0.0000000000000000000, 0.0000000000000000000 ) ) ;
#3079 = CARTESIAN_POINT ( 'NONE',  ( 1.204205439236511799, -4.494155881981445333, -8.974747420690817989 ) ) ;
#3080 = EDGE_CURVE ( 'NONE', #5703, #2897, #6124, .T. ) ;
#3081 = LINE ( 'NONE', #5240, #8120 ) ;
#3082 = CARTESIAN_POINT ( 'NONE',  ( 10.54027656803994262, -5.100000000000004086, -2.500000000000000000 ) ) ;
#3083 = ADVANCED_FACE ( 'NONE', ( #2618 ), #2168, .T. ) ;
#3084 = ORIENTED_EDGE ( 'NONE', *, *, #6194, .F. ) ;
#3085 = EDGE_LOOP ( 'NONE', ( #1697, #2223, #6773, #6051 ) ) ;
#3086 = CARTESIAN_POINT ( 'NONE',  ( 7.750000000000000000, -6.349999999999999645, -3.000000000000000000 ) ) ;
#3087 = EDGE_CURVE ( 'NONE', #7943, #411, #4603, .T. ) ;
#3088 = CARTESIAN_POINT ( 'NONE',  ( 8.999999999999998224, -6.500000000000002665, -1.000000000000000000 ) ) ;
#3089 = VECTOR ( 'NONE', #4647, 1000.000000000000000 ) ;
#3090 = ORIENTED_EDGE ( 'NONE', *, *, #5944, .F. ) ;
#3091 = ORIENTED_EDGE ( 'NONE', *, *, #4155, .F. ) ;
#3092 = VERTEX_POINT ( 'NONE', #6736 ) ;
#3093 = ORIENTED_EDGE ( 'NONE', *, *, #4360, .T. ) ;
#3094 = LINE ( 'NONE', #3968, #1421 ) ;
#3095 = AXIS2_PLACEMENT_3D ( 'NONE', #1661, #5393, #283 ) ;
#3096 = CARTESIAN_POINT ( 'NONE',  ( 8.166236034489978479, 6.166236034489942064, -1.120744521546737094 ) ) ;
#3097 = VECTOR ( 'NONE', #2158, 1000.000000000000000 ) ;
#3098 = CARTESIAN_POINT ( 'NONE',  ( -0.9670890758901474760, -4.348765769651652846, -8.637749907475930300 ) ) ;
#3099 = ORIENTED_EDGE ( 'NONE', *, *, #2071, .T. ) ;
#3100 = EDGE_CURVE ( 'NONE', #130, #3343, #1213, .T. ) ;
#3101 = CARTESIAN_POINT ( 'NONE',  ( -8.500000000000000000, -5.100000000000000533, -1.499999999999999556 ) ) ;
#3102 = ORIENTED_EDGE ( 'NONE', *, *, #872, .F. ) ;
#3103 = PLANE ( 'NONE',  #5570 ) ;
#3104 = DATE_TIME_ROLE ( 'classification_date' ) ;
#3105 = ORIENTED_EDGE ( 'NONE', *, *, #5350, .T. ) ;
#3106 = CIRCLE ( 'NONE', #3848, 0.2250000000000000333 ) ;
#3107 = CIRCLE ( 'NONE', #8110, 0.5000000000000008882 ) ;
#3108 = LINE ( 'NONE', #5817, #1824 ) ;
#3109 = EDGE_LOOP ( 'NONE', ( #4747, #5217, #1361, #5906 ) ) ;
#3110 = CARTESIAN_POINT ( 'NONE',  ( -1.228892178883608910, -4.586288048617639390, -8.803593070560813416 ) ) ;
#3111 = CYLINDRICAL_SURFACE ( 'NONE', #5879, 0.2000000000000000944 ) ;
#3112 = CARTESIAN_POINT ( 'NONE',  ( 1.204163065101840457, -4.493997739557926252, -8.300847917657749875 ) ) ;
#3113 = PLANE ( 'NONE',  #7946 ) ;
#3114 = ORIENTED_EDGE ( 'NONE', *, *, #2079, .F. ) ;
#3115 = EDGE_CURVE ( 'NONE', #6396, #6757, #6752, .T. ) ;
#3116 = CC_DESIGN_APPROVAL ( #1251, ( #7415 ) ) ;
#3117 = CIRCLE ( 'NONE', #644, 0.2000000000000000944 ) ;
#3118 = ORIENTED_EDGE ( 'NONE', *, *, #1216, .F. ) ;
#3119 = CARTESIAN_POINT ( 'NONE',  ( -4.936893204291544102, 5.975728154850142637, -1.248190534232906490 ) ) ;
#3120 = DIRECTION ( 'NONE',  ( 0.01744974916068272458, 0.01744974916067593834, 0.9996954598818875715 ) ) ;
#3121 = LINE ( 'NONE', #462, #2233 ) ;
#3122 = ADVANCED_FACE ( 'NONE', ( #7124 ), #731, .F. ) ;
#3123 = DIRECTION ( 'NONE',  ( 0.7071067811865463515, -0.7071067811865487940, -0.0000000000000000000 ) ) ;
#3124 = ORIENTED_EDGE ( 'NONE', *, *, #6003, .T. ) ;
#3125 = EDGE_CURVE ( 'NONE', #1350, #5928, #471, .T. ) ;
#3126 = DIRECTION ( 'NONE',  ( -0.9434756357255816850, 0.0000000000000000000, 0.3314418875039927825 ) ) ;
#3127 = CARTESIAN_POINT ( 'NONE',  ( 0.0000000000000000000, 0.0000000000000000000, -8.637749907475930300 ) ) ;
#3128 = EDGE_CURVE ( 'NONE', #7591, #4230, #2416, .T. ) ;
#3129 = AXIS2_PLACEMENT_3D ( 'NONE', #2929, #2843, #6151 ) ;
#3130 = EDGE_CURVE ( 'NONE', #2616, #8059, #2029, .T. ) ;
#3131 = ORIENTED_EDGE ( 'NONE', *, *, #1487, .F. ) ;
#3132 = DIRECTION ( 'NONE',  ( -6.994852725712932707E-17, -1.000000000000000000, 0.0000000000000000000 ) ) ;
#3133 = EDGE_CURVE ( 'NONE', #5745, #1931, #6617, .T. ) ;
#3134 = CARTESIAN_POINT ( 'NONE',  ( 8.000000000000000000, 5.100000000000003197, -3.000000000000000000 ) ) ;
#3135 = FACE_OUTER_BOUND ( 'NONE', #3085, .T. ) ;
#3136 = ORIENTED_EDGE ( 'NONE', *, *, #3194, .T. ) ;
#3138 = AXIS2_PLACEMENT_3D ( 'NONE', #2686, #7167, #97 ) ;
#3137 = CARTESIAN_POINT ( 'NONE',  ( -9.000000000000001776, -6.650000000000001243, -1.000000000000000000 ) ) ;
#3139 = VERTEX_POINT ( 'NONE', #1059 ) ;
#3140 = EDGE_LOOP ( 'NONE', ( #4650, #3145, #6923, #4299 ) ) ;
#3141 = CARTESIAN_POINT ( 'NONE',  ( -0.9670890758901474760, -4.348765769651652846, -8.637749907475930300 ) ) ;
#3142 = CARTESIAN_POINT ( 'NONE',  ( -11.61776807911094167, -5.674254229703989516, 4.180352816052237408 ) ) ;
#3143 = VECTOR ( 'NONE', #6534, 1000.000000000000000 ) ;
#3144 = CARTESIAN_POINT ( 'NONE',  ( -4.399833406915142575, -6.020199911701854312, -1.192726625728592893 ) ) ;
#3145 = ORIENTED_EDGE ( 'NONE', *, *, #8291, .T. ) ;
#3146 =( BOUNDED_CURVE ( )  B_SPLINE_CURVE ( 3, ( #5299, #3362, #6542, #7858 ),
 .UNSPECIFIED., .F., .F. ) 
 B_SPLINE_CURVE_WITH_KNOTS ( ( 4, 4 ),
 ( 4.712388980384689674, 6.283185307179586232 ),
 .UNSPECIFIED. ) 
 CURVE ( )  GEOMETRIC_REPRESENTATION_ITEM ( )  RATIONAL_B_SPLINE_CURVE ( ( 1.000000000000000000, 0.8047378541243649375, 0.8047378541243649375, 1.000000000000000000 ) ) 
 REPRESENTATION_ITEM ( '' )  );
#3147 = PLANE ( 'NONE',  #2354 ) ;
#3148 = DIRECTION ( 'NONE',  ( 1.000000000000000000, 0.0000000000000000000, 0.0000000000000000000 ) ) ;
#3149 = CARTESIAN_POINT ( 'NONE',  ( 12.95005327307179144, -5.764799440510703477, -1.003488355628012085 ) ) ;
#3150 = TOROIDAL_SURFACE ( 'NONE', #1783, 90.00330277587156047, 0.2000000000000000111 ) ;
#3151 = CYLINDRICAL_SURFACE ( 'NONE', #1280, 0.2250000000000000333 ) ;
#3152 = AXIS2_PLACEMENT_3D ( 'NONE', #4587, #2584, #5153 ) ;
#3153 = EDGE_CURVE ( 'NONE', #2779, #389, #1728, .T. ) ;
#3154 = ORIENTED_EDGE ( 'NONE', *, *, #3440, .F. ) ;
#3155 = ORIENTED_EDGE ( 'NONE', *, *, #1856, .T. ) ;
#3156 = VECTOR ( 'NONE', #1847, 1000.000000000000000 ) ;
#3157 = CARTESIAN_POINT ( 'NONE',  ( -13.00000000000000000, 6.000000000000000000, -3.000000000000000000 ) ) ;
#3158 = CARTESIAN_POINT ( 'NONE',  ( -1.154111411849588542, -4.307202426617681823, -8.774066208871726502 ) ) ;
#3159 = CARTESIAN_POINT ( 'NONE',  ( -4.600000000000000533, -6.000000000000001776, -1.499999999999999556 ) ) ;
#3160 = ADVANCED_FACE ( 'NONE', ( #46 ), #4864, .F. ) ;
#3161 = DIRECTION ( 'NONE',  ( 0.0000000000000000000, 0.01815413264053684569, -0.9998352001545404155 ) ) ;
#3162 = CARTESIAN_POINT ( 'NONE',  ( 8.000000000000000000, 0.0000000000000000000, -3.000000000000000000 ) ) ;
#3163 = FACE_OUTER_BOUND ( 'NONE', #6459, .T. ) ;
#3164 = ORIENTED_EDGE ( 'NONE', *, *, #668, .T. ) ;
#3165 = CARTESIAN_POINT ( 'NONE',  ( 3.623381032789608991, -2.752019238889966690, 0.0000000000000000000 ) ) ;
#3166 = CARTESIAN_POINT ( 'NONE',  ( 0.0000000000000000000, 0.0000000000000000000, 1.000000000000000000 ) ) ;
#3167 = ORIENTED_EDGE ( 'NONE', *, *, #1542, .T. ) ;
#3168 = ADVANCED_FACE ( 'NONE', ( #8153 ), #3345, .T. ) ;
#3169 = CARTESIAN_POINT ( 'NONE',  ( -4.130873957282665820, -6.342951251260779522, -1.013013667921719874 ) ) ;
#3170 = VECTOR ( 'NONE', #1407, 1000.000000000000227 ) ;
#3171 = EDGE_CURVE ( 'NONE', #4964, #7314, #1835, .T. ) ;
#3172 = EDGE_LOOP ( 'NONE', ( #2161, #190, #5175 ) ) ;
#3173 = CARTESIAN_POINT ( 'NONE',  ( 4.500000000000000888, 5.100000000000000533, -1.000000000000000000 ) ) ;
#3174 = DIRECTION ( 'NONE',  ( 1.000000000000000000, 0.0000000000000000000, 0.0000000000000000000 ) ) ;
#3175 = ORIENTED_EDGE ( 'NONE', *, *, #6276, .F. ) ;
#3176 = CARTESIAN_POINT ( 'NONE',  ( -8.000000000000000000, 5.099999999999999645, -1.499999999999999556 ) ) ;
#3177 = LOCAL_TIME ( 8, 25, 54.00000000000000000, #4575 ) ;
#3178 = VECTOR ( 'NONE', #7703, 1000.000000000000000 ) ;
#3179 = ORIENTED_EDGE ( 'NONE', *, *, #4032, .F. ) ;
#3180 = EDGE_CURVE ( 'NONE', #3997, #2362, #1255, .T. ) ;
#3181 = ORIENTED_EDGE ( 'NONE', *, *, #7155, .F. ) ;
#3182 = EDGE_LOOP ( 'NONE', ( #5524, #7356, #2489, #5131, #5676, #4727, #6216, #1759 ) ) ;
#3183 = CARTESIAN_POINT ( 'NONE',  ( 1.141908296579407844, 4.507707233935025037, -8.355746645795102623 ) ) ;
#3184 = AXIS2_PLACEMENT_3D ( 'NONE', #155, #5231, #2576 ) ;
#3185 = VECTOR ( 'NONE', #1532, 1000.000000000000000 ) ;
#3186 = AXIS2_PLACEMENT_3D ( 'NONE', #7998, #6683, #2206 ) ;
#3187 = COORDINATED_UNIVERSAL_TIME_OFFSET ( 9, 0, .AHEAD. ) ;
#3188 = CYLINDRICAL_SURFACE ( 'NONE', #6567, 0.1000000000000002554 ) ;
#3189 = DIRECTION ( 'NONE',  ( 0.0000000000000000000, 0.0000000000000000000, -1.000000000000000000 ) ) ;
#3190 = CARTESIAN_POINT ( 'NONE',  ( 13.00000000000000533, -5.549999999999998934, -1.000000000000000666 ) ) ;
#3191 = EDGE_LOOP ( 'NONE', ( #3681, #3520, #2234, #1183 ) ) ;
#3192 = AXIS2_PLACEMENT_3D ( 'NONE', #2221, #4126, #393 ) ;
#3193 = ORIENTED_EDGE ( 'NONE', *, *, #2925, .T. ) ;
#3194 = EDGE_CURVE ( 'NONE', #2130, #1482, #5658, .T. ) ;
#3196 = CARTESIAN_POINT ( 'NONE',  ( 12.79999999999999893, -5.800000000000000711, -3.000000000000000000 ) ) ;
#3195 = PERSON_AND_ORGANIZATION ( #6821, #2012 ) ;
#3197 = FACE_BOUND ( 'NONE', #830, .T. ) ;
#3198 = DIRECTION ( 'NONE',  ( -0.0000000000000000000, -0.0000000000000000000, 1.000000000000000000 ) ) ;
#3199 = ORIENTED_EDGE ( 'NONE', *, *, #4111, .F. ) ;
#3200 = DIRECTION ( 'NONE',  ( 0.006377395874619287697, 0.9998148677100334725, 0.01815376346180046924 ) ) ;
#3201 = VECTOR ( 'NONE', #309, 1000.000000000000000 ) ;
#3202 = ORIENTED_EDGE ( 'NONE', *, *, #4079, .F. ) ;
#3203 = AXIS2_PLACEMENT_3D ( 'NONE', #7787, #1479, #2001 ) ;
#3204 = ADVANCED_FACE ( 'NONE', ( #6769 ), #7374, .F. ) ;
#3205 = CARTESIAN_POINT ( 'NONE',  ( 12.91397716612078206, -5.728723333559693209, 1.063310427383309831 ) ) ;
#3206 = AXIS2_PLACEMENT_3D ( 'NONE', #412, #4843, #1040 ) ;
#3207 = CARTESIAN_POINT ( 'NONE',  ( 0.0000000000000000000, 5.549999999999998934, 7.075562263763490733 ) ) ;
#3208 = EDGE_CURVE ( 'NONE', #2786, #5864, #3952, .T. ) ;
#3209 = CARTESIAN_POINT ( 'NONE',  ( 5.000000000000000888, 5.100000000000003197, -2.500000000000000000 ) ) ;
#3210 = EDGE_LOOP ( 'NONE', ( #1416, #5656, #381, #6709 ) ) ;
#3211 = CARTESIAN_POINT ( 'NONE',  ( 12.40000000000000391, 5.000000000000000000, 1.000000000090039975 ) ) ;
#3212 = VERTEX_POINT ( 'NONE', #1137 ) ;
#3213 = DIRECTION ( 'NONE',  ( 0.0000000000000000000, -0.0000000000000000000, -1.000000000000000000 ) ) ;
#3214 = PLANE ( 'NONE',  #445 ) ;
#3215 = CARTESIAN_POINT ( 'NONE',  ( -11.06938643620634899, -5.549474382714691956, 6.344788713283289638 ) ) ;
#3216 = EDGE_CURVE ( 'NONE', #4230, #3997, #2461, .T. ) ;
#3217 = ADVANCED_FACE ( 'NONE', ( #2263 ), #3151, .T. ) ;
#3218 = VECTOR ( 'NONE', #1052, 1000.000000000000000 ) ;
#3219 = DIRECTION ( 'NONE',  ( 0.0000000000000000000, 0.0000000000000000000, 1.000000000000000000 ) ) ;
#3220 = DIRECTION ( 'NONE',  ( 0.0000000000000000000, 0.0000000000000000000, 1.000000000000000000 ) ) ;
#3221 = CLOSED_SHELL ( 'NONE', ( #2756, #75, #6160, #6989, #2054, #5826, #2547, #2721, #4450, #4626, #2635, #5227, #3009, #4121 ) ) ;
#3222 = DIRECTION ( 'NONE',  ( -0.9998476951563913806, 0.0000000000000000000, 0.01745240643727699950 ) ) ;
#3223 = DIRECTION ( 'NONE',  ( 1.000000000000000000, 0.0000000000000000000, 0.0000000000000000000 ) ) ;
#3224 = LINE ( 'NONE', #5004, #6944 ) ;
#3225 = CARTESIAN_POINT ( 'NONE',  ( 4.368728049125690127, -6.192726625728559142, -1.100166593084894950 ) ) ;
#3226 = DIRECTION ( 'NONE',  ( -1.057758217059028608E-16, 1.000000000000000000, 0.0000000000000000000 ) ) ;
#3227 = ORIENTED_EDGE ( 'NONE', *, *, #4598, .F. ) ;
#3228 = CARTESIAN_POINT ( 'NONE',  ( 40.68388472567862379, 0.0000000000000000000, -78.40779887272486803 ) ) ;
#3229 = EDGE_CURVE ( 'NONE', #7372, #411, #5457, .T. ) ;
#3230 = CIRCLE ( 'NONE', #7831, 0.2000000000000005107 ) ;
#3231 = DIRECTION ( 'NONE',  ( 0.0000000000000000000, 0.0000000000000000000, 1.000000000000000000 ) ) ;
#3232 = ORIENTED_EDGE ( 'NONE', *, *, #5705, .F. ) ;
#3233 = AXIS2_PLACEMENT_3D ( 'NONE', #4479, #2677, #3277 ) ;
#3234 = AXIS2_PLACEMENT_3D ( 'NONE', #6652, #4722, #4699 ) ;
#3235 = ORIENTED_EDGE ( 'NONE', *, *, #4521, .F. ) ;
#3236 = LINE ( 'NONE', #1509, #7779 ) ;
#3238 = VERTEX_POINT ( 'NONE', #6902 ) ;
#3237 = DIRECTION ( 'NONE',  ( 0.0000000000000000000, 0.0000000000000000000, 1.000000000000000000 ) ) ;
#3239 = CARTESIAN_POINT ( 'NONE',  ( -3.471107314864418925, 4.154642659277765659, -8.066650828483961533 ) ) ;
#3240 = EDGE_CURVE ( 'NONE', #4673, #579, #194, .T. ) ;
#3241 = CARTESIAN_POINT ( 'NONE',  ( 7.750000000000000000, 6.250000000000004441, -3.000000000000000000 ) ) ;
#3242 = FACE_OUTER_BOUND ( 'NONE', #4956, .T. ) ;
#3243 = CARTESIAN_POINT ( 'NONE',  ( 10.88012917333600704, -5.637602997552447981, 6.280100499734931674 ) ) ;
#3244 = CARTESIAN_POINT ( 'NONE',  ( 4.399833406915126588, -6.020199911701875628, -1.192726625728578238 ) ) ;
#3245 = VERTEX_POINT ( 'NONE', #3745 ) ;
#3246 = CARTESIAN_POINT ( 'NONE',  ( 12.71400762708950261, 5.549999999999998934, 1.059819946095849730 ) ) ;
#3247 = ORIENTED_EDGE ( 'NONE', *, *, #2459, .T. ) ;
#3248 = FACE_OUTER_BOUND ( 'NONE', #7325, .T. ) ;
#3249 = ADVANCED_FACE ( 'NONE', ( #8087 ), #7884, .T. ) ;
#3250 = CARTESIAN_POINT ( 'NONE',  ( 8.000000000000000000, 5.100000000000003197, -2.500000000000000000 ) ) ;
#3251 = ORIENTED_EDGE ( 'NONE', *, *, #3367, .T. ) ;
#3252 = DIRECTION ( 'NONE',  ( 0.0000000000000000000, 0.0000000000000000000, -1.000000000000000000 ) ) ;
#3253 = CARTESIAN_POINT ( 'NONE',  ( 3.501277141293968054, -6.185714285714285943, -2.983752105345186756 ) ) ;
#3254 = FACE_OUTER_BOUND ( 'NONE', #1790, .T. ) ;
#3255 = EDGE_CURVE ( 'NONE', #8231, #4438, #6975, .T. ) ;
#3256 = ORIENTED_EDGE ( 'NONE', *, *, #6404, .T. ) ;
#3257 = CC_DESIGN_PERSON_AND_ORGANIZATION_ASSIGNMENT ( #4871, #5620, ( #5414 ) ) ;
#3258 = DIRECTION ( 'NONE',  ( 0.0000000000000000000, 1.000000000000000000, 0.0000000000000000000 ) ) ;
#3259 = DIRECTION ( 'NONE',  ( -0.9939991105900839452, -0.001909086515899255983, -0.1093714932457127975 ) ) ;
#3260 = FACE_OUTER_BOUND ( 'NONE', #6503, .T. ) ;
#3261 = CARTESIAN_POINT ( 'NONE',  ( 11.02767719837472349, 5.547052561033024354, 6.463517368780513195 ) ) ;
#3262 = CARTESIAN_POINT ( 'NONE',  ( 10.97764956382739321, 5.549999999999998934, 6.469075430963111550 ) ) ;
#3263 = DIRECTION ( 'NONE',  ( -0.0000000000000000000, 1.000000000000000000, -0.0000000000000000000 ) ) ;
#3264 = CARTESIAN_POINT ( 'NONE',  ( -1.213583322788938323, 4.529154619866567089, -8.770593196928009760 ) ) ;
#3265 = VERTEX_POINT ( 'NONE', #5630 ) ;
#3266 = VECTOR ( 'NONE', #6601, 1000.000000000000000 ) ;
#3267 = CARTESIAN_POINT ( 'NONE',  ( -12.69999999999999929, -11.92622972452171659, 1.000000000000000000 ) ) ;
#3268 = DIRECTION ( 'NONE',  ( 0.0000000000000000000, 0.9998476951563913806, -0.01745240643727676358 ) ) ;
#3269 = CARTESIAN_POINT ( 'NONE',  ( 4.251809475082330536, -6.197828629901130704, -1.063106799566953420 ) ) ;
#3270 = CARTESIAN_POINT ( 'NONE',  ( 2.540000000000000036, 0.0000000000000000000, 0.0000000000000000000 ) ) ;
#3271 = ORIENTED_EDGE ( 'NONE', *, *, #6267, .T. ) ;
#3272 = ORIENTED_EDGE ( 'NONE', *, *, #2501, .F. ) ;
#3273 = PERSON_AND_ORGANIZATION ( #6821, #2012 ) ;
#3274 = EDGE_CURVE ( 'NONE', #837, #3470, #4143, .T. ) ;
#3275 = CARTESIAN_POINT ( 'NONE',  ( 0.0000000000000000000, 5.549999999999998934, 7.075562263763490733 ) ) ;
#3276 = FACE_BOUND ( 'NONE', #2438, .T. ) ;
#3277 = DIRECTION ( 'NONE',  ( 1.000000000000000000, 0.0000000000000000000, 0.0000000000000000000 ) ) ;
#3278 = ORIENTED_EDGE ( 'NONE', *, *, #6518, .T. ) ;
#3279 = ORIENTED_EDGE ( 'NONE', *, *, #7656, .F. ) ;
#3280 = DIRECTION ( 'NONE',  ( 0.0000000000000000000, 0.0000000000000000000, -1.000000000000000000 ) ) ;
#3281 = EDGE_LOOP ( 'NONE', ( #281, #4604, #7451, #8044 ) ) ;
#3282 = FACE_BOUND ( 'NONE', #1458, .T. ) ;
#3283 = EDGE_CURVE ( 'NONE', #2364, #3300, #2280, .T. ) ;
#3284 = COORDINATED_UNIVERSAL_TIME_OFFSET ( 9, 0, .AHEAD. ) ;
#3285 = LINE ( 'NONE', #3641, #1621 ) ;
#3286 = ORIENTED_EDGE ( 'NONE', *, *, #6697, .T. ) ;
#3287 = CARTESIAN_POINT ( 'NONE',  ( 8.575560259665570229, -6.075560259665748752, -1.223785139368445352 ) ) ;
#3288 = PLANE ( 'NONE',  #2556 ) ;
#3289 =( BOUNDED_SURFACE ( )  B_SPLINE_SURFACE ( 3, 2, ( 
 ( #6948, #2376, #1126 ),
 ( #6862, #4347, #7574 ),
 ( #8118, #5586, #3673 ),
 ( #3022, #1833, #1780 ),
 ( #8151, #7491, #2406 ),
 ( #7513, #8205, #1151 ),
 ( #4319, #3045, #5534 ),
 ( #2458, #3647, #7546 ),
 ( #4265, #1726, #538 ),
 ( #452, #4967, #5618 ) ),
 .UNSPECIFIED., .F., .F., .F. ) 
 B_SPLINE_SURFACE_WITH_KNOTS ( ( 4, 2, 2, 2, 4 ),
 ( 3, 3 ),
 ( 4.712388980384689674, 5.105088062083414258, 5.497787143782137953, 5.890486225480861648, 6.283185307179586232 ),
 ( 0.0000000000000000000, 1.000000000000000000 ),
 .UNSPECIFIED. ) 
 GEOMETRIC_REPRESENTATION_ITEM ( )  RATIONAL_B_SPLINE_SURFACE ( (
 ( 1.000000000000000000, 1.000000000000000000, 1.000000000000000000),
 ( 1.000000000000000000, 1.000158593443212229, 1.000000000000000000),
 ( 1.000000000000000000, 0.9867291723804526571, 1.000000000000000000),
 ( 1.000000000000000000, 0.9386556673818593488, 1.000000000000000000),
 ( 1.000000000000000000, 0.9038128477756420809, 1.000000000000000000),
 ( 1.000000000000000000, 0.8282379597932340021, 1.000000000000000000),
 ( 1.000000000000000000, 0.7876784551907848320, 1.000000000000000000),
 ( 1.000000000000000000, 0.7265517845064249913, 1.000000000000000000),
 ( 1.000000000000000000, 0.7066757228338242935, 1.000000000000000000),
 ( 1.000000000000000000, 0.7071067811865475727, 1.000000000000000000) ) ) 
 REPRESENTATION_ITEM ( '' )  SURFACE ( )  );
#3290 = CARTESIAN_POINT ( 'NONE',  ( 0.0000000000000000000, 0.0000000000000000000, -4.000000000000000000 ) ) ;
#3291 = CLOSED_SHELL ( 'NONE', ( #3217, #2577, #4874, #7087 ) ) ;
#3292 = ADVANCED_FACE ( 'NONE', ( #5754 ), #2174, .T. ) ;
#3293 = CARTESIAN_POINT ( 'NONE',  ( -40.68388472567862379, 0.0000000000000000000, -78.40779887272486803 ) ) ;
#3294 = LINE ( 'NONE', #2669, #3493 ) ;
#3295 = CARTESIAN_POINT ( 'NONE',  ( 12.75002284456653534, -5.964708090068001844, -1.000000000000000000 ) ) ;
#3296 = CARTESIAN_POINT ( 'NONE',  ( -1.154111411849588764, 4.307202426617681823, -8.501433606079991989 ) ) ;
#3297 = AXIS2_PLACEMENT_3D ( 'NONE', #5881, #1401, #5856 ) ;
#3298 = CYLINDRICAL_SURFACE ( 'NONE', #2463, 4.650000000000000355 ) ;
#3299 = ORIENTED_EDGE ( 'NONE', *, *, #6356, .F. ) ;
#3300 = VERTEX_POINT ( 'NONE', #5683 ) ;
#3301 = DIRECTION ( 'NONE',  ( -1.000000000000000000, 0.0000000000000000000, 0.0000000000000000000 ) ) ;
#3302 = CIRCLE ( 'NONE', #1011, 0.5000000000000008882 ) ;
#3303 = EDGE_LOOP ( 'NONE', ( #2887, #7479, #3923, #3039 ) ) ;
#3304 = CARTESIAN_POINT ( 'NONE',  ( -13.00000000000000178, 6.000000000000016875, -3.021872165881479333 ) ) ;
#3305 = CARTESIAN_POINT ( 'NONE',  ( -0.9851174912042189868, -4.422876462278622078, -8.368556495655973038 ) ) ;
#3306 = DIRECTION ( 'NONE',  ( 4.296521598599591399E-16, 0.2229098465714969002, 0.9748390637953896487 ) ) ;
#3307 = CARTESIAN_POINT ( 'NONE',  ( -13.00000000000000533, -5.549999999999998934, -1.000000000000000666 ) ) ;
#3308 = LINE ( 'NONE', #6441, #5517 ) ;
#3309 = AXIS2_PLACEMENT_3D ( 'NONE', #2846, #7330, #8109 ) ;
#3310 = CARTESIAN_POINT ( 'NONE',  ( -5.100000000000001421, 6.000000000000003553, -1.499999999999999556 ) ) ;
#3311 = DIRECTION ( 'NONE',  ( -1.000000000000000000, 0.0000000000000000000, 0.0000000000000000000 ) ) ;
#3312 = ORIENTED_EDGE ( 'NONE', *, *, #3926, .F. ) ;
#3313 = EDGE_CURVE ( 'NONE', #2711, #4730, #3546, .T. ) ;
#3314 = VECTOR ( 'NONE', #3056, 1000.000000000000000 ) ;
#3315 = DIRECTION ( 'NONE',  ( 0.9939991105900893853, 0.001909086515898401632, -0.1093714932456638506 ) ) ;
#3316 = ORIENTED_EDGE ( 'NONE', *, *, #7967, .F. ) ;
#3317 = DIRECTION ( 'NONE',  ( 0.0000000000000000000, -1.000000000000000000, 0.0000000000000000000 ) ) ;
#3318 = DIRECTION ( 'NONE',  ( -1.000000000000000000, 0.0000000000000000000, 0.0000000000000000000 ) ) ;
#3319 = DIRECTION ( 'NONE',  ( 0.0000000000000000000, 0.0000000000000000000, -1.000000000000000000 ) ) ;
#3320 = EDGE_CURVE ( 'NONE', #3609, #27, #6565, .T. ) ;
#3321 = CARTESIAN_POINT ( 'NONE',  ( -12.90270275423461932, -1.325642542717615679E-15, 1.126108323596650251 ) ) ;
#3322 = CARTESIAN_POINT ( 'NONE',  ( -11.09848522915800650, 5.549999999999998934, 6.412812697791911987 ) ) ;
#3323 = CARTESIAN_POINT ( 'NONE',  ( 9.500000000000001776, -6.000000000000004441, -1.000000000000000000 ) ) ;
#3324 = FACE_OUTER_BOUND ( 'NONE', #6180, .T. ) ;
#3325 = PRODUCT_RELATED_PRODUCT_CATEGORY ( 'detail', '', ( #5298 ) ) ;
#3326 = ORIENTED_EDGE ( 'NONE', *, *, #6838, .T. ) ;
#3327 = CARTESIAN_POINT ( 'NONE',  ( 8.400000000000000355, -6.000000000000001776, -3.000000000000000000 ) ) ;
#3328 = ORIENTED_EDGE ( 'NONE', *, *, #2100, .F. ) ;
#3329 = CARTESIAN_POINT ( 'NONE',  ( 4.145541871230554065, -6.354458128769403302, -1.016452607790660823 ) ) ;
#3330 = VECTOR ( 'NONE', #1951, 1000.000000000000000 ) ;
#3331 = CARTESIAN_POINT ( 'NONE',  ( -12.94999238359781479, 5.881885383100025955, -1.000000000000000000 ) ) ;
#3332 = EDGE_LOOP ( 'NONE', ( #2389, #4545, #7966, #258 ) ) ;
#3333 = DIRECTION ( 'NONE',  ( -1.000000000000000000, 0.0000000000000000000, 0.0000000000000000000 ) ) ;
#3334 = CARTESIAN_POINT ( 'NONE',  ( 9.500000000000001776, -6.150000000000001243, -2.986876700471112756 ) ) ;
#3335 = ORIENTED_EDGE ( 'NONE', *, *, #7583, .T. ) ;
#3336 = EDGE_CURVE ( 'NONE', #7680, #4286, #1468, .T. ) ;
#3337 = DIRECTION ( 'NONE',  ( -0.3313969516099847246, -0.01646619573978484741, 0.9433477221372130739 ) ) ;
#3338 = VECTOR ( 'NONE', #4585, 1000.000000000000000 ) ;
#3339 = CARTESIAN_POINT ( 'NONE',  ( 12.19996953439122045, -5.200000000000000178, -1.000000000000000000 ) ) ;
#3340 = EDGE_LOOP ( 'NONE', ( #2050, #2938, #3593 ) ) ;
#3341 = AXIS2_PLACEMENT_3D ( 'NONE', #1802, #3072, #1077 ) ;
#3342 = AXIS2_PLACEMENT_3D ( 'NONE', #4949, #7444, #5608 ) ;
#3343 = VERTEX_POINT ( 'NONE', #5150 ) ;
#3344 = FACE_OUTER_BOUND ( 'NONE', #723, .T. ) ;
#3345 = CYLINDRICAL_SURFACE ( 'NONE', #3721, 0.5000000000000000000 ) ;
#3346 = CARTESIAN_POINT ( 'NONE',  ( -12.79999999999999893, 5.800000000000000711, -3.000000000000000000 ) ) ;
#3347 = EDGE_CURVE ( 'NONE', #4129, #7689, #3748, .T. ) ;
#3348 = DIRECTION ( 'NONE',  ( 1.000000000000000000, 0.0000000000000000000, 0.0000000000000000000 ) ) ;
#3349 = EDGE_LOOP ( 'NONE', ( #6650, #6891, #7211, #5495 ) ) ;
#3350 = VERTEX_POINT ( 'NONE', #3134 ) ;
#3351 = CARTESIAN_POINT ( 'NONE',  ( -3.501277141293968054, -6.185714285714285943, -9.035105632878352111 ) ) ;
#3352 = VECTOR ( 'NONE', #3120, 1000.000000000000227 ) ;
#3353 = CARTESIAN_POINT ( 'NONE',  ( 4.600000000000000533, -5.900000000000001243, -3.000000000000000000 ) ) ;
#3354 = DIRECTION ( 'NONE',  ( -1.057758217059028608E-16, 1.000000000000000000, 0.0000000000000000000 ) ) ;
#3355 = AXIS2_PLACEMENT_3D ( 'NONE', #3166, #1200, #3810 ) ;
#3356 = DIRECTION ( 'NONE',  ( -0.0000000000000000000, 0.08715574274765119922, 0.9961946980917462113 ) ) ;
#3357 = EDGE_CURVE ( 'NONE', #7790, #2448, #969, .T. ) ;
#3358 = CARTESIAN_POINT ( 'NONE',  ( 12.40000000000000213, -5.200000000000000178, -1.000000000000000000 ) ) ;
#3359 = CIRCLE ( 'NONE', #4262, 4.650000000000000355 ) ;
#3360 = PRODUCT ( 'EKM_Horizontally wide detection type', 'EKM_Horizontally wide detection type', '', ( #344 ) ) ;
#3361 = PLANE ( 'NONE',  #3234 ) ;
#3362 = CARTESIAN_POINT ( 'NONE',  ( 12.31714466825703980, 5.199999999999998401, 1.000000000090039975 ) ) ;
#3363 = ORIENTED_EDGE ( 'NONE', *, *, #7941, .F. ) ;
#3364 = PLANE ( 'NONE',  #2570 ) ;
#3365 = DIRECTION ( 'NONE',  ( -0.0000000000000000000, -0.0000000000000000000, -1.000000000000000000 ) ) ;
#3366 = LINE ( 'NONE', #2193, #4567 ) ;
#3367 = EDGE_CURVE ( 'NONE', #5310, #199, #5255, .T. ) ;
#3368 = CC_DESIGN_DATE_AND_TIME_ASSIGNMENT ( #7620, #3595, ( #5252 ) ) ;
#3369 = ADVANCED_FACE ( 'NONE', ( #8099 ), #4645, .T. ) ;
#3370 = ORIENTED_EDGE ( 'NONE', *, *, #6026, .T. ) ;
#3371 = CARTESIAN_POINT ( 'NONE',  ( -5.100000000000001421, 5.900000000000003020, -9.299999999999998934 ) ) ;
#3372 = DIRECTION ( 'NONE',  ( 0.3314418875039900625, 0.0000000000000000000, -0.9434756357255826842 ) ) ;
#3373 = DIRECTION ( 'NONE',  ( 1.000000000000000000, 1.057758217059028608E-16, 0.0000000000000000000 ) ) ;
#3374 = DATE_AND_TIME ( #2290, #4070 ) ;
#3375 = DIRECTION ( 'NONE',  ( 0.0000000000000000000, 0.0000000000000000000, -1.000000000000000000 ) ) ;
#3376 = FACE_OUTER_BOUND ( 'NONE', #3831, .T. ) ;
#3377 = CARTESIAN_POINT ( 'NONE',  ( -4.500000000000000888, 6.649999999999997691, -2.943132368708154534 ) ) ;
#3378 = EDGE_LOOP ( 'NONE', ( #5991, #5692, #5346 ) ) ;
#3379 = ORIENTED_EDGE ( 'NONE', *, *, #5460, .F. ) ;
#3380 = EDGE_LOOP ( 'NONE', ( #4090, #1507, #7889, #6748 ) ) ;
#3381 = CIRCLE ( 'NONE', #1925, 0.5000000000000008882 ) ;
#3382 = CARTESIAN_POINT ( 'NONE',  ( 12.21482100592986875, -5.199452969527052382, 1.016889350614984533 ) ) ;
#3384 = CARTESIAN_POINT ( 'NONE',  ( 4.750000000000002665, -5.964708090068001844, -1.000000000000000000 ) ) ;
#3383 = APPROVAL_PERSON_ORGANIZATION ( #7516, #1251, #1805 ) ;
#3385 = LINE ( 'NONE', #766, #423 ) ;
#3386 = VERTEX_POINT ( 'NONE', #3886 ) ;
#3387 = CARTESIAN_POINT ( 'NONE',  ( 1.203504633341323293, -4.491556144314996502, -8.712954876825477868 ) ) ;
#3388 = ORIENTED_EDGE ( 'NONE', *, *, #3527, .T. ) ;
#3389 = AXIS2_PLACEMENT_3D ( 'NONE', #3021, #3643, #4932 ) ;
#3390 = LINE ( 'NONE', #4024, #4894 ) ;
#3391 = CARTESIAN_POINT ( 'NONE',  ( 4.600000000000000533, -5.900000000000001243, -9.299999999999998934 ) ) ;
#3392 = DIRECTION ( 'NONE',  ( 0.7060760127359582139, 0.7060760127359555494, 0.05397525801500047821 ) ) ;
#3393 = AXIS2_PLACEMENT_3D ( 'NONE', #1063, #6680, #8021 ) ;
#3394 = FACE_OUTER_BOUND ( 'NONE', #5990, .T. ) ;
#3395 = CIRCLE ( 'NONE', #5026, 0.1000000000000002554 ) ;
#3396 = EDGE_LOOP ( 'NONE', ( #3554, #2479, #3652, #3413 ) ) ;
#3397 = TOROIDAL_SURFACE ( 'NONE', #7610, 90.00330277587156047, 0.2000000000000000111 ) ;
#3398 =( BOUNDED_CURVE ( )  B_SPLINE_CURVE ( 3, ( #6446, #6341, #7203, #7793 ),
 .UNSPECIFIED., .F., .F. ) 
 B_SPLINE_CURVE_WITH_KNOTS ( ( 4, 4 ),
 ( 5.497939437029705445, 7.068431177329444814 ),
 .UNSPECIFIED. ) 
 CURVE ( )  GEOMETRIC_REPRESENTATION_ITEM ( )  RATIONAL_B_SPLINE_CURVE ( ( 1.000000000000000000, 0.8048096403827844636, 0.8048096403827844636, 1.000000000000000000 ) ) 
 REPRESENTATION_ITEM ( '' )  );
#3399 = ORIENTED_EDGE ( 'NONE', *, *, #7708, .T. ) ;
#3400 = EDGE_CURVE ( 'NONE', #2412, #8132, #1268, .T. ) ;
#3401 = ORIENTED_EDGE ( 'NONE', *, *, #8291, .F. ) ;
#3402 = ORIENTED_EDGE ( 'NONE', *, *, #4512, .T. ) ;
#3403 = CARTESIAN_POINT ( 'NONE',  ( 8.500000000000000000, 6.500000000000004441, -1.000000000000000000 ) ) ;
#3404 = CARTESIAN_POINT ( 'NONE',  ( 12.79999999999999183, -6.000000000000000000, -3.000000000000000000 ) ) ;
#3405 = AXIS2_PLACEMENT_3D ( 'NONE', #6311, #3033, #600 ) ;
#3406 = LINE ( 'NONE', #1967, #7231 ) ;
#3407 = DIRECTION ( 'NONE',  ( 0.0000000000000000000, -0.9748390637953879834, -0.2229098465715041166 ) ) ;
#3408 = EDGE_LOOP ( 'NONE', ( #129, #7068, #7584, #6372 ) ) ;
#3409 = AXIS2_PLACEMENT_3D ( 'NONE', #6947, #609, #1832 ) ;
#3410 = DIRECTION ( 'NONE',  ( -1.057758217059028608E-16, 1.000000000000000000, 0.0000000000000000000 ) ) ;
#3411 = LINE ( 'NONE', #4310, #5523 ) ;
#3412 = CARTESIAN_POINT ( 'NONE',  ( -8.499999999999998224, -5.900000000000001243, -1.499999999999999556 ) ) ;
#3413 = ORIENTED_EDGE ( 'NONE', *, *, #7912, .F. ) ;
#3414 = ORIENTED_EDGE ( 'NONE', *, *, #6309, .T. ) ;
#3415 = ADVANCED_FACE ( 'NONE', ( #384 ), #4044, .T. ) ;
#3416 = AXIS2_PLACEMENT_3D ( 'NONE', #148, #4566, #770 ) ;
#3417 = EDGE_CURVE ( 'NONE', #827, #1506, #2962, .T. ) ;
#3418 = CIRCLE ( 'NONE', #6741, 99.46350510663008038 ) ;
#3419 = ORIENTED_EDGE ( 'NONE', *, *, #4386, .T. ) ;
#3420 = CARTESIAN_POINT ( 'NONE',  ( -11.06938308350911448, -5.549999999999998934, 6.344798257002010722 ) ) ;
#3421 = EDGE_LOOP ( 'NONE', ( #1570, #3486, #6333, #4127, #989 ) ) ;
#3422 = CC_DESIGN_PERSON_AND_ORGANIZATION_ASSIGNMENT ( #4077, #6250, ( #7415 ) ) ;
#3423 = DIRECTION ( 'NONE',  ( -1.000000000000000000, 7.109540196336934608E-17, 0.0000000000000000000 ) ) ;
#3424 = FACE_OUTER_BOUND ( 'NONE', #4174, .T. ) ;
#3425 = DIRECTION ( 'NONE',  ( -0.01745240643727698909, 0.0000000000000000000, -0.9998476951563912696 ) ) ;
#3426 = ORIENTED_EDGE ( 'NONE', *, *, #5224, .F. ) ;
#3427 = DIRECTION ( 'NONE',  ( -0.0000000000000000000, -0.0000000000000000000, 1.000000000000000000 ) ) ;
#3428 = CARTESIAN_POINT ( 'NONE',  ( 12.40000000000045688, 5.027476782352306550, 1.853973807725262102 ) ) ;
#3429 = CARTESIAN_POINT ( 'NONE',  ( 13.00000000000000178, -5.800000000000001599, -1.000000000000000000 ) ) ;
#3430 = ORIENTED_EDGE ( 'NONE', *, *, #6127, .F. ) ;
#3431 = VECTOR ( 'NONE', #3317, 1000.000000000000000 ) ;
#3432 = CARTESIAN_POINT ( 'NONE',  ( -2.540000000000000036, 0.0000000000000000000, -5.500000000000000000 ) ) ;
#3433 = ORIENTED_EDGE ( 'NONE', *, *, #4215, .F. ) ;
#3434 = CARTESIAN_POINT ( 'NONE',  ( 4.500000000000000888, 6.149999999999997691, -1.000000000000000888 ) ) ;
#3435 = CARTESIAN_POINT ( 'NONE',  ( 9.603470755691904076E-16, 2.540000000000000036, 0.0000000000000000000 ) ) ;
#3436 = DIRECTION ( 'NONE',  ( 0.0000000000000000000, 0.0000000000000000000, -1.000000000000000000 ) ) ;
#3437 = EDGE_CURVE ( 'NONE', #4198, #2130, #1057, .T. ) ;
#3438 = ORIENTED_EDGE ( 'NONE', *, *, #1905, .F. ) ;
#3439 = LINE ( 'NONE', #5862, #1571 ) ;
#3440 = EDGE_CURVE ( 'NONE', #7297, #1119, #7685, .T. ) ;
#3441 = DIRECTION ( 'NONE',  ( -0.3313969516099847801, 0.01646619573978484741, 0.9433477221372130739 ) ) ;
#3442 = EDGE_LOOP ( 'NONE', ( #7188, #7933, #7002, #2019 ) ) ;
#3443 = VERTEX_POINT ( 'NONE', #3190 ) ;
#3444 = EDGE_LOOP ( 'NONE', ( #7242, #149, #3741 ) ) ;
#3445 = VECTOR ( 'NONE', #3981, 1000.000000000000000 ) ;
#3446 = CARTESIAN_POINT ( 'NONE',  ( 4.802171370098871961, 6.248190524917633937, -1.063106799566970739 ) ) ;
#3447 = AXIS2_PLACEMENT_3D ( 'NONE', #5982, #1559, #2156 ) ;
#3448 = AXIS2_PLACEMENT_3D ( 'NONE', #3086, #7588, #4335 ) ;
#3449 = ADVANCED_FACE ( 'NONE', ( #6369 ), #868, .T. ) ;
#3450 = CARTESIAN_POINT ( 'NONE',  ( -8.215089870143565065, -6.349999999999999645, -3.000000000000000000 ) ) ;
#3451 = CARTESIAN_POINT ( 'NONE',  ( -4.154642659277754113, 3.471107314864432691, -8.066650828483963309 ) ) ;
#3452 = CARTESIAN_POINT ( 'NONE',  ( -10.88012917333601060, -5.837572536583725658, 6.283590981022374677 ) ) ;
#3453 = VECTOR ( 'NONE', #2456, 1000.000000000000000 ) ;
#3454 = DIRECTION ( 'NONE',  ( 1.000000000000000000, 0.0000000000000000000, 0.0000000000000000000 ) ) ;
#3455 = CARTESIAN_POINT ( 'NONE',  ( -8.500000000000000000, 6.650000000000004796, -2.943132368708153646 ) ) ;
#3456 = DIRECTION ( 'NONE',  ( -1.000000000000000000, -0.0000000000000000000, -0.0000000000000000000 ) ) ;
#3457 = VERTEX_POINT ( 'NONE', #5174 ) ;
#3458 = CIRCLE ( 'NONE', #4101, 0.1999999999999995393 ) ;
#3459 = CARTESIAN_POINT ( 'NONE',  ( 12.23337547183581187, -5.197191235222993200, 1.086719513921252656 ) ) ;
#3460 = AXIS2_PLACEMENT_3D ( 'NONE', #4683, #883, #2775 ) ;
#3461 = CARTESIAN_POINT ( 'NONE',  ( 8.219458289089043745, -6.950266553773485789, -2.749733446226516609 ) ) ;
#3462 = ORIENTED_EDGE ( 'NONE', *, *, #1355, .F. ) ;
#3463 = EDGE_CURVE ( 'NONE', #4009, #4134, #4440, .T. ) ;
#3464 = ORIENTED_EDGE ( 'NONE', *, *, #6152, .F. ) ;
#3465 = CARTESIAN_POINT ( 'NONE',  ( -7.750000000000000000, 5.200000000000000178, -4.000000000000000000 ) ) ;
#3466 = FACE_OUTER_BOUND ( 'NONE', #3076, .T. ) ;
#3467 = CARTESIAN_POINT ( 'NONE',  ( -5.249999999999999112, -6.349999999999999645, -3.350000000000002309 ) ) ;
#3468 = ORIENTED_EDGE ( 'NONE', *, *, #2956, .T. ) ;
#3469 = DIRECTION ( 'NONE',  ( 1.000000000000000000, 0.0000000000000000000, 0.0000000000000000000 ) ) ;
#3470 = VERTEX_POINT ( 'NONE', #6339 ) ;
#3471 = CARTESIAN_POINT ( 'NONE',  ( -13.00000000000000000, 5.800000000000000711, -3.000000000000000000 ) ) ;
#3472 = EDGE_CURVE ( 'NONE', #574, #2779, #7483, .T. ) ;
#3473 = COORDINATED_UNIVERSAL_TIME_OFFSET ( 9, 0, .AHEAD. ) ;
#3474 = VECTOR ( 'NONE', #4618, 1000.000000000000000 ) ;
#3475 = ORIENTED_EDGE ( 'NONE', *, *, #4895, .T. ) ;
#3476 = DIRECTION ( 'NONE',  ( -0.3314418875039927825, 0.0000000000000000000, 0.9434756357255816850 ) ) ;
#3477 = EDGE_LOOP ( 'NONE', ( #3154, #2039, #6346 ) ) ;
#3478 = CARTESIAN_POINT ( 'NONE',  ( -4.000000000000001776, -6.150000000000002132, -1.000000000000000888 ) ) ;
#3479 = DIRECTION ( 'NONE',  ( 0.0000000000000000000, -1.000000000000000000, 0.0000000000000000000 ) ) ;
#3480 = ORIENTED_EDGE ( 'NONE', *, *, #4885, .T. ) ;
#3481 = CARTESIAN_POINT ( 'NONE',  ( -4.000000000000001776, -6.650000000000002132, -9.035105632878352111 ) ) ;
#3482 = FACE_OUTER_BOUND ( 'NONE', #6561, .T. ) ;
#3483 = APPROVAL_ROLE ( '' ) ;
#3484 = APPROVAL_PERSON_ORGANIZATION ( #7312, #4390, #3483 ) ;
#3485 = FACE_OUTER_BOUND ( 'NONE', #625, .T. ) ;
#3486 = ORIENTED_EDGE ( 'NONE', *, *, #4806, .T. ) ;
#3487 = ORIENTED_EDGE ( 'NONE', *, *, #4630, .T. ) ;
#3488 = ORIENTED_EDGE ( 'NONE', *, *, #7348, .F. ) ;
#3489 = CARTESIAN_POINT ( 'NONE',  ( 12.24107642210500302, -5.195731291482721836, 1.131794705941047141 ) ) ;
#3490 = CARTESIAN_POINT ( 'NONE',  ( -4.785291909932015919, -5.999999999999998224, -3.021872165881479333 ) ) ;
#3491 = CARTESIAN_POINT ( 'NONE',  ( -5.249999999999999112, 5.699999999999998401, -4.000000000000000000 ) ) ;
#3492 = CARTESIAN_POINT ( 'NONE',  ( 4.750000000000004441, -5.199999999999999289, -1.000000000000000000 ) ) ;
#3493 = VECTOR ( 'NONE', #7148, 1000.000000000000000 ) ;
#3494 = EDGE_CURVE ( 'NONE', #1452, #4733, #1068, .T. ) ;
#3495 = ADVANCED_FACE ( 'NONE', ( #7893 ), #5660, .T. ) ;
#3496 = LINE ( 'NONE', #3176, #145 ) ;
#3497 = EDGE_LOOP ( 'NONE', ( #2292, #557, #4803, #3328 ) ) ;
#3498 = DIRECTION ( 'NONE',  ( -0.0000000000000000000, -0.0000000000000000000, -1.000000000000000000 ) ) ;
#3499 = EDGE_LOOP ( 'NONE', ( #7486, #3019, #3543 ) ) ;
#3500 = CIRCLE ( 'NONE', #6314, 5.370635397904498731 ) ;
#3501 = ORIENTED_CLOSED_SHELL ( 'NONE', *, #1254, .F. );
#3502 = DIRECTION ( 'NONE',  ( 1.000000000000000000, 0.0000000000000000000, 0.0000000000000000000 ) ) ;
#3503 = ORIENTED_EDGE ( 'NONE', *, *, #7229, .T. ) ;
#3504 = AXIS2_PLACEMENT_3D ( 'NONE', #1718, #5581, #2346 ) ;
#3505 = CARTESIAN_POINT ( 'NONE',  ( 12.37299289397101809, -5.101374126551315058, 1.930851678351252820 ) ) ;
#3506 = CARTESIAN_POINT ( 'NONE',  ( -11.07340074900639593, -5.549999999999998934, 6.484217661226450602 ) ) ;
#3507 = CARTESIAN_POINT ( 'NONE',  ( -12.19996953439120801, 5.200000000000001066, 1.000000000090039975 ) ) ;
#3508 = EDGE_CURVE ( 'NONE', #931, #6914, #4636, .T. ) ;
#3509 = VECTOR ( 'NONE', #6460, 1000.000000000000000 ) ;
#3510 = EDGE_LOOP ( 'NONE', ( #7514, #3865, #1738, #23 ) ) ;
#3511 = VERTEX_POINT ( 'NONE', #7789 ) ;
#3512 = DIRECTION ( 'NONE',  ( 0.0000000000000000000, 0.0000000000000000000, 1.000000000000000000 ) ) ;
#3513 = CARTESIAN_POINT ( 'NONE',  ( -8.000000000000000000, 6.000000000000004441, -1.500000000000000444 ) ) ;
#3514 = CARTESIAN_POINT ( 'NONE',  ( 11.07340074900639770, 5.549999999999998934, 6.484217661226446161 ) ) ;
#3515 = PLANE ( 'NONE',  #4321 ) ;
#3516 = FACE_OUTER_BOUND ( 'NONE', #1360, .T. ) ;
#3517 = AXIS2_PLACEMENT_3D ( 'NONE', #7590, #3725, #8256 ) ;
#3518 = VERTEX_POINT ( 'NONE', #3323 ) ;
#3519 = EDGE_CURVE ( 'NONE', #743, #2510, #2555, .T. ) ;
#3520 = ORIENTED_EDGE ( 'NONE', *, *, #575, .T. ) ;
#3521 = PLANE ( 'NONE',  #2928 ) ;
#3522 = DIRECTION ( 'NONE',  ( -0.01234165475093831031, 0.7070529271412461236, -0.7070529271412461236 ) ) ;
#3523 = VECTOR ( 'NONE', #260, 1000.000000000000000 ) ;
#3524 = EDGE_LOOP ( 'NONE', ( #7935, #5295, #5662, #2437 ) ) ;
#3525 = DIRECTION ( 'NONE',  ( 0.01745240643727699603, 0.0000000000000000000, 0.9998476951563912696 ) ) ;
#3526 = ORIENTED_EDGE ( 'NONE', *, *, #4799, .T. ) ;
#3527 = EDGE_CURVE ( 'NONE', #4049, #5394, #4233, .T. ) ;
#3528 = CARTESIAN_POINT ( 'NONE',  ( -11.14999999999999680, -6.000000000000000000, -2.000000000000000000 ) ) ;
#3529 = LINE ( 'NONE', #6416, #3830 ) ;
#3530 = APPROVAL ( #5508, 'UNSPECIFIED' ) ;
#3531 = CARTESIAN_POINT ( 'NONE',  ( 4.986986328219750852, 5.915616406136312122, -1.369126033402016551 ) ) ;
#3532 = ORIENTED_EDGE ( 'NONE', *, *, #6299, .T. ) ;
#3533 = CARTESIAN_POINT ( 'NONE',  ( 9.198212002188448366, 6.200000000000000178, -1.000000000000000888 ) ) ;
#3534 = VERTEX_POINT ( 'NONE', #1372 ) ;
#3535 = ADVANCED_FACE ( 'NONE', ( #4835 ), #2005, .F. ) ;
#3536 = CARTESIAN_POINT ( 'NONE',  ( -7.750000000000000000, 6.250000000000004441, -3.000000000000000000 ) ) ;
#3537 = FACE_OUTER_BOUND ( 'NONE', #1664, .T. ) ;
#3538 = EDGE_LOOP ( 'NONE', ( #3232, #1956, #7737, #7090 ) ) ;
#3539 = DIRECTION ( 'NONE',  ( 0.0000000000000000000, -0.0000000000000000000, -1.000000000000000000 ) ) ;
#3540 = DIRECTION ( 'NONE',  ( -1.000000000000000000, 0.0000000000000000000, 5.736855624438118733E-16 ) ) ;
#3541 = CARTESIAN_POINT ( 'NONE',  ( 11.06938308350911271, -5.549999999999998934, 6.344798257002013386 ) ) ;
#3542 = ORIENTED_EDGE ( 'NONE', *, *, #6786, .T. ) ;
#3543 = ORIENTED_EDGE ( 'NONE', *, *, #7031, .T. ) ;
#3544 = EDGE_CURVE ( 'NONE', #2287, #4690, #3547, .T. ) ;
#3545 = VECTOR ( 'NONE', #5234, 1000.000000000000114 ) ;
#3546 = CIRCLE ( 'NONE', #5170, 0.5000000000000008882 ) ;
#3547 =( BOUNDED_CURVE ( )  B_SPLINE_CURVE ( 3, ( #3377, #751, #5211, #5857 ),
 .UNSPECIFIED., .F., .F. ) 
 B_SPLINE_CURVE_WITH_KNOTS ( ( 4, 4 ),
 ( 0.0000000000000000000, 1.499306876909372699 ),
 .UNSPECIFIED. ) 
 CURVE ( )  GEOMETRIC_REPRESENTATION_ITEM ( )  RATIONAL_B_SPLINE_CURVE ( ( 1.000000000000000000, 0.8212833698076007494, 0.8212833698076007494, 1.000000000000000000 ) ) 
 REPRESENTATION_ITEM ( '' )  );
#3548 = DIRECTION ( 'NONE',  ( 0.9998476951563912696, 0.0000000000000000000, -0.01745240643728354982 ) ) ;
#3549 = CARTESIAN_POINT ( 'NONE',  ( 1.013323155338314185, -4.538245936797078883, -8.299999999999998934 ) ) ;
#3550 = CARTESIAN_POINT ( 'NONE',  ( -4.500000000000000888, 6.649999999999997691, -9.035105632878352111 ) ) ;
#3551 = ORIENTED_EDGE ( 'NONE', *, *, #6176, .T. ) ;
#3552 = EDGE_CURVE ( 'NONE', #4824, #5064, #1041, .T. ) ;
#3553 = CARTESIAN_POINT ( 'NONE',  ( 8.500000000000000000, 6.500000000000004441, -1.000000000000000000 ) ) ;
#3554 = ORIENTED_EDGE ( 'NONE', *, *, #1809, .T. ) ;
#3555 = FACE_OUTER_BOUND ( 'NONE', #6092, .T. ) ;
#3556 = DIRECTION ( 'NONE',  ( -0.01745240643728354635, 0.0000000000000000000, 0.9998476951563911586 ) ) ;
#3557 = EDGE_CURVE ( 'NONE', #1575, #3518, #6243, .T. ) ;
#3558 = CARTESIAN_POINT ( 'NONE',  ( 4.833763965510063265, 6.166236034489942064, -1.120744521546747308 ) ) ;
#3559 = CIRCLE ( 'NONE', #5722, 0.1999999999999998446 ) ;
#3560 = CARTESIAN_POINT ( 'NONE',  ( -12.22547541156262696, 5.198384547297435709, 1.049876470331995160 ) ) ;
#3561 = DESIGN_CONTEXT ( 'detailed design', #4854, 'design' ) ;
#3562 = AXIS2_PLACEMENT_3D ( 'NONE', #1238, #4994, #3706 ) ;
#3563 = CARTESIAN_POINT ( 'NONE',  ( 11.06938308350912337, 5.549999999999998934, 6.344798257001983188 ) ) ;
#3564 = ORIENTED_EDGE ( 'NONE', *, *, #5412, .F. ) ;
#3565 = CARTESIAN_POINT ( 'NONE',  ( -8.131271950874294774, 6.192726625728599998, -1.100166593084856759 ) ) ;
#3566 = CONTEXT_DEPENDENT_SHAPE_REPRESENTATION ( #6924, #2636 ) ;
#3567 = DIRECTION ( 'NONE',  ( -1.000000000000000000, -0.0000000000000000000, -0.0000000000000000000 ) ) ;
#3568 = CIRCLE ( 'NONE', #7715, 5.500000000000000000 ) ;
#3569 =( NAMED_UNIT ( * ) SI_UNIT ( $, .STERADIAN. ) SOLID_ANGLE_UNIT ( ) );
#3570 = DIRECTION ( 'NONE',  ( 0.01745240643728354635, 0.0000000000000000000, -0.9998476951563911586 ) ) ;
#3571 = VERTEX_POINT ( 'NONE', #2725 ) ;
#3572 = ORIENTED_EDGE ( 'NONE', *, *, #7362, .F. ) ;
#3573 = PLANE ( 'NONE',  #6363 ) ;
#3574 = CARTESIAN_POINT ( 'NONE',  ( 0.9670825103862824568, 4.348738801772191742, -8.498647527761374221 ) ) ;
#3575 = CARTESIAN_POINT ( 'NONE',  ( 3.889087296525995718, -3.323401871576789901, 0.9499999999999998446 ) ) ;
#3576 = COORDINATED_UNIVERSAL_TIME_OFFSET ( 9, 0, .AHEAD. ) ;
#3577 = FACE_OUTER_BOUND ( 'NONE', #6600, .T. ) ;
#3578 = EDGE_CURVE ( 'NONE', #2295, #8142, #5248, .T. ) ;
#3579 = ADVANCED_FACE ( 'NONE', ( #4196 ), #6357, .T. ) ;
#3580 = CARTESIAN_POINT ( 'NONE',  ( -3.301787997811557851, -6.000000000000000000, -3.000000000000000000 ) ) ;
#3581 = ORIENTED_EDGE ( 'NONE', *, *, #7243, .F. ) ;
#3582 = ORIENTED_EDGE ( 'NONE', *, *, #2459, .F. ) ;
#3583 = LOCAL_TIME ( 8, 25, 54.00000000000000000, #2795 ) ;
#3584 = FACE_OUTER_BOUND ( 'NONE', #6211, .T. ) ;
#3585 = VERTEX_POINT ( 'NONE', #6018 ) ;
#3586 = CARTESIAN_POINT ( 'NONE',  ( -12.34866361152653447, 5.136789859225826760, 2.000106911519568875 ) ) ;
#3587 = CARTESIAN_POINT ( 'NONE',  ( 8.500000000000000000, -5.099999999999997868, -1.000000000000000000 ) ) ;
#3588 = VERTEX_POINT ( 'NONE', #5424 ) ;
#3589 = ORIENTED_EDGE ( 'NONE', *, *, #1333, .F. ) ;
#3590 = CARTESIAN_POINT ( 'NONE',  ( 7.750000000000000000, -6.349999999999999645, -3.350000000000002309 ) ) ;
#3591 = CIRCLE ( 'NONE', #7629, 0.2000000000000000389 ) ;
#3592 = VECTOR ( 'NONE', #507, 1000.000000000000000 ) ;
#3593 = ORIENTED_EDGE ( 'NONE', *, *, #814, .F. ) ;
#3594 = CIRCLE ( 'NONE', #182, 99.66350510663009743 ) ;
#3595 = DATE_TIME_ROLE ( 'classification_date' ) ;
#3596 = VERTEX_POINT ( 'NONE', #6048 ) ;
#3597 = EDGE_CURVE ( 'NONE', #5664, #131, #4059, .T. ) ;
#3598 = ORIENTED_EDGE ( 'NONE', *, *, #1467, .T. ) ;
#3599 = DIRECTION ( 'NONE',  ( -0.01745240643727699603, 0.0000000000000000000, -0.9998476951563912696 ) ) ;
#3600 = CARTESIAN_POINT ( 'NONE',  ( -12.21698782635161074, -5.199283801744771338, 1.022112340485177739 ) ) ;
#3601 = CARTESIAN_POINT ( 'NONE',  ( 12.20938503647666984, 5.199796903544783078, 1.006270523649072324 ) ) ;
#3602 = CARTESIAN_POINT ( 'NONE',  ( -8.000000000000000000, 5.100000000000000533, -1.000000000000000888 ) ) ;
#3603 = ORIENTED_EDGE ( 'NONE', *, *, #5116, .T. ) ;
#3604 = EDGE_CURVE ( 'NONE', #6165, #1452, #7671, .T. ) ;
#3605 = CARTESIAN_POINT ( 'NONE',  ( -4.000000000000000000, -6.500000000000002665, -1.000000000000000000 ) ) ;
#3606 = DIRECTION ( 'NONE',  ( 0.0000000000000000000, -1.000000000000000000, 0.0000000000000000000 ) ) ;
#3607 = AXIS2_PLACEMENT_3D ( 'NONE', #4611, #7147, #3301 ) ;
#3608 = LINE ( 'NONE', #5176, #1937 ) ;
#3609 = VERTEX_POINT ( 'NONE', #7345 ) ;
#3610 = VECTOR ( 'NONE', #5559, 1000.000000000000000 ) ;
#3611 = CARTESIAN_POINT ( 'NONE',  ( -12.39419406595847484, 5.051551677047683597, 1.870500859703424501 ) ) ;
#3612 = AXIS2_PLACEMENT_3D ( 'NONE', #2244, #2971, #1022 ) ;
#3613 = CARTESIAN_POINT ( 'NONE',  ( -7.750000000000000000, 5.200000000000001066, -1.000000000000000000 ) ) ;
#3614 = EDGE_CURVE ( 'NONE', #437, #5538, #5441, .T. ) ;
#3615 = LINE ( 'NONE', #7438, #5834 ) ;
#3616 = ADVANCED_FACE ( 'NONE', ( #8091 ), #2222, .F. ) ;
#3617 = CARTESIAN_POINT ( 'NONE',  ( -11.14999999999999680, 6.000000000000000000, -1.499999999999999112 ) ) ;
#3618 = PLANE ( 'NONE',  #6146 ) ;
#3619 = ORIENTED_EDGE ( 'NONE', *, *, #1905, .T. ) ;
#3620 = CARTESIAN_POINT ( 'NONE',  ( -4.500000000000001776, -5.100000000000002309, -1.000000000000000888 ) ) ;
#3621 = DIRECTION ( 'NONE',  ( -0.0000000000000000000, 0.0000000000000000000, 1.000000000000000000 ) ) ;
#3622 = DIRECTION ( 'NONE',  ( 0.0000000000000000000, 0.0000000000000000000, -1.000000000000000000 ) ) ;
#3623 = APPLICATION_CONTEXT ( 'configuration controlled 3d designs of mechanical parts and assemblies' ) ;
#3624 = EDGE_CURVE ( 'NONE', #4948, #7372, #2229, .T. ) ;
#3625 = LINE ( 'NONE', #2180, #7151 ) ;
#3626 = VERTEX_POINT ( 'NONE', #5963 ) ;
#3627 = VERTEX_POINT ( 'NONE', #4766 ) ;
#3628 = DIRECTION ( 'NONE',  ( 0.0000000000000000000, 0.0000000000000000000, 1.000000000000000000 ) ) ;
#3629 = PLANE ( 'NONE',  #4961 ) ;
#3630 = ORIENTED_EDGE ( 'NONE', *, *, #4724, .T. ) ;
#3631 = CARTESIAN_POINT ( 'NONE',  ( 11.02730226579379114, -5.605804941589110690, 6.464584644126470714 ) ) ;
#3632 = LINE ( 'NONE', #5654, #1564 ) ;
#3633 = ORIENTED_EDGE ( 'NONE', *, *, #6228, .T. ) ;
#3634 = DIRECTION ( 'NONE',  ( 1.000000000000000000, 0.0000000000000000000, 0.0000000000000000000 ) ) ;
#3635 = EDGE_CURVE ( 'NONE', #5745, #2396, #284, .T. ) ;
#3636 = ORIENTED_EDGE ( 'NONE', *, *, #6927, .F. ) ;
#3637 = CARTESIAN_POINT ( 'NONE',  ( 0.0000000000000000000, -5.549999999999998934, -1.000000000000000000 ) ) ;
#3638 = CARTESIAN_POINT ( 'NONE',  ( -11.98566414201826191, 5.100000000000003197, -2.500000000000000000 ) ) ;
#3639 = CONICAL_SURFACE ( 'NONE', #3656, 5.500000000000000000, 0.06981317007977690114 ) ;
#3640 = CARTESIAN_POINT ( 'NONE',  ( -5.291019402581309095, 6.349999999999999645, -3.349999999999998757 ) ) ;
#3641 = CARTESIAN_POINT ( 'NONE',  ( 13.00102500000000205, 6.000000000000000000, -3.000000000000000000 ) ) ;
#3642 = ORIENTED_EDGE ( 'NONE', *, *, #3320, .T. ) ;
#3643 = DIRECTION ( 'NONE',  ( 0.0000000000000000000, 0.0000000000000000000, 1.000000000000000000 ) ) ;
#3644 = ORIENTED_EDGE ( 'NONE', *, *, #2785, .T. ) ;
#3645 = DIRECTION ( 'NONE',  ( -1.445602896647339163E-16, 1.000000000000000000, -0.0000000000000000000 ) ) ;
#3646 = FACE_OUTER_BOUND ( 'NONE', #6056, .T. ) ;
#3647 = CARTESIAN_POINT ( 'NONE',  ( -8.506271569140155364, -6.006271569140152700, -1.396395287217397696 ) ) ;
#3648 = DIRECTION ( 'NONE',  ( 0.0000000000000000000, 0.0000000000000000000, 1.000000000000000000 ) ) ;
#3649 =( BOUNDED_SURFACE ( )  B_SPLINE_SURFACE ( 3, 2, ( 
 ( #6636, #2801, #4151 ),
 ( #4176, #2270, #6750 ),
 ( #2940, #2218, #6725 ),
 ( #8092, #2916, #8007 ),
 ( #3565, #1693, #4794 ),
 ( #1019, #7429, #8072 ),
 ( #4209, #6045, #7367 ),
 ( #417, #8037, #341 ),
 ( #4852, #1046, #2969 ),
 ( #368, #3513, #6690 ) ),
 .UNSPECIFIED., .F., .F., .F. ) 
 B_SPLINE_SURFACE_WITH_KNOTS ( ( 4, 2, 2, 2, 4 ),
 ( 3, 3 ),
 ( 4.712388980384689674, 5.105088062083414258, 5.497787143782137953, 5.890486225480861648, 6.283185307179586232 ),
 ( 0.0000000000000000000, 1.000000000000000000 ),
 .UNSPECIFIED. ) 
 GEOMETRIC_REPRESENTATION_ITEM ( )  RATIONAL_B_SPLINE_SURFACE ( (
 ( 1.000000000000000000, 1.000000000000000000, 1.000000000000000000),
 ( 1.000000000000000000, 1.000158593443233546, 1.000000000000000000),
 ( 1.000000000000000000, 0.9867291723804230141, 1.000000000000000000),
 ( 1.000000000000000000, 0.9386556673818891028, 1.000000000000000000),
 ( 1.000000000000000000, 0.9038128477757334522, 1.000000000000000000),
 ( 1.000000000000000000, 0.8282379597931437409, 1.000000000000000000),
 ( 1.000000000000000000, 0.7876784551908757592, 1.000000000000000000),
 ( 1.000000000000000000, 0.7265517845063291791, 1.000000000000000000),
 ( 1.000000000000000000, 0.7066757228338997887, 1.000000000000000000),
 ( 1.000000000000000000, 0.7071067811865444641, 1.000000000000000000) ) ) 
 REPRESENTATION_ITEM ( '' )  SURFACE ( )  );
#3650 = APPROVAL_ROLE ( '' ) ;
#3651 = EDGE_CURVE ( 'NONE', #6322, #7011, #1004, .T. ) ;
#3652 = ORIENTED_EDGE ( 'NONE', *, *, #924, .F. ) ;
#3653 = CIRCLE ( 'NONE', #2402, 0.1999999999999998723 ) ;
#3654 = CARTESIAN_POINT ( 'NONE',  ( -5.284910129856434935, 6.000000000000000000, -3.000000000000000000 ) ) ;
#3655 = CARTESIAN_POINT ( 'NONE',  ( 11.00665997343207891, -5.549999999999998934, 6.537375343496795388 ) ) ;
#3656 = AXIS2_PLACEMENT_3D ( 'NONE', #871, #252, #2761 ) ;
#3657 = AXIS2_PLACEMENT_3D ( 'NONE', #4110, #6183, #3502 ) ;
#3658 = ADVANCED_FACE ( 'NONE', ( #536 ), #3515, .F. ) ;
#3659 = EDGE_LOOP ( 'NONE', ( #4887, #3935 ) ) ;
#3660 = DIRECTION ( 'NONE',  ( 0.0000000000000000000, 0.0000000000000000000, 1.000000000000000000 ) ) ;
#3661 = DIRECTION ( 'NONE',  ( 0.0000000000000000000, 0.0000000000000000000, 1.000000000000000000 ) ) ;
#3662 = CARTESIAN_POINT ( 'NONE',  ( -5.000000000000002665, 5.099999999999999645, -1.499999999999999556 ) ) ;
#3663 = EDGE_CURVE ( 'NONE', #8172, #4493, #716, .T. ) ;
#3664 = DIRECTION ( 'NONE',  ( -1.000000000000000000, 0.0000000000000000000, 0.0000000000000000000 ) ) ;
#3665 = DIRECTION ( 'NONE',  ( -0.0000000000000000000, -0.0000000000000000000, -1.000000000000000000 ) ) ;
#3666 = VERTEX_POINT ( 'NONE', #7258 ) ;
#3667 = DIRECTION ( 'NONE',  ( 0.0000000000000000000, -1.000000000000000000, 0.0000000000000000000 ) ) ;
#3668 = VECTOR ( 'NONE', #1597, 1000.000000000000000 ) ;
#3669 = AXIS2_PLACEMENT_3D ( 'NONE', #4877, #2349, #4318 ) ;
#3670 = CARTESIAN_POINT ( 'NONE',  ( 11.06901056154843843, 5.608401958753802319, 6.345858670326092188 ) ) ;
#3671 = EDGE_LOOP ( 'NONE', ( #1483, #3093, #2067, #3702 ) ) ;
#3672 = CARTESIAN_POINT ( 'NONE',  ( 12.40000000000000213, -5.000000000000000888, 1.853973807953934738 ) ) ;
#3673 = CARTESIAN_POINT ( 'NONE',  ( -8.842951251260730672, -6.369126042717337732, -1.013013667921720096 ) ) ;
#3674 = VERTEX_POINT ( 'NONE', #7924 ) ;
#3675 = CARTESIAN_POINT ( 'NONE',  ( 0.0000000000000000000, 0.0000000000000000000, -9.299999999999998934 ) ) ;
#3676 = APPROVAL_ROLE ( '' ) ;
#3677 = LOCAL_TIME ( 8, 25, 54.00000000000000000, #5387 ) ;
#3678 = LINE ( 'NONE', #4846, #6210 ) ;
#3679 = ORIENTED_EDGE ( 'NONE', *, *, #5944, .T. ) ;
#3680 = VERTEX_POINT ( 'NONE', #7280 ) ;
#3681 = ORIENTED_EDGE ( 'NONE', *, *, #2472, .T. ) ;
#3682 = ORIENTED_EDGE ( 'NONE', *, *, #3031, .T. ) ;
#3683 = CARTESIAN_POINT ( 'NONE',  ( 3.623381032789608547, -2.752019238889966246, 0.9499999999999998446 ) ) ;
#3684 = CARTESIAN_POINT ( 'NONE',  ( -9.292893218813453871, -6.650000000000002132, -2.943132368708154534 ) ) ;
#3685 = DIRECTION ( 'NONE',  ( 0.0000000000000000000, -1.000000000000000000, 0.0000000000000000000 ) ) ;
#3686 = CARTESIAN_POINT ( 'NONE',  ( -11.06938308350911448, -5.549999999999998934, 6.344798257002010722 ) ) ;
#3687 = CIRCLE ( 'NONE', #3887, 0.2000000000000000944 ) ;
#3688 = EDGE_CURVE ( 'NONE', #2295, #2087, #6310, .T. ) ;
#3689 = SHAPE_REPRESENTATION_RELATIONSHIP ( 'NONE' , 'NONE' ,  #6068, #5209 ) ;
#3690 = FACE_OUTER_BOUND ( 'NONE', #1926, .T. ) ;
#3691 = ORIENTED_EDGE ( 'NONE', *, *, #7934, .T. ) ;
#3692 = CC_DESIGN_DATE_AND_TIME_ASSIGNMENT ( #2582, #6224, ( #5414 ) ) ;
#3693 = CARTESIAN_POINT ( 'NONE',  ( -5.000000000000000888, 0.0000000000000000000, -3.000000000000000000 ) ) ;
#3694 = EDGE_LOOP ( 'NONE', ( #6930, #5223, #332, #5251 ) ) ;
#3695 = VECTOR ( 'NONE', #5179, 1000.000000000000000 ) ;
#3696 = LINE ( 'NONE', #4968, #821 ) ;
#3697 = VERTEX_POINT ( 'NONE', #3429 ) ;
#3698 = CARTESIAN_POINT ( 'NONE',  ( 5.000000000000000888, 5.100000000000004086, -1.499999999999999556 ) ) ;
#3699 = ORIENTED_EDGE ( 'NONE', *, *, #814, .T. ) ;
#3700 = CARTESIAN_POINT ( 'NONE',  ( -12.33138501608160453, -5.152277459544328586, 2.049291804699544528 ) ) ;
#3701 = FACE_OUTER_BOUND ( 'NONE', #3303, .T. ) ;
#3702 = ORIENTED_EDGE ( 'NONE', *, *, #7352, .F. ) ;
#3703 = ADVANCED_FACE ( 'NONE', ( #5401 ), #7981, .T. ) ;
#3704 = CARTESIAN_POINT ( 'NONE',  ( 8.342951251260716461, 6.369126042717283553, -1.013013667921742744 ) ) ;
#3705 = CARTESIAN_POINT ( 'NONE',  ( -12.75002284456653356, -5.964708090068001844, -1.000000000000000000 ) ) ;
#3706 = DIRECTION ( 'NONE',  ( 0.0000000000000000000, -0.0000000000000000000, 1.000000000000000000 ) ) ;
#3707 = DIRECTION ( 'NONE',  ( -0.0000000000000000000, -0.0000000000000000000, 1.000000000000000000 ) ) ;
#3708 = APPROVAL_ROLE ( '' ) ;
#3709 = VECTOR ( 'NONE', #8100, 1000.000000000000000 ) ;
#3710 = EDGE_CURVE ( 'NONE', #4558, #7122, #5905, .T. ) ;
#3711 = VERTEX_POINT ( 'NONE', #6167 ) ;
#3712 = EDGE_CURVE ( 'NONE', #2678, #1829, #7942, .T. ) ;
#3713 = DIRECTION ( 'NONE',  ( 0.0000000000000000000, -1.000000000000000000, 0.0000000000000000000 ) ) ;
#3714 = DIRECTION ( 'NONE',  ( 0.0000000000000000000, 1.000000000000000000, 0.0000000000000000000 ) ) ;
#3715 = CARTESIAN_POINT ( 'NONE',  ( 1.213498283935092736, -4.528837250543399584, -8.505127967234498598 ) ) ;
#3716 = EDGE_CURVE ( 'NONE', #8273, #8157, #2701, .T. ) ;
#3717 = FACE_OUTER_BOUND ( 'NONE', #4446, .T. ) ;
#3718 = CARTESIAN_POINT ( 'NONE',  ( 4.500000000000001776, -5.099999999999998757, 0.5000000000000000000 ) ) ;
#3719 = ORIENTED_EDGE ( 'NONE', *, *, #5625, .T. ) ;
#3720 = CARTESIAN_POINT ( 'NONE',  ( 5.000000000000000888, 5.900000000000003908, -1.207106781186547462 ) ) ;
#3721 = AXIS2_PLACEMENT_3D ( 'NONE', #2338, #4135, #5435 ) ;
#3722 = CARTESIAN_POINT ( 'NONE',  ( -5.100000000000000533, 6.000000000000004441, -1.500000000000000444 ) ) ;
#3723 = CIRCLE ( 'NONE', #1278, 0.5000000000000004441 ) ;
#3724 = AXIS2_PLACEMENT_3D ( 'NONE', #3895, #674, #5127 ) ;
#3725 = DIRECTION ( 'NONE',  ( 0.0000000000000000000, -0.9748390637953896487, 0.2229098465714969002 ) ) ;
#3726 = ORIENTED_EDGE ( 'NONE', *, *, #6573, .T. ) ;
#3727 = CARTESIAN_POINT ( 'NONE',  ( 13.00102500000000028, 6.650000000000004796, -2.943132368708153646 ) ) ;
#3728 = DIRECTION ( 'NONE',  ( -0.0000000000000000000, 1.000000000000000000, -0.0000000000000000000 ) ) ;
#3729 = DIRECTION ( 'NONE',  ( 1.927470528863115795E-15, 1.000000000000000000, 0.0000000000000000000 ) ) ;
#3730 = DIRECTION ( 'NONE',  ( -1.224646799147353207E-16, 1.000000000000000000, 0.0000000000000000000 ) ) ;
#3731 = CIRCLE ( 'NONE', #7502, 0.2000000000000005107 ) ;
#3732 = CARTESIAN_POINT ( 'NONE',  ( -12.39999999999999680, 5.000000000000002665, 1.000000000000000000 ) ) ;
#3733 = ORIENTED_EDGE ( 'NONE', *, *, #2126, .T. ) ;
#3734 = CARTESIAN_POINT ( 'NONE',  ( 7.750000000000000000, 5.964708090068001844, -1.000000000000000000 ) ) ;
#3735 = PERSON_AND_ORGANIZATION_ROLE ( 'creator' ) ;
#3736 = AXIS2_PLACEMENT_3D ( 'NONE', #6278, #7598, #1153 ) ;
#3737 = ORIENTED_EDGE ( 'NONE', *, *, #5109, .T. ) ;
#3738 = EDGE_CURVE ( 'NONE', #3990, #2499, #2302, .T. ) ;
#3739 = LINE ( 'NONE', #7770, #2654 ) ;
#3741 = ORIENTED_EDGE ( 'NONE', *, *, #4225, .F. ) ;
#3740 = CARTESIAN_POINT ( 'NONE',  ( 7.900000000000000355, 6.000000000000003553, -1.499999999999999556 ) ) ;
#3742 = CARTESIAN_POINT ( 'NONE',  ( 12.30000000000000071, 5.100000000000001421, 0.5000000000000000000 ) ) ;
#3743 = ORIENTED_EDGE ( 'NONE', *, *, #4954, .T. ) ;
#3744 = ADVANCED_FACE ( 'NONE', ( #7622 ), #5494, .T. ) ;
#3745 = CARTESIAN_POINT ( 'NONE',  ( 3.889087296525995718, -3.323401871576789901, 0.9499999999999998446 ) ) ;
#3746 = VERTEX_POINT ( 'NONE', #394 ) ;
#3747 = VECTOR ( 'NONE', #82, 1000.000000000000000 ) ;
#3748 = LINE ( 'NONE', #5124, #2748 ) ;
#3749 = DIRECTION ( 'NONE',  ( 0.3313969516099847246, 0.01646619573978484741, 0.9433477221372130739 ) ) ;
#3750 = EDGE_CURVE ( 'NONE', #1717, #6322, #7313, .T. ) ;
#3751 = CARTESIAN_POINT ( 'NONE',  ( -4.999999999999999112, 6.000000000000004441, -1.500000000000000444 ) ) ;
#3752 = CC_DESIGN_DATE_AND_TIME_ASSIGNMENT ( #4170, #485, ( #1139 ) ) ;
#3753 = VERTEX_POINT ( 'NONE', #3541 ) ;
#3754 = CARTESIAN_POINT ( 'NONE',  ( -12.19996953439120801, 5.200000000000001066, -1.000000000000000000 ) ) ;
#3755 = ORIENTED_EDGE ( 'NONE', *, *, #7877, .T. ) ;
#3756 = FACE_OUTER_BOUND ( 'NONE', #6156, .T. ) ;
#3757 = CARTESIAN_POINT ( 'NONE',  ( -4.251809475082424683, -6.197828629901119157, -1.063106799566992500 ) ) ;
#3758 =( BOUNDED_CURVE ( )  B_SPLINE_CURVE ( 3, ( #62, #4477, #682, #5777 ),
 .UNSPECIFIED., .F., .F. ) 
 B_SPLINE_CURVE_WITH_KNOTS ( ( 4, 4 ),
 ( 0.0000000000000000000, 1.499306876909372921 ),
 .UNSPECIFIED. ) 
 CURVE ( )  GEOMETRIC_REPRESENTATION_ITEM ( )  RATIONAL_B_SPLINE_CURVE ( ( 1.000000000000000000, 0.8212833698076007494, 0.8212833698076007494, 1.000000000000000000 ) ) 
 REPRESENTATION_ITEM ( '' )  );
#3759 = CARTESIAN_POINT ( 'NONE',  ( 2.765000000000000124, 0.0000000000000000000, -5.500000000000000000 ) ) ;
#3760 = CARTESIAN_POINT ( 'NONE',  ( 4.500000000000001776, -5.099999999999998757, -1.000000000000000888 ) ) ;
#3761 = DIRECTION ( 'NONE',  ( 0.0000000000000000000, 0.0000000000000000000, -1.000000000000000000 ) ) ;
#3762 = LINE ( 'NONE', #7528, #300 ) ;
#3763 = EDGE_CURVE ( 'NONE', #407, #4590, #2904, .T. ) ;
#3764 = ORIENTED_EDGE ( 'NONE', *, *, #2754, .T. ) ;
#3765 = CARTESIAN_POINT ( 'NONE',  ( 5.291019402581309983, 6.349999999999999645, -3.350000000000002309 ) ) ;
#3766 = APPROVAL_DATE_TIME ( #5473, #671 ) ;
#3767 = DIRECTION ( 'NONE',  ( 0.0000000000000000000, -1.000000000000000000, 0.0000000000000000000 ) ) ;
#3768 = CIRCLE ( 'NONE', #7557, 0.2000000000000005107 ) ;
#3769 = DIRECTION ( 'NONE',  ( -0.3314418875039927825, 0.0000000000000000000, 0.9434756357255816850 ) ) ;
#3770 = ORIENTED_EDGE ( 'NONE', *, *, #6812, .T. ) ;
#3771 = DIRECTION ( 'NONE',  ( 0.0000000000000000000, 0.0000000000000000000, 1.000000000000000000 ) ) ;
#3772 = VERTEX_POINT ( 'NONE', #7397 ) ;
#3773 = DIRECTION ( 'NONE',  ( 1.000000000000000000, 0.0000000000000000000, 0.0000000000000000000 ) ) ;
#3774 = EDGE_CURVE ( 'NONE', #7680, #7025, #1319, .T. ) ;
#3775 = APPROVAL_DATE_TIME ( #4375, #6436 ) ;
#3776 = LINE ( 'NONE', #1116, #414 ) ;
#3777 = ORIENTED_EDGE ( 'NONE', *, *, #3128, .T. ) ;
#3778 = ORIENTED_EDGE ( 'NONE', *, *, #5300, .T. ) ;
#3779 = ORIENTED_EDGE ( 'NONE', *, *, #8208, .T. ) ;
#3780 = DIRECTION ( 'NONE',  ( 1.000000000000000000, 0.0000000000000000000, 6.460030694519524789E-16 ) ) ;
#3781 = CALENDAR_DATE ( 2019, 1, 8 ) ;
#3782 = AXIS2_PLACEMENT_3D ( 'NONE', #3246, #4533, #7765 ) ;
#3783 = ADVANCED_FACE ( 'NONE', ( #5607 ), #3911, .T. ) ;
#3784 = DIRECTION ( 'NONE',  ( -1.668003342285391551E-16, -1.000000000000000000, 0.0000000000000000000 ) ) ;
#3785 = VECTOR ( 'NONE', #4238, 1000.000000000000114 ) ;
#3786 = PLANE ( 'NONE',  #1110 ) ;
#3787 = ORIENTED_EDGE ( 'NONE', *, *, #1856, .F. ) ;
#3788 = EDGE_CURVE ( 'NONE', #5733, #7781, #6220, .T. ) ;
#3789 = CARTESIAN_POINT ( 'NONE',  ( 3.676955262170030991, -3.889087296526028137, 0.9499999999999998446 ) ) ;
#3790 = DIRECTION ( 'NONE',  ( 0.0000000000000000000, -1.000000000000000000, 0.0000000000000000000 ) ) ;
#3791 = ORIENTED_EDGE ( 'NONE', *, *, #4160, .F. ) ;
#3792 = FACE_OUTER_BOUND ( 'NONE', #7125, .T. ) ;
#3793 = FACE_OUTER_BOUND ( 'NONE', #7013, .T. ) ;
#3794 = ORIENTED_EDGE ( 'NONE', *, *, #3868, .T. ) ;
#3795 = ADVANCED_FACE ( 'NONE', ( #3690 ), #362, .F. ) ;
#3796 = CARTESIAN_POINT ( 'NONE',  ( 1.173617955648220912, 4.380001839154149756, -8.369666915351597680 ) ) ;
#3797 = CARTESIAN_POINT ( 'NONE',  ( -12.71400762708950261, -5.549999999999998934, 1.059819946095852172 ) ) ;
#3798 = CARTESIAN_POINT ( 'NONE',  ( -12.91327220468261672, 5.549999999999998934, 1.103697641126803797 ) ) ;
#3799 = CIRCLE ( 'NONE', #1608, 0.2500000000000002220 ) ;
#3800 = CARTESIAN_POINT ( 'NONE',  ( 0.0000000000000000000, 0.0000000000000000000, 4.252248537653713356 ) ) ;
#3801 = ORIENTED_EDGE ( 'NONE', *, *, #6786, .F. ) ;
#3802 = EDGE_CURVE ( 'NONE', #6280, #6761, #4589, .T. ) ;
#3803 = PRODUCT_RELATED_PRODUCT_CATEGORY ( 'detail', '', ( #3360 ) ) ;
#3804 = ORIENTED_EDGE ( 'NONE', *, *, #7862, .T. ) ;
#3805 = DIRECTION ( 'NONE',  ( 0.0000000000000000000, 1.000000000000000000, 0.0000000000000000000 ) ) ;
#3806 =( BOUNDED_SURFACE ( )  B_SPLINE_SURFACE ( 3, 1, ( 
 ( #1968, #8 ),
 ( #5077, #1991 ),
 ( #6383, #7105 ),
 ( #2653, #2568 ) ),
 .UNSPECIFIED., .F., .F., .F. ) 
 B_SPLINE_SURFACE_WITH_KNOTS ( ( 4, 4 ),
 ( 2, 2 ),
 ( 0.0000000000000000000, 1.000000000000000000 ),
 ( 0.0000000000000000000, 1.000000000000000000 ),
 .UNSPECIFIED. ) 
 GEOMETRIC_REPRESENTATION_ITEM ( )  RATIONAL_B_SPLINE_SURFACE ( (
 ( 1.000000000000000000, 1.000000000000000000),
 ( 0.8025111867385943398, 0.8025111867385943398),
 ( 0.8025111867385943398, 0.8025111867385943398),
 ( 1.000000000000000000, 1.000000000000000000) ) ) 
 REPRESENTATION_ITEM ( '' )  SURFACE ( )  );
#3807 = VECTOR ( 'NONE', #3441, 1000.000000000000000 ) ;
#3808 = VERTEX_POINT ( 'NONE', #2288 ) ;
#3809 = CARTESIAN_POINT ( 'NONE',  ( -4.868728049125707003, 6.192726625728599998, -1.100166593084856759 ) ) ;
#3810 = DIRECTION ( 'NONE',  ( -1.000000000000000000, 0.0000000000000000000, -0.0000000000000000000 ) ) ;
#3811 = DIRECTION ( 'NONE',  ( 0.0000000000000000000, 0.0000000000000000000, 1.000000000000000000 ) ) ;
#3812 = LINE ( 'NONE', #80, #7448 ) ;
#3813 = EDGE_LOOP ( 'NONE', ( #6168, #1453, #4757, #3468 ) ) ;
#3814 = CARTESIAN_POINT ( 'NONE',  ( 8.100166593084875188, 6.020199911701877404, -1.192726625728578460 ) ) ;
#3815 = CARTESIAN_POINT ( 'NONE',  ( 8.499999999999998224, -5.900000000000001243, -1.499999999999999556 ) ) ;
#3816 = VERTEX_POINT ( 'NONE', #7361 ) ;
#3817 = EDGE_CURVE ( 'NONE', #2129, #2313, #1631, .T. ) ;
#3818 = CARTESIAN_POINT ( 'NONE',  ( 11.04171529919551631, 0.0000000000000000000, 6.574412808643362638 ) ) ;
#3819 = VERTEX_POINT ( 'NONE', #3471 ) ;
#3820 = DIRECTION ( 'NONE',  ( 1.000000000000000000, 0.0000000000000000000, 0.0000000000000000000 ) ) ;
#3821 = CARTESIAN_POINT ( 'NONE',  ( -1.163712062509606682, 4.502053510331901265, -8.889236430752722740 ) ) ;
#3822 = EDGE_CURVE ( 'NONE', #6802, #523, #2497, .T. ) ;
#3823 = AXIS2_PLACEMENT_3D ( 'NONE', #7478, #3837, #3634 ) ;
#3824 = LINE ( 'NONE', #1304, #467 ) ;
#3825 = ORIENTED_EDGE ( 'NONE', *, *, #2031, .T. ) ;
#3826 = DIRECTION ( 'NONE',  ( 0.0000000000000000000, 1.000000000000000000, 0.0000000000000000000 ) ) ;
#3827 = DIRECTION ( 'NONE',  ( -0.0000000000000000000, -0.0000000000000000000, 1.000000000000000000 ) ) ;
#3828 = EDGE_CURVE ( 'NONE', #2228, #5631, #2015, .T. ) ;
#3829 = ADVANCED_FACE ( 'NONE', ( #326 ), #6131, .T. ) ;
#3830 = VECTOR ( 'NONE', #5205, 1000.000000000000000 ) ;
#3831 = EDGE_LOOP ( 'NONE', ( #5357, #5083, #2562 ) ) ;
#3832 = AXIS2_PLACEMENT_3D ( 'NONE', #8075, #6199, #2359 ) ;
#3833 = DIRECTION ( 'NONE',  ( -0.0000000000000000000, -0.0000000000000000000, 1.000000000000000000 ) ) ;
#3834 = ORIENTED_EDGE ( 'NONE', *, *, #1628, .F. ) ;
#3835 = AXIS2_PLACEMENT_3D ( 'NONE', #4028, #2787, #5296 ) ;
#3836 = ORIENTED_EDGE ( 'NONE', *, *, #7988, .T. ) ;
#3837 = DIRECTION ( 'NONE',  ( -0.0000000000000000000, 0.0000000000000000000, 1.000000000000000000 ) ) ;
#3838 = LINE ( 'NONE', #5539, #2749 ) ;
#3839 = ADVANCED_FACE ( 'NONE', ( #5199 ), #6510, .T. ) ;
#3840 = VERTEX_POINT ( 'NONE', #5416 ) ;
#3841 = ADVANCED_FACE ( 'NONE', ( #1113 ), #1607, .T. ) ;
#3842 = CARTESIAN_POINT ( 'NONE',  ( -3.643293365732739542, 5.549999999999998934, 7.075562263763490733 ) ) ;
#3843 = ORIENTED_EDGE ( 'NONE', *, *, #4701, .T. ) ;
#3844 = PLANE ( 'NONE',  #4741 ) ;
#3845 = DIRECTION ( 'NONE',  ( 0.0000000000000000000, 1.000000000000000000, 0.0000000000000000000 ) ) ;
#3846 = FACE_OUTER_BOUND ( 'NONE', #5371, .T. ) ;
#3847 = CARTESIAN_POINT ( 'NONE',  ( -1.141908296579408066, 4.507707233935025037, -8.919753169156757977 ) ) ;
#3848 = AXIS2_PLACEMENT_3D ( 'NONE', #2367, #8174, #4283 ) ;
#3849 = EDGE_CURVE ( 'NONE', #3212, #245, #4489, .T. ) ;
#3850 = EDGE_LOOP ( 'NONE', ( #5870, #5125 ) ) ;
#3851 = EDGE_LOOP ( 'NONE', ( #2258, #2257, #4565, #6874 ) ) ;
#3852 = ORIENTED_EDGE ( 'NONE', *, *, #555, .F. ) ;
#3853 = CC_DESIGN_PERSON_AND_ORGANIZATION_ASSIGNMENT ( #1904, #5645, ( #8020 ) ) ;
#3854 = LINE ( 'NONE', #3754, #6978 ) ;
#3855 = CARTESIAN_POINT ( 'NONE',  ( 8.921446036757144427, -6.434538363964080965, -0.9999999999999995559 ) ) ;
#3856 = DIRECTION ( 'NONE',  ( 0.0000000000000000000, 0.0000000000000000000, 1.000000000000000000 ) ) ;
#3857 = CARTESIAN_POINT ( 'NONE',  ( 1.163712062509606682, 4.502053510331903041, -8.386263384199137860 ) ) ;
#3858 = CARTESIAN_POINT ( 'NONE',  ( -8.000000000000000000, 5.100000000000003197, -1.000000000000000888 ) ) ;
#3859 = CARTESIAN_POINT ( 'NONE',  ( 10.93142588574142060, -5.549999999999998934, 6.545662011518390777 ) ) ;
#3860 = CARTESIAN_POINT ( 'NONE',  ( 10.87476971147334481, 1.331775191862041871E-15, 6.706938307758091966 ) ) ;
#3861 = DIRECTION ( 'NONE',  ( 0.0000000000000000000, 0.0000000000000000000, 1.000000000000000000 ) ) ;
#3862 = ORIENTED_EDGE ( 'NONE', *, *, #8136, .F. ) ;
#3863 = DIRECTION ( 'NONE',  ( -0.01745240643727699603, 0.0000000000000000000, -0.9998476951563912696 ) ) ;
#3864 = LINE ( 'NONE', #4703, #1786 ) ;
#3865 = ORIENTED_EDGE ( 'NONE', *, *, #2166, .T. ) ;
#3866 = DIRECTION ( 'NONE',  ( 0.0000000000000000000, -0.0000000000000000000, -1.000000000000000000 ) ) ;
#3867 = VECTOR ( 'NONE', #2550, 1000.000000000000000 ) ;
#3868 = EDGE_CURVE ( 'NONE', #7011, #5287, #1208, .T. ) ;
#3869 = DIRECTION ( 'NONE',  ( -1.000000000000000000, -1.057758217059028608E-16, 0.0000000000000000000 ) ) ;
#3870 = CARTESIAN_POINT ( 'NONE',  ( -4.750000000000000888, -5.199999999999999289, -1.000000000000000000 ) ) ;
#3871 = DIRECTION ( 'NONE',  ( -1.057758217059028608E-16, 1.000000000000000000, 0.0000000000000000000 ) ) ;
#3872 = ORIENTED_EDGE ( 'NONE', *, *, #7862, .F. ) ;
#3873 = DIRECTION ( 'NONE',  ( -1.000000000000000000, 0.0000000000000000000, 0.0000000000000000000 ) ) ;
#3874 = APPROVAL_PERSON_ORGANIZATION ( #1188, #1639, #1756 ) ;
#3875 = LINE ( 'NONE', #2902, #2093 ) ;
#3876 = EDGE_CURVE ( 'NONE', #2030, #3697, #7736, .T. ) ;
#3877 = EDGE_LOOP ( 'NONE', ( #2676, #3726, #5173, #2980 ) ) ;
#3878 = ORIENTED_EDGE ( 'NONE', *, *, #8060, .F. ) ;
#3879 = CARTESIAN_POINT ( 'NONE',  ( -12.96326458944042948, -5.549999999999998934, 1.104570261448656110 ) ) ;
#3880 = AXIS2_PLACEMENT_3D ( 'NONE', #7393, #6101, #1616 ) ;
#3881 = CARTESIAN_POINT ( 'NONE',  ( 11.06938643620623886, 5.549474382732455524, 6.344788713283567638 ) ) ;
#3882 = ADVANCED_FACE ( 'NONE', ( #812 ), #5419, .F. ) ;
#3883 = PERSON_AND_ORGANIZATION ( #6821, #2012 ) ;
#3884 = CYLINDRICAL_SURFACE ( 'NONE', #1972, 0.2000000000000000944 ) ;
#3885 = DIRECTION ( 'NONE',  ( 0.0000000000000000000, 0.0000000000000000000, 1.000000000000000000 ) ) ;
#3886 = CARTESIAN_POINT ( 'NONE',  ( -11.06882430048112376, -5.637602997552447981, 6.346388877235728643 ) ) ;
#3887 = AXIS2_PLACEMENT_3D ( 'NONE', #7580, #4892, #6870 ) ;
#3888 = ORIENTED_EDGE ( 'NONE', *, *, #8054, .T. ) ;
#3889 = ORIENTED_EDGE ( 'NONE', *, *, #650, .F. ) ;
#3890 = DIRECTION ( 'NONE',  ( -1.000000000000000000, 0.0000000000000000000, 0.0000000000000000000 ) ) ;
#3891 = EDGE_LOOP ( 'NONE', ( #768, #320, #7880, #2446 ) ) ;
#3892 = CYLINDRICAL_SURFACE ( 'NONE', #5446, 0.5000000000000000000 ) ;
#3893 = CARTESIAN_POINT ( 'NONE',  ( -0.9670890758901478090, 4.348765769651652846, -8.637749907475930300 ) ) ;
#3895 = CARTESIAN_POINT ( 'NONE',  ( -13.00000000000000000, 6.000000000000005329, -3.021872165881479333 ) ) ;
#3894 = COORDINATED_UNIVERSAL_TIME_OFFSET ( 9, 0, .AHEAD. ) ;
#3896 = CARTESIAN_POINT ( 'NONE',  ( 4.500000000000000888, -5.900000000000002132, -1.500000000000000000 ) ) ;
#3897 = VECTOR ( 'NONE', #5531, 1000.000000000000114 ) ;
#3898 = CARTESIAN_POINT ( 'NONE',  ( 10.88012917333600704, -5.637602997552447093, 6.280100499734930786 ) ) ;
#3899 = ORIENTED_EDGE ( 'NONE', *, *, #3025, .T. ) ;
#3900 = VECTOR ( 'NONE', #5690, 1000.000000000000000 ) ;
#3901 = EDGE_CURVE ( 'NONE', #5297, #2718, #3986, .T. ) ;
#3902 = DIRECTION ( 'NONE',  ( -1.000000000000000000, -0.0000000000000000000, -0.0000000000000000000 ) ) ;
#3903 = FACE_OUTER_BOUND ( 'NONE', #7101, .T. ) ;
#3904 = ORIENTED_EDGE ( 'NONE', *, *, #316, .F. ) ;
#3905 = DIRECTION ( 'NONE',  ( 0.001521307388085444377, -0.9961935453064447721, 0.08715564189200575296 ) ) ;
#3906 = VECTOR ( 'NONE', #5326, 1000.000000000000000 ) ;
#3907 = EDGE_LOOP ( 'NONE', ( #3399, #6718, #3644, #6465 ) ) ;
#3908 = DIRECTION ( 'NONE',  ( 0.9434756357255816850, -0.0000000000000000000, 0.3314418875039927825 ) ) ;
#3909 = PLANE ( 'NONE',  #3138 ) ;
#3910 = CARTESIAN_POINT ( 'NONE',  ( 12.91397716612078028, -1.358115580776782336E-15, 1.063310427383307388 ) ) ;
#3911 =( BOUNDED_SURFACE ( )  B_SPLINE_SURFACE ( 3, 1, ( 
 ( #2918, #1667 ),
 ( #6781, #7433 ),
 ( #8096, #1048 ),
 ( #2908, #4145 ) ),
 .UNSPECIFIED., .F., .F., .F. ) 
 B_SPLINE_SURFACE_WITH_KNOTS ( ( 4, 4 ),
 ( 2, 2 ),
 ( 0.0000000000000000000, 1.000000000000000000 ),
 ( 0.0000000000000000000, 1.000000000000000000 ),
 .UNSPECIFIED. ) 
 GEOMETRIC_REPRESENTATION_ITEM ( )  RATIONAL_B_SPLINE_SURFACE ( (
 ( 1.000000000000000000, 1.000000000000000000),
 ( 0.8025111867346372829, 0.8025111867346372829),
 ( 0.8025111867346372829, 0.8025111867346372829),
 ( 1.000000000000000000, 1.000000000000000000) ) ) 
 REPRESENTATION_ITEM ( '' )  SURFACE ( )  );
#3912 = CARTESIAN_POINT ( 'NONE',  ( 11.06919905768977408, 5.578850547597779652, 6.345322101100878243 ) ) ;
#3913 = EDGE_CURVE ( 'NONE', #1390, #3666, #6006, .T. ) ;
#3914 = LINE ( 'NONE', #8274, #5621 ) ;
#3915 = ORIENTED_EDGE ( 'NONE', *, *, #4138, .T. ) ;
#3916 = CARTESIAN_POINT ( 'NONE',  ( 12.92859824251507028, 0.0000000000000000000, 0.2256695217538560450 ) ) ;
#3917 = CARTESIAN_POINT ( 'NONE',  ( -12.99999999999999822, -6.000000000000000000, -3.000000000000000000 ) ) ;
#3918 = EDGE_LOOP ( 'NONE', ( #5787, #5819, #3943, #504 ) ) ;
#3919 = CARTESIAN_POINT ( 'NONE',  ( -11.14999999999999680, 6.000000000000000000, -2.000000000000000000 ) ) ;
#3920 = VECTOR ( 'NONE', #1813, 1000.000000000000000 ) ;
#3921 = CARTESIAN_POINT ( 'NONE',  ( 9.500000000000001776, -6.150000000000001243, -9.035105632878352111 ) ) ;
#3922 = CARTESIAN_POINT ( 'NONE',  ( 7.900000000000000355, 6.000000000000003553, -1.499999999999999556 ) ) ;
#3923 = ORIENTED_EDGE ( 'NONE', *, *, #2521, .F. ) ;
#3924 = ADVANCED_FACE ( 'NONE', ( #3485 ), #982, .F. ) ;
#3925 = CARTESIAN_POINT ( 'NONE',  ( -8.648528137423856066, -6.207106781186547906, -1.000000000000000444 ) ) ;
#3926 = EDGE_CURVE ( 'NONE', #7200, #4663, #7412, .T. ) ;
#3927 = LINE ( 'NONE', #4124, #7145 ) ;
#3928 = EDGE_LOOP ( 'NONE', ( #2267, #7718, #7864, #6966 ) ) ;
#3929 = DIRECTION ( 'NONE',  ( 1.000000000000000000, 0.0000000000000000000, 0.0000000000000000000 ) ) ;
#3930 = AXIS2_PLACEMENT_3D ( 'NONE', #819, #7911, #5269 ) ;
#3931 = AXIS2_PLACEMENT_3D ( 'NONE', #6354, #6191, #5421 ) ;
#3932 = EDGE_LOOP ( 'NONE', ( #1156, #1601, #5303, #7613 ) ) ;
#3933 = CIRCLE ( 'NONE', #1221, 90.18367011610379791 ) ;
#3935 = ORIENTED_EDGE ( 'NONE', *, *, #6343, .T. ) ;
#3934 = CARTESIAN_POINT ( 'NONE',  ( 8.748190524917589528, -6.197828629901130704, -1.063106799566986727 ) ) ;
#3936 = CARTESIAN_POINT ( 'NONE',  ( -10.88012917333600349, -5.637602997552447093, 6.280100499734916575 ) ) ;
#3937 = EDGE_CURVE ( 'NONE', #6669, #3139, #623, .T. ) ;
#3938 = CARTESIAN_POINT ( 'NONE',  ( -1.204163065101840457, 4.493997739557926252, -8.300847917657749875 ) ) ;
#3939 = ORIENTED_EDGE ( 'NONE', *, *, #42, .F. ) ;
#3940 = LINE ( 'NONE', #6597, #185 ) ;
#3941 = DIRECTION ( 'NONE',  ( 0.0000000000000000000, 0.0000000000000000000, 1.000000000000000000 ) ) ;
#3942 = CARTESIAN_POINT ( 'NONE',  ( 11.09848522915800650, 5.549999999999998934, 6.412812697791911987 ) ) ;
#3943 = ORIENTED_EDGE ( 'NONE', *, *, #7931, .T. ) ;
#3944 = CARTESIAN_POINT ( 'NONE',  ( -8.499999999999998224, -5.900000000000001243, -3.000000000000000000 ) ) ;
#3945 = DIRECTION ( 'NONE',  ( -0.0000000000000000000, -1.000000000000000000, 0.0000000000000000000 ) ) ;
#3946 = AXIS2_PLACEMENT_3D ( 'NONE', #7296, #2768, #225 ) ;
#3947 = DIRECTION ( 'NONE',  ( -0.0000000000000000000, -0.0000000000000000000, -1.000000000000000000 ) ) ;
#3948 = ORIENTED_EDGE ( 'NONE', *, *, #7218, .T. ) ;
#3949 = ORIENTED_EDGE ( 'NONE', *, *, #15, .F. ) ;
#3950 = EDGE_CURVE ( 'NONE', #5756, #210, #2603, .T. ) ;
#3951 = LINE ( 'NONE', #5221, #7166 ) ;
#3952 = LINE ( 'NONE', #3718, #6161 ) ;
#3953 = B_SPLINE_CURVE_WITH_KNOTS ( 'NONE', 3,
 ( #1596, #926, #5996, #892, #5971, #7968, #3387, #7324, #249, #5947, #7906, #4056, #2732, #6649 ),
 .UNSPECIFIED., .F., .F.,
 ( 4, 2, 2, 2, 2, 2, 4 ),
 ( -0.0004389025938781263296, -0.0003296854245083409400, -0.0002204682551385554962, -2.033916398989108008E-06, 0.0002164004223405772260, 0.0003256175917103626698, 0.0004348347610801481136 ),
 .UNSPECIFIED. ) ;
#3954 = CARTESIAN_POINT ( 'NONE',  ( 4.001277141293966721, 6.185714285714285054, -2.983752105345187644 ) ) ;
#3955 = CARTESIAN_POINT ( 'NONE',  ( 8.000000000000000000, 4.757005158825442059, -1.000000000000000000 ) ) ;
#3956 = VERTEX_POINT ( 'NONE', #336 ) ;
#3957 = ORIENTED_EDGE ( 'NONE', *, *, #238, .T. ) ;
#3958 = DIRECTION ( 'NONE',  ( 1.000000000000000000, -0.0000000000000000000, -0.0000000000000000000 ) ) ;
#3959 = VECTOR ( 'NONE', #5975, 1000.000000000000227 ) ;
#3960 = EDGE_CURVE ( 'NONE', #321, #5271, #7530, .T. ) ;
#3961 = CC_DESIGN_PERSON_AND_ORGANIZATION_ASSIGNMENT ( #3195, #4765, ( #2683 ) ) ;
#3962 = DIRECTION ( 'NONE',  ( 0.0000000000000000000, 0.0000000000000000000, -1.000000000000000000 ) ) ;
#3963 = DIRECTION ( 'NONE',  ( 0.9434756357255826842, -0.0000000000000000000, 0.3314418875039900625 ) ) ;
#3964 = LINE ( 'NONE', #3030, #6887 ) ;
#3965 = CARTESIAN_POINT ( 'NONE',  ( 11.02711479958323082, 5.635181165692363159, 6.465118281571981207 ) ) ;
#3966 = ORIENTED_EDGE ( 'NONE', *, *, #1516, .F. ) ;
#3967 = TOROIDAL_SURFACE ( 'NONE', #5270, 4.844999999999999751, 0.3900000000000002354 ) ;
#3968 = CARTESIAN_POINT ( 'NONE',  ( -4.500000000000000888, -5.900000000000001243, -1.499999999999999556 ) ) ;
#3969 = CARTESIAN_POINT ( 'NONE',  ( 4.493728430859893486, -6.006271569140110067, -1.396395287217371939 ) ) ;
#3970 = VERTEX_POINT ( 'NONE', #6098 ) ;
#3971 = EDGE_CURVE ( 'NONE', #7209, #5782, #7244, .T. ) ;
#3972 = ORIENTED_EDGE ( 'NONE', *, *, #4322, .T. ) ;
#3973 = CARTESIAN_POINT ( 'NONE',  ( -12.71400762708950261, 0.0000000000000000000, 1.059819946095852172 ) ) ;
#3974 = COORDINATED_UNIVERSAL_TIME_OFFSET ( 9, 0, .AHEAD. ) ;
#3975 = AXIS2_PLACEMENT_3D ( 'NONE', #7596, #4369, #5108 ) ;
#3976 = CARTESIAN_POINT ( 'NONE',  ( 0.0000000000000000000, 0.0000000000000000000, 4.252248537653713356 ) ) ;
#3977 = LINE ( 'NONE', #4837, #1896 ) ;
#3978 = EDGE_LOOP ( 'NONE', ( #3480, #1753, #6374, #1218, #2931, #327, #5044, #6367 ) ) ;
#3979 = AXIS2_PLACEMENT_3D ( 'NONE', #6394, #1791, #675 ) ;
#3980 = ORIENTED_EDGE ( 'NONE', *, *, #7975, .F. ) ;
#3981 = DIRECTION ( 'NONE',  ( 0.0000000000000000000, -1.000000000000000000, 0.0000000000000000000 ) ) ;
#3982 = ORIENTED_EDGE ( 'NONE', *, *, #7813, .T. ) ;
#3983 = VECTOR ( 'NONE', #2081, 1000.000000000000000 ) ;
#3984 = EDGE_CURVE ( 'NONE', #580, #7011, #4293, .T. ) ;
#3985 = CALENDAR_DATE ( 2019, 1, 8 ) ;
#3986 = LINE ( 'NONE', #4173, #6107 ) ;
#3987 = ORIENTED_EDGE ( 'NONE', *, *, #7399, .T. ) ;
#3988 = CARTESIAN_POINT ( 'NONE',  ( 12.39999999999999858, -5.118034671099020549, 2.105706630459280859 ) ) ;
#3989 = CARTESIAN_POINT ( 'NONE',  ( -10.88012917333603191, 5.637602997552447981, 6.280100499734861508 ) ) ;
#3990 = VERTEX_POINT ( 'NONE', #282 ) ;
#3991 = CARTESIAN_POINT ( 'NONE',  ( 4.500000000000000888, -5.100000000000004086, -2.500000000000000000 ) ) ;
#3992 = VECTOR ( 'NONE', #4257, 1000.000000000000000 ) ;
#3993 =( LENGTH_UNIT ( ) NAMED_UNIT ( * ) SI_UNIT ( .MILLI., .METRE. ) );
#3994 = CARTESIAN_POINT ( 'NONE',  ( -1.014477084804754181, 4.542965623815418574, -8.978258224888650219 ) ) ;
#3995 = LINE ( 'NONE', #208, #4599 ) ;
#3996 = CYLINDRICAL_SURFACE ( 'NONE', #40, 4.549999999999999822 ) ;
#3997 = VERTEX_POINT ( 'NONE', #7390 ) ;
#3998 = FACE_OUTER_BOUND ( 'NONE', #2506, .T. ) ;
#3999 = ORIENTED_EDGE ( 'NONE', *, *, #1763, .F. ) ;
#4000 = PLANE ( 'NONE',  #4309 ) ;
#4001 = CARTESIAN_POINT ( 'NONE',  ( 12.30000000000000071, -5.099999999999997868, 0.5000000000000000000 ) ) ;
#4002 = CARTESIAN_POINT ( 'NONE',  ( -10.88012917333603191, 5.637602997552447981, 6.280100499734860620 ) ) ;
#4003 = ADVANCED_FACE ( 'NONE', ( #138 ), #6774, .F. ) ;
#4004 = VERTEX_POINT ( 'NONE', #6135 ) ;
#4005 = PERSON ( 'NAUO-PER3', 'UNSPECIFIED', 'UNSPECIFIED', ('UNSPECIFIED'), ('UNSPECIFIED'), ('UNSPECIFIED') ) ;
#4006 = FACE_OUTER_BOUND ( 'NONE', #2205, .T. ) ;
#4007 = DIRECTION ( 'NONE',  ( -1.000000000000000000, 0.0000000000000000000, 0.0000000000000000000 ) ) ;
#4008 = CARTESIAN_POINT ( 'NONE',  ( 5.250000000000002665, 5.200000000000001066, -1.000000000000000000 ) ) ;
#4009 = VERTEX_POINT ( 'NONE', #7302 ) ;
#4010 = EDGE_CURVE ( 'NONE', #8194, #4148, #2404, .T. ) ;
#4011 = CARTESIAN_POINT ( 'NONE',  ( -8.500000000000000000, -5.100000000000000533, -9.299999999999998934 ) ) ;
#4012 =( BOUNDED_SURFACE ( )  B_SPLINE_SURFACE ( 3, 2, ( 
 ( #4383, #3079, #1189 ),
 ( #6306, #5652, #1162 ),
 ( #6897, #5678, #5628 ),
 ( #3058, #7581, #2441 ),
 ( #7661, #2493, #3715 ),
 ( #8243, #3112, #573 ) ),
 .UNSPECIFIED., .F., .F., .F. ) 
 B_SPLINE_SURFACE_WITH_KNOTS ( ( 4, 2, 4 ),
 ( 3, 3 ),
 ( 0.0004134235322906905851, 0.0006140265318771402506, 0.0008146295314635899161 ),
 ( 0.0000000000000000000, 1.000000000000000000 ),
 .UNSPECIFIED. ) 
 GEOMETRIC_REPRESENTATION_ITEM ( )  RATIONAL_B_SPLINE_SURFACE ( (
 ( 1.000000000000000000, 0.7143241415874693745, 1.000000000000000000),
 ( 1.000000000000000000, 0.7190409942400899368, 1.000000000000000000),
 ( 1.000000000000000000, 0.7221383962759984065, 1.000000000000000000),
 ( 1.000000000000000000, 0.7221361990509647111, 1.000000000000000000),
 ( 1.000000000000000000, 0.7190592425212201100, 1.000000000000000000),
 ( 1.000000000000000000, 0.7143305781234035035, 1.000000000000000000) ) ) 
 REPRESENTATION_ITEM ( '' )  SURFACE ( )  );
#4013 = LINE ( 'NONE', #1459, #5417 ) ;
#4014 = VERTEX_POINT ( 'NONE', #4731 ) ;
#4015 = ORIENTED_EDGE ( 'NONE', *, *, #425, .F. ) ;
#4016 = CARTESIAN_POINT ( 'NONE',  ( -2.765000000000000124, 2.755455298081545702E-17, -5.500000000000000000 ) ) ;
#4017 = CARTESIAN_POINT ( 'NONE',  ( 11.16750335832604613, 5.851851363101646442, 5.465557557678064171 ) ) ;
#4018 = CARTESIAN_POINT ( 'NONE',  ( -8.500000000000000000, 6.500000000000004441, -1.000000000000000000 ) ) ;
#4019 = CARTESIAN_POINT ( 'NONE',  ( -1.228892178883608910, 4.586288048617639390, -8.471906744391047184 ) ) ;
#4020 = LINE ( 'NONE', #5957, #6952 ) ;
#4021 = VERTEX_POINT ( 'NONE', #939 ) ;
#4022 = CARTESIAN_POINT ( 'NONE',  ( 8.000000000000000000, 5.100000000000003197, -1.000000000000000888 ) ) ;
#4023 = CARTESIAN_POINT ( 'NONE',  ( 12.21060779807257646, -5.199725200525154634, 1.008484326293006772 ) ) ;
#4024 = CARTESIAN_POINT ( 'NONE',  ( -12.52670221006875906, 5.184022278188971988, 1.493305911804059694 ) ) ;
#4025 = CARTESIAN_POINT ( 'NONE',  ( 13.00000000000000000, 5.800000000000000711, -3.000000000000000000 ) ) ;
#4026 = EDGE_CURVE ( 'NONE', #4935, #3753, #4087, .T. ) ;
#4027 = VECTOR ( 'NONE', #4069, 1000.000000000000000 ) ;
#4028 = CARTESIAN_POINT ( 'NONE',  ( -7.750000000000000000, 6.349999999999999645, -3.000000000000000000 ) ) ;
#4029 = ORIENTED_EDGE ( 'NONE', *, *, #2774, .F. ) ;
#4030 = DIRECTION ( 'NONE',  ( 0.7071067811865486830, 0.7071067811865464625, -0.0000000000000000000 ) ) ;
#4031 = VERTEX_POINT ( 'NONE', #3450 ) ;
#4032 = EDGE_CURVE ( 'NONE', #2304, #6805, #3285, .T. ) ;
#4033 = PLANE ( 'NONE',  #2146 ) ;
#4034 = FACE_OUTER_BOUND ( 'NONE', #7270, .T. ) ;
#4035 = CARTESIAN_POINT ( 'NONE',  ( 12.71350454741295444, -5.928189792914421830, 1.092131842750059034 ) ) ;
#4036 = VERTEX_POINT ( 'NONE', #6884 ) ;
#4037 = AXIS2_PLACEMENT_3D ( 'NONE', #3989, #6779, #6804 ) ;
#4038 = AXIS2_PLACEMENT_3D ( 'NONE', #1340, #3219, #7727 ) ;
#4039 = ORIENTED_EDGE ( 'NONE', *, *, #1884, .F. ) ;
#4040 = AXIS2_PLACEMENT_3D ( 'NONE', #2271, #4819, #3540 ) ;
#4041 = ADVANCED_FACE ( 'NONE', ( #6713 ), #1071, .T. ) ;
#4042 = TOROIDAL_SURFACE ( 'NONE', #464, 90.00330277587156047, 0.2000000000000000111 ) ;
#4043 = DIRECTION ( 'NONE',  ( 0.0000000000000000000, 0.9961946980917461003, -0.08715574274765118534 ) ) ;
#4044 = SPHERICAL_SURFACE ( 'NONE', #6472, 0.2000000000000000111 ) ;
#4045 = CARTESIAN_POINT ( 'NONE',  ( 5.000000000000000888, 5.100000000000000533, -1.500000000000000000 ) ) ;
#4046 = EDGE_CURVE ( 'NONE', #3746, #3534, #2204, .T. ) ;
#4047 = DIRECTION ( 'NONE',  ( 0.0000000000000000000, -1.000000000000000000, 0.0000000000000000000 ) ) ;
#4048 = ORIENTED_EDGE ( 'NONE', *, *, #7249, .T. ) ;
#4049 = VERTEX_POINT ( 'NONE', #2372 ) ;
#4050 = ORIENTED_EDGE ( 'NONE', *, *, #3494, .F. ) ;
#4051 = CYLINDRICAL_SURFACE ( 'NONE', #2783, 0.5000000000000004441 ) ;
#4052 = CARTESIAN_POINT ( 'NONE',  ( 12.31388325425705510, -5.164400781150093600, 2.099111958614222395 ) ) ;
#4053 = DIRECTION ( 'NONE',  ( 0.0000000000000000000, -1.000000000000000000, 0.0000000000000000000 ) ) ;
#4054 = AXIS2_PLACEMENT_3D ( 'NONE', #4708, #2937, #4758 ) ;
#4055 = EDGE_CURVE ( 'NONE', #743, #4690, #7009, .T. ) ;
#4056 = CARTESIAN_POINT ( 'NONE',  ( 1.085589917655699121, -4.521602403848974383, -8.312772598077057040 ) ) ;
#4057 = UNCERTAINTY_MEASURE_WITH_UNIT (LENGTH_MEASURE( 1.000000000000000082E-05 ), #8008, 'distance_accuracy_value', 'NONE');
#4058 = LINE ( 'NONE', #5110, #1173 ) ;
#4059 = B_SPLINE_CURVE_WITH_KNOTS ( 'NONE', 3,
 ( #2831, #2886, #1533, #1505 ),
 .UNSPECIFIED., .F., .F.,
 ( 4, 4 ),
 ( 8.940560153363745023E-19, 0.0004121439919903493619 ),
 .UNSPECIFIED. ) ;
#4060 = CARTESIAN_POINT ( 'NONE',  ( -4.000000000000001776, -5.099999999999999645, -1.500000000000000000 ) ) ;
#4061 = CARTESIAN_POINT ( 'NONE',  ( -8.000000000000000000, 5.100000000000003197, -3.000000000000000000 ) ) ;
#4062 = ORIENTED_EDGE ( 'NONE', *, *, #8275, .T. ) ;
#4063 = CARTESIAN_POINT ( 'NONE',  ( -1.049421838954779584, -4.530185634976678699, -8.300000000000000711 ) ) ;
#4064 = LINE ( 'NONE', #5602, #4560 ) ;
#4065 = EDGE_CURVE ( 'NONE', #2705, #5756, #7300, .T. ) ;
#4066 = EDGE_LOOP ( 'NONE', ( #2186, #2984, #5861, #4379 ) ) ;
#4067 = CARTESIAN_POINT ( 'NONE',  ( -12.88412810260818731, -6.349999999999999645, 5.638296555662678067 ) ) ;
#4068 = ORIENTED_EDGE ( 'NONE', *, *, #2652, .T. ) ;
#4069 = DIRECTION ( 'NONE',  ( 1.000000000000000000, 0.0000000000000000000, 0.0000000000000000000 ) ) ;
#4070 = LOCAL_TIME ( 8, 25, 54.00000000000000000, #4468 ) ;
#4071 = DIRECTION ( 'NONE',  ( -0.0000000000000000000, -0.0000000000000000000, 1.000000000000000000 ) ) ;
#4072 = VECTOR ( 'NONE', #974, 1000.000000000000000 ) ;
#4073 = DIRECTION ( 'NONE',  ( 0.0000000000000000000, 0.0000000000000000000, -1.000000000000000000 ) ) ;
#4074 = ORIENTED_EDGE ( 'NONE', *, *, #6259, .F. ) ;
#4075 = VERTEX_POINT ( 'NONE', #2348 ) ;
#4076 = CARTESIAN_POINT ( 'NONE',  ( 4.749999999999999112, -5.999999999999999112, -1.000000000000000000 ) ) ;
#4077 = PERSON_AND_ORGANIZATION ( #6821, #2012 ) ;
#4078 = LINE ( 'NONE', #5812, #5388 ) ;
#4079 = EDGE_CURVE ( 'NONE', #5337, #7794, #3678, .T. ) ;
#4080 = ADVANCED_FACE ( 'NONE', ( #5091 ), #4316, .F. ) ;
#4081 = ORIENTED_EDGE ( 'NONE', *, *, #788, .F. ) ;
#4082 = ORIENTED_EDGE ( 'NONE', *, *, #5705, .T. ) ;
#4083 = VERTEX_POINT ( 'NONE', #3617 ) ;
#4084 = VECTOR ( 'NONE', #3714, 1000.000000000000000 ) ;
#4085 = CARTESIAN_POINT ( 'NONE',  ( 3.889087296525995274, -3.676955262170064298, -1.471169911671835973 ) ) ;
#4086 = AXIS2_PLACEMENT_3D ( 'NONE', #1036, #5491, #2281 ) ;
#4087 = LINE ( 'NONE', #1581, #3897 ) ;
#4088 = ORIENTED_EDGE ( 'NONE', *, *, #550, .T. ) ;
#4089 = CARTESIAN_POINT ( 'NONE',  ( 4.565461636035810677, 6.421446036757090248, -1.000000000000000000 ) ) ;
#4090 = ORIENTED_EDGE ( 'NONE', *, *, #4350, .F. ) ;
#4091 = CARTESIAN_POINT ( 'NONE',  ( -11.14999999999999680, 6.000000000000000000, -2.000000000000000000 ) ) ;
#4092 = EDGE_CURVE ( 'NONE', #5271, #8155, #527, .T. ) ;
#4093 = LINE ( 'NONE', #758, #143 ) ;
#4094 = VERTEX_POINT ( 'NONE', #6188 ) ;
#4095 = DIRECTION ( 'NONE',  ( -0.9434756357255816850, 0.0000000000000000000, 0.3314418875039930046 ) ) ;
#4096 = DIRECTION ( 'NONE',  ( -0.0000000000000000000, -0.0000000000000000000, 1.000000000000000000 ) ) ;
#4097 = CARTESIAN_POINT ( 'NONE',  ( -5.000000000000000888, 5.100000000000004086, -1.000000000000000888 ) ) ;
#4098 = CARTESIAN_POINT ( 'NONE',  ( 12.77746328742306936, 5.792178993893258188, -2.575552399669971848 ) ) ;
#4099 = DIRECTION ( 'NONE',  ( 6.994852725712932707E-17, 1.000000000000000000, 0.0000000000000000000 ) ) ;
#4100 = ORIENTED_EDGE ( 'NONE', *, *, #6675, .T. ) ;
#4101 = AXIS2_PLACEMENT_3D ( 'NONE', #7498, #3315, #916 ) ;
#4102 = CARTESIAN_POINT ( 'NONE',  ( 12.27495355102023034, -5.185416045203804281, 1.450273900331922050 ) ) ;
#4103 = DIRECTION ( 'NONE',  ( 0.0000000000000000000, -0.03237209870275840201, -0.9994758862651860198 ) ) ;
#4104 = DIRECTION ( 'NONE',  ( 0.0000000000000000000, 1.000000000000000000, 0.0000000000000000000 ) ) ;
#4105 = LINE ( 'NONE', #1195, #2425 ) ;
#4106 = DIRECTION ( 'NONE',  ( 1.000000000000000000, 0.0000000000000000000, -0.0000000000000000000 ) ) ;
#4107 = ORIENTED_EDGE ( 'NONE', *, *, #3614, .T. ) ;
#4108 = DIRECTION ( 'NONE',  ( 0.7071067811865463515, -0.7071067811865487940, -0.0000000000000000000 ) ) ;
#4109 = B_SPLINE_CURVE_WITH_KNOTS ( 'NONE', 3,
 ( #159, #7119, #7758, #4578 ),
 .UNSPECIFIED., .F., .F.,
 ( 4, 4 ),
 ( 2.018187625889123371, 2.018193053933231784 ),
 .UNSPECIFIED. ) ;
#4110 = CARTESIAN_POINT ( 'NONE',  ( 10.88012917333602481, 5.637602997552447981, 6.280100499734861508 ) ) ;
#4111 = EDGE_CURVE ( 'NONE', #494, #27, #707, .T. ) ;
#4112 = VECTOR ( 'NONE', #1106, 1000.000000000000114 ) ;
#4113 = CARTESIAN_POINT ( 'NONE',  ( -11.02711479958339247, 5.635181165668380565, 6.465118281571535341 ) ) ;
#4114 = EDGE_LOOP ( 'NONE', ( #7146, #6049, #5409, #2946 ) ) ;
#4115 = CARTESIAN_POINT ( 'NONE',  ( -1.206800688281443490, -4.490763100230619642, -8.783863450048929877 ) ) ;
#4116 = ORIENTED_EDGE ( 'NONE', *, *, #7186, .F. ) ;
#4117 = PRODUCT_DEFINITION_FORMATION_WITH_SPECIFIED_SOURCE ( 'ANY', '', #5298, .NOT_KNOWN. ) ;
#4118 = PLANE ( 'NONE',  #7663 ) ;
#4119 = DIRECTION ( 'NONE',  ( 1.000000000000000000, 0.0000000000000000000, 0.0000000000000000000 ) ) ;
#4120 = CYLINDRICAL_SURFACE ( 'NONE', #8064, 0.5000000000000000000 ) ;
#4121 = ADVANCED_FACE ( 'NONE', ( #8031 ), #2992, .T. ) ;
#4122 = DIRECTION ( 'NONE',  ( -1.057758217059028608E-16, 1.000000000000000000, 0.0000000000000000000 ) ) ;
#4123 = EDGE_LOOP ( 'NONE', ( #427, #1498, #2808, #4988 ) ) ;
#4124 = CARTESIAN_POINT ( 'NONE',  ( 13.00000000000000000, 6.000000000000000000, -1.000000000000000000 ) ) ;
#4125 = DIRECTION ( 'NONE',  ( -0.0000000000000000000, -1.000000000000000000, -0.0000000000000000000 ) ) ;
#4126 = DIRECTION ( 'NONE',  ( 0.0000000000000000000, 0.0000000000000000000, 1.000000000000000000 ) ) ;
#4127 = ORIENTED_EDGE ( 'NONE', *, *, #6094, .T. ) ;
#4128 = VECTOR ( 'NONE', #347, 1000.000000000000000 ) ;
#4129 = VERTEX_POINT ( 'NONE', #1148 ) ;
#4130 = CARTESIAN_POINT ( 'NONE',  ( 12.22363694956613145, -5.198605101776059279, 1.043066937098849456 ) ) ;
#4131 = CARTESIAN_POINT ( 'NONE',  ( -12.39999999999999503, -5.199999999999998401, 1.000000000000000000 ) ) ;
#4132 = DIRECTION ( 'NONE',  ( -0.9998476951563912696, -2.168074086486366787E-15, -0.01745240643728354982 ) ) ;
#4133 = EDGE_CURVE ( 'NONE', #3596, #4351, #6499, .T. ) ;
#4134 = VERTEX_POINT ( 'NONE', #4207 ) ;
#4135 = DIRECTION ( 'NONE',  ( 9.637352644315598694E-16, 1.000000000000000000, 0.0000000000000000000 ) ) ;
#4136 = LINE ( 'NONE', #5641, #5448 ) ;
#4137 = EDGE_LOOP ( 'NONE', ( #2815, #7381, #5140, #3582 ) ) ;
#4138 = EDGE_CURVE ( 'NONE', #7297, #1381, #5521, .T. ) ;
#4139 = ORIENTED_EDGE ( 'NONE', *, *, #3347, .T. ) ;
#4140 = CARTESIAN_POINT ( 'NONE',  ( 12.40000000000000213, -5.000000000000000888, 1.853973807953934738 ) ) ;
#4141 = LINE ( 'NONE', #3321, #6169 ) ;
#4142 = CARTESIAN_POINT ( 'NONE',  ( 4.578553963242915970, 6.434538363964192875, -1.000000000000000000 ) ) ;
#4143 = LINE ( 'NONE', #7560, #4242 ) ;
#4144 = AXIS2_PLACEMENT_3D ( 'NONE', #2921, #6113, #4103 ) ;
#4145 = CARTESIAN_POINT ( 'NONE',  ( 12.40000000000000391, 4.999999999996679101, 1.000000000203727257 ) ) ;
#4146 = AXIS2_PLACEMENT_3D ( 'NONE', #7257, #7279, #2804 ) ;
#4147 = ORIENTED_EDGE ( 'NONE', *, *, #3712, .F. ) ;
#4148 = VERTEX_POINT ( 'NONE', #2319 ) ;
#4149 = CARTESIAN_POINT ( 'NONE',  ( 0.0000000000000000000, 0.0000000000000000000, -8.975499814951863442 ) ) ;
#4150 = CIRCLE ( 'NONE', #2086, 0.2500000000000002220 ) ;
#4151 = CARTESIAN_POINT ( 'NONE',  ( -8.500000000000000000, 6.500000000000004441, -0.9999999999999995559 ) ) ;
#4152 = CARTESIAN_POINT ( 'NONE',  ( -5.285023747167524100, 6.175600287733477245, -3.006509131392910650 ) ) ;
#4153 = MECHANICAL_CONTEXT ( 'NONE', #369, 'mechanical' ) ;
#4154 = CARTESIAN_POINT ( 'NONE',  ( 8.400000000000000355, -6.000000000000001776, -1.499999999999999556 ) ) ;
#4155 = EDGE_CURVE ( 'NONE', #1638, #6953, #317, .T. ) ;
#4156 = LINE ( 'NONE', #1246, #2674 ) ;
#4157 = DIRECTION ( 'NONE',  ( -1.927470528863115795E-15, 1.000000000000000000, 0.0000000000000000000 ) ) ;
#4158 = DIRECTION ( 'NONE',  ( 1.000000000000000000, 1.057758217059028608E-16, 0.0000000000000000000 ) ) ;
#4159 = CARTESIAN_POINT ( 'NONE',  ( -8.208980597418689129, -6.349999999999999645, -3.350000000000002309 ) ) ;
#4160 = EDGE_CURVE ( 'NONE', #7995, #4836, #5995, .T. ) ;
#4161 = ADVANCED_FACE ( 'NONE', ( #6300, #2594 ), #3147, .T. ) ;
#4162 = EDGE_LOOP ( 'NONE', ( #610, #4867, #7984, #1281 ) ) ;
#4163 = CARTESIAN_POINT ( 'NONE',  ( 18.35813107968150604, -5.200000000000000178, 1.000000000000000000 ) ) ;
#4164 = CARTESIAN_POINT ( 'NONE',  ( -7.750000000000000000, -6.349999999999999645, -3.000000000000000000 ) ) ;
#4165 = VECTOR ( 'NONE', #4640, 1000.000000000000000 ) ;
#4166 = ORIENTED_EDGE ( 'NONE', *, *, #5207, .F. ) ;
#4167 = CARTESIAN_POINT ( 'NONE',  ( -1.084334294628967132, -4.521902055790077313, -8.312295584801230319 ) ) ;
#4168 = ORIENTED_EDGE ( 'NONE', *, *, #8230, .T. ) ;
#4169 = EDGE_CURVE ( 'NONE', #1633, #4094, #6810, .T. ) ;
#4170 = DATE_AND_TIME ( #7920, #6593 ) ;
#4171 = LINE ( 'NONE', #3693, #4670 ) ;
#4172 = ORIENTED_EDGE ( 'NONE', *, *, #492, .F. ) ;
#4173 = CARTESIAN_POINT ( 'NONE',  ( -9.888908729652579055, 9.111091270347408511, -9.299999999999998934 ) ) ;
#4174 = EDGE_LOOP ( 'NONE', ( #6111, #998, #5580, #5827 ) ) ;
#4175 = ORIENTED_EDGE ( 'NONE', *, *, #8012, .T. ) ;
#4176 = CARTESIAN_POINT ( 'NONE',  ( -8.421446036757165743, 6.434538363964100505, -0.9999999999999995559 ) ) ;
#4177 = ORIENTED_EDGE ( 'NONE', *, *, #3663, .F. ) ;
#4178 = DIRECTION ( 'NONE',  ( 1.000000000000000000, 0.0000000000000000000, 0.0000000000000000000 ) ) ;
#4179 = FACE_OUTER_BOUND ( 'NONE', #1102, .T. ) ;
#4180 = APPLICATION_PROTOCOL_DEFINITION ( 'international standard', 'config_control_design', 1994, #4854 ) ;
#4181 = APPROVAL_DATE_TIME ( #1620, #3530 ) ;
#4182 = ORIENTED_EDGE ( 'NONE', *, *, #4032, .T. ) ;
#4183 = ORIENTED_EDGE ( 'NONE', *, *, #68, .T. ) ;
#4184 = ORIENTED_EDGE ( 'NONE', *, *, #763, .F. ) ;
#4185 = CARTESIAN_POINT ( 'NONE',  ( -12.20948687892635043, -5.199791994219284064, 1.006422096878740291 ) ) ;
#4186 = DIRECTION ( 'NONE',  ( 1.000000000000000000, 0.0000000000000000000, 0.0000000000000000000 ) ) ;
#4187 = CARTESIAN_POINT ( 'NONE',  ( 3.676955262170030991, -3.889087296526028137, 0.0000000000000000000 ) ) ;
#4188 = DIRECTION ( 'NONE',  ( -0.01744974916068272458, -0.01744974916067593834, 0.9996954598818875715 ) ) ;
#4189 = VECTOR ( 'NONE', #1199, 1000.000000000000000 ) ;
#4190 = EDGE_CURVE ( 'NONE', #2791, #6590, #231, .T. ) ;
#4191 = LINE ( 'NONE', #803, #228 ) ;
#4192 = CIRCLE ( 'NONE', #3736, 99.66350510663009743 ) ;
#4193 = ORIENTED_EDGE ( 'NONE', *, *, #1118, .T. ) ;
#4194 = DIRECTION ( 'NONE',  ( -0.01745240643728354635, 1.220770127380827502E-18, 0.9998476951563911586 ) ) ;
#4195 = ORIENTED_EDGE ( 'NONE', *, *, #3788, .T. ) ;
#4196 = FACE_OUTER_BOUND ( 'NONE', #4114, .T. ) ;
#4197 = DIRECTION ( 'NONE',  ( -1.000000000000000000, 0.0000000000000000000, 0.0000000000000000000 ) ) ;
#4198 = VERTEX_POINT ( 'NONE', #1878 ) ;
#4199 = AXIS2_PLACEMENT_3D ( 'NONE', #4497, #692, #5794 ) ;
#4200 = CARTESIAN_POINT ( 'NONE',  ( 4.807273374271443522, 6.131271950874272569, -1.100166593084895394 ) ) ;
#4201 = ORIENTED_EDGE ( 'NONE', *, *, #1685, .F. ) ;
#4202 = CARTESIAN_POINT ( 'NONE',  ( 0.0000000000000000000, 0.0000000000000000000, -7.449999999999998401 ) ) ;
#4203 = EDGE_CURVE ( 'NONE', #5733, #3609, #6908, .T. ) ;
#4204 = FACE_OUTER_BOUND ( 'NONE', #4162, .T. ) ;
#4205 = VERTEX_POINT ( 'NONE', #2565 ) ;
#4206 = ADVANCED_FACE ( 'NONE', ( #5592 ), #8226, .T. ) ;
#4207 = CARTESIAN_POINT ( 'NONE',  ( 12.90270275423461932, 5.728723333559693209, 1.126108323596650029 ) ) ;
#4208 = DIRECTION ( 'NONE',  ( 0.0000000000000000000, -0.0000000000000000000, 1.000000000000000000 ) ) ;
#4209 = CARTESIAN_POINT ( 'NONE',  ( -7.975728154850102669, 6.063106795708460339, -1.248190534232906490 ) ) ;
#4210 =( NAMED_UNIT ( * ) PLANE_ANGLE_UNIT ( ) SI_UNIT ( $, .RADIAN. ) );
#4211 = DIRECTION ( 'NONE',  ( 0.0000000000000000000, -1.000000000000000000, 0.0000000000000000000 ) ) ;
#4212 = CYLINDRICAL_SURFACE ( 'NONE', #5334, 0.2249999999999999500 ) ;
#4213 = AXIS2_PLACEMENT_3D ( 'NONE', #8222, #3665, #6270 ) ;
#4214 = EDGE_LOOP ( 'NONE', ( #1024, #816, #4783, #6108 ) ) ;
#4215 = EDGE_CURVE ( 'NONE', #2995, #7730, #5793, .T. ) ;
#4216 = ORIENTED_EDGE ( 'NONE', *, *, #3216, .F. ) ;
#4217 = PLANE ( 'NONE',  #5490 ) ;
#4218 = CARTESIAN_POINT ( 'NONE',  ( 0.0000000000000000000, -7.563033244373329467, -92.56798676366527445 ) ) ;
#4219 = DIRECTION ( 'NONE',  ( 1.000000000000000000, 0.0000000000000000000, 0.0000000000000000000 ) ) ;
#4220 = LINE ( 'NONE', #4605, #6344 ) ;
#4221 = CARTESIAN_POINT ( 'NONE',  ( -1.013323155338313963, -4.538245936797078883, -8.299999999999998934 ) ) ;
#4222 = ORIENTED_EDGE ( 'NONE', *, *, #763, .T. ) ;
#4223 = B_SPLINE_CURVE_WITH_KNOTS ( 'NONE', 3,
 ( #1366, #5823, #7033, #3183, #3857, #98, #4462, #667, #5120, #1950, #6415, #6525, #6607, #832 ),
 .UNSPECIFIED., .F., .F.,
 ( 4, 2, 2, 2, 2, 2, 4 ),
 ( -0.0004389025938781304496, -0.0003296854245083450600, -0.0002204682551385596162, -2.033916398993824287E-06, 0.0002164004223405720218, 0.0003256175917103572488, 0.0004348347610801422589 ),
 .UNSPECIFIED. ) ;
#4224 = CARTESIAN_POINT ( 'NONE',  ( 4.000000000000001776, -5.099999999999998757, -1.499999999999999556 ) ) ;
#4225 = EDGE_CURVE ( 'NONE', #5917, #6991, #6762, .T. ) ;
#4226 = CARTESIAN_POINT ( 'NONE',  ( -12.33138056589822895, 5.152280542148473863, 2.049304472498403751 ) ) ;
#4227 = CIRCLE ( 'NONE', #1558, 0.5000000000000004441 ) ;
#4228 = CC_DESIGN_DATE_AND_TIME_ASSIGNMENT ( #7097, #4937, ( #829 ) ) ;
#4229 = CARTESIAN_POINT ( 'NONE',  ( 3.080005782477226006, -3.645691207426494884, 0.9499999999999998446 ) ) ;
#4230 = VERTEX_POINT ( 'NONE', #1830 ) ;
#4231 = ORIENTED_EDGE ( 'NONE', *, *, #7045, .T. ) ;
#4232 = DIRECTION ( 'NONE',  ( 0.0000000000000000000, -1.000000000000000000, 0.0000000000000000000 ) ) ;
#4233 = LINE ( 'NONE', #3917, #2545 ) ;
#4234 = DIRECTION ( 'NONE',  ( -1.000000000000000000, -0.0000000000000000000, -0.0000000000000000000 ) ) ;
#4235 = DIRECTION ( 'NONE',  ( -1.000000000000000000, 2.168404344971008474E-15, -0.0000000000000000000 ) ) ;
#4236 = CARTESIAN_POINT ( 'NONE',  ( -10.90254453544683955, 5.549999999999998934, 6.477342301583089323 ) ) ;
#4237 = ORIENTED_EDGE ( 'NONE', *, *, #3738, .T. ) ;
#4238 = DIRECTION ( 'NONE',  ( 0.01745240643728354635, -1.220770127380827502E-18, 0.9998476951563911586 ) ) ;
#4239 = ORIENTED_EDGE ( 'NONE', *, *, #1227, .T. ) ;
#4240 = EDGE_CURVE ( 'NONE', #5549, #3571, #126, .T. ) ;
#4241 = CIRCLE ( 'NONE', #3050, 4.649999999999999467 ) ;
#4242 = VECTOR ( 'NONE', #6846, 1000.000000000000000 ) ;
#4243 = CARTESIAN_POINT ( 'NONE',  ( 2.315000000000000391, 2.755455298081547551E-17, 0.0000000000000000000 ) ) ;
#4244 = CARTESIAN_POINT ( 'NONE',  ( -12.25328821852242989, -5.192832155409499606, 1.221304398241754186 ) ) ;
#4245 = CARTESIAN_POINT ( 'NONE',  ( 4.500000000000000888, -0.0000000000000000000, -1.000000000000000000 ) ) ;
#4246 = DIRECTION ( 'NONE',  ( 0.001521307388087604108, -0.9961935453064447721, 0.08715564189200575296 ) ) ;
#4247 = ORIENTED_CLOSED_SHELL ( 'NONE', *, #1900, .F. );
#4248 = AXIS2_PLACEMENT_3D ( 'NONE', #4060, #2819, #273 ) ;
#4249 = ORIENTED_EDGE ( 'NONE', *, *, #4010, .T. ) ;
#4250 = ADVANCED_FACE ( 'NONE', ( #4577 ), #6020, .F. ) ;
#4251 = CARTESIAN_POINT ( 'NONE',  ( -11.02730226579392792, 5.605804941551825848, 6.464584644126008861 ) ) ;
#4252 = DIRECTION ( 'NONE',  ( 1.000000000000000000, 0.0000000000000000000, 0.0000000000000000000 ) ) ;
#4253 = ORIENTED_EDGE ( 'NONE', *, *, #5814, .F. ) ;
#4254 = FACE_OUTER_BOUND ( 'NONE', #3932, .T. ) ;
#4255 = CARTESIAN_POINT ( 'NONE',  ( -4.001277141293966721, 6.185714285714285054, -2.983752105345186756 ) ) ;
#4256 = EDGE_CURVE ( 'NONE', #5082, #579, #3385, .T. ) ;
#4257 = DIRECTION ( 'NONE',  ( 1.000000000000000000, 0.0000000000000000000, 0.0000000000000000000 ) ) ;
#4258 = DIRECTION ( 'NONE',  ( 0.0000000000000000000, 0.0000000000000000000, 1.000000000000000000 ) ) ;
#4259 = AXIS2_PLACEMENT_3D ( 'NONE', #1334, #3908, #5058 ) ;
#4260 = VECTOR ( 'NONE', #6382, 1000.000000000000000 ) ;
#4261 = DIRECTION ( 'NONE',  ( 1.668003342285391551E-16, 1.000000000000000000, -4.748103885137817623E-16 ) ) ;
#4262 = AXIS2_PLACEMENT_3D ( 'NONE', #1778, #4933, #4966 ) ;
#4263 = DIRECTION ( 'NONE',  ( 0.01744974916068272458, -0.01744974916067593834, -0.9996954598818875715 ) ) ;
#4264 = EDGE_LOOP ( 'NONE', ( #5685, #4939, #3118 ) ) ;
#4265 = CARTESIAN_POINT ( 'NONE',  ( -8.500000000000000000, -5.900000000090893870, -1.434538370960577902 ) ) ;
#4266 =( BOUNDED_SURFACE ( )  B_SPLINE_SURFACE ( 3, 2, ( 
 ( #6257, #4518, #47 ),
 ( #5085, #642, #1998 ),
 ( #5854, #6469, #4549 ),
 ( #2574, #1336, #3215 ) ),
 .UNSPECIFIED., .F., .F., .F. ) 
 B_SPLINE_SURFACE_WITH_KNOTS ( ( 4, 4 ),
 ( 3, 3 ),
 ( 2.018187625889123371, 2.018193311688963654 ),
 ( 0.0000000000000000000, 1.000000000000000000 ),
 .UNSPECIFIED. ) 
 GEOMETRIC_REPRESENTATION_ITEM ( )  RATIONAL_B_SPLINE_SURFACE ( (
 ( 1.000000000000000000, 0.8463473937642208567, 1.000000000000000000),
 ( 1.000000000000000000, 0.8463478984929800886, 1.000000000000000000),
 ( 1.000000000000000000, 0.8463484032206038954, 1.000000000000000000),
 ( 1.000000000000000000, 0.8463489079470809529, 1.000000000000000000) ) ) 
 REPRESENTATION_ITEM ( '' )  SURFACE ( )  );
#4267 = VECTOR ( 'NONE', #3685, 1000.000000000000000 ) ;
#4268 = APPROVAL_STATUS ( 'not_yet_approved' ) ;
#4269 = ORIENTED_EDGE ( 'NONE', *, *, #1237, .T. ) ;
#4270 = DIRECTION ( 'NONE',  ( 0.0000000000000000000, 0.0000000000000000000, 1.000000000000000000 ) ) ;
#4272 = CARTESIAN_POINT ( 'NONE',  ( 10.90200680405429523, 5.634133462257180369, 6.478870043677106061 ) ) ;
#4271 = COORDINATED_UNIVERSAL_TIME_OFFSET ( 9, 0, .AHEAD. ) ;
#4273 = DIRECTION ( 'NONE',  ( 0.0000000000000000000, -1.000000000000000000, 0.0000000000000000000 ) ) ;
#4274 = LINE ( 'NONE', #870, #5380 ) ;
#4275 = EDGE_CURVE ( 'NONE', #3343, #4981, #5293, .T. ) ;
#4276 = ORIENTED_EDGE ( 'NONE', *, *, #4799, .F. ) ;
#4277 = CC_DESIGN_APPROVAL ( #5528, ( #5094 ) ) ;
#4278 = VERTEX_POINT ( 'NONE', #3205 ) ;
#4279 = DIRECTION ( 'NONE',  ( 1.000000000000000000, 0.0000000000000000000, 0.0000000000000000000 ) ) ;
#4280 = LOCAL_TIME ( 8, 25, 54.00000000000000000, #3187 ) ;
#4281 = VECTOR ( 'NONE', #7423, 1000.000000000000000 ) ;
#4282 = VERTEX_POINT ( 'NONE', #3275 ) ;
#4283 = DIRECTION ( 'NONE',  ( 1.000000000000000000, 0.0000000000000000000, 0.0000000000000000000 ) ) ;
#4284 = CARTESIAN_POINT ( 'NONE',  ( 12.40000000000000391, 5.000000000000000888, 1.853973807744092372 ) ) ;
#4285 = ORIENTED_EDGE ( 'NONE', *, *, #3208, .F. ) ;
#4286 = VERTEX_POINT ( 'NONE', #4536 ) ;
#4287 = ORIENTED_EDGE ( 'NONE', *, *, #6686, .F. ) ;
#4288 = DIRECTION ( 'NONE',  ( 1.000000000000000000, 0.0000000000000000000, 0.0000000000000000000 ) ) ;
#4289 = VECTOR ( 'NONE', #6082, 1000.000000000000000 ) ;
#4290 = PERSON_AND_ORGANIZATION ( #6821, #2012 ) ;
#4291 = ADVANCED_FACE ( 'NONE', ( #6704 ), #3884, .F. ) ;
#4292 = DIRECTION ( 'NONE',  ( 0.0000000000000000000, 0.0000000000000000000, 1.000000000000000000 ) ) ;
#4293 = LINE ( 'NONE', #2912, #5806 ) ;
#4294 = CARTESIAN_POINT ( 'NONE',  ( 12.19996953439122045, -5.200000000000000178, -1.000000000000000000 ) ) ;
#4295 = APPROVAL_STATUS ( 'not_yet_approved' ) ;
#4296 = VERTEX_POINT ( 'NONE', #2649 ) ;
#4297 = EDGE_CURVE ( 'NONE', #6419, #5864, #4078, .T. ) ;
#4298 = CIRCLE ( 'NONE', #1182, 0.1999999999999996503 ) ;
#4299 = ORIENTED_EDGE ( 'NONE', *, *, #3738, .F. ) ;
#4300 = ORIENTED_EDGE ( 'NONE', *, *, #1487, .T. ) ;
#4301 = CARTESIAN_POINT ( 'NONE',  ( -4.731103465819100684, -6.349999999999999645, 0.08258171817798783121 ) ) ;
#4302 = DIRECTION ( 'NONE',  ( 0.0000000000000000000, 0.0000000000000000000, 1.000000000000000000 ) ) ;
#4303 = CARTESIAN_POINT ( 'NONE',  ( 13.00102500000000028, 6.000000000000000000, -3.000000000000000000 ) ) ;
#4304 = FACE_OUTER_BOUND ( 'NONE', #4569, .T. ) ;
#4305 = ORIENTED_EDGE ( 'NONE', *, *, #2716, .F. ) ;
#4306 = EDGE_CURVE ( 'NONE', #3840, #4014, #7535, .T. ) ;
#4307 = DIRECTION ( 'NONE',  ( 1.000000000000000000, 0.0000000000000000000, 0.0000000000000000000 ) ) ;
#4308 = CARTESIAN_POINT ( 'NONE',  ( 10.90200680405406786, -5.634133462290049188, 6.478870043677727786 ) ) ;
#4309 = AXIS2_PLACEMENT_3D ( 'NONE', #1460, #5888, #2063 ) ;
#4310 = CARTESIAN_POINT ( 'NONE',  ( 7.697634805215346709, 6.000000000000000000, -4.000000000000000000 ) ) ;
#4311 = FACE_OUTER_BOUND ( 'NONE', #897, .T. ) ;
#4312 = CIRCLE ( 'NONE', #7268, 0.2000000000000000389 ) ;
#4313 = CARTESIAN_POINT ( 'NONE',  ( -4.630873957282664932, 6.342951251260781298, -1.013013667921719652 ) ) ;
#4314 = AXIS2_PLACEMENT_3D ( 'NONE', #2949, #2864, #993 ) ;
#4315 = FACE_OUTER_BOUND ( 'NONE', #4325, .T. ) ;
#4316 = PLANE ( 'NONE',  #7241 ) ;
#4317 = ORIENTED_EDGE ( 'NONE', *, *, #2652, .F. ) ;
#4318 = DIRECTION ( 'NONE',  ( 1.000000000000000000, -1.734723475976805517E-15, 0.0000000000000000000 ) ) ;
#4319 = CARTESIAN_POINT ( 'NONE',  ( -8.563106795708462116, -5.975728154850140861, -1.248190534232894278 ) ) ;
#4320 = APPLICATION_CONTEXT ( 'configuration controlled 3d designs of mechanical parts and assemblies' ) ;
#4321 = AXIS2_PLACEMENT_3D ( 'NONE', #6612, #2859, #2805 ) ;
#4322 = EDGE_CURVE ( 'NONE', #1064, #6914, #1712, .T. ) ;
#4323 = LINE ( 'NONE', #7952, #5938 ) ;
#4324 = ORIENTED_EDGE ( 'NONE', *, *, #957, .F. ) ;
#4325 = EDGE_LOOP ( 'NONE', ( #3581, #6618, #5002, #3834, #3804, #7436, #635 ) ) ;
#4326 = DIRECTION ( 'NONE',  ( 1.000000000000000000, 0.0000000000000000000, 0.0000000000000000000 ) ) ;
#4327 = DIRECTION ( 'NONE',  ( 1.000000000000000000, 0.0000000000000000000, 0.0000000000000000000 ) ) ;
#4328 = CARTESIAN_POINT ( 'NONE',  ( 10.90200351184693339, 5.637602997552447981, 6.478900684127911980 ) ) ;
#4329 = CARTESIAN_POINT ( 'NONE',  ( -8.148528137423857842, 6.207106781186551459, -0.9999999999999997780 ) ) ;
#4330 = ORIENTED_EDGE ( 'NONE', *, *, #2031, .F. ) ;
#4331 = ADVANCED_FACE ( 'NONE', ( #1514 ), #2395, .T. ) ;
#4332 = CARTESIAN_POINT ( 'NONE',  ( 5.100000000000001421, 6.000000000000003553, -1.499999999999999556 ) ) ;
#4333 = FACE_OUTER_BOUND ( 'NONE', #3408, .T. ) ;
#4334 = VERTEX_POINT ( 'NONE', #7156 ) ;
#4335 = DIRECTION ( 'NONE',  ( 1.000000000000000000, 0.0000000000000000000, 0.0000000000000000000 ) ) ;
#4336 = CARTESIAN_POINT ( 'NONE',  ( -12.90270275423461932, -5.549999999999998934, 1.126108323596650473 ) ) ;
#4337 = EDGE_CURVE ( 'NONE', #7200, #2604, #1807, .T. ) ;
#4338 = ORIENTED_EDGE ( 'NONE', *, *, #3357, .F. ) ;
#4339 = DIRECTION ( 'NONE',  ( 0.3313969516099847246, 0.01646619573978484741, -0.9433477221372130739 ) ) ;
#4340 = CARTESIAN_POINT ( 'NONE',  ( -2.315000000000000391, 0.0000000000000000000, -5.500000000000000000 ) ) ;
#4341 = VECTOR ( 'NONE', #6295, 1000.000000000000000 ) ;
#4342 = VERTEX_POINT ( 'NONE', #2624 ) ;
#4343 = CARTESIAN_POINT ( 'NONE',  ( -8.500000000000010658, -1.638349949533650654E-14, -3.000000000000000000 ) ) ;
#4344 = EDGE_LOOP ( 'NONE', ( #5404, #5898, #2160, #694 ) ) ;
#4345 = CARTESIAN_POINT ( 'NONE',  ( -8.500000000000000000, 6.500000000000004441, -1.000000000000000000 ) ) ;
#4346 = SPHERICAL_SURFACE ( 'NONE', #2353, 0.2000000000000000111 ) ;
#4347 = CARTESIAN_POINT ( 'NONE',  ( -8.928001933057212014, -6.428001933056878947, -1.000000000026820102 ) ) ;
#4348 = CARTESIAN_POINT ( 'NONE',  ( 12.91327220468261672, -5.549999999999998934, 1.103697641126796913 ) ) ;
#4349 = APPROVAL_STATUS ( 'not_yet_approved' ) ;
#4350 = EDGE_CURVE ( 'NONE', #2250, #1617, #3048, .T. ) ;
#4351 = VERTEX_POINT ( 'NONE', #7769 ) ;
#4352 = VERTEX_POINT ( 'NONE', #169 ) ;
#4353 = CIRCLE ( 'NONE', #3946, 0.1999999999999991784 ) ;
#4354 = CARTESIAN_POINT ( 'NONE',  ( -3.501277141293968054, -6.185714285714285943, -2.983752105345187644 ) ) ;
#4355 = CARTESIAN_POINT ( 'NONE',  ( -12.91397716612078206, 5.728723333559692321, 1.063310427383304058 ) ) ;
#4356 = EDGE_CURVE ( 'NONE', #1812, #1617, #3758, .T. ) ;
#4357 = PLANE ( 'NONE',  #73 ) ;
#4358 = AXIS2_PLACEMENT_3D ( 'NONE', #4359, #3661, #1169 ) ;
#4359 = CARTESIAN_POINT ( 'NONE',  ( 3.822467902723103439, -2.903229087180623225, 0.0000000000000000000 ) ) ;
#4360 = EDGE_CURVE ( 'NONE', #2750, #7122, #4677, .T. ) ;
#4361 = CARTESIAN_POINT ( 'NONE',  ( -11.06882430048114863, 5.637602997552447981, 6.346388877235658477 ) ) ;
#4362 = ORIENTED_EDGE ( 'NONE', *, *, #4160, .T. ) ;
#4363 = CARTESIAN_POINT ( 'NONE',  ( -4.368728049125708779, -6.192726625728598222, -1.100166593084857203 ) ) ;
#4364 = DATE_AND_TIME ( #5582, #2181 ) ;
#4365 = TOROIDAL_SURFACE ( 'NONE', #1546, 90.00330277587156047, 0.2000000000000000111 ) ;
#4366 = ADVANCED_FACE ( 'NONE', ( #3584 ), #3361, .F. ) ;
#4367 = DIRECTION ( 'NONE',  ( 0.0000000000000000000, 1.000000000000000000, 0.0000000000000000000 ) ) ;
#4368 = ORIENTED_EDGE ( 'NONE', *, *, #6824, .T. ) ;
#4369 = DIRECTION ( 'NONE',  ( 0.0000000000000000000, 1.000000000000000000, 0.0000000000000000000 ) ) ;
#4370 = EDGE_CURVE ( 'NONE', #732, #4773, #2796, .T. ) ;
#4371 = CARTESIAN_POINT ( 'NONE',  ( -8.500000000000000000, 6.149999999999997691, -1.000000000000000888 ) ) ;
#4372 = EDGE_LOOP ( 'NONE', ( #1529, #5513, #4305, #6826 ) ) ;
#4373 = CARTESIAN_POINT ( 'NONE',  ( -12.75008373404051376, -5.964768979541982041, -1.003488355628012085 ) ) ;
#4374 = APPROVAL_ROLE ( '' ) ;
#4375 = DATE_AND_TIME ( #2788, #7195 ) ;
#4376 = CYLINDRICAL_SURFACE ( 'NONE', #170, 0.2500000000000002220 ) ;
#4377 = ORIENTED_EDGE ( 'NONE', *, *, #1739, .T. ) ;
#4378 = ORIENTED_EDGE ( 'NONE', *, *, #441, .T. ) ;
#4379 = ORIENTED_EDGE ( 'NONE', *, *, #6849, .F. ) ;
#4380 = ORIENTED_EDGE ( 'NONE', *, *, #3712, .T. ) ;
#4381 = DIRECTION ( 'NONE',  ( 0.0000000000000000000, 0.0000000000000000000, 1.000000000000000000 ) ) ;
#4382 = CARTESIAN_POINT ( 'NONE',  ( -0.9854613058983809903, -4.424293446385071604, -8.909973917545851663 ) ) ;
#4383 = CARTESIAN_POINT ( 'NONE',  ( 1.014477084804754181, -4.542965623815417686, -8.978258224888650219 ) ) ;
#4384 = FACE_OUTER_BOUND ( 'NONE', #366, .T. ) ;
#4385 = DIRECTION ( 'NONE',  ( 0.0000000000000000000, -1.000000000000000000, 0.0000000000000000000 ) ) ;
#4386 = EDGE_CURVE ( 'NONE', #6222, #94, #4980, .T. ) ;
#4387 = LOCAL_TIME ( 8, 25, 54.00000000000000000, #1522 ) ;
#4388 = VECTOR ( 'NONE', #7950, 1000.000000000000000 ) ;
#4389 = ORIENTED_EDGE ( 'NONE', *, *, #6033, .F. ) ;
#4390 = APPROVAL ( #7461, 'UNSPECIFIED' ) ;
#4391 = ORIENTED_EDGE ( 'NONE', *, *, #1592, .T. ) ;
#4392 = CARTESIAN_POINT ( 'NONE',  ( 4.792893218813452982, 6.148528137423861395, -1.000000000000000222 ) ) ;
#4393 = ORIENTED_EDGE ( 'NONE', *, *, #7571, .T. ) ;
#4394 = VECTOR ( 'NONE', #2905, 1000.000000000000000 ) ;
#4395 = DIRECTION ( 'NONE',  ( 0.1093716925545416829, 0.0000000000000000000, 0.9940009219652438111 ) ) ;
#4396 = VECTOR ( 'NONE', #5451, 999.9999999999998863 ) ;
#4397 = ORIENTED_EDGE ( 'NONE', *, *, #2983, .T. ) ;
#4398 = ORIENTED_EDGE ( 'NONE', *, *, #5468, .T. ) ;
#4399 = CARTESIAN_POINT ( 'NONE',  ( -4.486986328219746412, -5.915616406136319227, -1.369126033402007003 ) ) ;
#4400 = FACE_OUTER_BOUND ( 'NONE', #1923, .T. ) ;
#4401 = ORIENTED_EDGE ( 'NONE', *, *, #2896, .T. ) ;
#4402 = CARTESIAN_POINT ( 'NONE',  ( -13.00000000000000000, 5.549999999999998934, -1.000000000000000000 ) ) ;
#4403 = EDGE_CURVE ( 'NONE', #3711, #6802, #7932, .T. ) ;
#4404 = CARTESIAN_POINT ( 'NONE',  ( -10.90254453544682889, -5.549999999999998934, 6.477342301583102646 ) ) ;
#4405 = DIRECTION ( 'NONE',  ( -0.0000000000000000000, 0.0000000000000000000, -1.000000000000000000 ) ) ;
#4406 = EDGE_LOOP ( 'NONE', ( #6064, #1300, #5772, #1897 ) ) ;
#4407 = DIRECTION ( 'NONE',  ( 1.000000000000000000, 0.0000000000000000000, 0.0000000000000000000 ) ) ;
#4408 = VECTOR ( 'NONE', #896, 1000.000000000000000 ) ;
#4409 = ORIENTED_EDGE ( 'NONE', *, *, #1069, .F. ) ;
#4410 = AXIS2_PLACEMENT_3D ( 'NONE', #400, #6733, #7378 ) ;
#4411 = CARTESIAN_POINT ( 'NONE',  ( -5.285291909932016807, 6.000000000000000000, -3.021872165881479333 ) ) ;
#4412 = CARTESIAN_POINT ( 'NONE',  ( -7.900000000000000355, 6.000000000000003553, -1.499999999999999556 ) ) ;
#4413 = EDGE_CURVE ( 'NONE', #4205, #3245, #34, .T. ) ;
#4414 = CIRCLE ( 'NONE', #6630, 0.1000000000000002554 ) ;
#4415 = ADVANCED_FACE ( 'NONE', ( #2194 ), #3188, .F. ) ;
#4416 = DIRECTION ( 'NONE',  ( 1.000000000000000000, -4.336808689942018722E-16, 0.0000000000000000000 ) ) ;
#4417 = ORIENTED_EDGE ( 'NONE', *, *, #3544, .F. ) ;
#4418 = LINE ( 'NONE', #991, #5330 ) ;
#4419 = ORIENTED_EDGE ( 'NONE', *, *, #5141, .T. ) ;
#4420 = ADVANCED_FACE ( 'NONE', ( #1309 ), #7726, .T. ) ;
#4421 = CARTESIAN_POINT ( 'NONE',  ( -4.436893204291543213, -5.975728154850140861, -1.248190534232901605 ) ) ;
#4422 = CARTESIAN_POINT ( 'NONE',  ( 13.00102500000000028, -6.000000000000000000, -3.000000000000000000 ) ) ;
#4423 = CARTESIAN_POINT ( 'NONE',  ( 10.90200680405427391, -5.634133462257186586, 6.478870043677135371 ) ) ;
#4424 = CARTESIAN_POINT ( 'NONE',  ( 0.0000000000000000000, 0.0000000000000000000, -92.70000000000000284 ) ) ;
#4425 = VECTOR ( 'NONE', #391, 1000.000000000000000 ) ;
#4426 = ORIENTED_EDGE ( 'NONE', *, *, #1592, .F. ) ;
#4427 = CARTESIAN_POINT ( 'NONE',  ( -1.084334294628967132, 4.521902055790078201, -8.963204230150633833 ) ) ;
#4428 = PERSON_AND_ORGANIZATION_ROLE ( 'classification_officer' ) ;
#4429 = AXIS2_PLACEMENT_3D ( 'NONE', #7430, #1020, #4818 ) ;
#4430 = ORIENTED_EDGE ( 'NONE', *, *, #1552, .F. ) ;
#4431 = EDGE_CURVE ( 'NONE', #7820, #6866, #1099, .T. ) ;
#4432 = CIRCLE ( 'NONE', #431, 0.5000000000000008882 ) ;
#4433 = ORIENTED_EDGE ( 'NONE', *, *, #4512, .F. ) ;
#4434 = CARTESIAN_POINT ( 'NONE',  ( -0.9670825103862824568, -4.348738801772191742, -8.498647527761375997 ) ) ;
#4435 = CARTESIAN_POINT ( 'NONE',  ( 12.79999999999999005, 6.000000000000000000, -3.000000000000000000 ) ) ;
#4436 = DIRECTION ( 'NONE',  ( -0.0000000000000000000, -0.0000000000000000000, -1.000000000000000000 ) ) ;
#4437 = DIRECTION ( 'NONE',  ( -0.01744974916067617426, 0.01744974916067594181, 0.9996954598818877935 ) ) ;
#4438 = VERTEX_POINT ( 'NONE', #6002 ) ;
#4439 = FACE_OUTER_BOUND ( 'NONE', #1044, .T. ) ;
#4440 = CIRCLE ( 'NONE', #4574, 0.2000000000000002054 ) ;
#4441 = CARTESIAN_POINT ( 'NONE',  ( 1.154111411849588542, 4.307202426617681823, -8.774066208871726502 ) ) ;
#4442 = DIRECTION ( 'NONE',  ( 1.000000000000000000, 0.0000000000000000000, 0.0000000000000000000 ) ) ;
#4443 = ORIENTED_EDGE ( 'NONE', *, *, #1757, .T. ) ;
#4444 = ORIENTED_EDGE ( 'NONE', *, *, #4642, .F. ) ;
#4445 = CARTESIAN_POINT ( 'NONE',  ( 0.0000000000000000000, 0.0000000000000000000, -9.299999999999998934 ) ) ;
#4446 = EDGE_LOOP ( 'NONE', ( #6099, #6466, #6909, #7082, #3733, #2712, #4480, #6706, #6303, #1810, #850, #6435, #2579, #676, #1332, #4700, #8188, #6520, #4443 ) ) ;
#4447 = LINE ( 'NONE', #5691, #1076 ) ;
#4448 = CARTESIAN_POINT ( 'NONE',  ( -4.145541871230490116, -6.354458128769508996, -1.016452607790664819 ) ) ;
#4449 = EDGE_CURVE ( 'NONE', #402, #7820, #108, .T. ) ;
#4450 = ADVANCED_FACE ( 'NONE', ( #5785 ), #2708, .T. ) ;
#4451 = DIRECTION ( 'NONE',  ( -0.9939991105900839452, -0.001909086515899255983, -0.1093714932457127975 ) ) ;
#4452 = CARTESIAN_POINT ( 'NONE',  ( 0.9850620185950632601, -4.422649562967295722, -8.368691327002995450 ) ) ;
#4453 = CARTESIAN_POINT ( 'NONE',  ( -8.500000000000000000, -5.100000000000000533, -3.000000000000000000 ) ) ;
#4454 = EDGE_CURVE ( 'NONE', #5103, #3990, #4274, .T. ) ;
#4455 = CARTESIAN_POINT ( 'NONE',  ( -1.165222568905546874, 4.501662098138929480, -8.388631189007860200 ) ) ;
#4456 = CIRCLE ( 'NONE', #6857, 99.84586871773915107 ) ;
#4457 = EDGE_CURVE ( 'NONE', #2889, #6417, #7509, .T. ) ;
#4458 = ORIENTED_EDGE ( 'NONE', *, *, #3347, .F. ) ;
#4459 = ADVANCED_FACE ( 'NONE', ( #3276, #7922 ), #7612, .F. ) ;
#4460 = CARTESIAN_POINT ( 'NONE',  ( -7.750000000000000000, 6.000000000000000000, -1.000000000000000000 ) ) ;
#4461 = CARTESIAN_POINT ( 'NONE',  ( 3.323401871576757927, -3.889087296526028581, 0.9499999999999998446 ) ) ;
#4462 = CARTESIAN_POINT ( 'NONE',  ( 1.203504633341323071, 4.491556144314997390, -8.562544938126388061 ) ) ;
#4463 = AXIS2_PLACEMENT_3D ( 'NONE', #806, #3941, #1435 ) ;
#4464 = CARTESIAN_POINT ( 'NONE',  ( -5.500000000000000000, 0.0000000000000000000, -9.299999999999998934 ) ) ;
#4465 = DIRECTION ( 'NONE',  ( 0.0000000000000000000, 1.000000000000000000, 0.0000000000000000000 ) ) ;
#4466 =( GEOMETRIC_REPRESENTATION_CONTEXT ( 3 ) GLOBAL_UNCERTAINTY_ASSIGNED_CONTEXT ( ( #2581 ) ) GLOBAL_UNIT_ASSIGNED_CONTEXT ( ( #8041, #4210, #1643 ) ) REPRESENTATION_CONTEXT ( 'NONE', 'WORKASPACE' ) );
#4467 = ORIENTED_EDGE ( 'NONE', *, *, #555, .T. ) ;
#4468 = COORDINATED_UNIVERSAL_TIME_OFFSET ( 9, 0, .AHEAD. ) ;
#4469 = LINE ( 'NONE', #6763, #1992 ) ;
#4470 = PLANE ( 'NONE',  #3724 ) ;
#4471 = PLANE ( 'NONE',  #6260 ) ;
#4472 = DIRECTION ( 'NONE',  ( -0.3313969516099847801, -0.01646619573978484741, -0.9433477221372130739 ) ) ;
#4473 = VERTEX_POINT ( 'NONE', #2789 ) ;
#4474 = ORIENTED_EDGE ( 'NONE', *, *, #7102, .T. ) ;
#4475 = CARTESIAN_POINT ( 'NONE',  ( -8.000000000000000000, 5.100000000000003197, -2.500000000000000000 ) ) ;
#4476 = APPROVAL_DATE_TIME ( #5186, #1251 ) ;
#4477 = CARTESIAN_POINT ( 'NONE',  ( 4.223446998150033771, 6.649999999999997691, -2.943132368708154534 ) ) ;
#4478 = AXIS2_PLACEMENT_3D ( 'NONE', #965, #3407, #4711 ) ;
#4479 = CARTESIAN_POINT ( 'NONE',  ( 0.0000000000000000000, 0.0000000000000000000, 0.9499999999999998446 ) ) ;
#4480 = ORIENTED_EDGE ( 'NONE', *, *, #6371, .T. ) ;
#4481 = EDGE_CURVE ( 'NONE', #4558, #5573, #1705, .T. ) ;
#4482 = DIRECTION ( 'NONE',  ( 1.445602896647339163E-16, -1.000000000000000000, 0.0000000000000000000 ) ) ;
#4483 = DIRECTION ( 'NONE',  ( -0.01234165475093677682, -0.7070529271412462347, 0.7070529271412462347 ) ) ;
#4484 = EDGE_LOOP ( 'NONE', ( #3181, #3167, #5689, #6208 ) ) ;
#4485 = ORIENTED_EDGE ( 'NONE', *, *, #2443, .T. ) ;
#4486 = DIRECTION ( 'NONE',  ( 1.000000000000000000, 0.0000000000000000000, 0.0000000000000000000 ) ) ;
#4487 = EDGE_LOOP ( 'NONE', ( #7607, #1095, #223, #378 ) ) ;
#4488 = VECTOR ( 'NONE', #1371, 1000.000000000000114 ) ;
#4489 = LINE ( 'NONE', #2876, #1423 ) ;
#4490 = ORIENTED_EDGE ( 'NONE', *, *, #8077, .T. ) ;
#4491 = CARTESIAN_POINT ( 'NONE',  ( 8.928001933057224448, -6.428001933056795458, -1.000000000026771252 ) ) ;
#4492 = CARTESIAN_POINT ( 'NONE',  ( 3.889087296525995718, -3.323401871576789901, 0.0000000000000000000 ) ) ;
#4493 = VERTEX_POINT ( 'NONE', #7910 ) ;
#4494 = EDGE_CURVE ( 'NONE', #1007, #2426, #7714, .T. ) ;
#4495 = ADVANCED_FACE ( 'NONE', ( #518 ), #7291, .T. ) ;
#4496 = PRODUCT_DEFINITION_SHAPE ( 'NONE', 'NONE',  #8298 ) ;
#4497 = CARTESIAN_POINT ( 'NONE',  ( -13.00000000000000000, -6.250000000000015987, -3.000000000000000000 ) ) ;
#4498 = DIRECTION ( 'NONE',  ( 0.0000000000000000000, -1.000000000000000000, 0.0000000000000000000 ) ) ;
#4499 = DIRECTION ( 'NONE',  ( 0.0000000000000000000, 0.0000000000000000000, 1.000000000000000000 ) ) ;
#4500 = ORIENTED_EDGE ( 'NONE', *, *, #1793, .F. ) ;
#4501 = ORIENTED_EDGE ( 'NONE', *, *, #5460, .T. ) ;
#4502 = DIRECTION ( 'NONE',  ( 0.0000000000000000000, 0.0000000000000000000, 1.000000000000000000 ) ) ;
#4503 = VECTOR ( 'NONE', #1370, 1000.000000000000000 ) ;
#4504 = ORIENTED_EDGE ( 'NONE', *, *, #5224, .T. ) ;
#4505 = CARTESIAN_POINT ( 'NONE',  ( -5.000000000000000888, 6.000000000000003553, -1.499999999999999556 ) ) ;
#4506 = CARTESIAN_POINT ( 'NONE',  ( 4.000000000000000000, -6.500000000000002665, -0.9999999999999993339 ) ) ;
#4507 = CARTESIAN_POINT ( 'NONE',  ( 0.0000000000000000000, 0.0000000000000000000, -8.975499814951863442 ) ) ;
#4508 = ADVANCED_FACE ( 'NONE', ( #3577 ), #2583, .T. ) ;
#4509 = FACE_OUTER_BOUND ( 'NONE', #5624, .T. ) ;
#4510 = CARTESIAN_POINT ( 'NONE',  ( -0.2249999999999990619, 2.540000000000000036, -5.500000000000000000 ) ) ;
#4511 = ORIENTED_EDGE ( 'NONE', *, *, #2909, .T. ) ;
#4512 = EDGE_CURVE ( 'NONE', #7781, #4031, #1094, .T. ) ;
#4513 = CARTESIAN_POINT ( 'NONE',  ( -1.050012575614239552, 4.530053732223036533, -8.299999999997210054 ) ) ;
#4514 = AXIS2_PLACEMENT_3D ( 'NONE', #5048, #6328, #3729 ) ;
#4515 = LINE ( 'NONE', #1028, #6434 ) ;
#4516 = ORIENTED_EDGE ( 'NONE', *, *, #1599, .F. ) ;
#4517 = CARTESIAN_POINT ( 'NONE',  ( -7.750000000000000000, -5.700000000000001954, -4.000000000000000000 ) ) ;
#4518 = CARTESIAN_POINT ( 'NONE',  ( -11.02711479958334984, -5.635181165674599590, 6.465118281571675674 ) ) ;
#4519 =( BOUNDED_CURVE ( )  B_SPLINE_CURVE ( 3, ( #551, #5713, #6935, #1922 ),
 .UNSPECIFIED., .F., .F. ) 
 B_SPLINE_CURVE_WITH_KNOTS ( ( 4, 4 ),
 ( 0.0000000000000000000, 1.499306876909372699 ),
 .UNSPECIFIED. ) 
 CURVE ( )  GEOMETRIC_REPRESENTATION_ITEM ( )  RATIONAL_B_SPLINE_CURVE ( ( 1.000000000000000000, 0.8212833698076007494, 0.8212833698076007494, 1.000000000000000000 ) ) 
 REPRESENTATION_ITEM ( '' )  );
#4520 = CARTESIAN_POINT ( 'NONE',  ( 4.549999999999999822, 5.572142936120456341E-16, 0.0000000000000000000 ) ) ;
#4521 = EDGE_CURVE ( 'NONE', #3840, #2130, #995, .T. ) ;
#4522 = CARTESIAN_POINT ( 'NONE',  ( 1.213498283935100286, 4.528837250543428894, -8.770371847717358449 ) ) ;
#4523 = DIRECTION ( 'NONE',  ( 0.3314418875039929491, 0.0000000000000000000, -0.9434756357255815740 ) ) ;
#4524 = VECTOR ( 'NONE', #6606, 1000.000000000000000 ) ;
#4525 = ORIENTED_EDGE ( 'NONE', *, *, #660, .T. ) ;
#4526 = CARTESIAN_POINT ( 'NONE',  ( 8.499999999999998224, -6.000000000000002665, -1.499999999999999778 ) ) ;
#4527 = AXIS2_PLACEMENT_3D ( 'NONE', #4091, #4755, #1580 ) ;
#4528 = CARTESIAN_POINT ( 'NONE',  ( -0.9851174912042142129, 4.422876462278600762, -8.906943319295850259 ) ) ;
#4529 = EDGE_LOOP ( 'NONE', ( #5112, #3013, #4737, #2860 ) ) ;
#4530 = CARTESIAN_POINT ( 'NONE',  ( 10.85302017205040315, 0.0000000000000000000, 6.508124431142555899 ) ) ;
#4531 = AXIS2_PLACEMENT_3D ( 'NONE', #880, #7892, #6551 ) ;
#4532 = CARTESIAN_POINT ( 'NONE',  ( -12.91347408644423389, -5.728220253883143265, 1.092131842750058812 ) ) ;
#4533 = DIRECTION ( 'NONE',  ( 0.0000000000000000000, -1.000000000000000000, -0.0000000000000000000 ) ) ;
#4534 = VECTOR ( 'NONE', #4157, 1000.000000000000000 ) ;
#4535 = EDGE_LOOP ( 'NONE', ( #3199, #121, #5324, #375, #1085, #5049, #3633, #3642 ) ) ;
#4536 = CARTESIAN_POINT ( 'NONE',  ( 3.501277141293968054, -6.185714285714285943, -2.983752105345186756 ) ) ;
#4537 = ORIENTED_EDGE ( 'NONE', *, *, #2956, .F. ) ;
#4538 = CARTESIAN_POINT ( 'NONE',  ( -13.00000000000000000, 6.000000000000000000, -3.000000000000000000 ) ) ;
#4539 = CARTESIAN_POINT ( 'NONE',  ( 4.000000000000001776, -6.650000000000002132, -1.000000000000000000 ) ) ;
#4540 = CIRCLE ( 'NONE', #4778, 99.46350510663008038 ) ;
#4541 = CARTESIAN_POINT ( 'NONE',  ( 3.301787997811554742, -6.000000000000000000, -3.000000000000000000 ) ) ;
#4542 = ORIENTED_EDGE ( 'NONE', *, *, #8054, .F. ) ;
#4543 = VERTEX_POINT ( 'NONE', #7327 ) ;
#4544 = EDGE_CURVE ( 'NONE', #1812, #1633, #3977, .T. ) ;
#4545 = ORIENTED_EDGE ( 'NONE', *, *, #6176, .F. ) ;
#4546 = CC_DESIGN_APPROVAL ( #151, ( #4117 ) ) ;
#4547 = ADVANCED_FACE ( 'NONE', ( #894 ), #1709, .T. ) ;
#4548 = CYLINDRICAL_SURFACE ( 'NONE', #351, 0.5000000000000004441 ) ;
#4549 = CARTESIAN_POINT ( 'NONE',  ( -11.06919905769015600, -5.578850547579812691, 6.345322101099831080 ) ) ;
#4550 = DIRECTION ( 'NONE',  ( -0.0000000000000000000, -0.0000000000000000000, -1.000000000000000000 ) ) ;
#4551 = ADVANCED_FACE ( 'NONE', ( #7197 ), #2387, .T. ) ;
#4552 = DIRECTION ( 'NONE',  ( 1.000000000000000000, 0.0000000000000000000, 0.0000000000000000000 ) ) ;
#4553 = DIRECTION ( 'NONE',  ( 1.000000000000000000, 0.0000000000000000000, -0.0000000000000000000 ) ) ;
#4554 = VECTOR ( 'NONE', #2217, 1000.000000000000114 ) ;
#4555 = CARTESIAN_POINT ( 'NONE',  ( 5.285291909932015919, 6.000000000000000000, -3.021872165881479333 ) ) ;
#4556 = CARTESIAN_POINT ( 'NONE',  ( -13.00000000000000000, -6.000000000000000000, -1.000000000000000000 ) ) ;
#4557 = CARTESIAN_POINT ( 'NONE',  ( 4.455305366464680006, -6.044694633535324435, -1.282502095618271554 ) ) ;
#4558 = VERTEX_POINT ( 'NONE', #323 ) ;
#4559 = DIRECTION ( 'NONE',  ( 1.000000000000000000, 0.0000000000000000000, 0.0000000000000000000 ) ) ;
#4560 = VECTOR ( 'NONE', #6625, 1000.000000000000000 ) ;
#4561 = EDGE_CURVE ( 'NONE', #1866, #2889, #22, .T. ) ;
#4562 = CARTESIAN_POINT ( 'NONE',  ( 7.900000000000000355, 6.000000000000004441, -1.500000000000000444 ) ) ;
#4563 = CARTESIAN_POINT ( 'NONE',  ( -12.94999238359780946, 5.764738551036723280, -1.000000000000000000 ) ) ;
#4564 = EDGE_CURVE ( 'NONE', #6820, #2626, #5484, .T. ) ;
#4565 = ORIENTED_EDGE ( 'NONE', *, *, #2814, .F. ) ;
#4566 = DIRECTION ( 'NONE',  ( 0.0000000000000000000, 0.0000000000000000000, 1.000000000000000000 ) ) ;
#4567 = VECTOR ( 'NONE', #6645, 1000.000000000000000 ) ;
#4568 = EDGE_CURVE ( 'NONE', #4964, #6222, #5583, .T. ) ;
#4569 = EDGE_LOOP ( 'NONE', ( #3363, #2095, #3124, #646 ) ) ;
#4570 = ORIENTED_EDGE ( 'NONE', *, *, #1135, .T. ) ;
#4571 = CARTESIAN_POINT ( 'NONE',  ( 8.506271569140144706, -6.006271569140110955, -1.396395287217391923 ) ) ;
#4572 = CARTESIAN_POINT ( 'NONE',  ( 0.0000000000000000000, 0.0000000000000000000, -3.000000000000000000 ) ) ;
#4573 = DIRECTION ( 'NONE',  ( -0.9434756357255814629, 0.0000000000000000000, 0.3314418875039931711 ) ) ;
#4574 = AXIS2_PLACEMENT_3D ( 'NONE', #2498, #6982, #6583 ) ;
#4575 = COORDINATED_UNIVERSAL_TIME_OFFSET ( 9, 0, .AHEAD. ) ;
#4576 = CARTESIAN_POINT ( 'NONE',  ( 9.000000000000001776, -6.650000000000001243, -1.000000000000000000 ) ) ;
#4577 = FACE_OUTER_BOUND ( 'NONE', #4792, .T. ) ;
#4578 = CARTESIAN_POINT ( 'NONE',  ( -10.90254453544683955, 5.549999999999998934, 6.477342301583089323 ) ) ;
#4579 = CARTESIAN_POINT ( 'NONE',  ( -1.173449116414155169, 4.379371722554370017, -8.370124129690600157 ) ) ;
#4580 = ORIENTED_EDGE ( 'NONE', *, *, #2148, .F. ) ;
#4581 = EDGE_LOOP ( 'NONE', ( #5799, #3972, #5471, #1147, #7550, #4082, #1843, #6901 ) ) ;
#4582 = CARTESIAN_POINT ( 'NONE',  ( -12.78538012481310382, 5.800095831283290870, -3.029107709982121310 ) ) ;
#4583 = VERTEX_POINT ( 'NONE', #1684 ) ;
#4584 = VECTOR ( 'NONE', #6673, 1000.000000000000000 ) ;
#4585 = DIRECTION ( 'NONE',  ( -1.927470528863115795E-15, -1.000000000000000000, 0.0000000000000000000 ) ) ;
#4587 = CARTESIAN_POINT ( 'NONE',  ( -12.71400762708950261, -5.728723333559693209, 1.059819946095853060 ) ) ;
#4586 = COORDINATED_UNIVERSAL_TIME_OFFSET ( 9, 0, .AHEAD. ) ;
#4588 = CARTESIAN_POINT ( 'NONE',  ( 4.784910129856434935, -6.249999999999998224, -3.000000000000000000 ) ) ;
#4589 = CIRCLE ( 'NONE', #7678, 0.2000000000000005107 ) ;
#4590 = VERTEX_POINT ( 'NONE', #404 ) ;
#4591 = EDGE_CURVE ( 'NONE', #6677, #3245, #3875, .T. ) ;
#4592 = ORIENTED_EDGE ( 'NONE', *, *, #6843, .F. ) ;
#4593 = ADVANCED_FACE ( 'NONE', ( #615 ), #6062, .F. ) ;
#4594 = AXIS2_PLACEMENT_3D ( 'NONE', #3014, #4925, #6793 ) ;
#4595 = LINE ( 'NONE', #4868, #2910 ) ;
#4596 = CARTESIAN_POINT ( 'NONE',  ( 7.900000000090891206, 6.000000000000004441, -1.434538370960579901 ) ) ;
#4597 = PLANE ( 'NONE',  #2818 ) ;
#4598 = EDGE_CURVE ( 'NONE', #6419, #2786, #7092, .T. ) ;
#4599 = VECTOR ( 'NONE', #6581, 1000.000000000000000 ) ;
#4600 = VECTOR ( 'NONE', #7712, 1000.000000000000000 ) ;
#4601 = ORIENTED_EDGE ( 'NONE', *, *, #221, .F. ) ;
#4602 = ORIENTED_EDGE ( 'NONE', *, *, #1542, .F. ) ;
#4603 = LINE ( 'NONE', #4163, #5918 ) ;
#4604 = ORIENTED_EDGE ( 'NONE', *, *, #7494, .T. ) ;
#4605 = CARTESIAN_POINT ( 'NONE',  ( 4.001277141293966721, 6.185714285714285054, -9.035105632878352111 ) ) ;
#4606 = EDGE_CURVE ( 'NONE', #2913, #2640, #698, .T. ) ;
#4607 = DIRECTION ( 'NONE',  ( 1.367044011388619024E-16, -1.000000000000000000, 3.891399265864331642E-16 ) ) ;
#4608 = VECTOR ( 'NONE', #7079, 1000.000000000000114 ) ;
#4609 = CARTESIAN_POINT ( 'NONE',  ( -4.000000000000001776, -6.150000000000002132, -9.035105632878352111 ) ) ;
#4610 = ORIENTED_EDGE ( 'NONE', *, *, #1089, .F. ) ;
#4611 = CARTESIAN_POINT ( 'NONE',  ( 0.0000000000000000000, 0.0000000000000000000, 0.7199999999999999734 ) ) ;
#4612 = CARTESIAN_POINT ( 'NONE',  ( 11.14999999999999680, -6.000000000000000000, -2.000000000000000000 ) ) ;
#4613 = DIRECTION ( 'NONE',  ( -0.3312872439521293844, 0.03054404459231326724, -0.9430354305828307915 ) ) ;
#4614 = LINE ( 'NONE', #8289, #3920 ) ;
#4615 = CARTESIAN_POINT ( 'NONE',  ( 4.333763965510019744, -6.166236034489902984, -1.120744521546754413 ) ) ;
#4616 = ORIENTED_EDGE ( 'NONE', *, *, #5977, .F. ) ;
#4617 = ORIENTED_EDGE ( 'NONE', *, *, #2170, .T. ) ;
#4618 = DIRECTION ( 'NONE',  ( 2.168404344971008474E-15, -1.000000000000000000, -0.0000000000000000000 ) ) ;
#4619 = EDGE_CURVE ( 'NONE', #531, #4824, #4469, .T. ) ;
#4620 = VECTOR ( 'NONE', #7979, 1000.000000000000000 ) ;
#4621 = ORIENTED_EDGE ( 'NONE', *, *, #1809, .F. ) ;
#4622 = CARTESIAN_POINT ( 'NONE',  ( 8.500000000000000000, -5.100000000000004086, -2.500000000000000000 ) ) ;
#4623 = CARTESIAN_POINT ( 'NONE',  ( 2.540000000000000036, 0.0000000000000000000, -5.500000000000000000 ) ) ;
#4624 =( BOUNDED_CURVE ( )  B_SPLINE_CURVE ( 3, ( #1385, #7739, #3925, #7152 ),
 .UNSPECIFIED., .F., .F. ) 
 B_SPLINE_CURVE_WITH_KNOTS ( ( 4, 4 ),
 ( 8.673617379884016737E-16, 1.570796326794895004 ),
 .UNSPECIFIED. ) 
 CURVE ( )  GEOMETRIC_REPRESENTATION_ITEM ( )  RATIONAL_B_SPLINE_CURVE ( ( 1.000000000000000000, 0.8047378541243654926, 0.8047378541243654926, 1.000000000000000000 ) ) 
 REPRESENTATION_ITEM ( '' )  );
#4625 = LINE ( 'NONE', #5449, #1655 ) ;
#4626 = ADVANCED_FACE ( 'NONE', ( #7824 ), #4376, .T. ) ;
#4627 = ORIENTED_EDGE ( 'NONE', *, *, #769, .F. ) ;
#4628 = CARTESIAN_POINT ( 'NONE',  ( 12.71400762708950261, -5.728723333559693209, 1.059819946095853282 ) ) ;
#4629 = CARTESIAN_POINT ( 'NONE',  ( 11.06901167911465222, 5.608226752542851301, 6.345855489085176160 ) ) ;
#4630 = EDGE_CURVE ( 'NONE', #4663, #6247, #1198, .T. ) ;
#4631 = ADVANCED_FACE ( 'NONE', ( #3376 ), #4471, .F. ) ;
#4632 = DESIGN_CONTEXT ( 'detailed design', #4320, 'design' ) ;
#4633 = DIRECTION ( 'NONE',  ( 0.0000000000000000000, -0.0000000000000000000, -1.000000000000000000 ) ) ;
#4634 = CARTESIAN_POINT ( 'NONE',  ( -1.203686644847457465, 4.492219714962814692, -8.705517733498687960 ) ) ;
#4635 = ORIENTED_EDGE ( 'NONE', *, *, #8049, .T. ) ;
#4636 = LINE ( 'NONE', #6532, #2952 ) ;
#4637 = LINE ( 'NONE', #2382, #4534 ) ;
#4638 = ORIENTED_EDGE ( 'NONE', *, *, #2308, .F. ) ;
#4639 = DIRECTION ( 'NONE',  ( -1.000000000000000000, 0.0000000000000000000, 0.0000000000000000000 ) ) ;
#4640 = DIRECTION ( 'NONE',  ( 0.0000000000000000000, 0.0000000000000000000, 1.000000000000000000 ) ) ;
#4641 = ORIENTED_EDGE ( 'NONE', *, *, #3031, .F. ) ;
#4642 = EDGE_CURVE ( 'NONE', #4767, #6130, #2691, .T. ) ;
#4643 = FACE_OUTER_BOUND ( 'NONE', #2152, .T. ) ;
#4644 = DIRECTION ( 'NONE',  ( -0.0000000000000000000, -0.0000000000000000000, -1.000000000000000000 ) ) ;
#4645 = CYLINDRICAL_SURFACE ( 'NONE', #748, 0.1999999999999991784 ) ;
#4646 = B_SPLINE_CURVE_WITH_KNOTS ( 'NONE', 3,
 ( #3141, #2449, #3305, #2013 ),
 .UNSPECIFIED., .F., .F.,
 ( 4, 4 ),
 ( 0.0004121439919903493619, 0.0008234787390798755258 ),
 .UNSPECIFIED. ) ;
#4647 = DIRECTION ( 'NONE',  ( 0.0000000000000000000, 0.0000000000000000000, 1.000000000000000000 ) ) ;
#4648 = CARTESIAN_POINT ( 'NONE',  ( 0.0000000000000000000, 0.0000000000000000000, -8.637749907475930300 ) ) ;
#4649 = ORIENTED_EDGE ( 'NONE', *, *, #7159, .F. ) ;
#4650 = ORIENTED_EDGE ( 'NONE', *, *, #7052, .F. ) ;
#4651 = ORIENTED_EDGE ( 'NONE', *, *, #1685, .T. ) ;
#4652 = DIRECTION ( 'NONE',  ( 1.000000000000000000, 0.0000000000000000000, 0.0000000000000000000 ) ) ;
#4653 = VECTOR ( 'NONE', #2961, 1000.000000000000000 ) ;
#4654 = CARTESIAN_POINT ( 'NONE',  ( -5.249999999999999112, 6.000000000000000000, -1.000000000000000000 ) ) ;
#4655 = EDGE_CURVE ( 'NONE', #4984, #3666, #5897, .T. ) ;
#4656 = CC_DESIGN_DATE_AND_TIME_ASSIGNMENT ( #2997, #6279, ( #8026 ) ) ;
#4657 = VECTOR ( 'NONE', #2994, 1000.000000000000000 ) ;
#4658 = DIRECTION ( 'NONE',  ( 0.0000000000000000000, 0.0000000000000000000, 1.000000000000000000 ) ) ;
#4659 = ORIENTED_EDGE ( 'NONE', *, *, #8023, .T. ) ;
#4660 = EDGE_LOOP ( 'NONE', ( #4635, #2726, #2373, #2010, #6801, #178, #6544, #3016, #8237, #4377, #951, #222, #7561, #765, #5309, #4592, #6670, #8116 ) ) ;
#4661 = LINE ( 'NONE', #4717, #2982 ) ;
#4662 = CARTESIAN_POINT ( 'NONE',  ( 12.20797713120890648, -5.199841354358724743, 1.004898122110905012 ) ) ;
#4663 = VERTEX_POINT ( 'NONE', #2981 ) ;
#4664 = ADVANCED_FACE ( 'NONE', ( #2183 ), #2486, .T. ) ;
#4665 = EDGE_LOOP ( 'NONE', ( #624, #990, #3316, #4287 ) ) ;
#4666 = CARTESIAN_POINT ( 'NONE',  ( 8.000000000000000000, 5.100000000000003197, -9.299999999999998934 ) ) ;
#4667 = ADVANCED_FACE ( 'NONE', ( #7404 ), #1318, .T. ) ;
#4668 = PERSON_AND_ORGANIZATION ( #6821, #2012 ) ;
#4669 = ORIENTED_CLOSED_SHELL ( 'NONE', *, #7030, .F. );
#4670 = VECTOR ( 'NONE', #1743, 1000.000000000000000 ) ;
#4671 = ORIENTED_EDGE ( 'NONE', *, *, #5910, .F. ) ;
#4672 = DIRECTION ( 'NONE',  ( 0.0000000000000000000, -0.7071067811865475727, -0.7071067811865475727 ) ) ;
#4673 = VERTEX_POINT ( 'NONE', #3662 ) ;
#4674 = LINE ( 'NONE', #6611, #3983 ) ;
#4675 = EDGE_CURVE ( 'NONE', #6150, #7080, #5688, .T. ) ;
#4676 = LOCAL_TIME ( 8, 25, 54.00000000000000000, #1308 ) ;
#4677 = LINE ( 'NONE', #1490, #4772 ) ;
#4678 = ORIENTED_EDGE ( 'NONE', *, *, #1979, .T. ) ;
#4679 = ORIENTED_EDGE ( 'NONE', *, *, #4370, .T. ) ;
#4680 = DIRECTION ( 'NONE',  ( -1.668003342285391551E-16, -1.000000000000000000, 0.0000000000000000000 ) ) ;
#4681 = AXIS2_PLACEMENT_3D ( 'NONE', #3157, #11, #45 ) ;
#4682 = EDGE_LOOP ( 'NONE', ( #2518, #3603, #4195, #2560, #5965, #5555, #371, #2187 ) ) ;
#4683 = CARTESIAN_POINT ( 'NONE',  ( 0.0000000000000000000, 0.0000000000000000000, -8.637749907475930300 ) ) ;
#4684 = LINE ( 'NONE', #6475, #4488 ) ;
#4685 = DIRECTION ( 'NONE',  ( 1.000000000000000000, 0.0000000000000000000, 0.0000000000000000000 ) ) ;
#4686 = APPROVAL_PERSON_ORGANIZATION ( #8145, #5684, #6780 ) ;
#4687 = CIRCLE ( 'NONE', #1030, 0.1999999999999996503 ) ;
#4688 = ORIENTED_EDGE ( 'NONE', *, *, #738, .T. ) ;
#4689 = CARTESIAN_POINT ( 'NONE',  ( -12.27542962177239083, -5.185366317040771555, 1.451809237956061649 ) ) ;
#4690 = VERTEX_POINT ( 'NONE', #4255 ) ;
#4691 = DIRECTION ( 'NONE',  ( -0.9998476951563912696, 2.168074086486364420E-15, -0.01745240643728354982 ) ) ;
#4692 = DIRECTION ( 'NONE',  ( 0.1093716925545416829, 0.0000000000000000000, -0.9940009219652438111 ) ) ;
#4693 = CARTESIAN_POINT ( 'NONE',  ( -3.633136325418239387, 2.902403252171459336, -8.684066759606697161 ) ) ;
#4694 = DIRECTION ( 'NONE',  ( 0.0000000000000000000, 0.01745240643727676011, -0.9998476951563912696 ) ) ;
#4695 = VERTEX_POINT ( 'NONE', #4336 ) ;
#4696 = B_SPLINE_CURVE_WITH_KNOTS ( 'NONE', 3,
 ( #37, #4452, #5930, #5953 ),
 .UNSPECIFIED., .F., .F.,
 ( 4, 4 ),
 ( 0.0000000000000000000, 0.0004121439919903468140 ),
 .UNSPECIFIED. ) ;
#4697 = CIRCLE ( 'NONE', #498, 0.2249999999999999500 ) ;
#4698 = AXIS2_PLACEMENT_3D ( 'NONE', #6461, #3252, #3873 ) ;
#4699 = DIRECTION ( 'NONE',  ( 1.000000000000000000, 0.0000000000000000000, 0.0000000000000000000 ) ) ;
#4700 = ORIENTED_EDGE ( 'NONE', *, *, #1227, .F. ) ;
#4701 = EDGE_CURVE ( 'NONE', #7405, #6313, #6123, .T. ) ;
#4702 = CC_DESIGN_PERSON_AND_ORGANIZATION_ASSIGNMENT ( #3273, #7548, ( #5094 ) ) ;
#4703 = CARTESIAN_POINT ( 'NONE',  ( 1.474514954580288200E-15, 5.100000000000005862, -3.000000000000000000 ) ) ;
#4704 = FACE_OUTER_BOUND ( 'NONE', #2430, .T. ) ;
#4705 = ORIENTED_EDGE ( 'NONE', *, *, #2978, .T. ) ;
#4706 = ORIENTED_EDGE ( 'NONE', *, *, #4386, .F. ) ;
#4707 = ADVANCED_FACE ( 'NONE', ( #6096 ), #5079, .T. ) ;
#4708 = CARTESIAN_POINT ( 'NONE',  ( 12.79999999999999893, -5.800000000000000711, -1.000000000000000000 ) ) ;
#4709 = DIRECTION ( 'NONE',  ( 0.3314418875039929491, 0.0000000000000000000, 0.9434756357255815740 ) ) ;
#4710 = DIRECTION ( 'NONE',  ( 0.9998476951563913806, 0.0000000000000000000, 0.01745240643727653460 ) ) ;
#4711 = DIRECTION ( 'NONE',  ( 0.0000000000000000000, 0.2229098465715040889, -0.9748390637953878723 ) ) ;
#4712 = LINE ( 'NONE', #1303, #3032 ) ;
#4713 = ORIENTED_EDGE ( 'NONE', *, *, #1785, .F. ) ;
#4714 = CARTESIAN_POINT ( 'NONE',  ( 7.697634805215346709, 5.200000000000000178, -4.000000000000000000 ) ) ;
#4715 = CARTESIAN_POINT ( 'NONE',  ( -10.90254453544683955, 5.549999999999998934, 6.477342301583089323 ) ) ;
#4716 = DIRECTION ( 'NONE',  ( 0.0000000000000000000, 0.0000000000000000000, -1.000000000000000000 ) ) ;
#4717 = CARTESIAN_POINT ( 'NONE',  ( 13.00002500000000261, 6.000000000000016875, -3.021872165881479333 ) ) ;
#4718 = EDGE_CURVE ( 'NONE', #5845, #3585, #3776, .T. ) ;
#4719 = VECTOR ( 'NONE', #6526, 1000.000000000000000 ) ;
#4720 = DIRECTION ( 'NONE',  ( 1.000000000000000000, 0.0000000000000000000, 0.0000000000000000000 ) ) ;
#4721 = ORIENTED_EDGE ( 'NONE', *, *, #3552, .T. ) ;
#4722 = DIRECTION ( 'NONE',  ( 0.0000000000000000000, -0.0000000000000000000, 1.000000000000000000 ) ) ;
#4723 = ORIENTED_EDGE ( 'NONE', *, *, #1831, .F. ) ;
#4724 = EDGE_CURVE ( 'NONE', #3238, #2228, #4872, .T. ) ;
#4725 = CIRCLE ( 'NONE', #5609, 0.1000000000000002554 ) ;
#4726 = DIRECTION ( 'NONE',  ( 0.9998476951563913806, 1.298921522366672680E-16, -0.01745240643727699950 ) ) ;
#4727 = ORIENTED_EDGE ( 'NONE', *, *, #4350, .T. ) ;
#4728 = AXIS2_PLACEMENT_3D ( 'NONE', #4076, #4691, #268 ) ;
#4729 = AXIS2_PLACEMENT_3D ( 'NONE', #6058, #2231, #2279 ) ;
#4730 = VERTEX_POINT ( 'NONE', #1958 ) ;
#4731 = CARTESIAN_POINT ( 'NONE',  ( -4.500000000000000888, 6.500000000000004441, -1.000000000000000000 ) ) ;
#4732 = VECTOR ( 'NONE', #3148, 1000.000000000000000 ) ;
#4733 = VERTEX_POINT ( 'NONE', #8135 ) ;
#4734 = DIRECTION ( 'NONE',  ( 1.000000000000000000, 0.0000000000000000000, 0.0000000000000000000 ) ) ;
#4735 = CARTESIAN_POINT ( 'NONE',  ( -5.249999999999999112, 6.000000000000000000, -1.000000000000000000 ) ) ;
#4736 = ORIENTED_EDGE ( 'NONE', *, *, #7606, .F. ) ;
#4737 = ORIENTED_EDGE ( 'NONE', *, *, #639, .T. ) ;
#4738 = FACE_OUTER_BOUND ( 'NONE', #6624, .T. ) ;
#4739 = CARTESIAN_POINT ( 'NONE',  ( 12.23875244486995584, -5.196219217418995839, 1.116730183493256590 ) ) ;
#4740 = CARTESIAN_POINT ( 'NONE',  ( 8.250000000000000000, -5.200000000000000178, -1.000000000000000000 ) ) ;
#4741 = AXIS2_PLACEMENT_3D ( 'NONE', #65, #4482, #5333 ) ;
#4742 = CARTESIAN_POINT ( 'NONE',  ( -8.999999999999998224, -6.500000000000002665, -1.000000000000000000 ) ) ;
#4743 = AXIS2_PLACEMENT_3D ( 'NONE', #455, #2325, #5477 ) ;
#4744 = EDGE_CURVE ( 'NONE', #5675, #3588, #4171, .T. ) ;
#4745 = ADVANCED_FACE ( 'NONE', ( #2991 ), #212, .T. ) ;
#4746 = CARTESIAN_POINT ( 'NONE',  ( -0.2249999999999990619, 2.540000000000000036, 0.0000000000000000000 ) ) ;
#4747 = ORIENTED_EDGE ( 'NONE', *, *, #6334, .F. ) ;
#4748 = VECTOR ( 'NONE', #1879, 1000.000000000000227 ) ;
#4749 = PERSON ( 'NAUO-PER1', 'UNSPECIFIED', 'UNSPECIFIED', ('UNSPECIFIED'), ('UNSPECIFIED'), ('UNSPECIFIED') ) ;
#4750 = ORIENTED_EDGE ( 'NONE', *, *, #270, .T. ) ;
#4751 = DIRECTION ( 'NONE',  ( 0.0000000000000000000, 0.0000000000000000000, -1.000000000000000000 ) ) ;
#4752 = CARTESIAN_POINT ( 'NONE',  ( 1.014477084804765061, 4.542965623815466536, -8.297241590063180183 ) ) ;
#4753 = DIRECTION ( 'NONE',  ( 1.000000000000000000, 0.0000000000000000000, 0.0000000000000000000 ) ) ;
#4754 = FACE_OUTER_BOUND ( 'NONE', #7567, .T. ) ;
#4755 = DIRECTION ( 'NONE',  ( 0.0000000000000000000, 1.000000000000000000, 0.0000000000000000000 ) ) ;
#4756 = EDGE_CURVE ( 'NONE', #8157, #4935, #6391, .T. ) ;
#4757 = ORIENTED_EDGE ( 'NONE', *, *, #8113, .F. ) ;
#4758 = DIRECTION ( 'NONE',  ( 1.000000000000000000, 0.0000000000000000000, 0.0000000000000000000 ) ) ;
#4759 = VERTEX_POINT ( 'NONE', #6266 ) ;
#4760 = CARTESIAN_POINT ( 'NONE',  ( -11.83743514143391096, 0.0000000000000000000, 4.158477122162922868 ) ) ;
#4761 = CARTESIAN_POINT ( 'NONE',  ( 12.19808431957724437, -5.199991117421790321, 1.000000000090040420 ) ) ;
#4762 = DIRECTION ( 'NONE',  ( 0.0000000000000000000, 0.0000000000000000000, -1.000000000000000000 ) ) ;
#4763 = CARTESIAN_POINT ( 'NONE',  ( -4.500000000000000888, 6.149999999999997691, -9.035105632878352111 ) ) ;
#4764 = VECTOR ( 'NONE', #7403, 1000.000000000000000 ) ;
#4765 = PERSON_AND_ORGANIZATION_ROLE ( 'creator' ) ;
#4766 = CARTESIAN_POINT ( 'NONE',  ( 10.90200351184691563, -5.637602997552447093, 6.478900684127980369 ) ) ;
#4767 = VERTEX_POINT ( 'NONE', #5742 ) ;
#4768 = VERTEX_POINT ( 'NONE', #5180 ) ;
#4769 = MANIFOLD_SOLID_BREP ( 'âüÇµèoÇµ3[1]', #1466 ) ;
#4770 = CARTESIAN_POINT ( 'NONE',  ( 12.22165781061359802, -5.198820929346735120, 1.036403345267444820 ) ) ;
#4771 = CARTESIAN_POINT ( 'NONE',  ( 9.000000000000001776, -6.650000000000001243, -2.943132368708154534 ) ) ;
#4772 = VECTOR ( 'NONE', #3333, 1000.000000000000000 ) ;
#4773 = VERTEX_POINT ( 'NONE', #1140 ) ;
#4774 = EDGE_CURVE ( 'NONE', #245, #319, #4866, .T. ) ;
#4775 = ORIENTED_EDGE ( 'NONE', *, *, #6496, .F. ) ;
#4776 = ORIENTED_EDGE ( 'NONE', *, *, #741, .F. ) ;
#4777 = ORIENTED_EDGE ( 'NONE', *, *, #5386, .F. ) ;
#4778 = AXIS2_PLACEMENT_3D ( 'NONE', #4, #5073, #6349 ) ;
#4779 = CIRCLE ( 'NONE', #3038, 0.5000000000000004441 ) ;
#4780 = CARTESIAN_POINT ( 'NONE',  ( 3.712310601229358742, -3.500178566873426877, -1.471169911671835973 ) ) ;
#4781 = SHAPE_DEFINITION_REPRESENTATION ( #1719, #6215 ) ;
#4782 = VECTOR ( 'NONE', #824, 1000.000000000000114 ) ;
#4783 = ORIENTED_EDGE ( 'NONE', *, *, #1815, .F. ) ;
#4784 = CARTESIAN_POINT ( 'NONE',  ( -11.04171529919551631, 0.0000000000000000000, 6.574412808643362638 ) ) ;
#4785 = CARTESIAN_POINT ( 'NONE',  ( 4.993728430859857959, 6.006271569140109179, -1.396395287217408798 ) ) ;
#4786 = ORIENTED_EDGE ( 'NONE', *, *, #4055, .T. ) ;
#4787 = EDGE_CURVE ( 'NONE', #7158, #4342, #3081, .T. ) ;
#4788 = LINE ( 'NONE', #5383, #5611 ) ;
#4789 = ADVANCED_FACE ( 'NONE', ( #790 ), #7128, .T. ) ;
#4790 = DIRECTION ( 'NONE',  ( -0.3314418875039928380, 0.0000000000000000000, -0.9434756357255816850 ) ) ;
#4791 = CYLINDRICAL_SURFACE ( 'NONE', #7909, 0.09999999999999939493 ) ;
#4792 = EDGE_LOOP ( 'NONE', ( #4808, #7755, #6195 ) ) ;
#4793 = DIRECTION ( 'NONE',  ( 0.0000000000000000000, -0.2229098465715041166, 0.9748390637953878723 ) ) ;
#4794 = CARTESIAN_POINT ( 'NONE',  ( -8.192726625728575129, 6.131271950874297438, -1.100166593084877409 ) ) ;
#4795 = DIRECTION ( 'NONE',  ( -0.3314418875039927825, 0.0000000000000000000, 0.9434756357255816850 ) ) ;
#4796 = CARTESIAN_POINT ( 'NONE',  ( 0.0000000000000000000, 0.0000000000000000000, 0.0000000000000000000 ) ) ;
#4797 = EDGE_LOOP ( 'NONE', ( #7873, #3256 ) ) ;
#4798 = AXIS2_PLACEMENT_3D ( 'NONE', #7973, #8062, #5497 ) ;
#4799 = EDGE_CURVE ( 'NONE', #1575, #402, #1889, .T. ) ;
#4800 = CARTESIAN_POINT ( 'NONE',  ( 12.30000000000000071, 5.100000000000001421, 0.5000000000000000000 ) ) ;
#4801 = DIRECTION ( 'NONE',  ( -1.000000000000000000, -4.336808689942018722E-16, 0.0000000000000000000 ) ) ;
#4802 = VECTOR ( 'NONE', #4288, 1000.000000000000000 ) ;
#4803 = ORIENTED_EDGE ( 'NONE', *, *, #2170, .F. ) ;
#4804 = CARTESIAN_POINT ( 'NONE',  ( 7.900000000000000355, 6.000000000000003553, -1.499999999999999556 ) ) ;
#4805 = CARTESIAN_POINT ( 'NONE',  ( -12.91327220468261672, -5.549999999999998934, 1.103697641126796913 ) ) ;
#4806 = EDGE_CURVE ( 'NONE', #5782, #5757, #5354, .T. ) ;
#4807 = VECTOR ( 'NONE', #5788, 1000.000000000000000 ) ;
#4808 = ORIENTED_EDGE ( 'NONE', *, *, #2021, .T. ) ;
#4809 = CARTESIAN_POINT ( 'NONE',  ( -9.000000000000010658, -1.734723475976806463E-14, -1.500000000000000000 ) ) ;
#4810 = CC_DESIGN_PERSON_AND_ORGANIZATION_ASSIGNMENT ( #6106, #1666, ( #2959 ) ) ;
#4811 = CARTESIAN_POINT ( 'NONE',  ( 4.899833406915106160, 6.020199911701877404, -1.192726625728557588 ) ) ;
#4812 = CARTESIAN_POINT ( 'NONE',  ( -12.31388325425729136, 5.164400781150765063, 2.099111958671092903 ) ) ;
#4813 = VECTOR ( 'NONE', #5166, 1000.000000000000227 ) ;
#4814 = DIRECTION ( 'NONE',  ( 0.0000000000000000000, 0.0000000000000000000, -1.000000000000000000 ) ) ;
#4815 = ORIENTED_EDGE ( 'NONE', *, *, #5604, .F. ) ;
#4816 = DIRECTION ( 'NONE',  ( 1.000000000000000000, 0.0000000000000000000, 0.0000000000000000000 ) ) ;
#4817 = CARTESIAN_POINT ( 'NONE',  ( 12.71400762708950438, 5.728723333559693209, 1.059819946095852172 ) ) ;
#4818 = DIRECTION ( 'NONE',  ( 1.000000000000000000, 0.0000000000000000000, -0.0000000000000000000 ) ) ;
#4819 = DIRECTION ( 'NONE',  ( 4.623294610083372530E-16, 1.863059389396998034E-16, 1.000000000000000000 ) ) ;
#4820 = DIRECTION ( 'NONE',  ( -0.0000000000000000000, -0.0000000000000000000, -1.000000000000000000 ) ) ;
#4821 = EDGE_CURVE ( 'NONE', #3956, #407, #5475, .T. ) ;
#4822 = LINE ( 'NONE', #5312, #6154 ) ;
#4823 = ORIENTED_EDGE ( 'NONE', *, *, #6463, .T. ) ;
#4824 = VERTEX_POINT ( 'NONE', #4588 ) ;
#4825 = DIRECTION ( 'NONE',  ( 1.668003342285391551E-16, -1.000000000000000000, 0.0000000000000000000 ) ) ;
#4826 = DIRECTION ( 'NONE',  ( 1.000000000000000000, 0.0000000000000000000, 0.0000000000000000000 ) ) ;
#4827 = CARTESIAN_POINT ( 'NONE',  ( -5.302365194784653291, 5.200000000000000178, -4.000000000000000000 ) ) ;
#4828 = DIRECTION ( 'NONE',  ( 0.0000000000000000000, 0.0000000000000000000, 1.000000000000000000 ) ) ;
#4829 = CARTESIAN_POINT ( 'NONE',  ( -8.250000000000000000, -6.000000000000000000, -1.000000000000000000 ) ) ;
#4830 = AXIS2_PLACEMENT_3D ( 'NONE', #847, #3392, #2094 ) ;
#4831 = ORIENTED_EDGE ( 'NONE', *, *, #1650, .F. ) ;
#4832 = ADVANCED_FACE ( 'NONE', ( #6899 ), #1683, .F. ) ;
#4833 = CARTESIAN_POINT ( 'NONE',  ( -11.02767719837487270, 5.547052561009934379, 6.463517368780096639 ) ) ;
#4834 = CARTESIAN_POINT ( 'NONE',  ( 11.83743514143391096, 0.0000000000000000000, 4.158477122162922868 ) ) ;
#4835 = FACE_OUTER_BOUND ( 'NONE', #6325, .T. ) ;
#4836 = VERTEX_POINT ( 'NONE', #6536 ) ;
#4837 = CARTESIAN_POINT ( 'NONE',  ( 4.500000000000000888, 6.649999999999997691, -9.035105632878352111 ) ) ;
#4838 = EDGE_CURVE ( 'NONE', #7705, #5064, #6791, .T. ) ;
#4839 = CARTESIAN_POINT ( 'NONE',  ( -4.000000000000000000, -6.500000000000002665, -1.000000000000000000 ) ) ;
#4840 = FACE_OUTER_BOUND ( 'NONE', #3281, .T. ) ;
#4841 = CARTESIAN_POINT ( 'NONE',  ( -7.697634805215346709, 6.000000000000000000, -4.000000000000000000 ) ) ;
#4842 = VECTOR ( 'NONE', #522, 1000.000000000000000 ) ;
#4844 = AXIS2_PLACEMENT_3D ( 'NONE', #141, #7181, #2044 ) ;
#4843 = DIRECTION ( 'NONE',  ( 0.0000000000000000000, 0.0000000000000000000, 1.000000000000000000 ) ) ;
#4845 = AXIS2_PLACEMENT_3D ( 'NONE', #5021, #5702, #7652 ) ;
#4846 = CARTESIAN_POINT ( 'NONE',  ( -13.00000000000000000, 6.000000000000000000, -3.000000000000000000 ) ) ;
#4847 = EDGE_LOOP ( 'NONE', ( #7323, #4068, #5900, #2641 ) ) ;
#4848 = DIRECTION ( 'NONE',  ( 1.000000000000000000, 0.0000000000000000000, 0.0000000000000000000 ) ) ;
#4849 = ORIENTED_EDGE ( 'NONE', *, *, #5511, .F. ) ;
#4850 = CARTESIAN_POINT ( 'NONE',  ( -12.39999999999999503, -4.999999999999999112, 500000.0000000000582 ) ) ;
#4851 = LINE ( 'NONE', #3698, #8108 ) ;
#4852 = CARTESIAN_POINT ( 'NONE',  ( -7.900000000090891206, 6.000000000000004441, -1.434538370960588560 ) ) ;
#4853 = DIRECTION ( 'NONE',  ( 4.564254457283360207E-15, -1.000000000000000000, 1.299251252799740295E-14 ) ) ;
#4854 = APPLICATION_CONTEXT ( 'configuration controlled 3d designs of mechanical parts and assemblies' ) ;
#4855 = DIRECTION ( 'NONE',  ( -0.01744974916068268642, 0.01744974916067593834, -0.9996954598818875715 ) ) ;
#4856 = LINE ( 'NONE', #2321, #9 ) ;
#4857 = CARTESIAN_POINT ( 'NONE',  ( 11.09848522915800650, -5.549999999999998934, 6.412812697791911987 ) ) ;
#4858 = CARTESIAN_POINT ( 'NONE',  ( -13.00099999999999945, 6.000000000000000000, -3.000000000000000000 ) ) ;
#4859 = CARTESIAN_POINT ( 'NONE',  ( 8.999999999999998224, -6.500000000000002665, -1.000000000000000000 ) ) ;
#4860 = ORIENTED_EDGE ( 'NONE', *, *, #1355, .T. ) ;
#4861 = EDGE_CURVE ( 'NONE', #2718, #2897, #956, .T. ) ;
#4862 = CARTESIAN_POINT ( 'NONE',  ( -10.90219455946639293, 5.604757217948213466, 6.478336614068412658 ) ) ;
#4863 = EDGE_LOOP ( 'NONE', ( #2452, #7603, #6060, #4901 ) ) ;
#4864 = PLANE ( 'NONE',  #7453 ) ;
#4865 = B_SPLINE_CURVE_WITH_KNOTS ( 'NONE', 3,
 ( #7223, #7331, #3506, #8000 ),
 .UNSPECIFIED., .F., .F.,
 ( 4, 4 ),
 ( 0.0000000000000000000, 0.0002238307472390574447 ),
 .UNSPECIFIED. ) ;
#4866 = LINE ( 'NONE', #2644, #1190 ) ;
#4867 = ORIENTED_EDGE ( 'NONE', *, *, #3357, .T. ) ;
#4868 = CARTESIAN_POINT ( 'NONE',  ( 12.30000000000000071, -5.099999999999997868, -1.000000000000000000 ) ) ;
#4869 = ORIENTED_EDGE ( 'NONE', *, *, #1003, .T. ) ;
#4870 = DIRECTION ( 'NONE',  ( 1.000000000000000000, 0.0000000000000000000, 0.0000000000000000000 ) ) ;
#4871 = PERSON_AND_ORGANIZATION ( #6821, #2012 ) ;
#4872 = LINE ( 'NONE', #1933, #1503 ) ;
#4873 = VERTEX_POINT ( 'NONE', #81 ) ;
#4874 = ADVANCED_FACE ( 'NONE', ( #1695 ), #2165, .F. ) ;
#4875 = ORIENTED_EDGE ( 'NONE', *, *, #7249, .F. ) ;
#4876 = CARTESIAN_POINT ( 'NONE',  ( 4.600000000000000533, -6.000000000000001776, -1.499999999999999556 ) ) ;
#4877 = CARTESIAN_POINT ( 'NONE',  ( 9.000000000000001776, -5.100000000000001421, -1.499999999999999556 ) ) ;
#4878 = CARTESIAN_POINT ( 'NONE',  ( -12.39999999999999503, 5.000000000000000888, 7.174921777190895078 ) ) ;
#4879 = ORIENTED_EDGE ( 'NONE', *, *, #6734, .F. ) ;
#4880 = CARTESIAN_POINT ( 'NONE',  ( 8.400000000000000355, -5.900000000000001243, -1.499999999999999556 ) ) ;
#4881 = LINE ( 'NONE', #5987, #820 ) ;
#4882 =( BOUNDED_SURFACE ( )  B_SPLINE_SURFACE ( 3, 2, ( 
 ( #7054, #5735, #7719 ),
 ( #3855, #4491, #6359 ),
 ( #719, #5821, #641 ),
 ( #5084, #1275, #3934 ),
 ( #5228, #7142, #1395 ),
 ( #1426, #3287, #6492 ),
 ( #7809, #5874, #2055 ),
 ( #2685, #4571, #6524 ),
 ( #745, #5201, #5852 ),
 ( #2659, #4526, #730 ) ),
 .UNSPECIFIED., .F., .F., .F. ) 
 B_SPLINE_SURFACE_WITH_KNOTS ( ( 4, 2, 2, 2, 4 ),
 ( 3, 3 ),
 ( 1.570796326794896558, 1.963495408493620697, 2.356194490192344837, 2.748893571891068976, 3.141592653589793116 ),
 ( 0.0000000000000000000, 1.000000000000000000 ),
 .UNSPECIFIED. ) 
 GEOMETRIC_REPRESENTATION_ITEM ( )  RATIONAL_B_SPLINE_SURFACE ( (
 ( 1.000000000000000000, 1.000000000000000000, 1.000000000000000000),
 ( 1.000000000000000000, 1.000158593443188026, 1.000000000000000000),
 ( 1.000000000000000000, 0.9867291723804838544, 1.000000000000000000),
 ( 1.000000000000000000, 0.9386556673818280405, 1.000000000000000000),
 ( 1.000000000000000000, 0.9038128477757028101, 1.000000000000000000),
 ( 1.000000000000000000, 0.8282379597931737170, 1.000000000000000000),
 ( 1.000000000000000000, 0.7876784551907514142, 1.000000000000000000),
 ( 1.000000000000000000, 0.7265517845064581870, 1.000000000000000000),
 ( 1.000000000000000000, 0.7066757228337993135, 1.000000000000000000),
 ( 1.000000000000000000, 0.7071067811865475727, 1.000000000000000000) ) ) 
 REPRESENTATION_ITEM ( '' )  SURFACE ( )  );
#4883 = DIRECTION ( 'NONE',  ( 0.0000000000000000000, 0.0000000000000000000, 1.000000000000000000 ) ) ;
#4884 = PERSON_AND_ORGANIZATION ( #6821, #2012 ) ;
#4885 = EDGE_CURVE ( 'NONE', #389, #580, #5273, .T. ) ;
#4886 = VECTOR ( 'NONE', #4007, 1000.000000000000000 ) ;
#4887 = ORIENTED_EDGE ( 'NONE', *, *, #486, .T. ) ;
#4888 = EDGE_CURVE ( 'NONE', #6590, #7106, #405, .T. ) ;
#4889 = ORIENTED_EDGE ( 'NONE', *, *, #3822, .T. ) ;
#4890 = ORIENTED_EDGE ( 'NONE', *, *, #3208, .T. ) ;
#4891 = CARTESIAN_POINT ( 'NONE',  ( -2.540000000000000036, 0.0000000000000000000, -5.500000000000000000 ) ) ;
#4892 = DIRECTION ( 'NONE',  ( 0.0000000000000000000, 1.000000000000000000, 0.0000000000000000000 ) ) ;
#4893 = CARTESIAN_POINT ( 'NONE',  ( -12.96326458944043658, -5.549999999999998934, 1.104570261448660773 ) ) ;
#4894 = VECTOR ( 'NONE', #4613, 1000.000000000000000 ) ;
#4895 = EDGE_CURVE ( 'NONE', #7106, #5739, #8022, .T. ) ;
#4896 = SHAPE_DEFINITION_REPRESENTATION ( #1171, #5919 ) ;
#4897 = DIRECTION ( 'NONE',  ( -1.000000000000000000, 6.994852725712932707E-17, 0.0000000000000000000 ) ) ;
#4898 = ORIENTED_EDGE ( 'NONE', *, *, #6109, .F. ) ;
#4899 = VECTOR ( 'NONE', #4252, 1000.000000000000000 ) ;
#4900 = CARTESIAN_POINT ( 'NONE',  ( -11.06938308350912514, 5.549999999999998934, 6.344798257001979636 ) ) ;
#4901 = ORIENTED_EDGE ( 'NONE', *, *, #5511, .T. ) ;
#4902 = ORIENTED_EDGE ( 'NONE', *, *, #7045, .F. ) ;
#4903 = CARTESIAN_POINT ( 'NONE',  ( -4.500000000000002665, -5.099999999999999645, -1.500000000000000000 ) ) ;
#4904 = ORIENTED_EDGE ( 'NONE', *, *, #5791, .F. ) ;
#4905 = CIRCLE ( 'NONE', #1224, 0.1999999999999996503 ) ;
#4906 = ORIENTED_EDGE ( 'NONE', *, *, #5779, .T. ) ;
#4907 = CARTESIAN_POINT ( 'NONE',  ( 2.903229087180588142, -3.822467902723131417, 0.0000000000000000000 ) ) ;
#4908 = DIRECTION ( 'NONE',  ( 2.168404344971006107E-15, 1.000000000000000000, 0.0000000000000000000 ) ) ;
#4909 = CARTESIAN_POINT ( 'NONE',  ( 0.0000000000000000000, 6.500000000000004441, -1.000000000000000000 ) ) ;
#4910 = DIRECTION ( 'NONE',  ( -0.9434756357255816850, 0.0000000000000000000, -0.3314418875039927825 ) ) ;
#4911 = APPLICATION_CONTEXT ( 'configuration controlled 3d designs of mechanical parts and assemblies' ) ;
#4912 = VECTOR ( 'NONE', #6479, 1000.000000000000000 ) ;
#4913 = AXIS2_PLACEMENT_3D ( 'NONE', #7672, #5743, #5130 ) ;
#4914 = AXIS2_PLACEMENT_3D ( 'NONE', #6667, #2778, #4685 ) ;
#4915 = ORIENTED_EDGE ( 'NONE', *, *, #3240, .T. ) ;
#4916 = EDGE_CURVE ( 'NONE', #2362, #6856, #3768, .T. ) ;
#4917 = CARTESIAN_POINT ( 'NONE',  ( 0.0000000000000000000, -5.964708090068001844, -1.000000000000000000 ) ) ;
#4918 = DIRECTION ( 'NONE',  ( -1.000000000000000000, 0.0000000000000000000, 0.0000000000000000000 ) ) ;
#4919 = CARTESIAN_POINT ( 'NONE',  ( 13.00000000000000178, -5.800000000000001599, -3.000000000000000000 ) ) ;
#4920 = VECTOR ( 'NONE', #571, 1000.000000000000000 ) ;
#4921 = ADVANCED_FACE ( 'NONE', ( #2085 ), #6589, .F. ) ;
#4922 = ORIENTED_EDGE ( 'NONE', *, *, #2088, .F. ) ;
#4923 = CARTESIAN_POINT ( 'NONE',  ( -11.06882430048114863, 5.637602997552447981, 6.346388877235658477 ) ) ;
#4924 = EDGE_CURVE ( 'NONE', #8195, #6653, #8225, .T. ) ;
#4925 = DIRECTION ( 'NONE',  ( -1.000000000000000000, -1.668003342285391551E-16, 0.0000000000000000000 ) ) ;
#4926 = VECTOR ( 'NONE', #722, 999.9999999999998863 ) ;
#4927 = DIRECTION ( 'NONE',  ( 0.0000000000000000000, 0.03237209870275840201, -0.9994758862651860198 ) ) ;
#4928 = ORIENTED_EDGE ( 'NONE', *, *, #5191, .T. ) ;
#4929 = ORIENTED_EDGE ( 'NONE', *, *, #5868, .T. ) ;
#4930 = EDGE_LOOP ( 'NONE', ( #1471, #2802, #5974, #1939 ) ) ;
#4931 = DIRECTION ( 'NONE',  ( -1.000000000000000000, -0.0000000000000000000, -0.0000000000000000000 ) ) ;
#4932 = DIRECTION ( 'NONE',  ( 1.000000000000000000, 0.0000000000000000000, 0.0000000000000000000 ) ) ;
#4933 = DIRECTION ( 'NONE',  ( -0.0000000000000000000, -0.0000000000000000000, 1.000000000000000000 ) ) ;
#4934 = FACE_OUTER_BOUND ( 'NONE', #1105, .T. ) ;
#4935 = VERTEX_POINT ( 'NONE', #7239 ) ;
#4936 = DIRECTION ( 'NONE',  ( -0.0000000000000000000, -0.0000000000000000000, -1.000000000000000000 ) ) ;
#4937 = DATE_TIME_ROLE ( 'creation_date' ) ;
#4938 = ADVANCED_BREP_SHAPE_REPRESENTATION ( '', ( #4769, #7638, #6288, #704, #603 ), #7666 ) ;
#4939 = ORIENTED_EDGE ( 'NONE', *, *, #3463, .T. ) ;
#4940 = EDGE_CURVE ( 'NONE', #4583, #3819, #3366, .T. ) ;
#4941 = VECTOR ( 'NONE', #3123, 1000.000000000000000 ) ;
#4942 = CARTESIAN_POINT ( 'NONE',  ( -10.93142588574141350, 5.549999999999998934, 6.545662011518390777 ) ) ;
#4943 = CARTESIAN_POINT ( 'NONE',  ( 12.27541546231083025, 5.185372176712816028, 1.451628322755606826 ) ) ;
#4944 = CARTESIAN_POINT ( 'NONE',  ( -4.258501731506924237, 3.480684272201734597, -9.299999999999998934 ) ) ;
#4945 = DIRECTION ( 'NONE',  ( 0.0000000000000000000, 0.0000000000000000000, -1.000000000000000000 ) ) ;
#4946 = AXIS2_PLACEMENT_3D ( 'NONE', #2650, #5869, #1325 ) ;
#4947 = AXIS2_PLACEMENT_3D ( 'NONE', #4224, #439, #6737 ) ;
#4948 = VERTEX_POINT ( 'NONE', #2753 ) ;
#4949 = CARTESIAN_POINT ( 'NONE',  ( 12.79999999999999893, 5.800000000000000711, -1.000000000000000000 ) ) ;
#4950 = CARTESIAN_POINT ( 'NONE',  ( -12.39999999999999503, -5.000000000000000888, 7.174921777190895078 ) ) ;
#4951 = EDGE_LOOP ( 'NONE', ( #7457, #2278, #6999, #5454 ) ) ;
#4952 = LINE ( 'NONE', #5208, #6563 ) ;
#4953 = CARTESIAN_POINT ( 'NONE',  ( 2.540000000000000036, 0.0000000000000000000, -5.500000000000000000 ) ) ;
#4954 = EDGE_CURVE ( 'NONE', #4049, #402, #4974, .T. ) ;
#4955 = CARTESIAN_POINT ( 'NONE',  ( -4.775634565074264870, 6.224365434925785756, -1.075747223755079807 ) ) ;
#4956 = EDGE_LOOP ( 'NONE', ( #4641, #6915, #3070 ) ) ;
#4957 = DIRECTION ( 'NONE',  ( 0.0000000000000000000, -0.9994758862651860198, -0.03237209870275840201 ) ) ;
#4958 = ORIENTED_EDGE ( 'NONE', *, *, #2210, .F. ) ;
#4959 = CYLINDRICAL_SURFACE ( 'NONE', #3669, 0.5000000000000004441 ) ;
#4960 = CARTESIAN_POINT ( 'NONE',  ( -3.653874273115497839, 2.876056813810305535, -9.299999999999998934 ) ) ;
#4961 = AXIS2_PLACEMENT_3D ( 'NONE', #5571, #4945, #6233 ) ;
#4962 = ADVANCED_FACE ( 'NONE', ( #6292 ), #5292, .F. ) ;
#4963 = DIRECTION ( 'NONE',  ( 0.0000000000000000000, -0.0000000000000000000, 1.000000000000000000 ) ) ;
#4964 = VERTEX_POINT ( 'NONE', #5969 ) ;
#4965 = CARTESIAN_POINT ( 'NONE',  ( 4.650000000000000355, 0.0000000000000000000, -7.449999999999998401 ) ) ;
#4966 = DIRECTION ( 'NONE',  ( 1.000000000000000000, 0.0000000000000000000, 0.0000000000000000000 ) ) ;
#4967 = CARTESIAN_POINT ( 'NONE',  ( -8.500000000000001776, -6.000000000000002665, -1.500000000000000666 ) ) ;
#4968 = CARTESIAN_POINT ( 'NONE',  ( 9.500000000000001776, -6.000000000000004441, -9.035105632878352111 ) ) ;
#4969 = SECURITY_CLASSIFICATION_LEVEL ( 'unclassified' ) ;
#4970 = VERTEX_POINT ( 'NONE', #7263 ) ;
#4971 = CARTESIAN_POINT ( 'NONE',  ( -1.204205439236523123, -4.494155881981491518, -8.300752394261014189 ) ) ;
#4972 = CARTESIAN_POINT ( 'NONE',  ( -2.928523860351198049, 3.612114643341589826, -8.067376046868712791 ) ) ;
#4973 = DIRECTION ( 'NONE',  ( 0.0000000000000000000, 0.9961946980917461003, 0.08715574274765119922 ) ) ;
#4974 = LINE ( 'NONE', #7286, #1496 ) ;
#4975 = EDGE_CURVE ( 'NONE', #1064, #523, #4661, .T. ) ;
#4976 = ORIENTED_EDGE ( 'NONE', *, *, #5499, .F. ) ;
#4977 = CC_DESIGN_PERSON_AND_ORGANIZATION_ASSIGNMENT ( #5590, #6950, ( #829 ) ) ;
#4978 = ORIENTED_EDGE ( 'NONE', *, *, #7129, .T. ) ;
#4979 = CALENDAR_DATE ( 2019, 1, 8 ) ;
#4980 = CIRCLE ( 'NONE', #4248, 0.5000000000000004441 ) ;
#4981 = VERTEX_POINT ( 'NONE', #7319 ) ;
#4982 = CARTESIAN_POINT ( 'NONE',  ( 10.88012917333603014, 5.637602997552447981, 6.280100499734863284 ) ) ;
#4983 = DIRECTION ( 'NONE',  ( -0.0000000000000000000, -1.000000000000000000, -0.0000000000000000000 ) ) ;
#4984 = VERTEX_POINT ( 'NONE', #1569 ) ;
#4985 = ORIENTED_EDGE ( 'NONE', *, *, #1135, .F. ) ;
#4986 = ORIENTED_EDGE ( 'NONE', *, *, #3437, .F. ) ;
#4987 = CARTESIAN_POINT ( 'NONE',  ( 12.91327220468261672, 5.549999999999998934, 1.103697641126803797 ) ) ;
#4988 = ORIENTED_EDGE ( 'NONE', *, *, #3320, .F. ) ;
#4989 = FACE_BOUND ( 'NONE', #8144, .T. ) ;
#4990 = CARTESIAN_POINT ( 'NONE',  ( 8.500000000000000000, 6.500000000000004441, -1.000000000000000000 ) ) ;
#4991 = FACE_OUTER_BOUND ( 'NONE', #4372, .T. ) ;
#4992 = CARTESIAN_POINT ( 'NONE',  ( -9.198212002188448366, 6.000000000000000000, -3.000000000000000000 ) ) ;
#4993 = VERTEX_POINT ( 'NONE', #269 ) ;
#4994 = DIRECTION ( 'NONE',  ( 0.0000000000000000000, 1.000000000000000000, 0.0000000000000000000 ) ) ;
#4995 = DIRECTION ( 'NONE',  ( 1.000000000000000000, -0.0000000000000000000, 0.0000000000000000000 ) ) ;
#4996 = APPROVAL_STATUS ( 'not_yet_approved' ) ;
#4997 = ORIENTED_EDGE ( 'NONE', *, *, #4065, .F. ) ;
#4998 = EDGE_CURVE ( 'NONE', #3092, #6696, #7006, .T. ) ;
#4999 = LINE ( 'NONE', #6644, #1816 ) ;
#5000 = LINE ( 'NONE', #2484, #7220 ) ;
#5001 = EDGE_CURVE ( 'NONE', #272, #1506, #3568, .T. ) ;
#5002 = ORIENTED_EDGE ( 'NONE', *, *, #7086, .F. ) ;
#5003 = EDGE_LOOP ( 'NONE', ( #2171, #44, #2083, #1652 ) ) ;
#5004 = CARTESIAN_POINT ( 'NONE',  ( 4.750000000000000888, -5.199999999999999289, -1.000000000000000000 ) ) ;
#5005 = CIRCLE ( 'NONE', #5553, 0.2000000000000005107 ) ;
#5006 = ORIENTED_EDGE ( 'NONE', *, *, #3115, .T. ) ;
#5007 = EDGE_CURVE ( 'NONE', #5538, #3596, #6988, .T. ) ;
#5008 = ADVANCED_FACE ( 'NONE', ( #7818 ), #2977, .T. ) ;
#5009 = CARTESIAN_POINT ( 'NONE',  ( 11.02748973205808980, -5.576428740035072273, 6.464051006528962695 ) ) ;
#5010 = FACE_OUTER_BOUND ( 'NONE', #5532, .T. ) ;
#5011 = EDGE_LOOP ( 'NONE', ( #2096, #3532, #793, #7635, #5377, #6522, #7978, #2623, #6340, #4166, #5808, #7184, #3572, #7176, #4100, #7938, #2870, #701, #2651, #487, #666, #5402, #2598, #3889, #7225, #5682, #5924, #972, #4239, #3002, #3193, #6134 ) ) ;
#5012 = CARTESIAN_POINT ( 'NONE',  ( -8.400000000000000355, -6.000000000000001776, -3.000000000000000000 ) ) ;
#5013 = AXIS2_PLACEMENT_3D ( 'NONE', #5936, #836, #286 ) ;
#5014 = CARTESIAN_POINT ( 'NONE',  ( -5.250000000000000000, 5.200000000000001066, -1.000000000000000000 ) ) ;
#5015 = CARTESIAN_POINT ( 'NONE',  ( 7.750000000000000000, 5.699999999999998401, -4.000000000000000000 ) ) ;
#5016 = B_SPLINE_CURVE_WITH_KNOTS ( 'NONE', 3,
 ( #4423, #564, #2535, #1291 ),
 .UNSPECIFIED., .F., .F.,
 ( 4, 4 ),
 ( 2.018187625889123371, 2.018193053933231784 ),
 .UNSPECIFIED. ) ;
#5017 = CYLINDRICAL_SURFACE ( 'NONE', #1606, 0.1999999999999991784 ) ;
#5018 = CARTESIAN_POINT ( 'NONE',  ( 12.40000000000000391, 5.200000000000000178, 1.000000000000000000 ) ) ;
#5019 = DIRECTION ( 'NONE',  ( 1.000000000000000000, 0.0000000000000000000, 0.0000000000000000000 ) ) ;
#5020 = ORIENTED_EDGE ( 'NONE', *, *, #6236, .F. ) ;
#5021 = CARTESIAN_POINT ( 'NONE',  ( -14.02292578627219832, 5.793759847962596687, -2.666119468646271251 ) ) ;
#5022 = CARTESIAN_POINT ( 'NONE',  ( -40.87257985282374051, 0.0000000000000000000, -78.34151049522405685 ) ) ;
#5023 = EDGE_CURVE ( 'NONE', #210, #2295, #1062, .T. ) ;
#5024 = DIRECTION ( 'NONE',  ( -0.01744974916067617079, -0.01744974916067593834, -0.9996954598818876825 ) ) ;
#5025 = APPLICATION_PROTOCOL_DEFINITION ( 'international standard', 'config_control_design', 1994, #3623 ) ;
#5026 = AXIS2_PLACEMENT_3D ( 'NONE', #8094, #5505, #1694 ) ;
#5027 = EDGE_CURVE ( 'NONE', #6397, #1343, #5177, .T. ) ;
#5028 = LINE ( 'NONE', #7304, #4620 ) ;
#5029 = ORIENTED_EDGE ( 'NONE', *, *, #8208, .F. ) ;
#5030 = CARTESIAN_POINT ( 'NONE',  ( 12.30000000000000071, 5.100000000000001421, 0.5000000000000000000 ) ) ;
#5031 = CARTESIAN_POINT ( 'NONE',  ( -0.9856213070749443306, -4.424948200857293124, -8.365070952587611686 ) ) ;
#5032 = CARTESIAN_POINT ( 'NONE',  ( 0.0000000000000000000, 43.83868708726063090, -93.46520712947567233 ) ) ;
#5033 = VERTEX_POINT ( 'NONE', #7470 ) ;
#5034 = DIRECTION ( 'NONE',  ( 0.0000000000000000000, 1.000000000000000000, 0.0000000000000000000 ) ) ;
#5035 = CIRCLE ( 'NONE', #5761, 90.00330277587154626 ) ;
#5036 = ORIENTED_EDGE ( 'NONE', *, *, #406, .F. ) ;
#5037 =( BOUNDED_SURFACE ( )  B_SPLINE_SURFACE ( 3, 2, ( 
 ( #3881, #3261, #7784 ),
 ( #3912, #2828, #2106 ),
 ( #4629, #833, #5908 ),
 ( #1500, #3965, #5960 ) ),
 .UNSPECIFIED., .F., .F., .F. ) 
 B_SPLINE_SURFACE_WITH_KNOTS ( ( 4, 4 ),
 ( 3, 3 ),
 ( 4.264991995490622578, 4.264997681290462417 ),
 ( 0.0000000000000000000, 1.000000000000000000 ),
 .UNSPECIFIED. ) 
 GEOMETRIC_REPRESENTATION_ITEM ( )  RATIONAL_B_SPLINE_SURFACE ( (
 ( 1.000000000000000000, 0.8463489079470809529, 1.000000000000000000),
 ( 1.000000000000000000, 0.8463484032206043395, 1.000000000000000000),
 ( 1.000000000000000000, 0.8463478984929783122, 1.000000000000000000),
 ( 1.000000000000000000, 0.8463473937642208567, 1.000000000000000000) ) ) 
 REPRESENTATION_ITEM ( '' )  SURFACE ( )  );
#5038 = EDGE_CURVE ( 'NONE', #6913, #7591, #1088, .T. ) ;
#5039 = ORIENTED_EDGE ( 'NONE', *, *, #3604, .F. ) ;
#5040 = CARTESIAN_POINT ( 'NONE',  ( -3.801787997811553410, 6.200000000000000178, -9.035105632878352111 ) ) ;
#5041 = CC_DESIGN_DATE_AND_TIME_ASSIGNMENT ( #1502, #5589, ( #7647 ) ) ;
#5042 = LINE ( 'NONE', #7679, #4732 ) ;
#5043 = CARTESIAN_POINT ( 'NONE',  ( -4.500000000000001776, -5.900000000090927621, -1.434538370960585452 ) ) ;
#5044 = ORIENTED_EDGE ( 'NONE', *, *, #7442, .F. ) ;
#5045 = ORIENTED_EDGE ( 'NONE', *, *, #1710, .T. ) ;
#5046 = ADVANCED_FACE ( 'NONE', ( #3466 ), #3967, .T. ) ;
#5047 = CARTESIAN_POINT ( 'NONE',  ( 8.500000000000000000, 6.500000000000004441, -1.000000000000000000 ) ) ;
#5048 = CARTESIAN_POINT ( 'NONE',  ( 8.500000000000000000, -5.100000000000000533, -9.299999999999998934 ) ) ;
#5049 = ORIENTED_EDGE ( 'NONE', *, *, #957, .T. ) ;
#5050 = VECTOR ( 'NONE', #725, 1000.000000000000000 ) ;
#5051 = VECTOR ( 'NONE', #6285, 1000.000000000000000 ) ;
#5052 = EDGE_CURVE ( 'NONE', #2510, #2287, #1287, .T. ) ;
#5053 = ORIENTED_EDGE ( 'NONE', *, *, #4413, .T. ) ;
#5054 = VERTEX_POINT ( 'NONE', #7441 ) ;
#5055 = CARTESIAN_POINT ( 'NONE',  ( 1.014437372223563782, 4.542803202836084075, -8.978164821176477517 ) ) ;
#5056 = ORIENTED_EDGE ( 'NONE', *, *, #6456, .F. ) ;
#5057 = CIRCLE ( 'NONE', #7962, 5.500000000000000000 ) ;
#5058 = DIRECTION ( 'NONE',  ( -0.3314418875039927825, -5.329070518200751394E-15, 0.9434756357255816850 ) ) ;
#5059 = AXIS2_PLACEMENT_3D ( 'NONE', #1051, #6198, #6230 ) ;
#5060 = CARTESIAN_POINT ( 'NONE',  ( 12.40000000000000391, 5.200000000000000178, -1.000000000000000000 ) ) ;
#5061 = PLANE ( 'NONE',  #3448 ) ;
#5062 = CYLINDRICAL_SURFACE ( 'NONE', #4845, 0.2000000000000002054 ) ;
#5063 = EDGE_CURVE ( 'NONE', #494, #1731, #307, .T. ) ;
#5064 = VERTEX_POINT ( 'NONE', #6115 ) ;
#5065 = CARTESIAN_POINT ( 'NONE',  ( -4.986986328219744635, 5.915616406136321004, -1.369126033402001674 ) ) ;
#5066 = CARTESIAN_POINT ( 'NONE',  ( -13.00000000000000000, 6.000000000000000000, -1.000000000000000000 ) ) ;
#5067 = ORIENTED_EDGE ( 'NONE', *, *, #1710, .F. ) ;
#5068 = VECTOR ( 'NONE', #2838, 1000.000000000000000 ) ;
#5069 = B_SPLINE_CURVE_WITH_KNOTS ( 'NONE', 3,
 ( #2974, #7260, #4185, #2948, #3600, #8126, #3003, #1083, #8159, #7926, #4244, #267, #4689, #887, #5344, #7003 ),
 .UNSPECIFIED., .F., .F.,
 ( 4, 2, 2, 2, 2, 2, 2, 4 ),
 ( 3.314502111699388118E-14, 1.755593515967287797E-05, 3.511187028620073330E-05, 7.022374053925714869E-05, 0.0001404474810453688546, 0.0002808949620575918057, 0.0005617899240820381414, 0.001123579848130930705 ),
 .UNSPECIFIED. ) ;
#5070 = AXIS2_PLACEMENT_3D ( 'NONE', #5181, #3226, #2645 ) ;
#5071 = CARTESIAN_POINT ( 'NONE',  ( 8.421446036757187059, 6.434538363964116492, -1.000000000000000000 ) ) ;
#5072 = EDGE_LOOP ( 'NONE', ( #3801, #2379, #2391, #2820 ) ) ;
#5073 = DIRECTION ( 'NONE',  ( 0.0000000000000000000, 0.9998476951563913806, 0.01745240643727676358 ) ) ;
#5074 = EDGE_CURVE ( 'NONE', #6953, #7391, #1405, .T. ) ;
#5075 = DIRECTION ( 'NONE',  ( -0.001521307388085444377, 0.9961935453064447721, 0.08715564189200575296 ) ) ;
#5076 = ORIENTED_EDGE ( 'NONE', *, *, #2978, .F. ) ;
#5077 = CARTESIAN_POINT ( 'NONE',  ( -12.31613172760729213, -5.201103551519470791, 2.105706630516124278 ) ) ;
#5078 = PERSON_AND_ORGANIZATION ( #6821, #2012 ) ;
#5079 = CYLINDRICAL_SURFACE ( 'NONE', #274, 0.2249999999999999500 ) ;
#5080 = CLOSED_SHELL ( 'NONE', ( #2878, #1934, #5183, #1594, #5520 ) ) ;
#5081 = EDGE_LOOP ( 'NONE', ( #4193, #5650, #5056, #7899 ) ) ;
#5082 = VERTEX_POINT ( 'NONE', #5430 ) ;
#5083 = ORIENTED_EDGE ( 'NONE', *, *, #7768, .T. ) ;
#5084 = CARTESIAN_POINT ( 'NONE',  ( 8.697828629901080078, -6.248190524917633049, -1.063106799566970295 ) ) ;
#5085 = CARTESIAN_POINT ( 'NONE',  ( -10.90219455946616378, -5.604757217955260273, 6.478336614068586741 ) ) ;
#5086 = VECTOR ( 'NONE', #2776, 1000.000000000000000 ) ;
#5087 = CARTESIAN_POINT ( 'NONE',  ( -8.500000000000000000, 6.500000000000004441, -1.000000000000000000 ) ) ;
#5088 = EDGE_CURVE ( 'NONE', #2442, #5845, #6692, .T. ) ;
#5089 = APPROVAL_PERSON_ORGANIZATION ( #7206, #6436, #3676 ) ;
#5090 = ADVANCED_FACE ( 'NONE', ( #5679 ), #4365, .T. ) ;
#5091 = FACE_OUTER_BOUND ( 'NONE', #7227, .T. ) ;
#5092 = CARTESIAN_POINT ( 'NONE',  ( 11.14999999999999680, 6.000000000000000000, -2.000000000000000000 ) ) ;
#5093 = VERTEX_POINT ( 'NONE', #8015 ) ;
#5094 = PRODUCT_DEFINITION_FORMATION_WITH_SPECIFIED_SOURCE ( 'ANY', '', #7477, .NOT_KNOWN. ) ;
#5095 = ORIENTED_EDGE ( 'NONE', *, *, #2380, .T. ) ;
#5096 = CARTESIAN_POINT ( 'NONE',  ( 1.203693630730415354, 4.492245786632952154, -8.705593519877384168 ) ) ;
#5097 = ORIENTED_EDGE ( 'NONE', *, *, #6620, .F. ) ;
#5098 = LINE ( 'NONE', #6065, #4394 ) ;
#5099 = SHAPE_REPRESENTATION_RELATIONSHIP ( 'NONE' , 'NONE' ,  #5919, #5565 ) ;
#5100 = CARTESIAN_POINT ( 'NONE',  ( -11.06919682255775328, 5.579200959571084084, 6.345328463581553002 ) ) ;
#5101 = VECTOR ( 'NONE', #2516, 1000.000000000000000 ) ;
#5102 = PLANE ( 'NONE',  #3517 ) ;
#5103 = VERTEX_POINT ( 'NONE', #3602 ) ;
#5104 = CARTESIAN_POINT ( 'NONE',  ( -4.500000000000001776, -6.000000000000002665, -1.500000000000000666 ) ) ;
#5105 = LINE ( 'NONE', #3465, #1220 ) ;
#5106 = ORIENTED_EDGE ( 'NONE', *, *, #221, .T. ) ;
#5107 = DIRECTION ( 'NONE',  ( 0.0000000000000000000, -0.0000000000000000000, -1.000000000000000000 ) ) ;
#5108 = DIRECTION ( 'NONE',  ( 1.000000000000000000, 0.0000000000000000000, 0.0000000000000000000 ) ) ;
#5109 = EDGE_CURVE ( 'NONE', #601, #3808, #2282, .T. ) ;
#5110 = CARTESIAN_POINT ( 'NONE',  ( -12.96326458944043125, -11.92622972452171659, 1.104570261448656998 ) ) ;
#5111 = DIRECTION ( 'NONE',  ( -1.000000000000000000, 0.0000000000000000000, 0.0000000000000000000 ) ) ;
#5112 = ORIENTED_EDGE ( 'NONE', *, *, #5027, .T. ) ;
#5113 = ORIENTED_EDGE ( 'NONE', *, *, #6771, .F. ) ;
#5114 = CARTESIAN_POINT ( 'NONE',  ( -4.500000000000000888, -5.100000000000004974, -2.500000000000003109 ) ) ;
#5115 = VECTOR ( 'NONE', #4483, 1000.000000000000000 ) ;
#5116 = EDGE_CURVE ( 'NONE', #1611, #5733, #1598, .T. ) ;
#5117 = ORIENTED_EDGE ( 'NONE', *, *, #2845, .T. ) ;
#5118 = DIRECTION ( 'NONE',  ( 9.637352644315598694E-16, -1.000000000000000000, 0.0000000000000000000 ) ) ;
#5119 = CARTESIAN_POINT ( 'NONE',  ( 11.06938308350912337, 5.549999999999998934, 6.344798257001983188 ) ) ;
#5120 = CARTESIAN_POINT ( 'NONE',  ( 1.206800688281443490, 4.490763100230619642, -8.783863450048929877 ) ) ;
#5121 = EDGE_CURVE ( 'NONE', #6805, #3840, #986, .T. ) ;
#5122 = VECTOR ( 'NONE', #1682, 1000.000000000000000 ) ;
#5123 = VERTEX_POINT ( 'NONE', #3492 ) ;
#5124 = CARTESIAN_POINT ( 'NONE',  ( 18.35813107968150604, 5.200000000000000178, 1.000000000000000000 ) ) ;
#5125 = ORIENTED_EDGE ( 'NONE', *, *, #6343, .F. ) ;
#5126 = CARTESIAN_POINT ( 'NONE',  ( 12.79999999999999183, -6.000000000000000000, -1.000000000000000000 ) ) ;
#5127 = DIRECTION ( 'NONE',  ( 0.0000000000000000000, 0.01745240643727676358, -0.9998476951563912696 ) ) ;
#5128 = LINE ( 'NONE', #3740, #6338 ) ;
#5129 = AXIS2_PLACEMENT_3D ( 'NONE', #6163, #7489, #2375 ) ;
#5130 = DIRECTION ( 'NONE',  ( -0.9434756357255822401, 0.0000000000000000000, 0.3314418875039912837 ) ) ;
#5131 = ORIENTED_EDGE ( 'NONE', *, *, #3913, .F. ) ;
#5132 = ADVANCED_FACE ( 'NONE', ( #1796 ), #6898, .F. ) ;
#5133 = CARTESIAN_POINT ( 'NONE',  ( 8.250000000000000000, -5.200000000000000178, -1.000000000000000000 ) ) ;
#5134 = LINE ( 'NONE', #4017, #6851 ) ;
#5135 = PLANE ( 'NONE',  #1817 ) ;
#5136 = EDGE_LOOP ( 'NONE', ( #7476, #4679, #4039, #4338 ) ) ;
#5137 = CARTESIAN_POINT ( 'NONE',  ( -3.648780240663700436, -5.549999999999998934, 7.275769946518451547 ) ) ;
#5138 = ORIENTED_EDGE ( 'NONE', *, *, #6962, .F. ) ;
#5139 = AXIS2_PLACEMENT_3D ( 'NONE', #24, #8220, #1845 ) ;
#5140 = ORIENTED_EDGE ( 'NONE', *, *, #741, .T. ) ;
#5141 = EDGE_CURVE ( 'NONE', #6272, #2483, #3762, .T. ) ;
#5142 = FACE_OUTER_BOUND ( 'NONE', #4581, .T. ) ;
#5143 = SECURITY_CLASSIFICATION ( '', '', #3049 ) ;
#5144 = ADVANCED_FACE ( 'NONE', ( #5372 ), #8215, .T. ) ;
#5145 = VERTEX_POINT ( 'NONE', #4328 ) ;
#5146 = CARTESIAN_POINT ( 'NONE',  ( 10.88012917333602481, 5.637602997552447981, 6.280100499734861508 ) ) ;
#5147 = CARTESIAN_POINT ( 'NONE',  ( -6.123233995736766085E-15, 0.0000000000000000000, 7.300000000000000711 ) ) ;
#5148 =( BOUNDED_SURFACE ( )  B_SPLINE_SURFACE ( 3, 2, ( 
 ( #4752, #6066, #2073 ),
 ( #1176, #3796, #177 ),
 ( #3574, #1699, #6814 ),
 ( #2312, #4441, #5096 ),
 ( #6474, #7757, #4522 ),
 ( #5055, #1243, #7696 ) ),
 .UNSPECIFIED., .F., .F., .F. ) 
 B_SPLINE_SURFACE_WITH_KNOTS ( ( 4, 2, 4 ),
 ( 3, 3 ),
 ( 0.0004134235322906620706, 0.0006140265318771260476, 0.0008146295314635899161 ),
 ( 0.0000000000000000000, 1.000000000000000000 ),
 .UNSPECIFIED. ) 
 GEOMETRIC_REPRESENTATION_ITEM ( )  RATIONAL_B_SPLINE_SURFACE ( (
 ( 1.000000000000000000, 0.7143241415874671540, 1.000000000000000000),
 ( 1.000000000000000000, 0.7190409942400911580, 1.000000000000000000),
 ( 1.000000000000000000, 0.7221383962759948538, 1.000000000000000000),
 ( 1.000000000000000000, 0.7221361990509687079, 1.000000000000000000),
 ( 1.000000000000000000, 0.7190592425212180006, 1.000000000000000000),
 ( 1.000000000000000000, 0.7143305781234032814, 1.000000000000000000) ) ) 
 REPRESENTATION_ITEM ( '' )  SURFACE ( )  );
#5149 = PLANE ( 'NONE',  #6633 ) ;
#5150 = CARTESIAN_POINT ( 'NONE',  ( -8.998722858706033279, 6.185714285714285054, -2.983752105345186756 ) ) ;
#5151 = SPHERICAL_SURFACE ( 'NONE', #2656, 0.2000000000000000111 ) ;
#5152 = CARTESIAN_POINT ( 'NONE',  ( 12.91609080765415030, 5.549999999999998934, 1.087998167073456646 ) ) ;
#5153 = DIRECTION ( 'NONE',  ( -0.9434756357255812409, 0.0000000000000000000, 0.3314418875039941148 ) ) ;
#5154 = CARTESIAN_POINT ( 'NONE',  ( 4.302171370098825776, -6.248190524917633049, -1.063106799566970073 ) ) ;
#5155 = ORIENTED_EDGE ( 'NONE', *, *, #2246, .T. ) ;
#5156 = ORIENTED_EDGE ( 'NONE', *, *, #6418, .T. ) ;
#5157 = CARTESIAN_POINT ( 'NONE',  ( 4.549999999999999822, 5.572142936120456341E-16, 0.7199999999999999734 ) ) ;
#5158 = EDGE_LOOP ( 'NONE', ( #3787, #2298, #3464, #5637 ) ) ;
#5159 = CIRCLE ( 'NONE', #4798, 0.2000000000000000944 ) ;
#5160 = EDGE_CURVE ( 'NONE', #1611, #3470, #3964, .T. ) ;
#5161 = DIRECTION ( 'NONE',  ( 0.0000000000000000000, 0.0000000000000000000, 1.000000000000000000 ) ) ;
#5162 = PLANE ( 'NONE',  #4946 ) ;
#5163 = LINE ( 'NONE', #1177, #3453 ) ;
#5164 = EDGE_CURVE ( 'NONE', #1239, #4282, #5507, .T. ) ;
#5165 = ORIENTED_EDGE ( 'NONE', *, *, #5536, .T. ) ;
#5166 = DIRECTION ( 'NONE',  ( -0.01745240643727699603, 0.0000000000000000000, -0.9998476951563912696 ) ) ;
#5167 = CARTESIAN_POINT ( 'NONE',  ( 0.2250000000000009770, 2.540000000000000036, -5.500000000000000000 ) ) ;
#5168 = AXIS2_PLACEMENT_3D ( 'NONE', #1698, #6171, #8046 ) ;
#5169 = DIRECTION ( 'NONE',  ( -0.9998476951563913806, 0.0000000000000000000, -0.01745240643727699256 ) ) ;
#5170 = AXIS2_PLACEMENT_3D ( 'NONE', #5092, #17, #1954 ) ;
#5171 = CARTESIAN_POINT ( 'NONE',  ( -3.301787997811557851, -6.000000000000000000, -1.000000000000000000 ) ) ;
#5172 = DIRECTION ( 'NONE',  ( 0.0000000000000000000, -1.000000000000000000, -0.0000000000000000000 ) ) ;
#5173 = ORIENTED_EDGE ( 'NONE', *, *, #525, .T. ) ;
#5174 = CARTESIAN_POINT ( 'NONE',  ( 4.500000000000000888, -5.900000000000001243, -3.000000000000000000 ) ) ;
#5175 = ORIENTED_EDGE ( 'NONE', *, *, #7521, .F. ) ;
#5176 = CARTESIAN_POINT ( 'NONE',  ( 18.35813107968150604, -5.200000000000000178, 1.000000000000000000 ) ) ;
#5177 = LINE ( 'NONE', #4893, #7189 ) ;
#5178 = DIRECTION ( 'NONE',  ( 0.0000000000000000000, 0.0000000000000000000, 1.000000000000000000 ) ) ;
#5179 = DIRECTION ( 'NONE',  ( 0.0000000000000000000, 1.000000000000000000, 0.0000000000000000000 ) ) ;
#5180 = CARTESIAN_POINT ( 'NONE',  ( 4.549999999999999822, 5.572142936120456341E-16, 0.9499999999999998446 ) ) ;
#5181 = CARTESIAN_POINT ( 'NONE',  ( 12.30000000000000071, -5.099999999999997868, 0.5000000000000000000 ) ) ;
#5182 = ORIENTED_EDGE ( 'NONE', *, *, #6388, .T. ) ;
#5183 = ADVANCED_FACE ( 'NONE', ( #2875 ), #3629, .F. ) ;
#5184 = VERTEX_POINT ( 'NONE', #491 ) ;
#5185 = CARTESIAN_POINT ( 'NONE',  ( 0.9670890758901474760, 4.348765769651652846, -8.500615662218582003 ) ) ;
#5186 = DATE_AND_TIME ( #4979, #5792 ) ;
#5187 = AXIS2_PLACEMENT_3D ( 'NONE', #2986, #6942, #1715 ) ;
#5188 = AXIS2_PLACEMENT_3D ( 'NONE', #7456, #8115, #3042 ) ;
#5189 = CARTESIAN_POINT ( 'NONE',  ( 7.750000000000000000, -5.200000000000000178, -4.000000000000000000 ) ) ;
#5190 = EDGE_LOOP ( 'NONE', ( #8124, #5247, #4922, #2318 ) ) ;
#5191 = EDGE_CURVE ( 'NONE', #3386, #7209, #470, .T. ) ;
#5192 = DIRECTION ( 'NONE',  ( 0.0000000000000000000, -0.0000000000000000000, 1.000000000000000000 ) ) ;
#5193 = ORIENTED_EDGE ( 'NONE', *, *, #6276, .T. ) ;
#5194 = CARTESIAN_POINT ( 'NONE',  ( -1.203510034171503040, 4.491554697168491650, -8.566632316166197469 ) ) ;
#5195 =( BOUNDED_CURVE ( )  B_SPLINE_CURVE ( 3, ( #8140, #1065, #5496, #1770 ),
 .UNSPECIFIED., .F., .F. ) 
 B_SPLINE_CURVE_WITH_KNOTS ( ( 4, 4 ),
 ( 4.783878430270206650, 6.283185307179586232 ),
 .UNSPECIFIED. ) 
 CURVE ( )  GEOMETRIC_REPRESENTATION_ITEM ( )  RATIONAL_B_SPLINE_CURVE ( ( 1.000000000000000000, 0.8212833698075990840, 0.8212833698075990840, 1.000000000000000000 ) ) 
 REPRESENTATION_ITEM ( '' )  );
#5196 = ORIENTED_EDGE ( 'NONE', *, *, #7435, .T. ) ;
#5197 = LINE ( 'NONE', #4303, #1001 ) ;
#5198 = SHAPE_DEFINITION_REPRESENTATION ( #127, #686 ) ;
#5199 = FACE_OUTER_BOUND ( 'NONE', #5238, .T. ) ;
#5200 = VERTEX_POINT ( 'NONE', #4919 ) ;
#5201 = CARTESIAN_POINT ( 'NONE',  ( 8.499999999415241092, -5.999999999414737495, -1.448147957716966916 ) ) ;
#5202 = DIRECTION ( 'NONE',  ( 0.0000000000000000000, 0.0000000000000000000, 1.000000000000000000 ) ) ;
#5203 = ORIENTED_EDGE ( 'NONE', *, *, #1445, .T. ) ;
#5204 = DIRECTION ( 'NONE',  ( 1.000000000000000000, 0.0000000000000000000, 0.0000000000000000000 ) ) ;
#5205 = DIRECTION ( 'NONE',  ( 1.000000000000000000, 0.0000000000000000000, 0.0000000000000000000 ) ) ;
#5206 = EDGE_LOOP ( 'NONE', ( #3939, #3061, #2117, #7069 ) ) ;
#5207 = EDGE_CURVE ( 'NONE', #5498, #7110, #4064, .T. ) ;
#5208 = CARTESIAN_POINT ( 'NONE',  ( 0.0000000000000000000, -6.000000000000001776, -3.000000000000000000 ) ) ;
#5209 = ADVANCED_BREP_SHAPE_REPRESENTATION ( '', ( #5762, #603 ), #6794 ) ;
#5210 = CIRCLE ( 'NONE', #2734, 0.2000000000000005107 ) ;
#5211 = CARTESIAN_POINT ( 'NONE',  ( -4.021030927140394340, 6.461560893046986109, -2.959618654331490628 ) ) ;
#5212 = CC_DESIGN_SECURITY_CLASSIFICATION ( #5364, ( #4117 ) ) ;
#5213 = FACE_OUTER_BOUND ( 'NONE', #3918, .T. ) ;
#5214 = ORIENTED_EDGE ( 'NONE', *, *, #8060, .T. ) ;
#5215 = DIRECTION ( 'NONE',  ( -0.006377395874616382035, 0.9998148677100333614, -0.01815376346180527789 ) ) ;
#5216 = FACE_OUTER_BOUND ( 'NONE', #3499, .T. ) ;
#5217 = ORIENTED_EDGE ( 'NONE', *, *, #6356, .T. ) ;
#5218 = CARTESIAN_POINT ( 'NONE',  ( -0.9670890758901478090, 4.348765769651652846, -8.774884152733260834 ) ) ;
#5219 = CARTESIAN_POINT ( 'NONE',  ( 2.752019238889931607, -3.623381032789634748, 0.7199999999999999734 ) ) ;
#5220 = CARTESIAN_POINT ( 'NONE',  ( 4.500000000000000000, -6.000000000000002665, -1.499999999999999778 ) ) ;
#5221 = CARTESIAN_POINT ( 'NONE',  ( -12.92684943006243259, 5.741595597501342851, 0.3258589200648634443 ) ) ;
#5222 = CIRCLE ( 'NONE', #4358, 0.2500000000000002220 ) ;
#5223 = ORIENTED_EDGE ( 'NONE', *, *, #3125, .F. ) ;
#5224 = EDGE_CURVE ( 'NONE', #6688, #5145, #3458, .T. ) ;
#5225 = CIRCLE ( 'NONE', #2033, 0.5000000000000004441 ) ;
#5226 = EDGE_LOOP ( 'NONE', ( #3426, #2561, #275, #7798, #6355, #5798, #6486 ) ) ;
#5227 = ADVANCED_FACE ( 'NONE', ( #7811 ), #8219, .F. ) ;
#5228 = CARTESIAN_POINT ( 'NONE',  ( 8.631271950874308985, -6.192726625728559142, -1.100166593084894950 ) ) ;
#5229 = DIRECTION ( 'NONE',  ( -0.0000000000000000000, -0.0000000000000000000, 1.000000000000000000 ) ) ;
#5230 = CARTESIAN_POINT ( 'NONE',  ( 12.40000000000000213, -5.000000000000000888, 2.105706630459280859 ) ) ;
#5231 = DIRECTION ( 'NONE',  ( 0.0000000000000000000, -0.08715574274765121310, -0.9961946980917462113 ) ) ;
#5232 = EDGE_CURVE ( 'NONE', #7314, #1638, #5403, .T. ) ;
#5233 = ADVANCED_FACE ( 'NONE', ( #1792 ), #1814, .F. ) ;
#5234 = DIRECTION ( 'NONE',  ( 0.01234165475093831031, 0.7070529271412461236, 0.7070529271412461236 ) ) ;
#5235 = DIRECTION ( 'NONE',  ( 1.000000000000000000, -0.0000000000000000000, -0.0000000000000000000 ) ) ;
#5236 = VECTOR ( 'NONE', #6437, 1000.000000000000000 ) ;
#5237 = ORIENTED_EDGE ( 'NONE', *, *, #5038, .T. ) ;
#5238 = EDGE_LOOP ( 'NONE', ( #4393, #5214 ) ) ;
#5239 = AXIS2_PLACEMENT_3D ( 'NONE', #104, #5807, #760 ) ;
#5240 = CARTESIAN_POINT ( 'NONE',  ( 8.500000000000000000, -5.100000000000003197, -2.499999999999997335 ) ) ;
#5241 = EDGE_CURVE ( 'NONE', #4970, #7106, #6079, .T. ) ;
#5242 = VECTOR ( 'NONE', #3373, 1000.000000000000000 ) ;
#5243 = ORIENTED_EDGE ( 'NONE', *, *, #2276, .F. ) ;
#5244 = EDGE_LOOP ( 'NONE', ( #7749, #3878 ) ) ;
#5245 = CARTESIAN_POINT ( 'NONE',  ( 12.94999238359780946, 5.764738551036723280, -1.000000000000000000 ) ) ;
#5246 = CYLINDRICAL_SURFACE ( 'NONE', #3389, 0.2500000000000002220 ) ;
#5247 = ORIENTED_EDGE ( 'NONE', *, *, #5023, .T. ) ;
#5248 =( BOUNDED_CURVE ( )  B_SPLINE_CURVE ( 3, ( #5317, #1561, #912, #4154 ),
 .UNSPECIFIED., .F., .F. ) 
 B_SPLINE_CURVE_WITH_KNOTS ( ( 4, 4 ),
 ( 1.570796326794896558, 3.141592653589793116 ),
 .UNSPECIFIED. ) 
 CURVE ( )  GEOMETRIC_REPRESENTATION_ITEM ( )  RATIONAL_B_SPLINE_CURVE ( ( 1.000000000000000000, 0.8047378541243649375, 0.8047378541243649375, 1.000000000000000000 ) ) 
 REPRESENTATION_ITEM ( '' )  );
#5249 = EDGE_CURVE ( 'NONE', #1731, #8172, #4156, .T. ) ;
#5250 = ORIENTED_EDGE ( 'NONE', *, *, #3624, .F. ) ;
#5251 = ORIENTED_EDGE ( 'NONE', *, *, #691, .F. ) ;
#5252 = SECURITY_CLASSIFICATION ( '', '', #987 ) ;
#5253 = VECTOR ( 'NONE', #3375, 1000.000000000000000 ) ;
#5254 = DIRECTION ( 'NONE',  ( 0.0000000000000000000, 0.0000000000000000000, 1.000000000000000000 ) ) ;
#5255 = LINE ( 'NONE', #6366, #1868 ) ;
#5256 = DIRECTION ( 'NONE',  ( 0.0000000000000000000, 1.000000000000000000, 0.0000000000000000000 ) ) ;
#5257 = CARTESIAN_POINT ( 'NONE',  ( -1.540276568039937288, -5.100000000000004086, -2.500000000000000000 ) ) ;
#5258 = CARTESIAN_POINT ( 'NONE',  ( 9.500000000000001776, -6.000000000000004441, -1.000000000000000000 ) ) ;
#5259 = EDGE_LOOP ( 'NONE', ( #477, #5487, #483 ) ) ;
#5260 = LINE ( 'NONE', #1449, #1274 ) ;
#5261 = DIRECTION ( 'NONE',  ( 1.000000000000000000, 0.0000000000000000000, 0.0000000000000000000 ) ) ;
#5262 = CARTESIAN_POINT ( 'NONE',  ( 0.0000000000000000000, 0.0000000000000000000, -1.000000000000000000 ) ) ;
#5263 = CARTESIAN_POINT ( 'NONE',  ( 12.40000000000000213, -5.000000000000000888, 7.174921777190895078 ) ) ;
#5264 = EDGE_CURVE ( 'NONE', #7591, #2809, #109, .T. ) ;
#5265 = ADVANCED_FACE ( 'NONE', ( #3260 ), #4012, .T. ) ;
#5266 = FACE_OUTER_BOUND ( 'NONE', #6512, .T. ) ;
#5267 = ADVANCED_FACE ( 'NONE', ( #785 ), #2377, .T. ) ;
#5268 = CARTESIAN_POINT ( 'NONE',  ( -8.500000000000000000, -5.100000000000000533, -1.000000000000000888 ) ) ;
#5269 = DIRECTION ( 'NONE',  ( 1.000000000000000000, 0.0000000000000000000, 0.0000000000000000000 ) ) ;
#5270 = AXIS2_PLACEMENT_3D ( 'NONE', #8048, #352, #430 ) ;
#5271 = VERTEX_POINT ( 'NONE', #6362 ) ;
#5272 = CARTESIAN_POINT ( 'NONE',  ( 1.013323155338313741, 4.538245936797079771, -8.975499814951863442 ) ) ;
#5273 = LINE ( 'NONE', #2813, #6387 ) ;
#5274 = EDGE_CURVE ( 'NONE', #7226, #6130, #7901, .T. ) ;
#5275 = ORIENTED_EDGE ( 'NONE', *, *, #3960, .F. ) ;
#5276 = ORIENTED_EDGE ( 'NONE', *, *, #2393, .T. ) ;
#5277 = CARTESIAN_POINT ( 'NONE',  ( -8.400000000000000355, -6.000000000000001776, -1.499999999999999556 ) ) ;
#5278 = AXIS2_PLACEMENT_3D ( 'NONE', #7526, #7496, #1132 ) ;
#5279 = CARTESIAN_POINT ( 'NONE',  ( -13.00099999999999945, -6.000000000000000000, -3.000000000000000000 ) ) ;
#5280 = AXIS2_PLACEMENT_3D ( 'NONE', #4507, #167, #2704 ) ;
#5281 = DATE_AND_TIME ( #6996, #2092 ) ;
#5282 = VECTOR ( 'NONE', #5547, 1000.000000000000000 ) ;
#5283 = DIRECTION ( 'NONE',  ( 1.889888912631821051E-16, 0.08715574274765112983, 0.9961946980917462113 ) ) ;
#5284 = DIRECTION ( 'NONE',  ( 1.000000000000000000, 0.0000000000000000000, 0.0000000000000000000 ) ) ;
#5285 = EDGE_LOOP ( 'NONE', ( #8290, #6102, #3679, #1767, #6605, #7360, #8223, #6330, #1000, #331, #2609, #3949, #5193, #2507, #619 ) ) ;
#5286 = AXIS2_PLACEMENT_3D ( 'NONE', #7083, #1305, #5204 ) ;
#5287 = VERTEX_POINT ( 'NONE', #4411 ) ;
#5288 = ORIENTED_EDGE ( 'NONE', *, *, #7967, .T. ) ;
#5289 = CYLINDRICAL_SURFACE ( 'NONE', #5884, 0.5000000000000000000 ) ;
#5290 = DIRECTION ( 'NONE',  ( 1.000000000000000000, 0.0000000000000000000, 0.0000000000000000000 ) ) ;
#5291 = PERSON_AND_ORGANIZATION ( #6821, #2012 ) ;
#5292 = PLANE ( 'NONE',  #2277 ) ;
#5293 = LINE ( 'NONE', #6990, #8236 ) ;
#5294 = ORIENTED_EDGE ( 'NONE', *, *, #90, .T. ) ;
#5295 = ORIENTED_EDGE ( 'NONE', *, *, #2552, .T. ) ;
#5296 = DIRECTION ( 'NONE',  ( 1.000000000000000000, 0.0000000000000000000, -0.0000000000000000000 ) ) ;
#5297 = VERTEX_POINT ( 'NONE', #4944 ) ;
#5298 = PRODUCT ( 'Horizontally wide_TOP', 'Horizontally wide_TOP', '', ( #8207 ) ) ;
#5299 = CARTESIAN_POINT ( 'NONE',  ( 12.19996953439122223, 5.200000000000000178, 1.000000000090039975 ) ) ;
#5300 = EDGE_CURVE ( 'NONE', #3571, #5757, #3559, .T. ) ;
#5301 = LINE ( 'NONE', #2612, #1903 ) ;
#5302 = LINE ( 'NONE', #1880, #5101 ) ;
#5303 = ORIENTED_EDGE ( 'NONE', *, *, #6381, .T. ) ;
#5304 = DIRECTION ( 'NONE',  ( -0.0000000000000000000, -0.0000000000000000000, -1.000000000000000000 ) ) ;
#5305 = CARTESIAN_POINT ( 'NONE',  ( 0.0000000000000000000, -7.563033244373329467, -92.56798676366527445 ) ) ;
#5306 = CIRCLE ( 'NONE', #5983, 0.2000000000000005107 ) ;
#5307 = ORIENTED_EDGE ( 'NONE', *, *, #4861, .F. ) ;
#5308 = ADVANCED_FACE ( 'NONE', ( #2273 ), #4266, .T. ) ;
#5309 = ORIENTED_EDGE ( 'NONE', *, *, #7941, .T. ) ;
#5310 = VERTEX_POINT ( 'NONE', #7693 ) ;
#5311 = CARTESIAN_POINT ( 'NONE',  ( 0.0000000000000000000, 0.0000000000000000000, 0.0000000000000000000 ) ) ;
#5312 = CARTESIAN_POINT ( 'NONE',  ( 4.749999999999999112, -5.999999999999999112, -1.000000000000000000 ) ) ;
#5313 = ADVANCED_FACE ( 'NONE', ( #4754 ), #5760, .F. ) ;
#5314 = DIRECTION ( 'NONE',  ( 0.0000000000000000000, 0.0000000000000000000, 1.000000000000000000 ) ) ;
#5315 = LINE ( 'NONE', #4538, #1444 ) ;
#5316 = CARTESIAN_POINT ( 'NONE',  ( -13.00000000000000000, 6.000000000000000000, -1.000000000000000000 ) ) ;
#5317 = CARTESIAN_POINT ( 'NONE',  ( 8.999999999999998224, -6.500000000000002665, -1.000000000000000000 ) ) ;
#5318 = ORIENTED_EDGE ( 'NONE', *, *, #1658, .F. ) ;
#5319 = CARTESIAN_POINT ( 'NONE',  ( 12.79999999999999893, 5.800000000000000711, -3.000000000000000000 ) ) ;
#5320 = CARTESIAN_POINT ( 'NONE',  ( -12.99999999999999822, -6.000000000000000000, -3.000000000000000000 ) ) ;
#5321 = VECTOR ( 'NONE', #5844, 1000.000000000000000 ) ;
#5322 = DIRECTION ( 'NONE',  ( 0.9939991105900850554, -0.001909086515899555874, 0.1093714932457027778 ) ) ;
#5323 = EDGE_CURVE ( 'NONE', #5297, #272, #1589, .T. ) ;
#5324 = ORIENTED_EDGE ( 'NONE', *, *, #5249, .T. ) ;
#5325 = VERTEX_POINT ( 'NONE', #5167 ) ;
#5326 = DIRECTION ( 'NONE',  ( -0.0000000000000000000, -0.0000000000000000000, 1.000000000000000000 ) ) ;
#5327 = DIRECTION ( 'NONE',  ( -0.0000000000000000000, -0.0000000000000000000, 1.000000000000000000 ) ) ;
#5328 = DIRECTION ( 'NONE',  ( -0.3314418875039929491, 0.0000000000000000000, -0.9434756357255815740 ) ) ;
#5329 = EDGE_CURVE ( 'NONE', #6739, #4004, #1881, .T. ) ;
#5330 = VECTOR ( 'NONE', #3522, 1000.000000000000114 ) ;
#5331 = ORIENTED_EDGE ( 'NONE', *, *, #6771, .T. ) ;
#5332 = DIRECTION ( 'NONE',  ( 0.0000000000000000000, 0.0000000000000000000, 1.000000000000000000 ) ) ;
#5333 = DIRECTION ( 'NONE',  ( 1.000000000000000000, 1.445602896647339163E-16, 0.0000000000000000000 ) ) ;
#5334 = AXIS2_PLACEMENT_3D ( 'NONE', #4891, #3628, #6616 ) ;
#5335 = LINE ( 'NONE', #690, #6350 ) ;
#5336 = AXIS2_PLACEMENT_3D ( 'NONE', #2692, #4498, #1341 ) ;
#5337 = VERTEX_POINT ( 'NONE', #4435 ) ;
#5338 = PLANE ( 'NONE',  #1563 ) ;
#5339 = DIRECTION ( 'NONE',  ( 1.000000000000000000, 0.0000000000000000000, 0.0000000000000000000 ) ) ;
#5340 = VERTEX_POINT ( 'NONE', #5147 ) ;
#5341 = CARTESIAN_POINT ( 'NONE',  ( 12.94999238359781124, -5.764738551036724168, -1.000000000000000000 ) ) ;
#5342 = DIRECTION ( 'NONE',  ( -0.3312872439521293844, -0.03054404459231326724, -0.9430354305828307915 ) ) ;
#5343 = LINE ( 'NONE', #794, #3431 ) ;
#5344 = CARTESIAN_POINT ( 'NONE',  ( -12.30522939509078384, -5.170395235815570700, 1.914035515358816886 ) ) ;
#5345 = DIRECTION ( 'NONE',  ( 0.0000000000000000000, 0.0000000000000000000, 1.000000000000000000 ) ) ;
#5346 = ORIENTED_EDGE ( 'NONE', *, *, #60, .F. ) ;
#5347 = DIRECTION ( 'NONE',  ( -1.000000000000000000, 1.445602896647339163E-16, 0.0000000000000000000 ) ) ;
#5348 = DIRECTION ( 'NONE',  ( 0.01744974916067617773, -0.01744974916067594181, 0.9996954598818877935 ) ) ;
#5349 = ORIENTED_EDGE ( 'NONE', *, *, #6194, .T. ) ;
#5350 = EDGE_CURVE ( 'NONE', #8093, #3970, #1398, .T. ) ;
#5351 = ADVANCED_FACE ( 'NONE', ( #2471 ), #2433, .T. ) ;
#5352 = CARTESIAN_POINT ( 'NONE',  ( -9.198212002188448366, 6.000000000000000000, -3.000000000000000000 ) ) ;
#5353 = LINE ( 'NONE', #4343, #5648 ) ;
#5354 = B_SPLINE_CURVE_WITH_KNOTS ( 'NONE', 3,
 ( #7149, #5805, #5889, #2065 ),
 .UNSPECIFIED., .F., .F.,
 ( 4, 4 ),
 ( 4.264992253246354004, 4.264997681290463305 ),
 .UNSPECIFIED. ) ;
#5355 = DIRECTION ( 'NONE',  ( -1.367044011388618777E-16, -1.000000000000000000, 3.891399265864331642E-16 ) ) ;
#5356 = CARTESIAN_POINT ( 'NONE',  ( -4.500000000000000888, 6.649999999999997691, -1.000000000000000000 ) ) ;
#5357 = ORIENTED_EDGE ( 'NONE', *, *, #7320, .F. ) ;
#5358 = ORIENTED_EDGE ( 'NONE', *, *, #1049, .F. ) ;
#5359 = CARTESIAN_POINT ( 'NONE',  ( -1.085589917655699788, -4.521602403848973495, -8.962727216874800007 ) ) ;
#5360 = DIRECTION ( 'NONE',  ( 0.7071067811865460184, -0.7071067811865490160, 0.0000000000000000000 ) ) ;
#5361 = LINE ( 'NONE', #8084, #2162 ) ;
#5362 = CARTESIAN_POINT ( 'NONE',  ( 0.0000000000000000000, 6.349999999999999645, 0.0000000000000000000 ) ) ;
#5363 = EDGE_CURVE ( 'NONE', #3265, #5917, #4223, .T. ) ;
#5364 = SECURITY_CLASSIFICATION ( '', '', #8182 ) ;
#5365 = CARTESIAN_POINT ( 'NONE',  ( 12.92859824251506851, -1.686073866791707132E-15, 0.2256695217538560172 ) ) ;
#5366 = CARTESIAN_POINT ( 'NONE',  ( -7.900000000000000355, 6.000000000000000000, -3.000000000000000000 ) ) ;
#5367 = CIRCLE ( 'NONE', #5554, 4.650000000000000355 ) ;
#5368 = DIRECTION ( 'NONE',  ( 1.000000000000000000, 0.0000000000000000000, 0.0000000000000000000 ) ) ;
#5369 = CARTESIAN_POINT ( 'NONE',  ( 12.34873923534787643, 5.136713173922191622, 1.999891642312779050 ) ) ;
#5370 = DIRECTION ( 'NONE',  ( 0.0000000000000000000, -1.000000000000000000, 0.0000000000000000000 ) ) ;
#5371 = EDGE_LOOP ( 'NONE', ( #7153, #7187, #5097, #6957 ) ) ;
#5372 = FACE_OUTER_BOUND ( 'NONE', #3182, .T. ) ;
#5373 = CARTESIAN_POINT ( 'NONE',  ( -0.2249999999999990619, 2.540000000000000036, -5.500000000000000000 ) ) ;
#5374 = PLANE ( 'NONE',  #7337 ) ;
#5375 = DIRECTION ( 'NONE',  ( 0.1093716925545416829, 0.0000000000000000000, -0.9940009219652438111 ) ) ;
#5376 = EDGE_CURVE ( 'NONE', #8260, #2889, #5577, .T. ) ;
#5377 = ORIENTED_EDGE ( 'NONE', *, *, #4885, .F. ) ;
#5378 = CARTESIAN_POINT ( 'NONE',  ( 2.903229087180588142, -3.822467902723131417, 0.7199999999999999734 ) ) ;
#5379 = AXIS2_PLACEMENT_3D ( 'NONE', #4648, #7245, #2070 ) ;
#5380 = VECTOR ( 'NONE', #7183, 1000.000000000000000 ) ;
#5381 = DIRECTION ( 'NONE',  ( 0.0000000000000000000, -1.000000000000000000, 0.0000000000000000000 ) ) ;
#5382 = EDGE_LOOP ( 'NONE', ( #4627, #583, #728, #2339 ) ) ;
#5383 = CARTESIAN_POINT ( 'NONE',  ( -8.000000000000000000, 5.100000000000003197, -2.500000000000000000 ) ) ;
#5384 = CARTESIAN_POINT ( 'NONE',  ( 3.676955262170030991, -3.889087296526028137, -1.471169911671835973 ) ) ;
#5385 = ORIENTED_EDGE ( 'NONE', *, *, #1101, .T. ) ;
#5386 = EDGE_CURVE ( 'NONE', #7071, #1130, #6685, .T. ) ;
#5387 = COORDINATED_UNIVERSAL_TIME_OFFSET ( 9, 0, .AHEAD. ) ;
#5388 = VECTOR ( 'NONE', #7075, 1000.000000000000000 ) ;
#5389 = ADVANCED_FACE ( 'NONE', ( #7599 ), #2175, .T. ) ;
#5390 = DIRECTION ( 'NONE',  ( -1.000000000000000000, 0.0000000000000000000, 0.0000000000000000000 ) ) ;
#5391 = CARTESIAN_POINT ( 'NONE',  ( -4.102456537500829725, 3.466060434432951087, -7.449999999999998401 ) ) ;
#5392 = VERTEX_POINT ( 'NONE', #5958 ) ;
#5393 = DIRECTION ( 'NONE',  ( -0.01744974916067617773, 0.01744974916067594181, -0.9996954598818877935 ) ) ;
#5394 = VERTEX_POINT ( 'NONE', #3404 ) ;
#5395 = AXIS2_PLACEMENT_3D ( 'NONE', #2272, #2300, #2942 ) ;
#5396 = CARTESIAN_POINT ( 'NONE',  ( 10.88012917333603369, 5.837572536583726546, 6.283590981022320499 ) ) ;
#5397 = LINE ( 'NONE', #3491, #7310 ) ;
#5398 = DIRECTION ( 'NONE',  ( 0.0000000000000000000, -0.9961946980917461003, 0.08715574274765111595 ) ) ;
#5399 = CARTESIAN_POINT ( 'NONE',  ( 4.500000000000000888, -6.500000000000002665, -1.000000000000000000 ) ) ;
#5400 = AXIS2_PLACEMENT_3D ( 'NONE', #2076, #7193, #7867 ) ;
#5401 = FACE_OUTER_BOUND ( 'NONE', #7957, .T. ) ;
#5402 = ORIENTED_EDGE ( 'NONE', *, *, #42, .T. ) ;
#5403 =( BOUNDED_CURVE ( )  B_SPLINE_CURVE ( 3, ( #5712, #548, #6934, #3159 ),
 .UNSPECIFIED., .F., .F. ) 
 B_SPLINE_CURVE_WITH_KNOTS ( ( 4, 4 ),
 ( 4.712388980384688786, 6.283185307179586232 ),
 .UNSPECIFIED. ) 
 CURVE ( )  GEOMETRIC_REPRESENTATION_ITEM ( )  RATIONAL_B_SPLINE_CURVE ( ( 1.000000000000000000, 0.8047378541243648264, 0.8047378541243648264, 1.000000000000000000 ) ) 
 REPRESENTATION_ITEM ( '' )  );
#5404 = ORIENTED_EDGE ( 'NONE', *, *, #396, .F. ) ;
#5405 = CARTESIAN_POINT ( 'NONE',  ( 12.22935857522295855, -5.197844118687128478, 1.066561992343961096 ) ) ;
#5406 = DIRECTION ( 'NONE',  ( 1.668003342285391551E-16, 1.000000000000000000, -4.748103885137817623E-16 ) ) ;
#5407 = LINE ( 'NONE', #4505, #3695 ) ;
#5408 = FACE_OUTER_BOUND ( 'NONE', #444, .T. ) ;
#5409 = ORIENTED_EDGE ( 'NONE', *, *, #5088, .F. ) ;
#5410 = CIRCLE ( 'NONE', #20, 0.2249999999999999500 ) ;
#5411 = ORIENTED_EDGE ( 'NONE', *, *, #2246, .F. ) ;
#5412 = EDGE_CURVE ( 'NONE', #670, #3997, #7387, .T. ) ;
#5413 = CARTESIAN_POINT ( 'NONE',  ( 12.40000000000000213, -5.027526112337499242, 1.853973807726561285 ) ) ;
#5414 = PRODUCT_DEFINITION ( 'UNKNOWN', '', #4117, #4632 ) ;
#5415 = CARTESIAN_POINT ( 'NONE',  ( 4.500000000000000888, 6.500000000000004441, -1.000000000000000000 ) ) ;
#5416 = CARTESIAN_POINT ( 'NONE',  ( -5.100000000000001421, 6.000000000000003553, -1.499999999999999556 ) ) ;
#5417 = VECTOR ( 'NONE', #2009, 1000.000000000000000 ) ;
#5418 = LINE ( 'NONE', #2296, #6837 ) ;
#5419 = PLANE ( 'NONE',  #5623 ) ;
#5420 = CARTESIAN_POINT ( 'NONE',  ( 0.0000000000000000000, -36.01245134318352115, -93.32859967641932997 ) ) ;
#5421 = DIRECTION ( 'NONE',  ( 0.0000000000000000000, -0.9961946980917461003, -0.08715574274765118534 ) ) ;
#5422 = DIRECTION ( 'NONE',  ( 1.057758217059028608E-16, -1.000000000000000000, 0.0000000000000000000 ) ) ;
#5423 = DATE_TIME_ROLE ( 'creation_date' ) ;
#5424 = CARTESIAN_POINT ( 'NONE',  ( -5.000000000000000888, 5.900000000000003020, -3.000000000000000000 ) ) ;
#5425 = FACE_OUTER_BOUND ( 'NONE', #7055, .T. ) ;
#5426 = ORIENTED_EDGE ( 'NONE', *, *, #7912, .T. ) ;
#5427 = DIRECTION ( 'NONE',  ( 0.0000000000000000000, 0.0000000000000000000, 1.000000000000000000 ) ) ;
#5428 = CARTESIAN_POINT ( 'NONE',  ( -3.301787997811554742, -6.200000000000000178, -9.035105632878352111 ) ) ;
#5429 = DIRECTION ( 'NONE',  ( -0.0000000000000000000, 0.0000000000000000000, 1.000000000000000000 ) ) ;
#5430 = CARTESIAN_POINT ( 'NONE',  ( -4.500000000000002665, 5.099999999999999645, -1.000000000000000000 ) ) ;
#5431 = EDGE_CURVE ( 'NONE', #4094, #1350, #5878, .T. ) ;
#5432 = FACE_OUTER_BOUND ( 'NONE', #3027, .T. ) ;
#5433 = ADVANCED_FACE ( 'NONE', ( #5467 ), #5338, .F. ) ;
#5434 = EDGE_CURVE ( 'NONE', #3626, #7674, #2575, .T. ) ;
#5435 = DIRECTION ( 'NONE',  ( -1.000000000000000000, 1.734723475976807094E-15, 0.0000000000000000000 ) ) ;
#5436 = VERTEX_POINT ( 'NONE', #7168 ) ;
#5437 = CARTESIAN_POINT ( 'NONE',  ( -4.500000000000001776, -5.100000000000002309, -1.499999999999999556 ) ) ;
#5438 = ORIENTED_EDGE ( 'NONE', *, *, #7320, .T. ) ;
#5439 = EDGE_CURVE ( 'NONE', #1038, #1144, #508, .T. ) ;
#5440 = DIRECTION ( 'NONE',  ( -0.7071067811865490160, -0.7071067811865460184, 0.0000000000000000000 ) ) ;
#5441 = LINE ( 'NONE', #264, #6639 ) ;
#5442 = CARTESIAN_POINT ( 'NONE',  ( 4.955305366464716421, 6.044694633535321771, -1.282502095618252680 ) ) ;
#5443 = VERTEX_POINT ( 'NONE', #7837 ) ;
#5444 = AXIS2_PLACEMENT_3D ( 'NONE', #160, #7199, #3348 ) ;
#5445 = ORIENTED_EDGE ( 'NONE', *, *, #598, .F. ) ;
#5446 = AXIS2_PLACEMENT_3D ( 'NONE', #349, #944, #4828 ) ;
#5447 = DIRECTION ( 'NONE',  ( 0.0000000000000000000, -0.01745240643727676011, 0.9998476951563912696 ) ) ;
#5448 = VECTOR ( 'NONE', #6430, 1000.000000000000000 ) ;
#5449 = CARTESIAN_POINT ( 'NONE',  ( -5.230951172573874430, 6.349999999999999645, 0.09130659235361308912 ) ) ;
#5450 = ORIENTED_EDGE ( 'NONE', *, *, #8002, .T. ) ;
#5451 = DIRECTION ( 'NONE',  ( -0.001521307388087604325, -0.9961935453064447721, -0.08715564189200575296 ) ) ;
#5452 = APPROVAL_ROLE ( '' ) ;
#5453 = CARTESIAN_POINT ( 'NONE',  ( 8.500000000000000000, 0.0000000000000000000, -1.500000000000000000 ) ) ;
#5454 = ORIENTED_EDGE ( 'NONE', *, *, #1573, .F. ) ;
#5455 = ORIENTED_EDGE ( 'NONE', *, *, #2071, .F. ) ;
#5456 = FACE_OUTER_BOUND ( 'NONE', #2615, .T. ) ;
#5457 = LINE ( 'NONE', #4950, #5959 ) ;
#5458 = CARTESIAN_POINT ( 'NONE',  ( -12.39999999999999503, -4.999999999999999112, 1.000000000090039975 ) ) ;
#5459 = AXIS2_PLACEMENT_3D ( 'NONE', #3675, #3707, #6249 ) ;
#5460 = EDGE_CURVE ( 'NONE', #2765, #4733, #2078, .T. ) ;
#5461 = ORIENTED_EDGE ( 'NONE', *, *, #2079, .T. ) ;
#5462 = EDGE_LOOP ( 'NONE', ( #7271, #8164, #4330 ) ) ;
#5463 = LINE ( 'NONE', #4035, #3959 ) ;
#5464 = DIRECTION ( 'NONE',  ( -1.000000000000000000, 0.0000000000000000000, 0.0000000000000000000 ) ) ;
#5465 = CARTESIAN_POINT ( 'NONE',  ( -12.31388325425729136, 5.164400781150765063, 2.099111958671092903 ) ) ;
#5466 = CARTESIAN_POINT ( 'NONE',  ( 4.645541871230554065, 6.354458128769449488, -1.016452607790661045 ) ) ;
#5467 = FACE_OUTER_BOUND ( 'NONE', #5901, .T. ) ;
#5468 = EDGE_CURVE ( 'NONE', #4129, #7080, #979, .T. ) ;
#5469 = ORIENTED_EDGE ( 'NONE', *, *, #3336, .T. ) ;
#5470 = ADVANCED_FACE ( 'NONE', ( #6984 ), #154, .F. ) ;
#5471 = ORIENTED_EDGE ( 'NONE', *, *, #2488, .T. ) ;
#5472 = CARTESIAN_POINT ( 'NONE',  ( 2.315000000000000391, 2.755455298081547551E-17, -5.500000000000000000 ) ) ;
#5473 = DATE_AND_TIME ( #13, #116 ) ;
#5474 = CARTESIAN_POINT ( 'NONE',  ( -5.000000000000000888, 4.757005158825442059, -1.000000000000000000 ) ) ;
#5475 = LINE ( 'NONE', #4532, #3170 ) ;
#5476 = PERSON_AND_ORGANIZATION_ROLE ( 'creator' ) ;
#5477 = DIRECTION ( 'NONE',  ( 1.000000000000000000, 0.0000000000000000000, 0.0000000000000000000 ) ) ;
#5478 = ORIENTED_EDGE ( 'NONE', *, *, #2536, .F. ) ;
#5479 = EDGE_LOOP ( 'NONE', ( #1272, #4713, #6940, #7729, #250 ) ) ;
#5480 = PLANE ( 'NONE',  #1495 ) ;
#5482 = CARTESIAN_POINT ( 'NONE',  ( -4.500000000000000888, -5.900000000000001243, -3.000000000000000000 ) ) ;
#5481 = CALENDAR_DATE ( 2019, 1, 8 ) ;
#5483 = CARTESIAN_POINT ( 'NONE',  ( 0.0000000000000000000, 0.0000000000000000000, -9.299999999999998934 ) ) ;
#5484 = LINE ( 'NONE', #8058, #802 ) ;
#5485 = EDGE_LOOP ( 'NONE', ( #310, #552, #7616, #4706 ) ) ;
#5486 = EDGE_CURVE ( 'NONE', #907, #345, #5976, .T. ) ;
#5487 = ORIENTED_EDGE ( 'NONE', *, *, #1164, .T. ) ;
#5488 = DIRECTION ( 'NONE',  ( -0.9434756357255816850, 0.0000000000000000000, -0.3314418875039930046 ) ) ;
#5489 = ORIENTED_EDGE ( 'NONE', *, *, #5746, .T. ) ;
#5490 = AXIS2_PLACEMENT_3D ( 'NONE', #428, #5514, #8125 ) ;
#5491 = DIRECTION ( 'NONE',  ( 0.0000000000000000000, 0.0000000000000000000, 1.000000000000000000 ) ) ;
#5492 = AXIS2_PLACEMENT_3D ( 'NONE', #91, #3845, #3820 ) ;
#5493 = CALENDAR_DATE ( 2019, 1, 8 ) ;
#5494 = CYLINDRICAL_SURFACE ( 'NONE', #2829, 0.5000000000000000000 ) ;
#5495 = ORIENTED_EDGE ( 'NONE', *, *, #1863, .T. ) ;
#5496 = CARTESIAN_POINT ( 'NONE',  ( 3.723446998150033771, -6.650000000000001243, -2.943132368708153201 ) ) ;
#5497 = DIRECTION ( 'NONE',  ( 0.0000000000000000000, 0.0000000000000000000, 1.000000000000000000 ) ) ;
#5498 = VERTEX_POINT ( 'NONE', #2743 ) ;
#5499 = EDGE_CURVE ( 'NONE', #7389, #907, #397, .T. ) ;
#5500 = VECTOR ( 'NONE', #8025, 1000.000000000000000 ) ;
#5501 = LINE ( 'NONE', #911, #420 ) ;
#5502 = TOROIDAL_SURFACE ( 'NONE', #6054, 4.844999999999999751, 0.3900000000000002354 ) ;
#5503 = ORIENTED_EDGE ( 'NONE', *, *, #280, .F. ) ;
#5504 = CARTESIAN_POINT ( 'NONE',  ( 3.572467902723103439, -2.903229087180623225, 0.9499999999999998446 ) ) ;
#5505 = DIRECTION ( 'NONE',  ( 0.0000000000000000000, 0.0000000000000000000, -1.000000000000000000 ) ) ;
#5506 = VECTOR ( 'NONE', #6592, 1000.000000000000000 ) ;
#5507 =( BOUNDED_CURVE ( )  B_SPLINE_CURVE ( 3, ( #1737, #2361, #6202, #5629 ),
 .UNSPECIFIED., .F., .F. ) 
 B_SPLINE_CURVE_WITH_KNOTS ( ( 4, 4 ),
 ( 6.173572390233473151, 6.283185307179586232 ),
 .UNSPECIFIED. ) 
 CURVE ( )  GEOMETRIC_REPRESENTATION_ITEM ( )  RATIONAL_B_SPLINE_CURVE ( ( 1.000000000000000000, 0.9989990013031597726, 0.9989990013031597726, 1.000000000000000000 ) ) 
 REPRESENTATION_ITEM ( '' )  );
#5508 = APPROVAL_STATUS ( 'not_yet_approved' ) ;
#5509 = DIRECTION ( 'NONE',  ( -0.01745240643728354635, 0.0000000000000000000, 0.9998476951563911586 ) ) ;
#5510 = ORIENTED_EDGE ( 'NONE', *, *, #1388, .F. ) ;
#5511 = EDGE_CURVE ( 'NONE', #1144, #3772, #7503, .T. ) ;
#5512 = EDGE_LOOP ( 'NONE', ( #915, #3251, #3084, #7849 ) ) ;
#5513 = ORIENTED_EDGE ( 'NONE', *, *, #5007, .F. ) ;
#5514 = DIRECTION ( 'NONE',  ( 0.0000000000000000000, -0.9994758862651860198, -0.03237209870275840201 ) ) ;
#5515 = DIRECTION ( 'NONE',  ( 0.0000000000000000000, 0.0000000000000000000, 1.000000000000000000 ) ) ;
#5516 = CARTESIAN_POINT ( 'NONE',  ( 4.500000000000000888, -6.000000000000001776, -9.299999999999998934 ) ) ;
#5517 = VECTOR ( 'NONE', #2611, 1000.000000000000000 ) ;
#5518 = DIRECTION ( 'NONE',  ( 0.3314418875039927825, 0.0000000000000000000, 0.9434756357255816850 ) ) ;
#5519 = EDGE_LOOP ( 'NONE', ( #8029, #3401, #7018 ) ) ;
#5520 = ADVANCED_FACE ( 'NONE', ( #5266 ), #7802, .T. ) ;
#5521 = B_SPLINE_CURVE_WITH_KNOTS ( 'NONE', 3,
 ( #2403, #3670, #535, #3563 ),
 .UNSPECIFIED., .F., .F.,
 ( 4, 4 ),
 ( 2.018187625889124259, 2.018193277777633021 ),
 .UNSPECIFIED. ) ;
#5522 = EDGE_CURVE ( 'NONE', #5917, #1706, #5367, .T. ) ;
#5523 = VECTOR ( 'NONE', #6265, 1000.000000000000000 ) ;
#5524 = ORIENTED_EDGE ( 'NONE', *, *, #3125, .T. ) ;
#5525 = ORIENTED_EDGE ( 'NONE', *, *, #3080, .T. ) ;
#5526 = PLANE ( 'NONE',  #4594 ) ;
#5527 = ORIENTED_EDGE ( 'NONE', *, *, #1033, .F. ) ;
#5528 = APPROVAL ( #2408, 'UNSPECIFIED' ) ;
#5529 = DIRECTION ( 'NONE',  ( -0.7071067811865499042, -0.7071067811865451302, 0.0000000000000000000 ) ) ;
#5530 = LINE ( 'NONE', #2605, #849 ) ;
#5531 = DIRECTION ( 'NONE',  ( -0.3314418875039929491, 0.0000000000000000000, 0.9434756357255815740 ) ) ;
#5532 = EDGE_LOOP ( 'NONE', ( #5385, #2852, #1520, #4182, #6302, #6903, #958, #688 ) ) ;
#5533 = CARTESIAN_POINT ( 'NONE',  ( 4.650000000000000355, 0.0000000000000000000, -7.449999999999998401 ) ) ;
#5534 = CARTESIAN_POINT ( 'NONE',  ( -8.475728154850175500, -6.063106795708458563, -1.248190534232906934 ) ) ;
#5535 = APPROVAL_ROLE ( '' ) ;
#5536 = EDGE_CURVE ( 'NONE', #1343, #4036, #2772, .T. ) ;
#5537 = FACE_OUTER_BOUND ( 'NONE', #6936, .T. ) ;
#5538 = VERTEX_POINT ( 'NONE', #2154 ) ;
#5539 = CARTESIAN_POINT ( 'NONE',  ( -12.39999999999999503, -5.200000000000007283, 1.853973807744119906 ) ) ;
#5540 = CARTESIAN_POINT ( 'NONE',  ( -11.09848522915800650, 5.549999999999998934, 6.412812697791911987 ) ) ;
#5541 = EDGE_CURVE ( 'NONE', #8273, #5610, #3653, .T. ) ;
#5542 = AXIS2_PLACEMENT_3D ( 'NONE', #7857, #4030, #2121 ) ;
#5543 = ORIENTED_EDGE ( 'NONE', *, *, #4954, .F. ) ;
#5544 = CARTESIAN_POINT ( 'NONE',  ( -11.06919905768986645, 5.578850547572939966, 6.345322101100628664 ) ) ;
#5545 = LINE ( 'NONE', #2520, #6547 ) ;
#5546 = EDGE_LOOP ( 'NONE', ( #3202, #1777, #161, #6505, #172, #4467, #8085, #6885, #5426, #6698, #1434, #2027, #4409, #859, #7947, #3872, #2596, #1201, #1864, #5358, #5848, #2694, #1656, #1808, #4879, #7830, #4705, #4419, #6264, #7095, #4688, #3179, #4898, #5558, #5155, #3312, #1285, #1417, #2825, #3980 ) ) ;
#5547 = DIRECTION ( 'NONE',  ( 0.0000000000000000000, 0.0000000000000000000, -1.000000000000000000 ) ) ;
#5548 = EDGE_CURVE ( 'NONE', #1260, #3997, #2369, .T. ) ;
#5549 = VERTEX_POINT ( 'NONE', #3452 ) ;
#5550 = CIRCLE ( 'NONE', #1736, 0.09999999999999939493 ) ;
#5551 = CARTESIAN_POINT ( 'NONE',  ( -3.912409198551541678, 6.000000000000001776, -3.000000000000000888 ) ) ;
#5552 = FACE_OUTER_BOUND ( 'NONE', #4682, .T. ) ;
#5553 = AXIS2_PLACEMENT_3D ( 'NONE', #1987, #7767, #4559 ) ;
#5554 = AXIS2_PLACEMENT_3D ( 'NONE', #4149, #4096, #4816 ) ;
#5555 = ORIENTED_EDGE ( 'NONE', *, *, #5434, .T. ) ;
#5556 = ADVANCED_FACE ( 'NONE', ( #3163 ), #8111, .T. ) ;
#5557 = CARTESIAN_POINT ( 'NONE',  ( -8.249989253834149494, -5.964718836233852350, -1.000615647429258237 ) ) ;
#5558 = ORIENTED_EDGE ( 'NONE', *, *, #1450, .F. ) ;
#5559 = DIRECTION ( 'NONE',  ( -1.000000000000000000, 7.109540196336934608E-17, 0.0000000000000000000 ) ) ;
#5560 = ORIENTED_EDGE ( 'NONE', *, *, #7410, .F. ) ;
#5561 = DIRECTION ( 'NONE',  ( 1.000000000000000000, 1.734723475976805517E-15, 0.0000000000000000000 ) ) ;
#5562 = VECTOR ( 'NONE', #2475, 1000.000000000000114 ) ;
#5563 = DIRECTION ( 'NONE',  ( 1.000000000000000000, 0.0000000000000000000, 0.0000000000000000000 ) ) ;
#5564 = APPROVAL_STATUS ( 'not_yet_approved' ) ;
#5565 = ADVANCED_BREP_SHAPE_REPRESENTATION ( '', ( #211, #603 ), #5768 ) ;
#5566 = LINE ( 'NONE', #8150, #881 ) ;
#5567 = CARTESIAN_POINT ( 'NONE',  ( 12.20260846581752823, -5.199982594647772238, 1.000537383447408502 ) ) ;
#5568 = CARTESIAN_POINT ( 'NONE',  ( 7.708980597418688241, 6.349999999999999645, -3.350000000000002309 ) ) ;
#5569 = CARTESIAN_POINT ( 'NONE',  ( -11.07339971181770899, 5.549999999999998046, 6.484220613666344946 ) ) ;
#5570 = AXIS2_PLACEMENT_3D ( 'NONE', #5588, #4995, #1241 ) ;
#5571 = CARTESIAN_POINT ( 'NONE',  ( 0.0000000000000000000, 0.0000000000000000000, 1.000000000000000000 ) ) ;
#5572 = EDGE_CURVE ( 'NONE', #7253, #6788, #7081, .T. ) ;
#5573 = VERTEX_POINT ( 'NONE', #8071 ) ;
#5574 = CARTESIAN_POINT ( 'NONE',  ( 11.02711479958315266, -5.635181165704796769, 6.465118281572229009 ) ) ;
#5575 = CC_DESIGN_PERSON_AND_ORGANIZATION_ASSIGNMENT ( #6808, #8233, ( #5143 ) ) ;
#5576 = DIRECTION ( 'NONE',  ( 0.0000000000000000000, 1.000000000000000000, 0.0000000000000000000 ) ) ;
#5577 = LINE ( 'NONE', #7782, #205 ) ;
#5578 = CARTESIAN_POINT ( 'NONE',  ( -4.565461636035831106, 6.421446036757064491, -0.9999999999999995559 ) ) ;
#5579 = CARTESIAN_POINT ( 'NONE',  ( -3.993375626955396829, 6.075375642781208008, -2.993405485750666006 ) ) ;
#5580 = ORIENTED_EDGE ( 'NONE', *, *, #1118, .F. ) ;
#5581 = DIRECTION ( 'NONE',  ( 0.0000000000000000000, 0.0000000000000000000, 1.000000000000000000 ) ) ;
#5582 = CALENDAR_DATE ( 2019, 1, 8 ) ;
#5583 = LINE ( 'NONE', #5437, #3668 ) ;
#5584 = DIRECTION ( 'NONE',  ( 1.000000000000000000, 0.0000000000000000000, 0.0000000000000000000 ) ) ;
#5585 = VERTEX_POINT ( 'NONE', #7428 ) ;
#5586 = CARTESIAN_POINT ( 'NONE',  ( -8.854458128769371328, -6.354458128769506331, -1.016452607790644391 ) ) ;
#5587 = ORIENTED_EDGE ( 'NONE', *, *, #1527, .F. ) ;
#5588 = CARTESIAN_POINT ( 'NONE',  ( 5.000000000000000888, 5.100000000000004086, -9.299999999999998934 ) ) ;
#5589 = DATE_TIME_ROLE ( 'classification_date' ) ;
#5590 = PERSON_AND_ORGANIZATION ( #6821, #2012 ) ;
#5591 = EDGE_CURVE ( 'NONE', #220, #3956, #6440, .T. ) ;
#5592 = FACE_OUTER_BOUND ( 'NONE', #1837, .T. ) ;
#5593 = ORIENTED_EDGE ( 'NONE', *, *, #924, .T. ) ;
#5594 = EDGE_CURVE ( 'NONE', #1964, #1849, #973, .T. ) ;
#5595 = VERTEX_POINT ( 'NONE', #1557 ) ;
#5596 = ORIENTED_EDGE ( 'NONE', *, *, #8189, .T. ) ;
#5597 = ORIENTED_EDGE ( 'NONE', *, *, #872, .T. ) ;
#5598 = CARTESIAN_POINT ( 'NONE',  ( -9.000000000000001776, 6.649999999999997691, -1.000000000000000000 ) ) ;
#5599 = CARTESIAN_POINT ( 'NONE',  ( -7.750000000000000000, -6.349999999999999645, -3.000000000000000000 ) ) ;
#5600 = DIRECTION ( 'NONE',  ( 1.000000000000000000, 0.0000000000000000000, 0.0000000000000000000 ) ) ;
#5601 = CARTESIAN_POINT ( 'NONE',  ( -2.902403252171446901, 3.633136325418250046, -8.684066759606720254 ) ) ;
#5602 = CARTESIAN_POINT ( 'NONE',  ( 12.94999238359780946, -1.682358613519494094E-15, -1.000000000000000000 ) ) ;
#5603 = SPHERICAL_SURFACE ( 'NONE', #2614, 0.2000000000000000111 ) ;
#5604 = EDGE_CURVE ( 'NONE', #2589, #8155, #4456, .T. ) ;
#5605 = CALENDAR_DATE ( 2019, 1, 8 ) ;
#5606 = ADVANCED_FACE ( 'NONE', ( #1689 ), #340, .T. ) ;
#5607 = FACE_OUTER_BOUND ( 'NONE', #4406, .T. ) ;
#5608 = DIRECTION ( 'NONE',  ( 1.000000000000000000, 0.0000000000000000000, 0.0000000000000000000 ) ) ;
#5609 = AXIS2_PLACEMENT_3D ( 'NONE', #482, #3621, #5673 ) ;
#5610 = VERTEX_POINT ( 'NONE', #2268 ) ;
#5611 = VECTOR ( 'NONE', #2285, 1000.000000000000114 ) ;
#5612 = CARTESIAN_POINT ( 'NONE',  ( -4.802171370098883507, 6.248190524917580646, -1.063106799566992278 ) ) ;
#5613 = ORIENTED_EDGE ( 'NONE', *, *, #1696, .F. ) ;
#5614 = CARTESIAN_POINT ( 'NONE',  ( -12.34874366631130194, -5.136715603606194946, 1.999879029282407128 ) ) ;
#5615 = VECTOR ( 'NONE', #867, 1000.000000000000000 ) ;
#5616 = ORIENTED_EDGE ( 'NONE', *, *, #6599, .T. ) ;
#5617 = CARTESIAN_POINT ( 'NONE',  ( -4.600000000000000533, -6.000000000000001776, -3.000000000000000000 ) ) ;
#5618 = CARTESIAN_POINT ( 'NONE',  ( -8.400000000000000355, -6.000000000000002665, -1.500000000000000888 ) ) ;
#5619 = DIRECTION ( 'NONE',  ( 0.0000000000000000000, 0.0000000000000000000, 1.000000000000000000 ) ) ;
#5620 = PERSON_AND_ORGANIZATION_ROLE ( 'creator' ) ;
#5621 = VECTOR ( 'NONE', #7609, 1000.000000000000227 ) ;
#5622 = ORIENTED_EDGE ( 'NONE', *, *, #1840, .T. ) ;
#5623 = AXIS2_PLACEMENT_3D ( 'NONE', #4067, #8034, #3425 ) ;
#5624 = EDGE_LOOP ( 'NONE', ( #1745, #3040, #7732, #948 ) ) ;
#5625 = EDGE_CURVE ( 'NONE', #5573, #1166, #8212, .T. ) ;
#5626 = CARTESIAN_POINT ( 'NONE',  ( -1.203693630730415354, -4.492245786632952154, -8.705593519877382391 ) ) ;
#5627 = CARTESIAN_POINT ( 'NONE',  ( 10.90254453544689284, 5.549999999999998934, 6.477342301583075113 ) ) ;
#5628 = CARTESIAN_POINT ( 'NONE',  ( 1.203686644847457243, -4.492219714962812915, -8.705517733498687960 ) ) ;
#5629 = CARTESIAN_POINT ( 'NONE',  ( 0.0000000000000000000, 5.549999999999998934, 7.075562263763490733 ) ) ;
#5630 = CARTESIAN_POINT ( 'NONE',  ( 1.013323155338314185, 4.538245936797079771, -8.299999999999998934 ) ) ;
#5631 = VERTEX_POINT ( 'NONE', #5533 ) ;
#5632 = DIRECTION ( 'NONE',  ( 0.0000000000000000000, 0.0000000000000000000, -1.000000000000000000 ) ) ;
#5633 = EDGE_CURVE ( 'NONE', #4759, #3674, #8134, .T. ) ;
#5634 = CARTESIAN_POINT ( 'NONE',  ( -5.000000000000000000, 5.900000000000003908, -1.500000000000000444 ) ) ;
#5635 = LINE ( 'NONE', #4131, #1457 ) ;
#5636 = CC_DESIGN_APPROVAL ( #1639, ( #7647 ) ) ;
#5637 = ORIENTED_EDGE ( 'NONE', *, *, #7265, .F. ) ;
#5638 = CARTESIAN_POINT ( 'NONE',  ( -12.39999999999999503, -4.999999999999998224, 1.853973807744119906 ) ) ;
#5639 = ADVANCED_FACE ( 'NONE', ( #7592 ), #4959, .T. ) ;
#5640 = CARTESIAN_POINT ( 'NONE',  ( 8.248190524917671240, 6.197828629901132480, -1.063106799566954086 ) ) ;
#5641 = CARTESIAN_POINT ( 'NONE',  ( 8.000000000000000000, 5.100000000000000533, 0.5000000000000000000 ) ) ;
#5642 = CARTESIAN_POINT ( 'NONE',  ( 7.715089870143564177, 6.000000000000000000, -3.000000000000000000 ) ) ;
#5643 = VECTOR ( 'NONE', #5921, 1000.000000000000000 ) ;
#5644 = EDGE_LOOP ( 'NONE', ( #1515, #1383, #4904, #7175 ) ) ;
#5645 = PERSON_AND_ORGANIZATION_ROLE ( 'design_owner' ) ;
#5646 = ORIENTED_EDGE ( 'NONE', *, *, #3802, .T. ) ;
#5647 = EDGE_CURVE ( 'NONE', #5200, #8195, #1983, .T. ) ;
#5648 = VECTOR ( 'NONE', #2512, 1000.000000000000000 ) ;
#5650 = ORIENTED_EDGE ( 'NONE', *, *, #492, .T. ) ;
#5649 = DIRECTION ( 'NONE',  ( 0.0000000000000000000, 0.0000000000000000000, -1.000000000000000000 ) ) ;
#5651 = CARTESIAN_POINT ( 'NONE',  ( -1.014437372223563560, -4.542803202836082299, -8.978164821176477517 ) ) ;
#5652 = CARTESIAN_POINT ( 'NONE',  ( 1.173617955648172062, -4.380001839154189724, -8.905832899600023111 ) ) ;
#5653 = AXIS2_PLACEMENT_3D ( 'NONE', #3353, #756, #5290 ) ;
#5654 = CARTESIAN_POINT ( 'NONE',  ( -12.39999999999999503, -5.199999999999998401, 1.000000000000000000 ) ) ;
#5655 = CARTESIAN_POINT ( 'NONE',  ( 4.500000000000000888, 6.500000000000004441, -1.000000000000000000 ) ) ;
#5656 = ORIENTED_EDGE ( 'NONE', *, *, #3100, .F. ) ;
#5657 = LINE ( 'NONE', #4097, #8294 ) ;
#5658 = LINE ( 'NONE', #2444, #5051 ) ;
#5659 = CARTESIAN_POINT ( 'NONE',  ( 0.0000000000000000000, -6.500000000000002665, -1.000000000000000000 ) ) ;
#5660 =( BOUNDED_SURFACE ( )  B_SPLINE_SURFACE ( 3, 2, ( 
 ( #3994, #5937, #209 ),
 ( #7120, #2110, #3264 ),
 ( #6500, #2082, #4634 ),
 ( #5883, #3296, #241 ),
 ( #2693, #4579, #7233 ),
 ( #1403, #3938, #4019 ) ),
 .UNSPECIFIED., .F., .F., .F. ) 
 B_SPLINE_SURFACE_WITH_KNOTS ( ( 4, 2, 4 ),
 ( 3, 3 ),
 ( 0.0004134235322906896636, 0.0006140265318771398169, 0.0008146295314635900245 ),
 ( 0.0000000000000000000, 1.000000000000000000 ),
 .UNSPECIFIED. ) 
 GEOMETRIC_REPRESENTATION_ITEM ( )  RATIONAL_B_SPLINE_SURFACE ( (
 ( 1.000000000000000000, 0.7143241415874693745, 1.000000000000000000),
 ( 1.000000000000000000, 0.7190409942400893817, 1.000000000000000000),
 ( 1.000000000000000000, 0.7221383962759986286, 1.000000000000000000),
 ( 1.000000000000000000, 0.7221361990509649331, 1.000000000000000000),
 ( 1.000000000000000000, 0.7190592425212198879, 1.000000000000000000),
 ( 1.000000000000000000, 0.7143305781234035035, 1.000000000000000000) ) ) 
 REPRESENTATION_ITEM ( '' )  SURFACE ( )  );
#5661 = EDGE_CURVE ( 'NONE', #7094, #5054, #5566, .T. ) ;
#5662 = ORIENTED_EDGE ( 'NONE', *, *, #6109, .T. ) ;
#5663 = DIRECTION ( 'NONE',  ( 0.0000000000000000000, -1.000000000000000000, 0.0000000000000000000 ) ) ;
#5664 = VERTEX_POINT ( 'NONE', #6190 ) ;
#5665 = LINE ( 'NONE', #403, #3352 ) ;
#5666 = DIRECTION ( 'NONE',  ( 0.9434756357255822401, 0.0000000000000000000, 0.3314418875039912837 ) ) ;
#5667 = B_SPLINE_CURVE_WITH_KNOTS ( 'NONE', 3,
 ( #1941, #787, #7046, #5748 ),
 .UNSPECIFIED., .F., .F.,
 ( 4, 4 ),
 ( 1.430489624538199204E-17, 0.0002234572383027439509 ),
 .UNSPECIFIED. ) ;
#5668 = AXIS2_PLACEMENT_3D ( 'NONE', #2664, #183, #5912 ) ;
#5669 = CARTESIAN_POINT ( 'NONE',  ( 7.975728154850111551, 6.063106795708466557, -1.248190534232892279 ) ) ;
#5670 = DIRECTION ( 'NONE',  ( -0.0000000000000000000, -0.0000000000000000000, 1.000000000000000000 ) ) ;
#5671 = EDGE_CURVE ( 'NONE', #7790, #6225, #7495, .T. ) ;
#5672 = CARTESIAN_POINT ( 'NONE',  ( 0.0000000000000000000, 0.0000000000000000000, 0.0000000000000000000 ) ) ;
#5673 = DIRECTION ( 'NONE',  ( 1.000000000000000000, 0.0000000000000000000, 0.0000000000000000000 ) ) ;
#5674 = VECTOR ( 'NONE', #2132, 1000.000000000000000 ) ;
#5675 = VERTEX_POINT ( 'NONE', #480 ) ;
#5676 = ORIENTED_EDGE ( 'NONE', *, *, #1450, .T. ) ;
#5677 = COORDINATED_UNIVERSAL_TIME_OFFSET ( 9, 0, .AHEAD. ) ;
#5678 = CARTESIAN_POINT ( 'NONE',  ( 1.154097690616271876, -4.307151218277869731, -8.773913519132719330 ) ) ;
#5679 = FACE_OUTER_BOUND ( 'NONE', #189, .T. ) ;
#5680 = EDGE_CURVE ( 'NONE', #3238, #132, #3359, .T. ) ;
#5681 = ADVANCED_FACE ( 'NONE', ( #3254 ), #1391, .T. ) ;
#5682 = ORIENTED_EDGE ( 'NONE', *, *, #1821, .T. ) ;
#5683 = CARTESIAN_POINT ( 'NONE',  ( 5.100000000000001421, 6.000000000000003553, -1.499999999999999556 ) ) ;
#5684 = APPROVAL ( #8121, 'UNSPECIFIED' ) ;
#5685 = ORIENTED_EDGE ( 'NONE', *, *, #5935, .F. ) ;
#5686 = CARTESIAN_POINT ( 'NONE',  ( 11.16750335832604257, 5.651881824070368765, 5.462067076390606957 ) ) ;
#5687 = PERSON_AND_ORGANIZATION ( #6821, #2012 ) ;
#5688 = LINE ( 'NONE', #5770, #5282 ) ;
#5689 = ORIENTED_EDGE ( 'NONE', *, *, #6196, .F. ) ;
#5690 = DIRECTION ( 'NONE',  ( -0.0000000000000000000, -0.0000000000000000000, -1.000000000000000000 ) ) ;
#5691 = CARTESIAN_POINT ( 'NONE',  ( -12.51537831902268039, -5.918823532965495460, 1.628724515847969512 ) ) ;
#5692 = ORIENTED_EDGE ( 'NONE', *, *, #2865, .F. ) ;
#5693 = ORIENTED_EDGE ( 'NONE', *, *, #2823, .T. ) ;
#5694 = CARTESIAN_POINT ( 'NONE',  ( 4.292893218813452094, -6.148528137423857842, -0.9999999999999995559 ) ) ;
#5695 = VECTOR ( 'NONE', #6442, 1000.000000000000000 ) ;
#5696 = COORDINATED_UNIVERSAL_TIME_OFFSET ( 9, 0, .AHEAD. ) ;
#5697 = CARTESIAN_POINT ( 'NONE',  ( 0.9850620185950628160, 4.422649562967296610, -8.906808487948866926 ) ) ;
#5698 = VECTOR ( 'NONE', #7370, 1000.000000000000000 ) ;
#5699 = CARTESIAN_POINT ( 'NONE',  ( 0.0000000000000000000, 0.0000000000000000000, -7.449999999999998401 ) ) ;
#5700 = VERTEX_POINT ( 'NONE', #4236 ) ;
#5701 = EDGE_CURVE ( 'NONE', #5595, #1866, #5972, .T. ) ;
#5702 = DIRECTION ( 'NONE',  ( 0.3313969516099847246, -0.01646619573978484741, 0.9433477221372130739 ) ) ;
#5703 = VERTEX_POINT ( 'NONE', #1801 ) ;
#5704 = ORIENTED_EDGE ( 'NONE', *, *, #1056, .T. ) ;
#5705 = EDGE_CURVE ( 'NONE', #8203, #1849, #4856, .T. ) ;
#5706 = LINE ( 'NONE', #7357, #5500 ) ;
#5707 = CIRCLE ( 'NONE', #6745, 0.2000000000000000944 ) ;
#5708 = VECTOR ( 'NONE', #1078, 1000.000000000000114 ) ;
#5709 = EDGE_LOOP ( 'NONE', ( #2850, #5964, #39, #5318 ) ) ;
#5710 = ORIENTED_EDGE ( 'NONE', *, *, #4606, .F. ) ;
#5711 = VECTOR ( 'NONE', #1203, 1000.000000000000000 ) ;
#5712 = CARTESIAN_POINT ( 'NONE',  ( -4.000000000000000000, -6.500000000000002665, -1.000000000000000000 ) ) ;
#5713 = CARTESIAN_POINT ( 'NONE',  ( -8.776553001849967117, 6.649999999999997691, -2.943132368708154534 ) ) ;
#5714 = EDGE_LOOP ( 'NONE', ( #5903, #7234 ) ) ;
#5715 = EDGE_CURVE ( 'NONE', #2364, #6757, #6186, .T. ) ;
#5716 = CARTESIAN_POINT ( 'NONE',  ( -7.900000000000000355, 5.900000000000003020, -1.499999999999999556 ) ) ;
#5717 = ORIENTED_EDGE ( 'NONE', *, *, #7115, .F. ) ;
#5718 = AXIS2_PLACEMENT_3D ( 'NONE', #7553, #3713, #5649 ) ;
#5719 = CIRCLE ( 'NONE', #3504, 0.2500000000000002220 ) ;
#5720 = ORIENTED_EDGE ( 'NONE', *, *, #6404, .F. ) ;
#5721 = CARTESIAN_POINT ( 'NONE',  ( -0.9850620185950637042, 4.422649562967296610, -8.368691327002997227 ) ) ;
#5722 = AXIS2_PLACEMENT_3D ( 'NONE', #3936, #3259, #1397 ) ;
#5723 = CARTESIAN_POINT ( 'NONE',  ( 0.0000000000000000000, 0.0000000000000000000, -4.000000000000000000 ) ) ;
#5724 = DIRECTION ( 'NONE',  ( -1.000000000000000000, 0.0000000000000000000, 0.0000000000000000000 ) ) ;
#5725 = LINE ( 'NONE', #7024, #5321 ) ;
#5726 = ADVANCED_FACE ( 'NONE', ( #6281 ), #3071, .F. ) ;
#5727 = CARTESIAN_POINT ( 'NONE',  ( 8.369126042717240921, 6.342951251260767975, -1.013013667921759176 ) ) ;
#5728 = SPHERICAL_SURFACE ( 'NONE', #6332, 0.5000000000000008882 ) ;
#5729 = CARTESIAN_POINT ( 'NONE',  ( -10.90200680405427391, -5.634133462257186586, 6.478870043677131818 ) ) ;
#5730 = DIRECTION ( 'NONE',  ( -0.0000000000000000000, -0.0000000000000000000, 1.000000000000000000 ) ) ;
#5731 = EDGE_CURVE ( 'NONE', #5757, #1131, #8006, .T. ) ;
#5732 = VECTOR ( 'NONE', #8214, 1000.000000000000000 ) ;
#5733 = VERTEX_POINT ( 'NONE', #6803 ) ;
#5734 = ADVANCED_FACE ( 'NONE', ( #6384 ), #7907, .F. ) ;
#5735 = CARTESIAN_POINT ( 'NONE',  ( 8.999999999999998224, -6.500000000000002665, -0.9999999999999995559 ) ) ;
#5736 = DIRECTION ( 'NONE',  ( -1.000000000000000000, 9.637352644315598694E-16, 0.0000000000000000000 ) ) ;
#5737 = DIRECTION ( 'NONE',  ( 1.000000000000000000, 0.0000000000000000000, 0.0000000000000000000 ) ) ;
#5738 = LINE ( 'NONE', #7838, #5945 ) ;
#5739 = VERTEX_POINT ( 'NONE', #3672 ) ;
#5740 = ORIENTED_EDGE ( 'NONE', *, *, #4092, .F. ) ;
#5741 = CARTESIAN_POINT ( 'NONE',  ( -5.024271845149861804, 6.063106795708460339, -1.248190534232906490 ) ) ;
#5742 = CARTESIAN_POINT ( 'NONE',  ( -3.480684272201719054, 4.258501731506935784, -9.299999999999998934 ) ) ;
#5743 = DIRECTION ( 'NONE',  ( -0.3313969516099847246, -0.01646619573978484741, -0.9433477221372130739 ) ) ;
#5744 = FACE_OUTER_BOUND ( 'NONE', #3442, .T. ) ;
#5745 = VERTEX_POINT ( 'NONE', #5504 ) ;
#5746 = EDGE_CURVE ( 'NONE', #7506, #3001, #1279, .T. ) ;
#5747 = CARTESIAN_POINT ( 'NONE',  ( -7.750000000000000000, -6.250000000000004441, -3.000000000000000000 ) ) ;
#5748 = CARTESIAN_POINT ( 'NONE',  ( 11.06938308350911271, -5.549999999999998934, 6.344798257002013386 ) ) ;
#5749 = ORIENTED_EDGE ( 'NONE', *, *, #4431, .T. ) ;
#5750 = CARTESIAN_POINT ( 'NONE',  ( -3.723446998150033771, -6.650000000000001243, -2.943132368708153201 ) ) ;
#5751 = CIRCLE ( 'NONE', #1353, 0.2249999999999999500 ) ;
#5752 = EDGE_CURVE ( 'NONE', #7766, #6696, #6882, .T. ) ;
#5753 = CARTESIAN_POINT ( 'NONE',  ( -1.143638674689041235, 4.507270166027772085, -8.357547926751054845 ) ) ;
#5754 = FACE_OUTER_BOUND ( 'NONE', #2619, .T. ) ;
#5755 = EDGE_CURVE ( 'NONE', #132, #6130, #2972, .T. ) ;
#5756 = VERTEX_POINT ( 'NONE', #1910 ) ;
#5757 = VERTEX_POINT ( 'NONE', #5729 ) ;
#5758 = LINE ( 'NONE', #2873, #5872 ) ;
#5759 = DIRECTION ( 'NONE',  ( 0.01745240643728354635, -1.220770127380827502E-18, 0.9998476951563911586 ) ) ;
#5760 = PLANE ( 'NONE',  #2137 ) ;
#5761 = AXIS2_PLACEMENT_3D ( 'NONE', #7459, #6076, #2242 ) ;
#5762 = MANIFOLD_SOLID_BREP ( 'Boss-Extrude9', #1320 ) ;
#5763 = DIRECTION ( 'NONE',  ( 0.0000000000000000000, 0.0000000000000000000, -1.000000000000000000 ) ) ;
#5764 = AXIS2_PLACEMENT_3D ( 'NONE', #7066, #3222, #3863 ) ;
#5765 = ADVANCED_FACE ( 'NONE', ( #6578 ), #7458, .F. ) ;
#5766 = CARTESIAN_POINT ( 'NONE',  ( 12.21691390352229689, 5.199290071243832578, 1.021918772688417354 ) ) ;
#5767 = CARTESIAN_POINT ( 'NONE',  ( -8.215100944225541824, -6.257251610733415959, -2.999365566268523686 ) ) ;
#5768 =( GEOMETRIC_REPRESENTATION_CONTEXT ( 3 ) GLOBAL_UNCERTAINTY_ASSIGNED_CONTEXT ( ( #4057 ) ) GLOBAL_UNIT_ASSIGNED_CONTEXT ( ( #8008, #1047, #3569 ) ) REPRESENTATION_CONTEXT ( 'NONE', 'WORKASPACE' ) );
#5769 = FACE_OUTER_BOUND ( 'NONE', #7992, .T. ) ;
#5770 = CARTESIAN_POINT ( 'NONE',  ( 12.40000000000000391, 5.000000000000000000, 500000.0000000000582 ) ) ;
#5771 = PLANE ( 'NONE',  #5070 ) ;
#5772 = ORIENTED_EDGE ( 'NONE', *, *, #6647, .T. ) ;
#5773 = DIRECTION ( 'NONE',  ( -6.814637407481674669E-16, -6.814637407481651989E-16, 1.000000000000000000 ) ) ;
#5774 = VECTOR ( 'NONE', #180, 1000.000000000000000 ) ;
#5775 = ADVANCED_FACE ( 'NONE', ( #1081 ), #1265, .F. ) ;
#5776 = AXIS2_PLACEMENT_3D ( 'NONE', #6129, #4726, #934 ) ;
#5777 = CARTESIAN_POINT ( 'NONE',  ( 4.001277141293966721, 6.185714285714285054, -2.983752105345187644 ) ) ;
#5778 = AXIS2_PLACEMENT_3D ( 'NONE', #1641, #1613, #4790 ) ;
#5779 = EDGE_CURVE ( 'NONE', #5340, #8194, #1489, .T. ) ;
#5780 = DIRECTION ( 'NONE',  ( 0.0000000000000000000, 0.01745240643727676358, 0.9998476951563913806 ) ) ;
#5781 = CARTESIAN_POINT ( 'NONE',  ( 4.500000000000000888, -5.900000000000001243, -1.499999999999999556 ) ) ;
#5782 = VERTEX_POINT ( 'NONE', #4404 ) ;
#5783 = CARTESIAN_POINT ( 'NONE',  ( -1.013323155338314185, 4.538245936797077995, -8.299999999999998934 ) ) ;
#5784 = COORDINATED_UNIVERSAL_TIME_OFFSET ( 9, 0, .AHEAD. ) ;
#5785 = FACE_OUTER_BOUND ( 'NONE', #4214, .T. ) ;
#5786 = ORIENTED_EDGE ( 'NONE', *, *, #1276, .T. ) ;
#5787 = ORIENTED_EDGE ( 'NONE', *, *, #346, .F. ) ;
#5788 = DIRECTION ( 'NONE',  ( -1.000000000000000000, 0.0000000000000000000, 0.0000000000000000000 ) ) ;
#5789 = CARTESIAN_POINT ( 'NONE',  ( -12.39999999999999680, 5.000000000000001776, 1.000000000090040420 ) ) ;
#5790 = DIRECTION ( 'NONE',  ( -0.01745240643727698909, 0.0000000000000000000, 0.9998476951563912696 ) ) ;
#5791 = EDGE_CURVE ( 'NONE', #4438, #4981, #7701, .T. ) ;
#5792 = LOCAL_TIME ( 8, 25, 54.00000000000000000, #8137 ) ;
#5793 = LINE ( 'NONE', #4422, #7518 ) ;
#5794 = DIRECTION ( 'NONE',  ( 0.0000000000000000000, 0.9961946980917461003, -0.08715574274765111595 ) ) ;
#5795 = CARTESIAN_POINT ( 'NONE',  ( -10.93142588574140994, -5.549999999999998934, 6.545662011518390777 ) ) ;
#5796 = DIRECTION ( 'NONE',  ( 0.006377395874619982453, -0.9998148677100332504, -0.01815376346180244682 ) ) ;
#5797 = ORIENTED_EDGE ( 'NONE', *, *, #8238, .F. ) ;
#5798 = ORIENTED_EDGE ( 'NONE', *, *, #3051, .F. ) ;
#5799 = ORIENTED_EDGE ( 'NONE', *, *, #2197, .T. ) ;
#5800 = DIRECTION ( 'NONE',  ( 1.000000000000000000, 0.0000000000000000000, 0.0000000000000000000 ) ) ;
#5801 = ORIENTED_EDGE ( 'NONE', *, *, #7049, .T. ) ;
#5802 = CYLINDRICAL_SURFACE ( 'NONE', #1344, 0.1000000000000002554 ) ;
#5804 = DIRECTION ( 'NONE',  ( -0.0000000000000000000, -0.0000000000000000000, 1.000000000000000000 ) ) ;
#5803 = CALENDAR_DATE ( 2019, 1, 8 ) ;
#5805 = CARTESIAN_POINT ( 'NONE',  ( -10.90236529170286595, -5.578044450885012218, 6.477851548796630610 ) ) ;
#5806 = VECTOR ( 'NONE', #1660, 1000.000000000000000 ) ;
#5807 = DIRECTION ( 'NONE',  ( -1.000000000000000000, 0.0000000000000000000, 0.0000000000000000000 ) ) ;
#5808 = ORIENTED_EDGE ( 'NONE', *, *, #2126, .F. ) ;
#5809 = CARTESIAN_POINT ( 'NONE',  ( -12.94999238359780769, -5.549999999999998934, -1.000000000000000000 ) ) ;
#5810 = ORIENTED_EDGE ( 'NONE', *, *, #1179, .F. ) ;
#5811 = CIRCLE ( 'NONE', #3152, 0.2000000000000002609 ) ;
#5812 = CARTESIAN_POINT ( 'NONE',  ( 12.30000000000000071, -5.099999999999997868, -1.000000000000000000 ) ) ;
#5813 = CARTESIAN_POINT ( 'NONE',  ( 12.30000000000000071, -5.099999999999997868, 0.5000000000000000000 ) ) ;
#5814 = EDGE_CURVE ( 'NONE', #4278, #5184, #2667, .T. ) ;
#5815 = ORIENTED_EDGE ( 'NONE', *, *, #3240, .F. ) ;
#5816 = ORIENTED_EDGE ( 'NONE', *, *, #3025, .F. ) ;
#5817 = CARTESIAN_POINT ( 'NONE',  ( 13.00000000000000000, 6.000000000000000000, -1.000000000000000000 ) ) ;
#5818 = VECTOR ( 'NONE', #5342, 1000.000000000000000 ) ;
#5819 = ORIENTED_EDGE ( 'NONE', *, *, #6927, .T. ) ;
#5820 = ADVANCED_FACE ( 'NONE', ( #6782 ), #5062, .T. ) ;
#5821 = CARTESIAN_POINT ( 'NONE',  ( 8.854458128769534753, -6.354458128769404190, -1.016452607790661489 ) ) ;
#5822 = DIRECTION ( 'NONE',  ( 1.000000000000000000, 0.0000000000000000000, 0.0000000000000000000 ) ) ;
#5823 = CARTESIAN_POINT ( 'NONE',  ( 1.049421838954780029, 4.530185634976678699, -8.300000000000000711 ) ) ;
#5824 = CARTESIAN_POINT ( 'NONE',  ( -0.9670890758901478090, 4.348765769651652846, -8.637749907475930300 ) ) ;
#5825 = EDGE_CURVE ( 'NONE', #146, #7391, #3067, .T. ) ;
#5826 = ADVANCED_FACE ( 'NONE', ( #5769 ), #8262, .F. ) ;
#5827 = ORIENTED_EDGE ( 'NONE', *, *, #60, .T. ) ;
#5828 = ORIENTED_EDGE ( 'NONE', *, *, #346, .T. ) ;
#5829 = PLANE ( 'NONE',  #1497 ) ;
#5830 = DIRECTION ( 'NONE',  ( 1.000000000000000000, 0.0000000000000000000, 0.0000000000000000000 ) ) ;
#5831 = LINE ( 'NONE', #505, #7336 ) ;
#5832 = DIRECTION ( 'NONE',  ( 1.299119384541364068E-16, -1.000000000000000000, 0.0000000000000000000 ) ) ;
#5833 = CARTESIAN_POINT ( 'NONE',  ( -9.818198051533924442, 9.181801948466064900, -7.449999999999999289 ) ) ;
#5834 = VECTOR ( 'NONE', #4302, 1000.000000000000000 ) ;
#5835 = AXIS2_PLACEMENT_3D ( 'NONE', #6922, #1075, #5561 ) ;
#5836 = DIRECTION ( 'NONE',  ( 0.0000000000000000000, 0.2229098465715041166, -0.9748390637953878723 ) ) ;
#5837 = CARTESIAN_POINT ( 'NONE',  ( -8.500000000000000000, -5.100000000000000533, -1.000000000000000888 ) ) ;
#5838 = EDGE_LOOP ( 'NONE', ( #4433, #1909, #2879, #2842 ) ) ;
#5839 = EDGE_CURVE ( 'NONE', #1343, #3970, #4058, .T. ) ;
#5840 = EDGE_LOOP ( 'NONE', ( #1442, #5693, #2967 ) ) ;
#5841 = B_SPLINE_CURVE_WITH_KNOTS ( 'NONE', 3,
 ( #4715, #348, #970, #6081 ),
 .UNSPECIFIED., .F., .F.,
 ( 4, 4 ),
 ( 0.0000000000000000000, 0.0002234572383027317807 ),
 .UNSPECIFIED. ) ;
#5842 = DIRECTION ( 'NONE',  ( -0.0000000000000000000, -0.0000000000000000000, 1.000000000000000000 ) ) ;
#5843 = VECTOR ( 'NONE', #2836, 1000.000000000000000 ) ;
#5844 = DIRECTION ( 'NONE',  ( 1.367044011388619024E-16, 1.000000000000000000, -3.891399265864331642E-16 ) ) ;
#5845 = VERTEX_POINT ( 'NONE', #8283 ) ;
#5846 = CARTESIAN_POINT ( 'NONE',  ( -5.250000000000000000, 5.964708090068001844, -1.000000000000000000 ) ) ;
#5847 = VERTEX_POINT ( 'NONE', #4345 ) ;
#5848 = ORIENTED_EDGE ( 'NONE', *, *, #7723, .F. ) ;
#5849 = EDGE_CURVE ( 'NONE', #1964, #4993, #6678, .T. ) ;
#5850 = FACE_OUTER_BOUND ( 'NONE', #2684, .T. ) ;
#5851 = CC_DESIGN_PERSON_AND_ORGANIZATION_ASSIGNMENT ( #6701, #7515, ( #5094 ) ) ;
#5853 = VERTEX_POINT ( 'NONE', #1292 ) ;
#5852 = CARTESIAN_POINT ( 'NONE',  ( 8.499999999999998224, -5.900000000090893870, -1.434538370960579012 ) ) ;
#5854 = CARTESIAN_POINT ( 'NONE',  ( -10.90238231482092779, -5.575381013731838031, 6.477803184625606114 ) ) ;
#5855 = CARTESIAN_POINT ( 'NONE',  ( 12.30000000000000071, -5.099999999999997868, -1.000000000000000000 ) ) ;
#5856 = DIRECTION ( 'NONE',  ( 0.0000000000000000000, 0.0000000000000000000, -1.000000000000000000 ) ) ;
#5857 = CARTESIAN_POINT ( 'NONE',  ( -4.001277141293966721, 6.185714285714285054, -2.983752105345186756 ) ) ;
#5858 = ORIENTED_EDGE ( 'NONE', *, *, #4133, .T. ) ;
#5859 = LINE ( 'NONE', #1209, #4941 ) ;
#5860 = CARTESIAN_POINT ( 'NONE',  ( 4.000000000000000000, -6.500000000000002665, -1.000000000000000000 ) ) ;
#5861 = ORIENTED_EDGE ( 'NONE', *, *, #1952, .F. ) ;
#5862 = CARTESIAN_POINT ( 'NONE',  ( -12.94999238359780946, -1.682358613519494094E-15, -1.000000000000000000 ) ) ;
#5863 = CARTESIAN_POINT ( 'NONE',  ( 4.600000000000000533, -6.000000000000002665, -1.500000000000000000 ) ) ;
#5864 = VERTEX_POINT ( 'NONE', #3760 ) ;
#5865 = LINE ( 'NONE', #7814, #5253 ) ;
#5866 = PLANE ( 'NONE',  #4844 ) ;
#5867 = VECTOR ( 'NONE', #3660, 1000.000000000000000 ) ;
#5868 = EDGE_CURVE ( 'NONE', #7071, #89, #5163, .T. ) ;
#5869 = DIRECTION ( 'NONE',  ( 1.000000000000000000, 1.445602896647339163E-16, -0.0000000000000000000 ) ) ;
#5870 = ORIENTED_EDGE ( 'NONE', *, *, #486, .F. ) ;
#5871 = CARTESIAN_POINT ( 'NONE',  ( 3.080005782477226006, -3.645691207426494884, -1.471169911671835973 ) ) ;
#5872 = VECTOR ( 'NONE', #4983, 1000.000000000000000 ) ;
#5873 = EDGE_CURVE ( 'NONE', #2138, #4759, #4696, .T. ) ;
#5874 = CARTESIAN_POINT ( 'NONE',  ( 8.544694633535284467, -6.044694633535322659, -1.282502095618254900 ) ) ;
#5875 = DIRECTION ( 'NONE',  ( 0.0000000000000000000, 0.0000000000000000000, -1.000000000000000000 ) ) ;
#5876 = CARTESIAN_POINT ( 'NONE',  ( 12.69999999999999929, -11.92622972452171659, 1.000000000000000000 ) ) ;
#5877 = AXIS2_PLACEMENT_3D ( 'NONE', #1053, #4270, #4186 ) ;
#5878 = LINE ( 'NONE', #2105, #5674 ) ;
#5879 = AXIS2_PLACEMENT_3D ( 'NONE', #3973, #193, #107 ) ;
#5880 = CARTESIAN_POINT ( 'NONE',  ( 11.06938308350912337, 5.549999999999998934, 6.344798257001983188 ) ) ;
#5881 = CARTESIAN_POINT ( 'NONE',  ( -12.71400762708950261, 5.549999999999998934, 1.059819946095849730 ) ) ;
#5882 = VERTEX_POINT ( 'NONE', #3818 ) ;
#5883 = CARTESIAN_POINT ( 'NONE',  ( -0.9670956450635145307, 4.348792752600318501, -8.498491966246994878 ) ) ;
#5884 = AXIS2_PLACEMENT_3D ( 'NONE', #4609, #3220, #7728 ) ;
#5885 = ORIENTED_EDGE ( 'NONE', *, *, #7186, .T. ) ;
#5886 = CARTESIAN_POINT ( 'NONE',  ( 3.623381032789608547, -2.752019238889966246, 0.7199999999999999734 ) ) ;
#5887 = LINE ( 'NONE', #1493, #3266 ) ;
#5888 = DIRECTION ( 'NONE',  ( 0.0000000000000000000, 0.0000000000000000000, -1.000000000000000000 ) ) ;
#5889 = CARTESIAN_POINT ( 'NONE',  ( -10.90218604790531920, -5.606088938309209624, 6.478360796161401147 ) ) ;
#5890 = ORIENTED_EDGE ( 'NONE', *, *, #889, .F. ) ;
#5891 = ORIENTED_EDGE ( 'NONE', *, *, #2197, .F. ) ;
#5892 = DIRECTION ( 'NONE',  ( -0.9434756357255816850, 0.0000000000000000000, -0.3314418875039927825 ) ) ;
#5893 = B_SPLINE_CURVE_WITH_KNOTS ( 'NONE', 3,
 ( #3893, #5218, #4528, #6507 ),
 .UNSPECIFIED., .F., .F.,
 ( 4, 4 ),
 ( 0.0004121439919903413388, 0.0008234787390798115579 ),
 .UNSPECIFIED. ) ;
#5894 = LOCAL_TIME ( 8, 25, 54.00000000000000000, #3576 ) ;
#5895 = AXIS2_PLACEMENT_3D ( 'NONE', #2172, #4751, #1550 ) ;
#5896 = CARTESIAN_POINT ( 'NONE',  ( -4.851471862576143934, 6.207106781186551459, -0.9999999999999997780 ) ) ;
#5897 = CIRCLE ( 'NONE', #3823, 0.09999999999999939493 ) ;
#5898 = ORIENTED_EDGE ( 'NONE', *, *, #7447, .F. ) ;
#5899 = EDGE_CURVE ( 'NONE', #3350, #7200, #3864, .T. ) ;
#5900 = ORIENTED_EDGE ( 'NONE', *, *, #7583, .F. ) ;
#5901 = EDGE_LOOP ( 'NONE', ( #1605, #3843, #6385, #8257 ) ) ;
#5902 = DIRECTION ( 'NONE',  ( -5.399676883299360003E-18, -0.03237209870275840201, 0.9994758862651860198 ) ) ;
#5903 = ORIENTED_EDGE ( 'NONE', *, *, #3494, .T. ) ;
#5904 = FACE_OUTER_BOUND ( 'NONE', #7417, .T. ) ;
#5905 = LINE ( 'NONE', #988, #3010 ) ;
#5906 = ORIENTED_EDGE ( 'NONE', *, *, #7563, .F. ) ;
#5907 = ORIENTED_EDGE ( 'NONE', *, *, #1914, .F. ) ;
#5908 = CARTESIAN_POINT ( 'NONE',  ( 10.90219455946610694, 5.604757217971230610, 6.478336614068853194 ) ) ;
#5909 = EDGE_LOOP ( 'NONE', ( #3836, #4458, #7658, #7315 ) ) ;
#5910 = EDGE_CURVE ( 'NONE', #1210, #2920, #503, .T. ) ;
#5911 = ADVANCED_FACE ( 'NONE', ( #685 ), #899, .F. ) ;
#5912 = DIRECTION ( 'NONE',  ( -1.000000000000000000, 0.0000000000000000000, 0.0000000000000000000 ) ) ;
#5913 = LINE ( 'NONE', #6508, #1822 ) ;
#5914 = DIRECTION ( 'NONE',  ( -0.0000000000000000000, 1.000000000000000000, -0.0000000000000000000 ) ) ;
#5915 = FACE_OUTER_BOUND ( 'NONE', #7808, .T. ) ;
#5916 = ORIENTED_EDGE ( 'NONE', *, *, #6686, .T. ) ;
#5917 = VERTEX_POINT ( 'NONE', #5272 ) ;
#5918 = VECTOR ( 'NONE', #2252, 1000.000000000000000 ) ;
#5919 = SHAPE_REPRESENTATION ( 'Horizontally wide_TOP', ( #603 ), #5768 ) ;
#5920 = EDGE_LOOP ( 'NONE', ( #113, #493, #4915 ) ) ;
#5921 = DIRECTION ( 'NONE',  ( -0.0000000000000000000, -0.0000000000000000000, -1.000000000000000000 ) ) ;
#5922 = DIRECTION ( 'NONE',  ( 0.01745240643728354635, -1.220770127380827502E-18, 0.9998476951563911586 ) ) ;
#5923 = CARTESIAN_POINT ( 'NONE',  ( -3.590811685924654828, 2.954415582856773526, -7.449999999999999289 ) ) ;
#5924 = ORIENTED_EDGE ( 'NONE', *, *, #2592, .T. ) ;
#5925 = VECTOR ( 'NONE', #3189, 1000.000000000000000 ) ;
#5926 = DIRECTION ( 'NONE',  ( 1.000000000000000000, 0.0000000000000000000, 0.0000000000000000000 ) ) ;
#5927 = CARTESIAN_POINT ( 'NONE',  ( 8.500000000000000000, 0.0000000000000000000, -1.000000000000000000 ) ) ;
#5928 = VERTEX_POINT ( 'NONE', #825 ) ;
#5929 = EDGE_CURVE ( 'NONE', #1725, #2466, #6075, .T. ) ;
#5930 = CARTESIAN_POINT ( 'NONE',  ( 0.9670890758901478090, -4.348765769651652846, -8.500345869332161186 ) ) ;
#5931 = AXIS2_PLACEMENT_3D ( 'NONE', #6432, #740, #5192 ) ;
#5932 = LINE ( 'NONE', #5152, #7961 ) ;
#5933 = ORIENTED_EDGE ( 'NONE', *, *, #7888, .T. ) ;
#5934 = CARTESIAN_POINT ( 'NONE',  ( 10.90200680405429523, 5.634133462257180369, 6.478870043677106061 ) ) ;
#5935 = EDGE_CURVE ( 'NONE', #4009, #6739, #4353, .T. ) ;
#5936 = CARTESIAN_POINT ( 'NONE',  ( -12.99999999999999822, -6.000000000000000000, -3.000000000000000000 ) ) ;
#5937 = CARTESIAN_POINT ( 'NONE',  ( -1.204205439236511799, 4.494155881981445333, -8.974747420690817989 ) ) ;
#5938 = VECTOR ( 'NONE', #2075, 1000.000000000000000 ) ;
#5939 = VERTEX_POINT ( 'NONE', #7945 ) ;
#5940 = DIRECTION ( 'NONE',  ( -0.3314418875039927825, 0.0000000000000000000, 0.9434756357255816850 ) ) ;
#5941 = CARTESIAN_POINT ( 'NONE',  ( 5.100000000000001421, 5.900000000000003020, -9.299999999999998934 ) ) ;
#5942 = AXIS2_PLACEMENT_3D ( 'NONE', #7799, #139, #1408 ) ;
#5943 = CARTESIAN_POINT ( 'NONE',  ( 0.0000000000000000000, -6.349999999999999645, 0.0000000000000000000 ) ) ;
#5944 = EDGE_CURVE ( 'NONE', #6828, #5549, #7275, .T. ) ;
#5945 = VECTOR ( 'NONE', #99, 1000.000000000000000 ) ;
#5946 = ADVANCED_FACE ( 'NONE', ( #3555 ), #7709, .T. ) ;
#5947 = CARTESIAN_POINT ( 'NONE',  ( 1.165222568905546874, -4.501662098138929480, -8.388631189007860200 ) ) ;
#5948 = ORIENTED_EDGE ( 'NONE', *, *, #112, .T. ) ;
#5949 = ADVANCED_FACE ( 'NONE', ( #201 ), #3844, .T. ) ;
#5950 = CARTESIAN_POINT ( 'NONE',  ( 13.00102500000000205, -6.000000000000000000, -3.000000000000000000 ) ) ;
#5951 = CARTESIAN_POINT ( 'NONE',  ( 12.40000000000000036, -5.117157287525381903, 1.000000000090039975 ) ) ;
#5952 = VECTOR ( 'NONE', #2494, 1000.000000000000000 ) ;
#5953 = CARTESIAN_POINT ( 'NONE',  ( 0.9670890758901478090, -4.348765769651652846, -8.637749907475930300 ) ) ;
#5954 = EDGE_LOOP ( 'NONE', ( #6403, #7717, #4504 ) ) ;
#5955 = EDGE_CURVE ( 'NONE', #5939, #2616, #1484, .T. ) ;
#5956 = FACE_OUTER_BOUND ( 'NONE', #7562, .T. ) ;
#5957 = CARTESIAN_POINT ( 'NONE',  ( 0.0000000000000000000, 6.000000000000003553, -3.000000000000000000 ) ) ;
#5958 = CARTESIAN_POINT ( 'NONE',  ( -9.000000000000000000, -5.100000000000000533, -1.000000000000000000 ) ) ;
#5959 = VECTOR ( 'NONE', #6262, 1000.000000000000000 ) ;
#5960 = CARTESIAN_POINT ( 'NONE',  ( 10.90200680405414779, 5.634133462277614690, 6.478870043677477319 ) ) ;
#5961 = CARTESIAN_POINT ( 'NONE',  ( 12.33138123149502974, 5.152280081095333308, 2.049302577827158967 ) ) ;
#5962 = DIRECTION ( 'NONE',  ( 0.01744974916068268642, 0.01744974916067593834, -0.9996954598818875715 ) ) ;
#5963 = CARTESIAN_POINT ( 'NONE',  ( -4.802365194784653291, -5.700000000000001954, -4.000000000000000000 ) ) ;
#5964 = ORIENTED_EDGE ( 'NONE', *, *, #4356, .T. ) ;
#5965 = ORIENTED_EDGE ( 'NONE', *, *, #1636, .T. ) ;
#5966 = ORIENTED_EDGE ( 'NONE', *, *, #4403, .T. ) ;
#5967 = CIRCLE ( 'NONE', #2192, 0.2250000000000000333 ) ;
#5968 = DIRECTION ( 'NONE',  ( 0.0000000000000000000, 0.0000000000000000000, -1.000000000000000000 ) ) ;
#5969 = CARTESIAN_POINT ( 'NONE',  ( -4.500000000000000888, -5.900000000000001243, -1.499999999999999556 ) ) ;
#5970 = EDGE_CURVE ( 'NONE', #5939, #5123, #1779, .T. ) ;
#5971 = CARTESIAN_POINT ( 'NONE',  ( 1.163712062509606904, -4.502053510331901265, -8.889236430752722740 ) ) ;
#5972 = LINE ( 'NONE', #3620, #4657 ) ;
#5973 = DIRECTION ( 'NONE',  ( 0.0000000000000000000, -1.000000000000000000, 0.0000000000000000000 ) ) ;
#5974 = ORIENTED_EDGE ( 'NONE', *, *, #4619, .T. ) ;
#5975 = DIRECTION ( 'NONE',  ( -0.01744974916067617079, 0.01744974916067593834, 0.9996954598818876825 ) ) ;
#5976 = CIRCLE ( 'NONE', #5400, 4.549999999999999822 ) ;
#5977 = EDGE_CURVE ( 'NONE', #8059, #5853, #5463, .T. ) ;
#5978 = ADVANCED_FACE ( 'NONE', ( #2365 ), #7272, .T. ) ;
#5979 = ORIENTED_EDGE ( 'NONE', *, *, #967, .F. ) ;
#5980 = CARTESIAN_POINT ( 'NONE',  ( 0.0000000000000000000, 0.0000000000000000000, -8.637749907475930300 ) ) ;
#5981 = DIRECTION ( 'NONE',  ( 0.3314418875039929491, 0.0000000000000000000, 0.9434756357255815740 ) ) ;
#5982 = CARTESIAN_POINT ( 'NONE',  ( 0.0000000000000000000, 5.699999999999998401, -4.000000000000000000 ) ) ;
#5983 = AXIS2_PLACEMENT_3D ( 'NONE', #2018, #3866, #1351 ) ;
#5984 = PERSON_AND_ORGANIZATION ( #6821, #2012 ) ;
#5985 = CARTESIAN_POINT ( 'NONE',  ( 12.86716967662983713, -5.964708090068001844, -1.000000000000000000 ) ) ;
#5986 = VECTOR ( 'NONE', #4197, 1000.000000000000000 ) ;
#5987 = CARTESIAN_POINT ( 'NONE',  ( 8.250000000000000000, -5.200000000000000178, -1.000000000000000000 ) ) ;
#5988 = CARTESIAN_POINT ( 'NONE',  ( -8.197634805215347598, -6.000000000000000000, -4.000000000000000000 ) ) ;
#5989 = AXIS2_PLACEMENT_3D ( 'NONE', #5876, #3963, #3372 ) ;
#5990 = EDGE_LOOP ( 'NONE', ( #7524, #5276, #631, #917 ) ) ;
#5991 = ORIENTED_EDGE ( 'NONE', *, *, #5929, .T. ) ;
#5992 = DIRECTION ( 'NONE',  ( 0.9998476951563913806, 0.0000000000000000000, -0.01745240643727653460 ) ) ;
#5993 = CALENDAR_DATE ( 2019, 1, 8 ) ;
#5994 = DIRECTION ( 'NONE',  ( -2.168404344971008079E-15, 1.000000000000000000, -0.0000000000000000000 ) ) ;
#5995 = LINE ( 'NONE', #7485, #6402 ) ;
#5996 = CARTESIAN_POINT ( 'NONE',  ( 1.084334294628967355, -4.521902055790078201, -8.963204230150633833 ) ) ;
#5997 = VERTEX_POINT ( 'NONE', #877 ) ;
#5998 = ORIENTED_EDGE ( 'NONE', *, *, #5548, .T. ) ;
#5999 = B_SPLINE_CURVE_WITH_KNOTS ( 'NONE', 3,
 ( #5465, #4226, #3586, #442, #7480, #3611, #1794, #499 ),
 .UNSPECIFIED., .F., .F.,
 ( 4, 2, 2, 4 ),
 ( 0.0003462086561943850463, 0.0005087767285255261019, 0.0005900607646910971176, 0.0006713448008566682418 ),
 .UNSPECIFIED. ) ;
#6000 = AXIS2_PLACEMENT_3D ( 'NONE', #985, #4853, #392 ) ;
#6001 = VECTOR ( 'NONE', #2116, 1000.000000000000227 ) ;
#6002 = CARTESIAN_POINT ( 'NONE',  ( -8.500000000000000000, 6.649999999999997691, -1.000000000000000000 ) ) ;
#6003 = EDGE_CURVE ( 'NONE', #8157, #4278, #5159, .T. ) ;
#6004 = APPROVAL_DATE_TIME ( #2401, #5684 ) ;
#6005 = DIRECTION ( 'NONE',  ( 1.445602896647339163E-16, -1.000000000000000000, 0.0000000000000000000 ) ) ;
#6006 = LINE ( 'NONE', #2266, #1818 ) ;
#6007 = ORIENTED_EDGE ( 'NONE', *, *, #175, .T. ) ;
#6008 = DIRECTION ( 'NONE',  ( -0.0000000000000000000, 1.000000000000000000, 0.0000000000000000000 ) ) ;
#6009 = CC_DESIGN_DATE_AND_TIME_ASSIGNMENT ( #622, #3104, ( #5143 ) ) ;
#6010 = PLANE ( 'NONE',  #3186 ) ;
#6011 = ORIENTED_EDGE ( 'NONE', *, *, #1299, .F. ) ;
#6012 = DIRECTION ( 'NONE',  ( -0.9998476951563913806, 1.298921522366672680E-16, -0.01745240643727699950 ) ) ;
#6013 = ORIENTED_EDGE ( 'NONE', *, *, #6562, .T. ) ;
#6014 = CARTESIAN_POINT ( 'NONE',  ( 12.39999999999999858, -5.118034671099020549, 1.000000000090040420 ) ) ;
#6015 = DIRECTION ( 'NONE',  ( 0.3313969516099847801, 0.01646619573978484741, -0.9433477221372130739 ) ) ;
#6016 = CARTESIAN_POINT ( 'NONE',  ( 5.000000000000000888, 5.100000000000004086, -1.000000000000000888 ) ) ;
#6017 = FACE_OUTER_BOUND ( 'NONE', #2060, .T. ) ;
#6018 = CARTESIAN_POINT ( 'NONE',  ( -12.79999999999999716, -6.000000000000000000, -3.000000000000000000 ) ) ;
#6019 = ORIENTED_EDGE ( 'NONE', *, *, #3133, .T. ) ;
#6020 =( BOUNDED_SURFACE ( )  B_SPLINE_SURFACE ( 3, 2, ( 
 ( #4990, #5047, #3 ),
 ( #606, #1207, #5071 ),
 ( #5727, #6379, #3704 ),
 ( #5640, #7677, #2534 ),
 ( #6293, #3096, #1235 ),
 ( #3814, #6327, #7595 ),
 ( #657, #2478, #5669 ),
 ( #7621, #8261, #1850 ),
 ( #6969, #2023, #4596 ),
 ( #6429, #1446, #4562 ) ),
 .UNSPECIFIED., .F., .F., .F. ) 
 B_SPLINE_SURFACE_WITH_KNOTS ( ( 4, 2, 2, 2, 4 ),
 ( 3, 3 ),
 ( 1.570796326794896558, 1.963495408493620697, 2.356194490192344837, 2.748893571891068976, 3.141592653589793116 ),
 ( 0.0000000000000000000, 1.000000000000000000 ),
 .UNSPECIFIED. ) 
 GEOMETRIC_REPRESENTATION_ITEM ( )  RATIONAL_B_SPLINE_SURFACE ( (
 ( 1.000000000000000000, 1.000000000000000000, 1.000000000000000000),
 ( 1.000000000000000000, 1.000158593443196464, 1.000000000000000000),
 ( 1.000000000000000000, 0.9867291723804720860, 1.000000000000000000),
 ( 1.000000000000000000, 0.9386556673818400309, 1.000000000000000000),
 ( 1.000000000000000000, 0.9038128477757444434, 1.000000000000000000),
 ( 1.000000000000000000, 0.8282379597931300852, 1.000000000000000000),
 ( 1.000000000000000000, 0.7876784551908471155, 1.000000000000000000),
 ( 1.000000000000000000, 0.7265517845063578228, 1.000000000000000000),
 ( 1.000000000000000000, 0.7066757228338764740, 1.000000000000000000),
 ( 1.000000000000000000, 0.7071067811865444641, 1.000000000000000000) ) ) 
 REPRESENTATION_ITEM ( '' )  SURFACE ( )  );
#6021 = CARTESIAN_POINT ( 'NONE',  ( 12.25817994414856038, -5.191376790936524266, 1.266238207148567829 ) ) ;
#6022 = DIRECTION ( 'NONE',  ( 1.000000000000000000, 0.0000000000000000000, 0.0000000000000000000 ) ) ;
#6023 = DIRECTION ( 'NONE',  ( -1.000000000000000000, -1.057758217059028608E-16, 0.0000000000000000000 ) ) ;
#6024 = SPHERICAL_SURFACE ( 'NONE', #379, 0.2000000000000000111 ) ;
#6025 = CARTESIAN_POINT ( 'NONE',  ( 9.603470755691904076E-16, 2.540000000000000036, -5.500000000000000000 ) ) ;
#6026 = EDGE_CURVE ( 'NONE', #3026, #2933, #5967, .T. ) ;
#6027 = ORIENTED_EDGE ( 'NONE', *, *, #6798, .T. ) ;
#6028 = ORIENTED_EDGE ( 'NONE', *, *, #1491, .T. ) ;
#6029 = ADVANCED_FACE ( 'NONE', ( #3646 ), #8211, .F. ) ;
#6030 = EDGE_CURVE ( 'NONE', #8155, #4036, #4865, .T. ) ;
#6031 = DIRECTION ( 'NONE',  ( 6.994852725712932707E-17, 1.000000000000000000, 0.0000000000000000000 ) ) ;
#6032 = DIRECTION ( 'NONE',  ( -1.000000000000000000, 0.0000000000000000000, 0.0000000000000000000 ) ) ;
#6033 = EDGE_CURVE ( 'NONE', #2128, #743, #7900, .T. ) ;
#6034 = VECTOR ( 'NONE', #6954, 1000.000000000000114 ) ;
#6035 = CARTESIAN_POINT ( 'NONE',  ( 0.0000000000000000000, -36.01245134318352115, -93.32859967641932997 ) ) ;
#6036 = ORIENTED_EDGE ( 'NONE', *, *, #2909, .F. ) ;
#6037 = CARTESIAN_POINT ( 'NONE',  ( -12.91397716612077851, -5.549999999999998934, 1.063310427383307610 ) ) ;
#6038 = CARTESIAN_POINT ( 'NONE',  ( 5.000000000000000000, 5.900000000090929397, -1.434538370960580345 ) ) ;
#6039 = CARTESIAN_POINT ( 'NONE',  ( -12.21698782635170133, 5.199283801744763345, 1.022112340485155979 ) ) ;
#6040 = FACE_OUTER_BOUND ( 'NONE', #773, .T. ) ;
#6041 = CARTESIAN_POINT ( 'NONE',  ( 40.76541555679221318, 0.0000000000000000000, -78.37915718709906798 ) ) ;
#6042 = ORIENTED_EDGE ( 'NONE', *, *, #1410, .T. ) ;
#6043 = DIRECTION ( 'NONE',  ( -0.3314418875039927825, 0.0000000000000000000, 0.9434756357255816850 ) ) ;
#6044 = DIRECTION ( 'NONE',  ( 1.000000000000000000, -2.168404344971008474E-15, 0.0000000000000000000 ) ) ;
#6045 = CARTESIAN_POINT ( 'NONE',  ( -8.044694633535206307, 6.044694633535280026, -1.282502095618244686 ) ) ;
#6046 = ORIENTED_EDGE ( 'NONE', *, *, #7243, .T. ) ;
#6047 = DIRECTION ( 'NONE',  ( 0.0000000000000000000, 0.0000000000000000000, 1.000000000000000000 ) ) ;
#6048 = CARTESIAN_POINT ( 'NONE',  ( 8.197634805215347598, -5.700000000000001954, -4.000000000000000000 ) ) ;
#6049 = ORIENTED_EDGE ( 'NONE', *, *, #4718, .F. ) ;
#6050 = VECTOR ( 'NONE', #1082, 1000.000000000000000 ) ;
#6051 = ORIENTED_EDGE ( 'NONE', *, *, #3367, .F. ) ;
#6052 = CARTESIAN_POINT ( 'NONE',  ( -9.500000000000001776, -6.650000000000001243, -1.000000000000000000 ) ) ;
#6053 = DIRECTION ( 'NONE',  ( -0.0000000000000000000, 0.0000000000000000000, 1.000000000000000000 ) ) ;
#6054 = AXIS2_PLACEMENT_3D ( 'NONE', #3127, #1127, #2407 ) ;
#6055 = DIRECTION ( 'NONE',  ( -1.000000000000000000, 0.0000000000000000000, 0.0000000000000000000 ) ) ;
#6056 = EDGE_LOOP ( 'NONE', ( #4368, #1524, #4958 ) ) ;
#6057 = EDGE_CURVE ( 'NONE', #544, #2315, #1, .T. ) ;
#6058 = CARTESIAN_POINT ( 'NONE',  ( 9.198212002188448366, 6.200000000000000178, -9.035105632878352111 ) ) ;
#6059 = LINE ( 'NONE', #5927, #771 ) ;
#6060 = ORIENTED_EDGE ( 'NONE', *, *, #7723, .T. ) ;
#6061 = B_SPLINE_CURVE_WITH_KNOTS ( 'NONE', 3,
 ( #6740, #4063, #4167, #297, #2235, #898, #328, #382, #4115, #6090, #6682, #5359, #933, #976 ),
 .UNSPECIFIED., .F., .F.,
 ( 4, 2, 2, 2, 2, 2, 4 ),
 ( -0.0004389025938781286607, -0.0003296854245083434337, -0.0002204682551385581525, -2.033916398992685875E-06, 0.0002164004223405728350, 0.0003256175917103578451, 0.0004348347610801427468 ),
 .UNSPECIFIED. ) ;
#6062 = PLANE ( 'NONE',  #3129 ) ;
#6063 = CARTESIAN_POINT ( 'NONE',  ( 10.83826317884099133, -5.835492331389179554, 6.402765856802056454 ) ) ;
#6064 = ORIENTED_EDGE ( 'NONE', *, *, #324, .F. ) ;
#6065 = CARTESIAN_POINT ( 'NONE',  ( -4.500000000000002665, -5.099999999999999645, 0.5000000000000000000 ) ) ;
#6066 = CARTESIAN_POINT ( 'NONE',  ( 1.204205439236523123, 4.494155881981492406, -8.300752394261014189 ) ) ;
#6067 = CARTESIAN_POINT ( 'NONE',  ( 5.099999999909075044, 6.000000000000004441, -1.434538370960579012 ) ) ;
#6068 = SHAPE_REPRESENTATION ( 'Horizontally wide_BOTTOM', ( #603 ), #6794 ) ;
#6069 = CARTESIAN_POINT ( 'NONE',  ( 5.000000000000000888, 6.000000000000003553, -9.299999999999998934 ) ) ;
#6070 = EDGE_CURVE ( 'NONE', #3443, #601, #5361, .T. ) ;
#6071 = CC_DESIGN_PERSON_AND_ORGANIZATION_ASSIGNMENT ( #1188, #1946, ( #7647 ) ) ;
#6072 = ADVANCED_FACE ( 'NONE', ( #4254 ), #6717, .F. ) ;
#6073 = CARTESIAN_POINT ( 'NONE',  ( 9.000000000000001776, -5.099999999999997868, -1.499999999999999556 ) ) ;
#6074 = CARTESIAN_POINT ( 'NONE',  ( 24.98566414201826191, 5.100000000000003197, -2.500000000000000000 ) ) ;
#6075 = CIRCLE ( 'NONE', #7517, 0.1000000000000002554 ) ;
#6076 = DIRECTION ( 'NONE',  ( -0.9434756357255816850, 0.0000000000000000000, 0.3314418875039927825 ) ) ;
#6077 = CARTESIAN_POINT ( 'NONE',  ( 0.0000000000000000000, 0.0000000000000000000, 0.0000000000000000000 ) ) ;
#6078 = CARTESIAN_POINT ( 'NONE',  ( 12.70407344616780065, -5.718853993934217783, 1.691522412061307046 ) ) ;
#6079 = LINE ( 'NONE', #8268, #1180 ) ;
#6080 = CARTESIAN_POINT ( 'NONE',  ( 12.22031136927706285, -5.198967760453438558, 1.031869992275675996 ) ) ;
#6081 = CARTESIAN_POINT ( 'NONE',  ( -11.06938308350912514, 5.549999999999998934, 6.344798257001979636 ) ) ;
#6082 = DIRECTION ( 'NONE',  ( 1.000000000000000000, 2.891205793294679312E-16, 0.0000000000000000000 ) ) ;
#6083 = CARTESIAN_POINT ( 'NONE',  ( 8.499999999999998224, -5.900000000000001243, -1.499999999999999556 ) ) ;
#6084 = EDGE_CURVE ( 'NONE', #4695, #4590, #5758, .T. ) ;
#6085 = EDGE_LOOP ( 'NONE', ( #5250, #4580, #7839, #1588 ) ) ;
#6086 = ITEM_DEFINED_TRANSFORMATION ( 'NONE', 'NONE', #4040,  #603 ) ;
#6087 = DIRECTION ( 'NONE',  ( 0.0000000000000000000, 0.0000000000000000000, 1.000000000000000000 ) ) ;
#6088 = AXIS2_PLACEMENT_3D ( 'NONE', #6312, #1253, #5632 ) ;
#6089 = ORIENTED_EDGE ( 'NONE', *, *, #2663, .T. ) ;
#6090 = CARTESIAN_POINT ( 'NONE',  ( -1.165222568905546874, -4.501662098138927703, -8.886868625943998623 ) ) ;
#6091 = CARTESIAN_POINT ( 'NONE',  ( 4.999999999999999112, 6.000000000000004441, -1.500000000000000666 ) ) ;
#6092 = EDGE_LOOP ( 'NONE', ( #8266, #7575, #338, #757, #3278, #1050, #5622, #5331 ) ) ;
#6093 = DIRECTION ( 'NONE',  ( 1.000000000000000000, 0.0000000000000000000, 0.0000000000000000000 ) ) ;
#6094 = EDGE_CURVE ( 'NONE', #1131, #5610, #2269, .T. ) ;
#6095 = LOCAL_TIME ( 8, 25, 54.00000000000000000, #6390 ) ;
#6096 = FACE_OUTER_BOUND ( 'NONE', #1424, .T. ) ;
#6097 = ORIENTED_EDGE ( 'NONE', *, *, #738, .F. ) ;
#6098 = CARTESIAN_POINT ( 'NONE',  ( -12.96326458944042948, 5.549999999999998934, 1.104570261448656110 ) ) ;
#6099 = ORIENTED_EDGE ( 'NONE', *, *, #7410, .T. ) ;
#6100 = CARTESIAN_POINT ( 'NONE',  ( 12.19808431957724437, -5.199991117421790321, 2.105706630459280859 ) ) ;
#6101 = DIRECTION ( 'NONE',  ( -1.000000000000000000, 0.0000000000000000000, 0.0000000000000000000 ) ) ;
#6102 = ORIENTED_EDGE ( 'NONE', *, *, #1785, .T. ) ;
#6103 = DIRECTION ( 'NONE',  ( -1.000000000000000000, 0.0000000000000000000, 0.0000000000000000000 ) ) ;
#6104 = LINE ( 'NONE', #4858, #4584 ) ;
#6105 = DIRECTION ( 'NONE',  ( 0.0000000000000000000, 1.000000000000000000, 0.0000000000000000000 ) ) ;
#6106 = PERSON_AND_ORGANIZATION ( #6821, #2012 ) ;
#6107 = VECTOR ( 'NONE', #905, 1000.000000000000000 ) ;
#6108 = ORIENTED_EDGE ( 'NONE', *, *, #4591, .F. ) ;
#6109 = EDGE_CURVE ( 'NONE', #2250, #2304, #6878, .T. ) ;
#6110 = ORIENTED_EDGE ( 'NONE', *, *, #7888, .F. ) ;
#6111 = ORIENTED_EDGE ( 'NONE', *, *, #3688, .F. ) ;
#6112 = DIRECTION ( 'NONE',  ( 0.0000000000000000000, 1.000000000000000000, 0.0000000000000000000 ) ) ;
#6113 = DIRECTION ( 'NONE',  ( 0.0000000000000000000, -0.9994758862651860198, 0.03237209870275840201 ) ) ;
#6114 = CARTESIAN_POINT ( 'NONE',  ( -12.19996953439121512, -5.199999999999998401, 1.000000000090039975 ) ) ;
#6115 = CARTESIAN_POINT ( 'NONE',  ( 4.785291909932015919, -5.999999999999998224, -3.021872165881479333 ) ) ;
#6116 = LINE ( 'NONE', #651, #4189 ) ;
#6117 = FACE_OUTER_BOUND ( 'NONE', #7623, .T. ) ;
#6118 = ADVANCED_FACE ( 'NONE', ( #290 ), #1825, .T. ) ;
#6119 = FACE_OUTER_BOUND ( 'NONE', #2465, .T. ) ;
#6120 = ORIENTED_EDGE ( 'NONE', *, *, #3552, .F. ) ;
#6121 = CARTESIAN_POINT ( 'NONE',  ( 3.822467902723103439, -2.903229087180623225, 0.9499999999999998446 ) ) ;
#6122 = ORIENTED_EDGE ( 'NONE', *, *, #4481, .F. ) ;
#6123 = B_SPLINE_CURVE_WITH_KNOTS ( 'NONE', 3,
 ( #4900, #5100, #8169, #4923 ),
 .UNSPECIFIED., .F., .F.,
 ( 4, 4 ),
 ( 4.264992029401953211, 4.264997681290462417 ),
 .UNSPECIFIED. ) ;
#6124 = LINE ( 'NONE', #947, #929 ) ;
#6125 = DIRECTION ( 'NONE',  ( 0.0000000000000000000, 0.0000000000000000000, 1.000000000000000000 ) ) ;
#6126 = ORIENTED_EDGE ( 'NONE', *, *, #4564, .F. ) ;
#6127 = EDGE_CURVE ( 'NONE', #6953, #7855, #2563, .T. ) ;
#6128 = CC_DESIGN_PERSON_AND_ORGANIZATION_ASSIGNMENT ( #5291, #1154, ( #7865 ) ) ;
#6129 = CARTESIAN_POINT ( 'NONE',  ( -12.92859824251506851, -1.686073866791707132E-15, 0.2256695217538560172 ) ) ;
#6130 = VERTEX_POINT ( 'NONE', #530 ) ;
#6131 = PLANE ( 'NONE',  #3206 ) ;
#6132 = LINE ( 'NONE', #7653, #3509 ) ;
#6133 = PRODUCT_DEFINITION_SHAPE ( 'NONE', 'NONE',  #8296 ) ;
#6134 = ORIENTED_EDGE ( 'NONE', *, *, #3128, .F. ) ;
#6135 = CARTESIAN_POINT ( 'NONE',  ( 12.91397716612077851, 5.549999999999998934, 1.063310427383305168 ) ) ;
#6136 = CARTESIAN_POINT ( 'NONE',  ( 10.90254453544689284, 5.549999999999998934, 6.477342301583075113 ) ) ;
#6137 = CARTESIAN_POINT ( 'NONE',  ( -3.501277141293968054, -6.185714285714285943, -1.000000000000000888 ) ) ;
#6138 =( BOUNDED_CURVE ( )  B_SPLINE_CURVE ( 3, ( #3403, #7192, #795, #1499 ),
 .UNSPECIFIED., .F., .F. ) 
 B_SPLINE_CURVE_WITH_KNOTS ( ( 4, 4 ),
 ( 1.570796326794896558, 3.141592653589792228 ),
 .UNSPECIFIED. ) 
 CURVE ( )  GEOMETRIC_REPRESENTATION_ITEM ( )  RATIONAL_B_SPLINE_CURVE ( ( 1.000000000000000000, 0.8047378541243652705, 0.8047378541243652705, 1.000000000000000000 ) ) 
 REPRESENTATION_ITEM ( '' )  );
#6139 = PERSON_AND_ORGANIZATION_ROLE ( 'classification_officer' ) ;
#6140 = CARTESIAN_POINT ( 'NONE',  ( -5.244624048443521147, 5.200000000000001066, -0.6920119416004282265 ) ) ;
#6141 = CYLINDRICAL_SURFACE ( 'NONE', #747, 0.2000000000000000944 ) ;
#6142 = ORIENTED_EDGE ( 'NONE', *, *, #5548, .F. ) ;
#6143 = EDGE_CURVE ( 'NONE', #6247, #1130, #4851, .T. ) ;
#6144 = DIRECTION ( 'NONE',  ( 9.637352644315598694E-16, 1.000000000000000000, 0.0000000000000000000 ) ) ;
#6145 = CARTESIAN_POINT ( 'NONE',  ( -9.500000000000001776, -6.000000000000004441, -1.000000000000000000 ) ) ;
#6146 = AXIS2_PLACEMENT_3D ( 'NONE', #4965, #4208, #4848 ) ;
#6147 = AXIS2_PLACEMENT_3D ( 'NONE', #2333, #4132, #971 ) ;
#6148 = FACE_OUTER_BOUND ( 'NONE', #1893, .T. ) ;
#6149 = CARTESIAN_POINT ( 'NONE',  ( -5.250010746165849618, 5.964718836233852350, -1.000615647429258237 ) ) ;
#6150 = VERTEX_POINT ( 'NONE', #4284 ) ;
#6151 = DIRECTION ( 'NONE',  ( 0.0000000000000000000, 0.01745240643727676358, 0.9998476951563912696 ) ) ;
#6152 = EDGE_CURVE ( 'NONE', #2834, #2626, #497, .T. ) ;
#6153 = CARTESIAN_POINT ( 'NONE',  ( -4.500000000000000888, 6.500000000000004441, -0.9999999999999995559 ) ) ;
#6154 = VECTOR ( 'NONE', #6664, 1000.000000000000000 ) ;
#6155 = CARTESIAN_POINT ( 'NONE',  ( 4.571998066942966510, 6.428001933057036155, -1.000000000026771696 ) ) ;
#6156 = EDGE_LOOP ( 'NONE', ( #7971, #6640, #4678, #4177 ) ) ;
#6158 = AXIS2_PLACEMENT_3D ( 'NONE', #6564, #1519, #7936 ) ;
#6157 = DIRECTION ( 'NONE',  ( 1.000000000000000000, 1.057758217059028608E-16, 0.0000000000000000000 ) ) ;
#6159 = AXIS2_PLACEMENT_3D ( 'NONE', #7572, #6886, #8090 ) ;
#6160 = ADVANCED_FACE ( 'NONE', ( #781 ), #7072, .T. ) ;
#6161 = VECTOR ( 'NONE', #6959, 1000.000000000000000 ) ;
#6162 = CARTESIAN_POINT ( 'NONE',  ( -4.001277141293966721, 6.185714285714285054, -9.035105632878352111 ) ) ;
#6163 = CARTESIAN_POINT ( 'NONE',  ( 0.0000000000000000000, -7.363063705342051790, -92.57147724495271746 ) ) ;
#6164 = LINE ( 'NONE', #4878, #6656 ) ;
#6165 = VERTEX_POINT ( 'NONE', #4340 ) ;
#6166 = CARTESIAN_POINT ( 'NONE',  ( -13.00000000000000000, 6.000000000000000000, -3.000000000000000000 ) ) ;
#6167 = CARTESIAN_POINT ( 'NONE',  ( 5.284910129856433159, 6.349999999999999645, -3.000000000000000000 ) ) ;
#6168 = ORIENTED_EDGE ( 'NONE', *, *, #2232, .F. ) ;
#6169 = VECTOR ( 'NONE', #4607, 1000.000000000000000 ) ;
#6170 = VECTOR ( 'NONE', #4416, 1000.000000000000000 ) ;
#6171 = DIRECTION ( 'NONE',  ( -0.0000000000000000000, -0.9998476951563913806, -0.01745240643727676358 ) ) ;
#6172 = CARTESIAN_POINT ( 'NONE',  ( 4.600000000000000533, -6.000000000000001776, -1.499999999999999556 ) ) ;
#6173 = DIRECTION ( 'NONE',  ( 1.000000000000000000, 0.0000000000000000000, 0.0000000000000000000 ) ) ;
#6174 = CARTESIAN_POINT ( 'NONE',  ( -9.500000000000001776, -6.442893218813453338, -2.961251864201319695 ) ) ;
#6175 = CARTESIAN_POINT ( 'NONE',  ( 0.0000000000000000000, -6.000000000000001776, -3.000000000000000000 ) ) ;
#6176 = EDGE_CURVE ( 'NONE', #2412, #8260, #876, .T. ) ;
#6177 = VERTEX_POINT ( 'NONE', #3587 ) ;
#6178 = CARTESIAN_POINT ( 'NONE',  ( -11.06938643620638807, 5.549474382709362885, 6.344788713283151083 ) ) ;
#6179 = CARTESIAN_POINT ( 'NONE',  ( 8.978969072859607436, 6.461560893046986109, -2.959618654331490628 ) ) ;
#6180 = EDGE_LOOP ( 'NONE', ( #1123, #4928, #3046, #6537 ) ) ;
#6181 = CIRCLE ( 'NONE', #7851, 0.2000000000000000389 ) ;
#6182 = B_SPLINE_CURVE_WITH_KNOTS ( 'NONE', 3,
 ( #306, #1586, #3514, #2883 ),
 .UNSPECIFIED., .F., .F.,
 ( 4, 4 ),
 ( 1.734723475976807094E-18, 0.0002238307472390480392 ),
 .UNSPECIFIED. ) ;
#6183 = DIRECTION ( 'NONE',  ( 0.0000000000000000000, 1.000000000000000000, 0.0000000000000000000 ) ) ;
#6184 = DIRECTION ( 'NONE',  ( 0.0000000000000000000, 0.0000000000000000000, 1.000000000000000000 ) ) ;
#6185 =( BOUNDED_CURVE ( )  B_SPLINE_CURVE ( 3, ( #1945, #1294, #5137, #1330 ),
 .UNSPECIFIED., .F., .F. ) 
 B_SPLINE_CURVE_WITH_KNOTS ( ( 4, 4 ),
 ( 6.173572390233474039, 6.392798224125699313 ),
 .UNSPECIFIED. ) 
 CURVE ( )  GEOMETRIC_REPRESENTATION_ITEM ( )  RATIONAL_B_SPLINE_CURVE ( ( 1.000000000000000000, 0.9959990112078124236, 0.9959990112078124236, 1.000000000000000000 ) ) 
 REPRESENTATION_ITEM ( '' )  );
#6186 = LINE ( 'NONE', #4909, #2569 ) ;
#6187 = DIRECTION ( 'NONE',  ( 0.0000000000000000000, 0.0000000000000000000, -1.000000000000000000 ) ) ;
#6188 = CARTESIAN_POINT ( 'NONE',  ( 8.500000000000000000, 6.649999999999997691, -1.000000000000000000 ) ) ;
#6189 = VERTEX_POINT ( 'NONE', #4229 ) ;
#6190 = CARTESIAN_POINT ( 'NONE',  ( -1.013323155338313963, -4.538245936797079771, -8.975499814951863442 ) ) ;
#6191 = DIRECTION ( 'NONE',  ( 0.0000000000000000000, -0.08715574274765119922, 0.9961946980917462113 ) ) ;
#6192 = VECTOR ( 'NONE', #6817, 1000.000000000000000 ) ;
#6193 = APPROVAL_ROLE ( '' ) ;
#6194 = EDGE_CURVE ( 'NONE', #1061, #199, #7384, .T. ) ;
#6195 = ORIENTED_EDGE ( 'NONE', *, *, #3115, .F. ) ;
#6196 = EDGE_CURVE ( 'NONE', #4773, #4205, #4150, .T. ) ;
#6197 = EDGE_LOOP ( 'NONE', ( #1302, #4029 ) ) ;
#6198 = DIRECTION ( 'NONE',  ( 0.0000000000000000000, 0.0000000000000000000, 1.000000000000000000 ) ) ;
#6199 = DIRECTION ( 'NONE',  ( -0.0000000000000000000, -0.0000000000000000000, -1.000000000000000000 ) ) ;
#6201 = DIRECTION ( 'NONE',  ( 0.0000000000000000000, 0.0000000000000000000, -1.000000000000000000 ) ) ;
#6200 = PERSON_AND_ORGANIZATION ( #6821, #2012 ) ;
#6202 = CARTESIAN_POINT ( 'NONE',  ( 3.643293365732748867, 5.549999999999998934, 7.075562263763490733 ) ) ;
#6203 = VECTOR ( 'NONE', #1465, 1000.000000000000000 ) ;
#6204 = EDGE_CURVE ( 'NONE', #2304, #4690, #7306, .T. ) ;
#6205 = ADVANCED_FACE ( 'NONE', ( #6376 ), #4051, .T. ) ;
#6206 = ORIENTED_EDGE ( 'NONE', *, *, #5121, .F. ) ;
#6207 = CARTESIAN_POINT ( 'NONE',  ( 10.90238231482026166, -5.575381013761550264, 6.477803184626173660 ) ) ;
#6208 = ORIENTED_EDGE ( 'NONE', *, *, #4370, .F. ) ;
#6209 = PERSON_AND_ORGANIZATION ( #6821, #2012 ) ;
#6210 = VECTOR ( 'NONE', #4931, 1000.000000000000000 ) ;
#6211 = EDGE_LOOP ( 'NONE', ( #1025, #2899, #2798, #4444, #4074, #2102, #2007, #7846 ) ) ;
#6212 = AXIS2_PLACEMENT_3D ( 'NONE', #4740, #1626, #2922 ) ;
#6213 = DIRECTION ( 'NONE',  ( 0.0000000000000000000, 1.000000000000000000, 0.0000000000000000000 ) ) ;
#6214 = ORIENTED_EDGE ( 'NONE', *, *, #8282, .T. ) ;
#6215 = SHAPE_REPRESENTATION ( 'stem_√ﬁÃ´Ÿƒ', ( #603 ), #7666 ) ;
#6216 = ORIENTED_EDGE ( 'NONE', *, *, #4356, .F. ) ;
#6217 = CARTESIAN_POINT ( 'NONE',  ( 2.922036380408588929, -3.487721805357856919, -1.471169911671835973 ) ) ;
#6218 = LINE ( 'NONE', #4245, #4084 ) ;
#6219 = COORDINATED_UNIVERSAL_TIME_OFFSET ( 9, 0, .AHEAD. ) ;
#6220 = LINE ( 'NONE', #8001, #8043 ) ;
#6221 = CARTESIAN_POINT ( 'NONE',  ( 10.88012917333600704, -5.637602997552447981, 6.280100499734930786 ) ) ;
#6222 = VERTEX_POINT ( 'NONE', #4903 ) ;
#6223 = CARTESIAN_POINT ( 'NONE',  ( -4.600000000000000533, -5.900000000000001243, -9.299999999999998934 ) ) ;
#6224 = DATE_TIME_ROLE ( 'creation_date' ) ;
#6225 = VERTEX_POINT ( 'NONE', #6241 ) ;
#6226 = AXIS2_PLACEMENT_3D ( 'NONE', #5723, #2586, #6426 ) ;
#6227 = AXIS2_PLACEMENT_3D ( 'NONE', #7956, #4099, #940 ) ;
#6228 = EDGE_CURVE ( 'NONE', #4031, #3609, #596, .T. ) ;
#6229 = ORIENTED_EDGE ( 'NONE', *, *, #994, .F. ) ;
#6230 = DIRECTION ( 'NONE',  ( 1.000000000000000000, 0.0000000000000000000, 0.0000000000000000000 ) ) ;
#6231 = CARTESIAN_POINT ( 'NONE',  ( 0.0000000000000000000, 0.0000000000000000000, -1.000000000000000000 ) ) ;
#6232 = LINE ( 'NONE', #3467, #4408 ) ;
#6233 = DIRECTION ( 'NONE',  ( -1.000000000000000000, 0.0000000000000000000, -0.0000000000000000000 ) ) ;
#6234 = ORIENTED_EDGE ( 'NONE', *, *, #6433, .T. ) ;
#6235 = DIRECTION ( 'NONE',  ( 0.0000000000000000000, 0.0000000000000000000, 1.000000000000000000 ) ) ;
#6236 = EDGE_CURVE ( 'NONE', #6313, #670, #7490, .T. ) ;
#6237 = VECTOR ( 'NONE', #6447, 1000.000000000000000 ) ;
#6238 = ORIENTED_EDGE ( 'NONE', *, *, #1757, .F. ) ;
#6239 = EDGE_LOOP ( 'NONE', ( #4602, #2200, #8248, #2397 ) ) ;
#6240 = CC_DESIGN_PERSON_AND_ORGANIZATION_ASSIGNMENT ( #1888, #4428, ( #7541 ) ) ;
#6241 = CARTESIAN_POINT ( 'NONE',  ( 3.323401871576757927, -3.889087296526028581, 0.0000000000000000000 ) ) ;
#6242 = DIRECTION ( 'NONE',  ( 0.01745240643727699603, 0.0000000000000000000, -0.9998476951563912696 ) ) ;
#6243 = LINE ( 'NONE', #5258, #2628 ) ;
#6244 = ADVANCED_FACE ( 'NONE', ( #3756 ), #1284, .T. ) ;
#6245 = DIRECTION ( 'NONE',  ( 0.0000000000000000000, 0.0000000000000000000, 1.000000000000000000 ) ) ;
#6246 = CARTESIAN_POINT ( 'NONE',  ( 4.600000000000000533, -6.000000000000001776, -1.207106781186547018 ) ) ;
#6247 = VERTEX_POINT ( 'NONE', #1899 ) ;
#6248 = DIRECTION ( 'NONE',  ( 1.000000000000000000, 0.0000000000000000000, 0.0000000000000000000 ) ) ;
#6249 = DIRECTION ( 'NONE',  ( 1.000000000000000000, 0.0000000000000000000, 0.0000000000000000000 ) ) ;
#6250 = PERSON_AND_ORGANIZATION_ROLE ( 'creator' ) ;
#6251 = EDGE_CURVE ( 'NONE', #2964, #2678, #2968, .T. ) ;
#6252 = SPHERICAL_SURFACE ( 'NONE', #1870, 0.2000000000000000111 ) ;
#6253 = ORIENTED_EDGE ( 'NONE', *, *, #112, .F. ) ;
#6254 = DIRECTION ( 'NONE',  ( 1.057758217059028608E-16, -1.000000000000000000, 0.0000000000000000000 ) ) ;
#6255 = CARTESIAN_POINT ( 'NONE',  ( -4.000000000000007105, -3.854941057726245789E-15, -1.000000000000000000 ) ) ;
#6256 = DIRECTION ( 'NONE',  ( -0.06975647374412902169, 0.0000000000000000000, -0.9975640502598240866 ) ) ;
#6257 = CARTESIAN_POINT ( 'NONE',  ( -10.90200680405426681, -5.634133462259851122, 6.478870043677172674 ) ) ;
#6258 = CARTESIAN_POINT ( 'NONE',  ( -11.06882430048112376, -5.637602997552447981, 6.346388877235728643 ) ) ;
#6259 = EDGE_CURVE ( 'NONE', #1506, #4767, #5057, .T. ) ;
#6260 = AXIS2_PLACEMENT_3D ( 'NONE', #6879, #472, #2424 ) ;
#6261 = ORIENTED_EDGE ( 'NONE', *, *, #4655, .F. ) ;
#6262 = DIRECTION ( 'NONE',  ( 5.399676883299360003E-18, -0.03237209870275840201, -0.9994758862651860198 ) ) ;
#6263 = LINE ( 'NONE', #3304, #4128 ) ;
#6264 = ORIENTED_EDGE ( 'NONE', *, *, #7840, .T. ) ;
#6265 = DIRECTION ( 'NONE',  ( -0.0000000000000000000, -1.000000000000000000, -0.0000000000000000000 ) ) ;
#6266 = CARTESIAN_POINT ( 'NONE',  ( 0.9670890758901478090, -4.348765769651652846, -8.637749907475930300 ) ) ;
#6267 = EDGE_CURVE ( 'NONE', #6313, #2362, #6181, .T. ) ;
#6268 = PRODUCT_DEFINITION_SHAPE ( 'NONE', 'NONE',  #829 ) ;
#6269 = ORIENTED_EDGE ( 'NONE', *, *, #7352, .T. ) ;
#6270 = DIRECTION ( 'NONE',  ( -1.000000000000000000, 0.0000000000000000000, 0.0000000000000000000 ) ) ;
#6271 = VECTOR ( 'NONE', #6517, 1000.000000000000000 ) ;
#6272 = VERTEX_POINT ( 'NONE', #6373 ) ;
#6273 = EDGE_LOOP ( 'NONE', ( #6423, #10, #6122, #1994, #966, #6986, #1411, #1593 ) ) ;
#6274 = CARTESIAN_POINT ( 'NONE',  ( -8.499999999999998224, -5.900000000000001243, -3.000000000000000000 ) ) ;
#6275 = ORIENTED_EDGE ( 'NONE', *, *, #5522, .T. ) ;
#6276 = EDGE_CURVE ( 'NONE', #1418, #2616, #5665, .T. ) ;
#6277 = VECTOR ( 'NONE', #3023, 1000.000000000000000 ) ;
#6278 = CARTESIAN_POINT ( 'NONE',  ( 0.0000000000000000000, 7.363063705342044685, -92.57147724495273167 ) ) ;
#6279 = DATE_TIME_ROLE ( 'creation_date' ) ;
#6280 = VERTEX_POINT ( 'NONE', #1231 ) ;
#6281 = FACE_OUTER_BOUND ( 'NONE', #7964, .T. ) ;
#6282 = EDGE_CURVE ( 'NONE', #1549, #3808, #679, .T. ) ;
#6283 = ADVANCED_FACE ( 'NONE', ( #2074 ), #5102, .T. ) ;
#6284 = ORIENTED_EDGE ( 'NONE', *, *, #1815, .T. ) ;
#6285 = DIRECTION ( 'NONE',  ( -0.0000000000000000000, -0.0000000000000000000, -1.000000000000000000 ) ) ;
#6286 = CC_DESIGN_SECURITY_CLASSIFICATION ( #5252, ( #2959 ) ) ;
#6287 = DIRECTION ( 'NONE',  ( -0.0000000000000000000, 0.0000000000000000000, 1.000000000000000000 ) ) ;
#6288 = MANIFOLD_SOLID_BREP ( 'âüÇµèoÇµ3[3]', #908 ) ;
#6289 = DIRECTION ( 'NONE',  ( 1.000000000000000000, 0.0000000000000000000, 0.0000000000000000000 ) ) ;
#6290 = DIRECTION ( 'NONE',  ( 0.0000000000000000000, 0.01745240643727676011, 0.9998476951563912696 ) ) ;
#6291 = ORIENTED_EDGE ( 'NONE', *, *, #3313, .F. ) ;
#6292 = FACE_OUTER_BOUND ( 'NONE', #7667, .T. ) ;
#6293 = CARTESIAN_POINT ( 'NONE',  ( 8.192726625728576906, 6.131271950874272569, -1.100166593084874522 ) ) ;
#6294 = ORIENTED_EDGE ( 'NONE', *, *, #2327, .T. ) ;
#6295 = DIRECTION ( 'NONE',  ( -1.000000000000000000, -1.057758217059028608E-16, 0.0000000000000000000 ) ) ;
#6296 = CARTESIAN_POINT ( 'NONE',  ( 3.889087296525995274, -3.676955262170064298, 0.0000000000000000000 ) ) ;
#6297 = ORIENTED_EDGE ( 'NONE', *, *, #7077, .F. ) ;
#6298 = APPROVAL_ROLE ( '' ) ;
#6299 = EDGE_CURVE ( 'NONE', #2809, #6322, #3854, .T. ) ;
#6300 = FACE_BOUND ( 'NONE', #6197, .T. ) ;
#6301 = ORIENTED_EDGE ( 'NONE', *, *, #7379, .T. ) ;
#6302 = ORIENTED_EDGE ( 'NONE', *, *, #1399, .T. ) ;
#6303 = ORIENTED_EDGE ( 'NONE', *, *, #6527, .T. ) ;
#6304 = PLANE ( 'NONE',  #6577 ) ;
#6305 = DIRECTION ( 'NONE',  ( 9.637352644315598694E-16, -1.000000000000000000, 0.0000000000000000000 ) ) ;
#6306 = CARTESIAN_POINT ( 'NONE',  ( 0.9856213070749163530, -4.424948200857228287, -8.910428862364186742 ) ) ;
#6307 = LINE ( 'NONE', #6145, #910 ) ;
#6308 = DIRECTION ( 'NONE',  ( -1.668003342285391551E-16, 1.000000000000000000, 0.0000000000000000000 ) ) ;
#6309 = EDGE_CURVE ( 'NONE', #243, #2128, #1681, .T. ) ;
#6310 = LINE ( 'NONE', #5399, #7208 ) ;
#6311 = CARTESIAN_POINT ( 'NONE',  ( -8.400000000000000355, -5.900000000000001243, -9.299999999999998934 ) ) ;
#6312 = CARTESIAN_POINT ( 'NONE',  ( -5.000000000000000888, 6.500000000000004441, -1.499999999999999556 ) ) ;
#6313 = VERTEX_POINT ( 'NONE', #4361 ) ;
#6314 = AXIS2_PLACEMENT_3D ( 'NONE', #1321, #5773, #3780 ) ;
#6315 = VECTOR ( 'NONE', #1957, 1000.000000000000000 ) ;
#6317 = CARTESIAN_POINT ( 'NONE',  ( -4.899833406915141687, 6.020199911701856088, -1.192726625728592671 ) ) ;
#6316 = CYLINDRICAL_SURFACE ( 'NONE', #7174, 0.1999999999999991784 ) ;
#6318 = AXIS2_PLACEMENT_3D ( 'NONE', #919, #7236, #4716 ) ;
#6319 = LINE ( 'NONE', #5114, #4600 ) ;
#6320 = EDGE_LOOP ( 'NONE', ( #4516, #2216, #3247 ) ) ;
#6321 = PLANE ( 'NONE',  #3355 ) ;
#6322 = VERTEX_POINT ( 'NONE', #5014 ) ;
#6323 = CARTESIAN_POINT ( 'NONE',  ( -4.524271845149826277, -6.063106795708460339, -1.248190534232901605 ) ) ;
#6324 = FACE_OUTER_BOUND ( 'NONE', #7202, .T. ) ;
#6325 = EDGE_LOOP ( 'NONE', ( #3060, #1540, #4649, #4398 ) ) ;
#6326 = ADVANCED_FACE ( 'NONE', ( #390 ), #6321, .F. ) ;
#6327 = CARTESIAN_POINT ( 'NONE',  ( 8.075560259665659046, 6.075560259665705232, -1.223785139368460007 ) ) ;
#6328 = DIRECTION ( 'NONE',  ( 1.000000000000000000, -1.927470528863115795E-15, 0.0000000000000000000 ) ) ;
#6329 = CARTESIAN_POINT ( 'NONE',  ( -12.31714466825702914, 5.200000000000005507, 1.000000000090039975 ) ) ;
#6330 = ORIENTED_EDGE ( 'NONE', *, *, #8170, .T. ) ;
#6331 = LINE ( 'NONE', #3241, #4503 ) ;
#6332 = AXIS2_PLACEMENT_3D ( 'NONE', #3528, #6008, #6655 ) ;
#6333 = ORIENTED_EDGE ( 'NONE', *, *, #5731, .T. ) ;
#6334 = EDGE_CURVE ( 'NONE', #5549, #7104, #4447, .T. ) ;
#6335 = CARTESIAN_POINT ( 'NONE',  ( -1.213498283935103839, -4.528837250543441328, -8.770371847717319369 ) ) ;
#6336 = DIRECTION ( 'NONE',  ( 0.3312872439521293844, -0.03054404459231326724, -0.9430354305828307915 ) ) ;
#6337 = DIRECTION ( 'NONE',  ( -0.9434756357255816850, 0.0000000000000000000, -0.3314418875039927825 ) ) ;
#6338 = VECTOR ( 'NONE', #7636, 1000.000000000000000 ) ;
#6339 = CARTESIAN_POINT ( 'NONE',  ( -4.749999999999999112, -5.964708090068002733, -1.000000000000000000 ) ) ;
#6340 = ORIENTED_EDGE ( 'NONE', *, *, #2043, .T. ) ;
#6341 = CARTESIAN_POINT ( 'NONE',  ( 12.86716967662983535, 5.964708090068001844, -1.000000000000000000 ) ) ;
#6342 = CARTESIAN_POINT ( 'NONE',  ( 4.500000000000000888, 6.500000000000004441, -1.000000000000000000 ) ) ;
#6343 = EDGE_CURVE ( 'NONE', #8292, #234, #1473, .T. ) ;
#6344 = VECTOR ( 'NONE', #5254, 1000.000000000000000 ) ;
#6345 = DIRECTION ( 'NONE',  ( 1.000000000000000000, -7.109540196336935841E-17, 0.0000000000000000000 ) ) ;
#6346 = ORIENTED_EDGE ( 'NONE', *, *, #714, .T. ) ;
#6347 = CARTESIAN_POINT ( 'NONE',  ( 4.500000000000000888, -5.900000000000001243, -1.499999999999999556 ) ) ;
#6348 = DIRECTION ( 'NONE',  ( 0.0000000000000000000, -0.0000000000000000000, 1.000000000000000000 ) ) ;
#6349 = DIRECTION ( 'NONE',  ( 7.105427357601001859E-15, 0.01745240643727675317, -0.9998476951563913806 ) ) ;
#6350 = VECTOR ( 'NONE', #4550, 1000.000000000000000 ) ;
#6351 = CARTESIAN_POINT ( 'NONE',  ( -8.226439251582975842, -7.350205627196689129, -2.349794372803312825 ) ) ;
#6352 = ORIENTED_EDGE ( 'NONE', *, *, #6562, .F. ) ;
#6353 = DIRECTION ( 'NONE',  ( 0.0000000000000000000, -1.000000000000000000, 0.0000000000000000000 ) ) ;
#6354 = CARTESIAN_POINT ( 'NONE',  ( -13.00099999999999945, 6.000000000000000000, -3.000000000000000000 ) ) ;
#6355 = ORIENTED_EDGE ( 'NONE', *, *, #6938, .F. ) ;
#6356 = EDGE_CURVE ( 'NONE', #5549, #3386, #589, .T. ) ;
#6357 = CYLINDRICAL_SURFACE ( 'NONE', #4914, 0.2000000000000005107 ) ;
#6358 = CARTESIAN_POINT ( 'NONE',  ( -4.792893218813452982, 6.148528137423860507, -0.9999999999999997780 ) ) ;
#6360 = ORIENTED_EDGE ( 'NONE', *, *, #7606, .T. ) ;
#6359 = CARTESIAN_POINT ( 'NONE',  ( 8.934538363964405150, -6.421446036756885078, -0.9999999999999995559 ) ) ;
#6361 = DIRECTION ( 'NONE',  ( 1.057758217059028608E-16, -1.000000000000000000, 0.0000000000000000000 ) ) ;
#6362 = CARTESIAN_POINT ( 'NONE',  ( -10.87476971147334481, 0.0000000000000000000, 6.706938307758091966 ) ) ;
#6363 = AXIS2_PLACEMENT_3D ( 'NONE', #2973, #3548, #372 ) ;
#6364 = CARTESIAN_POINT ( 'NONE',  ( -4.749999999999993783, -5.199999999999999289, -1.000000000000000000 ) ) ;
#6365 = ADVANCED_FACE ( 'NONE', ( #866 ), #1384, .T. ) ;
#6366 = CARTESIAN_POINT ( 'NONE',  ( -12.79999999999999893, 6.000000000000000000, -3.000000000000000000 ) ) ;
#6367 = ORIENTED_EDGE ( 'NONE', *, *, #3153, .T. ) ;
#6368 = VECTOR ( 'NONE', #6580, 1000.000000000000000 ) ;
#6369 = FACE_OUTER_BOUND ( 'NONE', #2643, .T. ) ;
#6370 = CARTESIAN_POINT ( 'NONE',  ( 3.801787997811547637, 6.000000000000000000, -3.000000000000000000 ) ) ;
#6371 = EDGE_CURVE ( 'NONE', #4004, #2215, #7684, .T. ) ;
#6372 = ORIENTED_EDGE ( 'NONE', *, *, #3750, .T. ) ;
#6373 = CARTESIAN_POINT ( 'NONE',  ( -8.000000000000000000, 5.900000000000003020, -3.000000000000000000 ) ) ;
#6374 = ORIENTED_EDGE ( 'NONE', *, *, #3822, .F. ) ;
#6375 = ADVANCED_FACE ( 'NONE', ( #5456 ), #5771, .F. ) ;
#6376 = FACE_OUTER_BOUND ( 'NONE', #3694, .T. ) ;
#6377 = CARTESIAN_POINT ( 'NONE',  ( -10.88012917333601948, 5.637602997552447981, 6.280100499734897923 ) ) ;
#6378 = AXIS2_PLACEMENT_3D ( 'NONE', #6553, #125, #749 ) ;
#6379 = CARTESIAN_POINT ( 'NONE',  ( 8.354458128769449488, 6.354458128769451264, -1.016452607790661933 ) ) ;
#6380 = AXIS2_PLACEMENT_3D ( 'NONE', #2213, #4814, #2177 ) ;
#6381 = EDGE_CURVE ( 'NONE', #1260, #215, #3951, .T. ) ;
#6382 = DIRECTION ( 'NONE',  ( -0.0000000000000000000, -1.000000000000000000, -0.0000000000000000000 ) ) ;
#6383 = CARTESIAN_POINT ( 'NONE',  ( -12.39999999999999680, -5.118034671099018773, 2.105706630516124278 ) ) ;
#6384 = FACE_OUTER_BOUND ( 'NONE', #1463, .T. ) ;
#6385 = ORIENTED_EDGE ( 'NONE', *, *, #6236, .T. ) ;
#6386 =( BOUNDED_CURVE ( )  B_SPLINE_CURVE ( 3, ( #3253, #7775, #115, #4541 ),
 .UNSPECIFIED., .F., .F. ) 
 B_SPLINE_CURVE_WITH_KNOTS ( ( 4, 4 ),
 ( 1.642285776680415976, 3.141592653589793116 ),
 .UNSPECIFIED. ) 
 CURVE ( )  GEOMETRIC_REPRESENTATION_ITEM ( )  RATIONAL_B_SPLINE_CURVE ( ( 1.000000000000000000, 0.8212833698075995281, 0.8212833698075995281, 1.000000000000000000 ) ) 
 REPRESENTATION_ITEM ( '' )  );
#6387 = VECTOR ( 'NONE', #5994, 1000.000000000000000 ) ;
#6388 = EDGE_CURVE ( 'NONE', #6225, #1328, #1672, .T. ) ;
#6389 = ORIENTED_EDGE ( 'NONE', *, *, #6527, .F. ) ;
#6390 = COORDINATED_UNIVERSAL_TIME_OFFSET ( 9, 0, .AHEAD. ) ;
#6391 = LINE ( 'NONE', #1087, #2477 ) ;
#6392 = ORIENTED_EDGE ( 'NONE', *, *, #6456, .T. ) ;
#6393 = CARTESIAN_POINT ( 'NONE',  ( 10.88012917333600704, -5.637602997552447981, 6.280100499734931674 ) ) ;
#6394 = CARTESIAN_POINT ( 'NONE',  ( 0.0000000000000000000, 0.0000000000000000000, -4.000000000000000000 ) ) ;
#6395 = CARTESIAN_POINT ( 'NONE',  ( 11.14999999999999680, -6.000000000000000000, -2.000000000000000000 ) ) ;
#6396 = VERTEX_POINT ( 'NONE', #3922 ) ;
#6397 = VERTEX_POINT ( 'NONE', #3307 ) ;
#6398 = DIRECTION ( 'NONE',  ( 1.000000000000000000, 0.0000000000000000000, 0.0000000000000000000 ) ) ;
#6399 = DATE_AND_TIME ( #1098, #3583 ) ;
#6400 = ADVANCED_FACE ( 'NONE', ( #2658 ), #2960, .T. ) ;
#6401 = CARTESIAN_POINT ( 'NONE',  ( 0.9670890758901474760, 4.348765769651652846, -8.637749907475930300 ) ) ;
#6402 = VECTOR ( 'NONE', #3728, 1000.000000000000000 ) ;
#6403 = ORIENTED_EDGE ( 'NONE', *, *, #851, .F. ) ;
#6404 = EDGE_CURVE ( 'NONE', #647, #6854, #2457, .T. ) ;
#6405 = DIRECTION ( 'NONE',  ( 0.0000000000000000000, 0.0000000000000000000, -1.000000000000000000 ) ) ;
#6406 = ORIENTED_EDGE ( 'NONE', *, *, #3463, .F. ) ;
#6407 = ORIENTED_EDGE ( 'NONE', *, *, #1840, .F. ) ;
#6408 = ORIENTED_EDGE ( 'NONE', *, *, #1299, .T. ) ;
#6409 = AXIS2_PLACEMENT_3D ( 'NONE', #5813, #6458, #7100 ) ;
#6410 = CIRCLE ( 'NONE', #1612, 4.549999999999999822 ) ;
#6411 = CYLINDRICAL_SURFACE ( 'NONE', #2046, 0.2000000000000005107 ) ;
#6412 = ORIENTED_EDGE ( 'NONE', *, *, #2601, .F. ) ;
#6413 = ADVANCED_FACE ( 'NONE', ( #2068 ), #8204, .T. ) ;
#6414 = DIRECTION ( 'NONE',  ( -9.637352644315598694E-16, -1.000000000000000000, 0.0000000000000000000 ) ) ;
#6415 = CARTESIAN_POINT ( 'NONE',  ( 1.143638674689040347, 4.507270166027774749, -8.917951888200807531 ) ) ;
#6416 = CARTESIAN_POINT ( 'NONE',  ( 7.750000000000000000, -6.349999999999999645, -3.000000000000000000 ) ) ;
#6417 = VERTEX_POINT ( 'NONE', #5837 ) ;
#6418 = EDGE_CURVE ( 'NONE', #4768, #907, #7373, .T. ) ;
#6419 = VERTEX_POINT ( 'NONE', #1349 ) ;
#6420 = ORIENTED_EDGE ( 'NONE', *, *, #7853, .F. ) ;
#6421 = AXIS2_PLACEMENT_3D ( 'NONE', #5599, #1788, #1674 ) ;
#6422 = CARTESIAN_POINT ( 'NONE',  ( 0.0000000000000000000, 0.0000000000000000000, -7.449999999999998401 ) ) ;
#6423 = ORIENTED_EDGE ( 'NONE', *, *, #5038, .F. ) ;
#6424 = CARTESIAN_POINT ( 'NONE',  ( -12.39999999999999503, -4.999999999999998224, 1.853973807744119906 ) ) ;
#6425 = CARTESIAN_POINT ( 'NONE',  ( 4.436893204291541437, -5.975728154850149743, -1.248190534232899607 ) ) ;
#6426 = DIRECTION ( 'NONE',  ( 1.000000000000000000, 0.0000000000000000000, 0.0000000000000000000 ) ) ;
#6427 = LINE ( 'NONE', #3351, #5122 ) ;
#6428 = ORIENTED_EDGE ( 'NONE', *, *, #1184, .F. ) ;
#6429 = CARTESIAN_POINT ( 'NONE',  ( 8.000000000000000000, 5.900000000000003908, -1.500000000000000444 ) ) ;
#6430 = DIRECTION ( 'NONE',  ( 0.0000000000000000000, 0.0000000000000000000, 1.000000000000000000 ) ) ;
#6431 = FACE_OUTER_BOUND ( 'NONE', #4487, .T. ) ;
#6432 = CARTESIAN_POINT ( 'NONE',  ( -13.00000000000000000, 6.000000000000000000, -3.000000000000000000 ) ) ;
#6433 = EDGE_CURVE ( 'NONE', #8273, #3627, #1577, .T. ) ;
#6434 = VECTOR ( 'NONE', #6869, 1000.000000000000000 ) ;
#6435 = ORIENTED_EDGE ( 'NONE', *, *, #1671, .T. ) ;
#6436 = APPROVAL ( #4996, 'UNSPECIFIED' ) ;
#6437 = DIRECTION ( 'NONE',  ( 0.0000000000000000000, 0.0000000000000000000, 1.000000000000000000 ) ) ;
#6438 = CARTESIAN_POINT ( 'NONE',  ( 4.500000000000001776, -5.100000000000002309, -9.299999999999998934 ) ) ;
#6439 = CARTESIAN_POINT ( 'NONE',  ( -8.264936909805021159, -6.349999999999999645, -0.1442650103882689716 ) ) ;
#6440 =( BOUNDED_CURVE ( )  B_SPLINE_CURVE ( 3, ( #2939, #1615, #2915, #6749 ),
 .UNSPECIFIED., .F., .F. ) 
 B_SPLINE_CURVE_WITH_KNOTS ( ( 4, 4 ),
 ( 5.497939437029705445, 7.068431177329449255 ),
 .UNSPECIFIED. ) 
 CURVE ( )  GEOMETRIC_REPRESENTATION_ITEM ( )  RATIONAL_B_SPLINE_CURVE ( ( 1.000000000000000000, 0.8048096403827834644, 0.8048096403827834644, 1.000000000000000000 ) ) 
 REPRESENTATION_ITEM ( '' )  );
#6441 = CARTESIAN_POINT ( 'NONE',  ( 0.0000000000000000000, -5.549999999999998934, -1.000000000000000000 ) ) ;
#6442 = DIRECTION ( 'NONE',  ( 1.000000000000000000, -0.0000000000000000000, -0.0000000000000000000 ) ) ;
#6443 = DIRECTION ( 'NONE',  ( 0.9998476951563913806, 0.0000000000000000000, 0.01745240643727707583 ) ) ;
#6444 = VECTOR ( 'NONE', #74, 1000.000000000000000 ) ;
#6445 = ORIENTED_EDGE ( 'NONE', *, *, #5572, .T. ) ;
#6446 = CARTESIAN_POINT ( 'NONE',  ( 12.75002284456653356, 5.964708090068001844, -1.000000000000000000 ) ) ;
#6447 = DIRECTION ( 'NONE',  ( -1.000000000000000000, -0.0000000000000000000, -0.0000000000000000000 ) ) ;
#6448 = ORIENTED_EDGE ( 'NONE', *, *, #2543, .F. ) ;
#6449 = ORIENTED_EDGE ( 'NONE', *, *, #6627, .T. ) ;
#6450 = CARTESIAN_POINT ( 'NONE',  ( 4.424439740334340065, -6.075560259665747864, -1.223785139368434915 ) ) ;
#6451 = CARTESIAN_POINT ( 'NONE',  ( -13.00000000000000000, 6.000000000000000000, -3.000000000000000000 ) ) ;
#6452 = FACE_OUTER_BOUND ( 'NONE', #6863, .T. ) ;
#6453 = CARTESIAN_POINT ( 'NONE',  ( -12.94999238359780946, 5.764738551036723280, -1.000000000000000000 ) ) ;
#6454 = ORIENTED_EDGE ( 'NONE', *, *, #3984, .T. ) ;
#6455 = ADVANCED_FACE ( 'NONE', ( #383 ), #7070, .T. ) ;
#6456 = EDGE_CURVE ( 'NONE', #2995, #2705, #4952, .T. ) ;
#6457 = CARTESIAN_POINT ( 'NONE',  ( -12.72687989103115314, -5.741595597501343740, 0.3223684387774080062 ) ) ;
#6458 = DIRECTION ( 'NONE',  ( -1.057758217059028608E-16, 1.000000000000000000, 0.0000000000000000000 ) ) ;
#6459 = EDGE_LOOP ( 'NONE', ( #1138, #237, #4175, #981 ) ) ;
#6460 = DIRECTION ( 'NONE',  ( 0.0000000000000000000, -1.000000000000000000, 0.0000000000000000000 ) ) ;
#6461 = CARTESIAN_POINT ( 'NONE',  ( -4.600000000000000533, -5.900000000000001243, -1.499999999999999556 ) ) ;
#6462 = VECTOR ( 'NONE', #7157, 1000.000000000000000 ) ;
#6463 = EDGE_CURVE ( 'NONE', #1555, #5325, #7586, .T. ) ;
#6464 = ORIENTED_EDGE ( 'NONE', *, *, #3194, .F. ) ;
#6465 = ORIENTED_EDGE ( 'NONE', *, *, #5207, .T. ) ;
#6466 = ORIENTED_EDGE ( 'NONE', *, *, #6620, .T. ) ;
#6467 = LINE ( 'NONE', #3481, #192 ) ;
#6468 = CARTESIAN_POINT ( 'NONE',  ( 11.06882430048112553, -5.637602997552447093, 6.346388877235729531 ) ) ;
#6469 = CARTESIAN_POINT ( 'NONE',  ( -11.02748973205854810, -5.576428740005385798, 6.464051006527587795 ) ) ;
#6470 = AXIS2_PLACEMENT_3D ( 'NONE', #590, #4405, #1211 ) ;
#6471 = DIRECTION ( 'NONE',  ( 1.224646799147353207E-16, 1.000000000000000000, -0.0000000000000000000 ) ) ;
#6472 = AXIS2_PLACEMENT_3D ( 'NONE', #1865, #4465, #5737 ) ;
#6473 = PLANE ( 'NONE',  #3203 ) ;
#6474 = CARTESIAN_POINT ( 'NONE',  ( 0.9854613058983996421, 4.424293446385065387, -8.909973917545849886 ) ) ;
#6475 = CARTESIAN_POINT ( 'NONE',  ( 12.96326458944042948, -5.549999999999998934, 1.104570261448656110 ) ) ;
#6476 = CARTESIAN_POINT ( 'NONE',  ( 12.40000000000000391, 5.200000000000000178, 22.32470080335484397 ) ) ;
#6477 = AXIS2_PLACEMENT_3D ( 'NONE', #7960, #4053, #7285 ) ;
#6478 = ORIENTED_EDGE ( 'NONE', *, *, #7273, .F. ) ;
#6479 = DIRECTION ( 'NONE',  ( -1.000000000000000000, -0.0000000000000000000, -0.0000000000000000000 ) ) ;
#6480 = VECTOR ( 'NONE', #6044, 1000.000000000000000 ) ;
#6481 = CARTESIAN_POINT ( 'NONE',  ( 4.157048748739283539, -6.369126042717281777, -1.013013667921742078 ) ) ;
#6482 = DIRECTION ( 'NONE',  ( -0.0000000000000000000, -0.0000000000000000000, -1.000000000000000000 ) ) ;
#6483 = ORIENTED_EDGE ( 'NONE', *, *, #4240, .F. ) ;
#6484 = B_SPLINE_CURVE_WITH_KNOTS ( 'NONE', 3,
 ( #4857, #8127, #3655, #1107 ),
 .UNSPECIFIED., .F., .F.,
 ( 4, 4 ),
 ( 0.0000000000000000000, 0.0002238377694687070725 ),
 .UNSPECIFIED. ) ;
#6485 = EDGE_CURVE ( 'NONE', #670, #7828, #4141, .T. ) ;
#6486 = ORIENTED_EDGE ( 'NONE', *, *, #714, .F. ) ;
#6487 = CARTESIAN_POINT ( 'NONE',  ( -1.085589917655698899, 4.521602403848974383, -8.312772598077057040 ) ) ;
#6488 = VECTOR ( 'NONE', #4188, 1000.000000000000227 ) ;
#6489 = EDGE_LOOP ( 'NONE', ( #147, #996, #7537 ) ) ;
#6490 = ADVANCED_FACE ( 'NONE', ( #4439 ), #4346, .T. ) ;
#6491 = ORIENTED_EDGE ( 'NONE', *, *, #7934, .F. ) ;
#6492 = CARTESIAN_POINT ( 'NONE',  ( 8.600166593084873412, -6.020199911701875628, -1.192726625728578016 ) ) ;
#6493 = CARTESIAN_POINT ( 'NONE',  ( -4.000000000000001776, -6.650000000000002132, -2.943132368708153646 ) ) ;
#6494 = CARTESIAN_POINT ( 'NONE',  ( -12.39999999999999503, 5.118034671099024990, 2.105706630516123834 ) ) ;
#6495 = PLANE ( 'NONE',  #2769 ) ;
#6496 = EDGE_CURVE ( 'NONE', #6177, #6669, #5865, .T. ) ;
#6497 = ADVANCED_FACE ( 'NONE', ( #3344 ), #207, .F. ) ;
#6498 = DATE_AND_TIME ( #7713, #992 ) ;
#6499 = LINE ( 'NONE', #8088, #7099 ) ;
#6500 = CARTESIAN_POINT ( 'NONE',  ( -0.9670825103862834560, 4.348738801772180196, -8.776852287190562762 ) ) ;
#6501 = ORIENTED_EDGE ( 'NONE', *, *, #8282, .F. ) ;
#6502 = CC_DESIGN_PERSON_AND_ORGANIZATION_ASSIGNMENT ( #2385, #2434, ( #1139 ) ) ;
#6503 = EDGE_LOOP ( 'NONE', ( #1192, #595, #186 ) ) ;
#6504 = ORIENTED_EDGE ( 'NONE', *, *, #5647, .T. ) ;
#6505 = ORIENTED_EDGE ( 'NONE', *, *, #2944, .T. ) ;
#6506 = FACE_BOUND ( 'NONE', #7204, .T. ) ;
#6507 = CARTESIAN_POINT ( 'NONE',  ( -1.013323155338303083, 4.538245936797032698, -8.975499814951833244 ) ) ;
#6508 = CARTESIAN_POINT ( 'NONE',  ( 9.198212002188448366, 6.000000000000000000, -1.000000000000000888 ) ) ;
#6509 = CARTESIAN_POINT ( 'NONE',  ( -13.00000000000000000, 6.250000000000015987, -3.000000000000000000 ) ) ;
#6510 = SPHERICAL_SURFACE ( 'NONE', #4527, 0.5000000000000008882 ) ;
#6511 = DIRECTION ( 'NONE',  ( 0.0000000000000000000, 0.0000000000000000000, 1.000000000000000000 ) ) ;
#6512 = EDGE_LOOP ( 'NONE', ( #6297, #1219, #3948, #7740 ) ) ;
#6513 = CARTESIAN_POINT ( 'NONE',  ( 0.9851174912042192089, 4.422876462278622967, -8.368556495655973038 ) ) ;
#6514 = ORIENTED_EDGE ( 'NONE', *, *, #248, .F. ) ;
#6515 = FACE_OUTER_BOUND ( 'NONE', #8295, .T. ) ;
#6516 = DIRECTION ( 'NONE',  ( -0.9998476951563913806, 0.0000000000000000000, 0.01745240643727707583 ) ) ;
#6517 = DIRECTION ( 'NONE',  ( 0.0000000000000000000, 0.0000000000000000000, 1.000000000000000000 ) ) ;
#6518 = EDGE_CURVE ( 'NONE', #2900, #2750, #6972, .T. ) ;
#6519 = LINE ( 'NONE', #7576, #543 ) ;
#6520 = ORIENTED_EDGE ( 'NONE', *, *, #5350, .F. ) ;
#6521 = LINE ( 'NONE', #6676, #5615 ) ;
#6522 = ORIENTED_EDGE ( 'NONE', *, *, #2347, .T. ) ;
#6523 = AXIS2_PLACEMENT_3D ( 'NONE', #6035, #2790, #932 ) ;
#6524 = CARTESIAN_POINT ( 'NONE',  ( 8.513013671780250036, -5.915616406136310346, -1.369126033402016107 ) ) ;
#6525 = CARTESIAN_POINT ( 'NONE',  ( 1.085589917655698455, 4.521602403848973495, -8.962727216874801783 ) ) ;
#6526 = DIRECTION ( 'NONE',  ( -0.0000000000000000000, -0.0000000000000000000, 1.000000000000000000 ) ) ;
#6527 = EDGE_CURVE ( 'NONE', #1381, #1239, #928, .T. ) ;
#6528 = CARTESIAN_POINT ( 'NONE',  ( 11.04433988692497870, 5.549999999999998934, 6.416085703485434166 ) ) ;
#6529 = LINE ( 'NONE', #3590, #4802 ) ;
#6530 = DESIGN_CONTEXT ( 'detailed design', #3623, 'design' ) ;
#6531 = DIRECTION ( 'NONE',  ( 0.0000000000000000000, 1.000000000000000000, 0.0000000000000000000 ) ) ;
#6532 = CARTESIAN_POINT ( 'NONE',  ( 0.0000000000000000000, 5.964708090068001844, -1.000000000000000000 ) ) ;
#6533 = EDGE_LOOP ( 'NONE', ( #5076, #6464, #4986, #4875 ) ) ;
#6534 = DIRECTION ( 'NONE',  ( 1.000000000000000000, -0.0000000000000000000, -0.0000000000000000000 ) ) ;
#6535 = CIRCLE ( 'NONE', #3832, 0.2500000000000006661 ) ;
#6536 = CARTESIAN_POINT ( 'NONE',  ( 8.000000000000000000, 5.900000000000003020, -1.499999999999999556 ) ) ;
#6537 = ORIENTED_EDGE ( 'NONE', *, *, #6084, .T. ) ;
#6538 = EDGE_CURVE ( 'NONE', #459, #5184, #7481, .T. ) ;
#6539 = ADVANCED_FACE ( 'NONE', ( #1867 ), #1066, .T. ) ;
#6540 = ADVANCED_FACE ( 'NONE', ( #2261 ), #3150, .T. ) ;
#6541 = B_SPLINE_CURVE_WITH_KNOTS ( 'NONE', 3,
 ( #4052, #888, #2862, #1624, #291, #7958, #312, #2224, #7316, #4102, #7349, #2139, #2810, #6021, #6699, #7283, #1535, #918, #3489, #4739, #2835, #3459, #943, #5405, #1590, #8014, #4130, #4770, #6080, #2249, #6729, #7235, #3382, #7902, #6619, #4023, #246, #4662, #864, #2781, #7375, #1026, #5567, #460, #7401, #1760 ),
 .UNSPECIFIED., .F., .F.,
 ( 4, 3, 3, 3, 3, 3, 3, 3, 3, 3, 3, 3, 3, 3, 3, 4 ),
 ( 0.004813828276891310258, 0.004902084794893245973, 0.005238708700259947157, 0.005464196817234034942, 0.005615311887465674300, 0.005716656379053400294, 0.005784694990236502986, 0.005830446681613280120, 0.005861286303423991935, 0.005882150564004430017, 0.005896345233689038491, 0.005906085900794826038, 0.005915304574311991762, 0.005919449295602533141, 0.005923669759570216950, 0.005926372470954795191 ),
 .UNSPECIFIED. ) ;
#6542 = CARTESIAN_POINT ( 'NONE',  ( 12.40000000000000391, 5.117157287525381015, 1.000000000090039975 ) ) ;
#6543 = FACE_OUTER_BOUND ( 'NONE', #7213, .T. ) ;
#6544 = ORIENTED_EDGE ( 'NONE', *, *, #2592, .F. ) ;
#6545 = CARTESIAN_POINT ( 'NONE',  ( -2.540000000000000036, 0.0000000000000000000, -5.500000000000000000 ) ) ;
#6546 = EDGE_CURVE ( 'NONE', #5756, #226, #968, .T. ) ;
#6547 = VECTOR ( 'NONE', #7694, 1000.000000000000000 ) ;
#6548 = APPROVAL ( #2378, 'UNSPECIFIED' ) ;
#6549 = ORIENTED_EDGE ( 'NONE', *, *, #4190, .T. ) ;
#6550 = DIRECTION ( 'NONE',  ( -0.0000000000000000000, -0.0000000000000000000, -1.000000000000000000 ) ) ;
#6551 = DIRECTION ( 'NONE',  ( 1.000000000000000000, 0.0000000000000000000, 0.0000000000000000000 ) ) ;
#6552 = PLANE ( 'NONE',  #3447 ) ;
#6553 = CARTESIAN_POINT ( 'NONE',  ( 9.603470755691904076E-16, 2.540000000000000036, -5.500000000000000000 ) ) ;
#6554 = CARTESIAN_POINT ( 'NONE',  ( 13.00000000000000000, 5.800000000000000711, -3.000000000000000000 ) ) ;
#6555 = DIRECTION ( 'NONE',  ( 1.668003342285391551E-16, 1.000000000000000000, 0.0000000000000000000 ) ) ;
#6556 = VERTEX_POINT ( 'NONE', #7870 ) ;
#6557 = LINE ( 'NONE', #4510, #6271 ) ;
#6558 = DIRECTION ( 'NONE',  ( -0.0000000000000000000, -0.0000000000000000000, -1.000000000000000000 ) ) ;
#6559 = VERTEX_POINT ( 'NONE', #4576 ) ;
#6560 = CARTESIAN_POINT ( 'NONE',  ( -13.00099999999999945, -6.000000000000000000, -3.000000000000000000 ) ) ;
#6561 = EDGE_LOOP ( 'NONE', ( #4849, #2955, #5786, #3982 ) ) ;
#6562 = EDGE_CURVE ( 'NONE', #4473, #827, #774, .T. ) ;
#6563 = VECTOR ( 'NONE', #1400, 1000.000000000000000 ) ;
#6564 = CARTESIAN_POINT ( 'NONE',  ( -12.71400762708950261, -5.728723333559693209, 1.059819946095853282 ) ) ;
#6565 = LINE ( 'NONE', #5767, #1476 ) ;
#6566 = CARTESIAN_POINT ( 'NONE',  ( -12.39999999999999503, -5.200000000000007283, 1.853973807744119906 ) ) ;
#6567 = AXIS2_PLACEMENT_3D ( 'NONE', #3391, #6595, #6032 ) ;
#6568 = ORIENTED_EDGE ( 'NONE', *, *, #8103, .F. ) ;
#6569 = VERTEX_POINT ( 'NONE', #3991 ) ;
#6570 = CARTESIAN_POINT ( 'NONE',  ( 11.80646320625605838, 5.674254229703988628, 4.246641193553035265 ) ) ;
#6571 = VECTOR ( 'NONE', #628, 1000.000000000000114 ) ;
#6572 = DIRECTION ( 'NONE',  ( -0.0000000000000000000, -0.9998476951563913806, 0.01745240643727676358 ) ) ;
#6573 = EDGE_CURVE ( 'NONE', #1849, #1927, #6767, .T. ) ;
#6574 = ADVANCED_FACE ( 'NONE', ( #5956 ), #6473, .F. ) ;
#6575 = CARTESIAN_POINT ( 'NONE',  ( -9.000000000000001776, -6.650000000000001243, -9.035105632878352111 ) ) ;
#6576 = CARTESIAN_POINT ( 'NONE',  ( 12.40000000000000391, 5.200000000000000178, 1.000000000000000000 ) ) ;
#6577 = AXIS2_PLACEMENT_3D ( 'NONE', #7604, #6979, #3054 ) ;
#6578 = FACE_OUTER_BOUND ( 'NONE', #8250, .T. ) ;
#6579 = DIRECTION ( 'NONE',  ( 1.000000000000000000, 0.0000000000000000000, 0.0000000000000000000 ) ) ;
#6580 = DIRECTION ( 'NONE',  ( 0.0000000000000000000, -1.000000000000000000, 0.0000000000000000000 ) ) ;
#6581 = DIRECTION ( 'NONE',  ( -0.0000000000000000000, -0.0000000000000000000, 1.000000000000000000 ) ) ;
#6582 = ORIENTED_EDGE ( 'NONE', *, *, #5591, .F. ) ;
#6583 = DIRECTION ( 'NONE',  ( -0.9434756357255814629, 0.0000000000000000000, -0.3314418875039931711 ) ) ;
#6584 = AXIS2_PLACEMENT_3D ( 'NONE', #4623, #278, #202 ) ;
#6585 = VERTEX_POINT ( 'NONE', #5171 ) ;
#6586 = COORDINATED_UNIVERSAL_TIME_OFFSET ( 9, 0, .AHEAD. ) ;
#6587 = VECTOR ( 'NONE', #3947, 1000.000000000000000 ) ;
#6588 = PLANE ( 'NONE',  #6629 ) ;
#6589 = PLANE ( 'NONE',  #7994 ) ;
#6590 = VERTEX_POINT ( 'NONE', #6637 ) ;
#6591 = ORIENTED_EDGE ( 'NONE', *, *, #4774, .F. ) ;
#6592 = DIRECTION ( 'NONE',  ( 1.927470528863115795E-15, 1.000000000000000000, 0.0000000000000000000 ) ) ;
#6593 = LOCAL_TIME ( 8, 25, 54.00000000000000000, #218 ) ;
#6594 = AXIS2_PLACEMENT_3D ( 'NONE', #3919, #2040, #135 ) ;
#6595 = DIRECTION ( 'NONE',  ( 0.0000000000000000000, 0.0000000000000000000, -1.000000000000000000 ) ) ;
#6596 = VECTOR ( 'NONE', #6790, 1000.000000000000000 ) ;
#6597 = CARTESIAN_POINT ( 'NONE',  ( -12.91609080765415030, 5.549999999999998934, 1.087998167073456646 ) ) ;
#6598 = ORIENTED_EDGE ( 'NONE', *, *, #4895, .F. ) ;
#6599 = EDGE_CURVE ( 'NONE', #579, #6820, #5657, .T. ) ;
#6600 = EDGE_LOOP ( 'NONE', ( #2090, #55 ) ) ;
#6601 = DIRECTION ( 'NONE',  ( -1.367044011388618777E-16, 1.000000000000000000, -3.891399265864331642E-16 ) ) ;
#6602 = EDGE_LOOP ( 'NONE', ( #2208, #5156, #165, #3636 ) ) ;
#6603 = FACE_OUTER_BOUND ( 'NONE', #8063, .T. ) ;
#6604 = LOCAL_TIME ( 8, 25, 54.00000000000000000, #230 ) ;
#6605 = ORIENTED_EDGE ( 'NONE', *, *, #6981, .T. ) ;
#6606 = DIRECTION ( 'NONE',  ( 0.0000000000000000000, 0.0000000000000000000, 1.000000000000000000 ) ) ;
#6607 = CARTESIAN_POINT ( 'NONE',  ( 1.050012575614237997, 4.530053732223037422, -8.975499814954648770 ) ) ;
#6608 = ORIENTED_EDGE ( 'NONE', *, *, #7049, .F. ) ;
#6609 = CARTESIAN_POINT ( 'NONE',  ( 2.540000000000000036, 0.0000000000000000000, -5.500000000000000000 ) ) ;
#6610 = CIRCLE ( 'NONE', #6911, 0.2250000000000000333 ) ;
#6611 = CARTESIAN_POINT ( 'NONE',  ( -13.00000000000000178, -6.000000000000016875, -3.021872165881479333 ) ) ;
#6612 = CARTESIAN_POINT ( 'NONE',  ( 18.35813107968150604, -5.000000000000000888, 7.174921777190895078 ) ) ;
#6613 = SHAPE_DEFINITION_REPRESENTATION ( #6268, #6068 ) ;
#6614 = VECTOR ( 'NONE', #3905, 999.9999999999998863 ) ;
#6615 = EDGE_LOOP ( 'NONE', ( #2123, #216, #6491, #2113 ) ) ;
#6616 = DIRECTION ( 'NONE',  ( 1.000000000000000000, 0.0000000000000000000, 0.0000000000000000000 ) ) ;
#6617 = CIRCLE ( 'NONE', #7333, 0.2500000000000002220 ) ;
#6618 = ORIENTED_EDGE ( 'NONE', *, *, #5701, .T. ) ;
#6619 = CARTESIAN_POINT ( 'NONE',  ( 12.21208617899491244, -5.199637181076254500, 1.011201891081097815 ) ) ;
#6620 = EDGE_CURVE ( 'NONE', #4148, #1549, #6182, .T. ) ;
#6621 = ADVANCED_FACE ( 'NONE', ( #4643 ), #7801, .T. ) ;
#6622 = EDGE_CURVE ( 'NONE', #2920, #1210, #5751, .T. ) ;
#6623 = PLANE ( 'NONE',  #3835 ) ;
#6624 = EDGE_LOOP ( 'NONE', ( #5469, #1803, #5527, #1438 ) ) ;
#6625 = DIRECTION ( 'NONE',  ( 1.299119384541364068E-16, 1.000000000000000000, 0.0000000000000000000 ) ) ;
#6626 = EDGE_LOOP ( 'NONE', ( #6792, #634, #6777 ) ) ;
#6627 = EDGE_CURVE ( 'NONE', #7071, #3212, #1167, .T. ) ;
#6628 = CARTESIAN_POINT ( 'NONE',  ( 3.712310601229358742, -3.500178566873426877, 0.0000000000000000000 ) ) ;
#6629 = AXIS2_PLACEMENT_3D ( 'NONE', #3267, #733, #2751 ) ;
#6630 = AXIS2_PLACEMENT_3D ( 'NONE', #1345, #7761, #3890 ) ;
#6631 = VECTOR ( 'NONE', #6558, 1000.000000000000000 ) ;
#6632 = FACE_OUTER_BOUND ( 'NONE', #1364, .T. ) ;
#6633 = AXIS2_PLACEMENT_3D ( 'NONE', #3916, #77, #2665 ) ;
#6634 = PLANE ( 'NONE',  #854 ) ;
#6635 = DIRECTION ( 'NONE',  ( -0.3313969516099850021, 0.01646619573978455597, -0.9433477221372130739 ) ) ;
#6636 = CARTESIAN_POINT ( 'NONE',  ( -8.500000000000000000, 6.500000000000004441, -0.9999999999999995559 ) ) ;
#6637 = CARTESIAN_POINT ( 'NONE',  ( 12.40000000000000213, -5.200000000000000178, 1.000000000000000000 ) ) ;
#6638 = DIRECTION ( 'NONE',  ( -0.9998476951563913806, 0.0000000000000000000, -0.01745240643727653460 ) ) ;
#6639 = VECTOR ( 'NONE', #6694, 1000.000000000000114 ) ;
#6640 = ORIENTED_EDGE ( 'NONE', *, *, #5434, .F. ) ;
#6641 =( BOUNDED_CURVE ( )  B_SPLINE_CURVE ( 3, ( #7618, #5694, #1876, #6347 ),
 .UNSPECIFIED., .F., .F. ) 
 B_SPLINE_CURVE_WITH_KNOTS ( ( 4, 4 ),
 ( 1.570796326794896558, 3.141592653589793116 ),
 .UNSPECIFIED. ) 
 CURVE ( )  GEOMETRIC_REPRESENTATION_ITEM ( )  RATIONAL_B_SPLINE_CURVE ( ( 1.000000000000000000, 0.8047378541243649375, 0.8047378541243649375, 1.000000000000000000 ) ) 
 REPRESENTATION_ITEM ( '' )  );
#6642 = DIRECTION ( 'NONE',  ( 0.0000000000000000000, -0.0000000000000000000, -1.000000000000000000 ) ) ;
#6643 = CARTESIAN_POINT ( 'NONE',  ( -4.500000000000001776, -5.100000000000002309, -9.299999999999998934 ) ) ;
#6644 = CARTESIAN_POINT ( 'NONE',  ( 7.750000000000000000, 5.200000000000000178, -1.000000000000000000 ) ) ;
#6645 = DIRECTION ( 'NONE',  ( -0.0000000000000000000, -0.0000000000000000000, -1.000000000000000000 ) ) ;
#6646 = AXIS2_PLACEMENT_3D ( 'NONE', #301, #2209, #6157 ) ;
#6647 = EDGE_CURVE ( 'NONE', #7094, #6150, #2733, .T. ) ;
#6648 = VECTOR ( 'NONE', #5368, 1000.000000000000000 ) ;
#6649 = CARTESIAN_POINT ( 'NONE',  ( 1.013323155338314185, -4.538245936797078883, -8.299999999999998934 ) ) ;
#6650 = ORIENTED_EDGE ( 'NONE', *, *, #2308, .T. ) ;
#6651 = PERSON ( 'NAUO-PER2', 'UNSPECIFIED', 'UNSPECIFIED', ('UNSPECIFIED'), ('UNSPECIFIED'), ('UNSPECIFIED') ) ;
#6652 = CARTESIAN_POINT ( 'NONE',  ( 0.0000000000000000000, 0.0000000000000000000, -9.300000000000000711 ) ) ;
#6653 = VERTEX_POINT ( 'NONE', #1560 ) ;
#6654 = CARTESIAN_POINT ( 'NONE',  ( 4.791019402581309095, -6.349999999999999645, -3.350000000000002309 ) ) ;
#6655 = DIRECTION ( 'NONE',  ( 1.000000000000000000, 0.0000000000000000000, 0.0000000000000000000 ) ) ;
#6656 = VECTOR ( 'NONE', #1178, 1000.000000000000000 ) ;
#6657 = ORIENTED_EDGE ( 'NONE', *, *, #1179, .T. ) ;
#6658 = EDGE_CURVE ( 'NONE', #1290, #7253, #6467, .T. ) ;
#6659 = EDGE_LOOP ( 'NONE', ( #2099, #7640, #792, #8173, #198, #4380, #4183, #4721 ) ) ;
#6660 = CC_DESIGN_APPROVAL ( #365, ( #5364 ) ) ;
#6661 = ADVANCED_FACE ( 'NONE', ( #4840 ), #2757, .T. ) ;
#6662 = DIRECTION ( 'NONE',  ( -0.01745240643727699603, 0.0000000000000000000, 0.9998476951563912696 ) ) ;
#6663 = LINE ( 'NONE', #5950, #961 ) ;
#6664 = DIRECTION ( 'NONE',  ( 2.168404344971005713E-15, 1.000000000000000000, 0.0000000000000000000 ) ) ;
#6665 = DIRECTION ( 'NONE',  ( 0.0000000000000000000, -1.000000000000000000, 0.0000000000000000000 ) ) ;
#6666 = CARTESIAN_POINT ( 'NONE',  ( 13.00002500000000083, -6.250000000000015987, -3.000000000000000000 ) ) ;
#6667 = CARTESIAN_POINT ( 'NONE',  ( -12.79999999999999716, -5.800000000000001599, -3.000000000000000000 ) ) ;
#6668 = ORIENTED_EDGE ( 'NONE', *, *, #280, .T. ) ;
#6669 = VERTEX_POINT ( 'NONE', #858 ) ;
#6670 = ORIENTED_EDGE ( 'NONE', *, *, #7362, .T. ) ;
#6671 = CARTESIAN_POINT ( 'NONE',  ( 12.96326458944042948, -5.549999999999998934, 1.104570261448656110 ) ) ;
#6672 = CARTESIAN_POINT ( 'NONE',  ( 4.001277141293966721, 6.185714285714285054, -2.983752105345187644 ) ) ;
#6673 = DIRECTION ( 'NONE',  ( 1.000000000000000000, 0.0000000000000000000, 0.0000000000000000000 ) ) ;
#6674 = DIRECTION ( 'NONE',  ( -1.000000000000000000, -2.168404344971008474E-15, -0.0000000000000000000 ) ) ;
#6675 = EDGE_CURVE ( 'NONE', #5184, #8059, #7686, .T. ) ;
#6676 = CARTESIAN_POINT ( 'NONE',  ( -12.99999999999999822, -6.000000000000000000, -1.000000000000000000 ) ) ;
#6677 = VERTEX_POINT ( 'NONE', #7278 ) ;
#6678 = LINE ( 'NONE', #5642, #4260 ) ;
#6679 = AXIS2_PLACEMENT_3D ( 'NONE', #1043, #1751, #450 ) ;
#6680 = DIRECTION ( 'NONE',  ( 0.0000000000000000000, -1.000000000000000000, 0.0000000000000000000 ) ) ;
#6681 = ORIENTED_EDGE ( 'NONE', *, *, #1516, .T. ) ;
#6682 = CARTESIAN_POINT ( 'NONE',  ( -1.143638674689041013, -4.507270166027774749, -8.917951888200807531 ) ) ;
#6683 = DIRECTION ( 'NONE',  ( 1.000000000000000000, 0.0000000000000000000, -0.0000000000000000000 ) ) ;
#6684 = CARTESIAN_POINT ( 'NONE',  ( -13.00000000000000000, 6.000000000000000000, -3.000000000000000000 ) ) ;
#6685 = LINE ( 'NONE', #122, #3867 ) ;
#6686 = EDGE_CURVE ( 'NONE', #1130, #89, #2554, .T. ) ;
#6687 = DIRECTION ( 'NONE',  ( 1.000000000000000000, 0.0000000000000000000, 0.0000000000000000000 ) ) ;
#6688 = VERTEX_POINT ( 'NONE', #5396 ) ;
#6689 = CARTESIAN_POINT ( 'NONE',  ( -4.206653967943950967, 3.475978137765569187, -8.683317935812665311 ) ) ;
#6690 = CARTESIAN_POINT ( 'NONE',  ( -8.000000000000000000, 5.900000000000003908, -1.500000000000000444 ) ) ;
#6691 = CONTEXT_DEPENDENT_SHAPE_REPRESENTATION ( #636, #4496 ) ;
#6692 = CIRCLE ( 'NONE', #4410, 0.2000000000000005107 ) ;
#6693 = APPLICATION_CONTEXT ( 'configuration controlled 3d designs of mechanical parts and assemblies' ) ;
#6694 = DIRECTION ( 'NONE',  ( -0.01745240643728354635, 0.0000000000000000000, -0.9998476951563911586 ) ) ;
#6695 = AXIS2_PLACEMENT_3D ( 'NONE', #6223, #3043, #7545 ) ;
#6696 = VERTEX_POINT ( 'NONE', #2182 ) ;
#6697 = EDGE_CURVE ( 'NONE', #3265, #303, #4241, .T. ) ;
#6698 = ORIENTED_EDGE ( 'NONE', *, *, #1793, .T. ) ;
#6699 = CARTESIAN_POINT ( 'NONE',  ( 12.25453160835541588, -5.192464134468587567, 1.232666900910551755 ) ) ;
#6700 = CARTESIAN_POINT ( 'NONE',  ( -9.000000000000001776, -6.150000000000001243, -1.000000000000000888 ) ) ;
#6702 = PLANE ( 'NONE',  #6212 ) ;
#6701 = PERSON_AND_ORGANIZATION ( #6821, #2012 ) ;
#6703 = CARTESIAN_POINT ( 'NONE',  ( -7.749989253834149494, 5.964718836233852350, -1.000615647429258237 ) ) ;
#6704 = FACE_OUTER_BOUND ( 'NONE', #3380, .T. ) ;
#6705 = ADVANCED_FACE ( 'NONE', ( #4738 ), #4548, .T. ) ;
#6706 = ORIENTED_EDGE ( 'NONE', *, *, #2283, .F. ) ;
#6707 = CARTESIAN_POINT ( 'NONE',  ( 8.500000000000000000, 6.649999999999997691, -2.943132368708154534 ) ) ;
#6708 = ORIENTED_EDGE ( 'NONE', *, *, #1491, .F. ) ;
#6709 = ORIENTED_EDGE ( 'NONE', *, *, #2634, .F. ) ;
#6710 = FACE_OUTER_BOUND ( 'NONE', #4665, .T. ) ;
#6711 = CARTESIAN_POINT ( 'NONE',  ( -8.250000000000000000, -6.000000000000000000, -1.000000000000000000 ) ) ;
#6712 = EDGE_CURVE ( 'NONE', #4014, #5082, #7999, .T. ) ;
#6713 = FACE_OUTER_BOUND ( 'NONE', #891, .T. ) ;
#6714 = CARTESIAN_POINT ( 'NONE',  ( -4.000000000000001776, -6.650000000000002132, -1.000000000000000000 ) ) ;
#6715 = CC_DESIGN_PERSON_AND_ORGANIZATION_ASSIGNMENT ( #4290, #6753, ( #3360 ) ) ;
#6716 = DIRECTION ( 'NONE',  ( 0.0000000000000000000, -0.0000000000000000000, -1.000000000000000000 ) ) ;
#6717 = PLANE ( 'NONE',  #5776 ) ;
#6718 = ORIENTED_EDGE ( 'NONE', *, *, #5329, .T. ) ;
#6719 = DIRECTION ( 'NONE',  ( 0.0000000000000000000, -0.0000000000000000000, -1.000000000000000000 ) ) ;
#6720 = FACE_OUTER_BOUND ( 'NONE', #3659, .T. ) ;
#6721 = CARTESIAN_POINT ( 'NONE',  ( 5.000000000000000888, -0.0000000000000000000, -3.000000000000000000 ) ) ;
#6722 = LINE ( 'NONE', #1781, #3592 ) ;
#6723 = ORIENTED_EDGE ( 'NONE', *, *, #6712, .T. ) ;
#6724 = ORIENTED_EDGE ( 'NONE', *, *, #3440, .T. ) ;
#6725 = CARTESIAN_POINT ( 'NONE',  ( -8.369126042717258684, 6.342951251260781298, -1.013013667921752292 ) ) ;
#6726 = CYLINDRICAL_SURFACE ( 'NONE', #1455, 0.1999999999999999833 ) ;
#6727 = CARTESIAN_POINT ( 'NONE',  ( 3.572467902723102995, -2.903229087180623225, 0.7199999999999999734 ) ) ;
#6728 = ORIENTED_EDGE ( 'NONE', *, *, #1573, .T. ) ;
#6729 = CARTESIAN_POINT ( 'NONE',  ( 12.21719433796189769, -5.199257111569180800, 1.022936388153539156 ) ) ;
#6730 = CARTESIAN_POINT ( 'NONE',  ( -12.19996953439121512, -5.199999999999998401, 1.000000000090039975 ) ) ;
#6731 = DIRECTION ( 'NONE',  ( 9.637352644315598694E-16, -1.000000000000000000, 0.0000000000000000000 ) ) ;
#6732 = CYLINDRICAL_SURFACE ( 'NONE', #4038, 0.2250000000000000333 ) ;
#6733 = DIRECTION ( 'NONE',  ( -0.0000000000000000000, 0.0000000000000000000, 1.000000000000000000 ) ) ;
#6734 = EDGE_CURVE ( 'NONE', #130, #5310, #3064, .T. ) ;
#6735 = ORIENTED_EDGE ( 'NONE', *, *, #6259, .T. ) ;
#6736 = CARTESIAN_POINT ( 'NONE',  ( -8.999999999999998224, -6.500000000000002665, -1.000000000000000000 ) ) ;
#6737 = DIRECTION ( 'NONE',  ( -1.000000000000000000, 0.0000000000000000000, 0.0000000000000000000 ) ) ;
#6738 = EDGE_CURVE ( 'NONE', #210, #8142, #5550, .T. ) ;
#6739 = VERTEX_POINT ( 'NONE', #1755 ) ;
#6740 = CARTESIAN_POINT ( 'NONE',  ( -1.013323155338313963, -4.538245936797078883, -8.299999999999998934 ) ) ;
#6741 = AXIS2_PLACEMENT_3D ( 'NONE', #4218, #6894, #8160 ) ;
#6743 = AXIS2_PLACEMENT_3D ( 'NONE', #7044, #680, #5666 ) ;
#6742 = CARTESIAN_POINT ( 'NONE',  ( -12.20593541648622171, 5.200000000000003730, 0.9999999999195036127 ) ) ;
#6744 = VECTOR ( 'NONE', #2799, 1000.000000000000000 ) ;
#6745 = AXIS2_PLACEMENT_3D ( 'NONE', #2135, #4633, #4734 ) ;
#6746 = ADVANCED_FACE ( 'NONE', ( #3846 ), #4042, .T. ) ;
#6747 = CARTESIAN_POINT ( 'NONE',  ( 8.500000000000000000, 6.149999999999997691, -1.000000000000000888 ) ) ;
#6748 = ORIENTED_EDGE ( 'NONE', *, *, #1501, .F. ) ;
#6749 = CARTESIAN_POINT ( 'NONE',  ( -12.94999238359781124, -5.764738551036723280, -1.000000000000000000 ) ) ;
#6750 = CARTESIAN_POINT ( 'NONE',  ( -8.434538363964422913, 6.421446036756907283, -0.9999999999999995559 ) ) ;
#6751 = CARTESIAN_POINT ( 'NONE',  ( 3.801787997811553410, 6.200000000000000178, -1.000000000000000888 ) ) ;
#6752 =( BOUNDED_CURVE ( )  B_SPLINE_CURVE ( 3, ( #4804, #2927, #1035, #3553 ),
 .UNSPECIFIED., .F., .F. ) 
 B_SPLINE_CURVE_WITH_KNOTS ( ( 4, 4 ),
 ( 3.141592653589794004, 4.712388980384689674 ),
 .UNSPECIFIED. ) 
 CURVE ( )  GEOMETRIC_REPRESENTATION_ITEM ( )  RATIONAL_B_SPLINE_CURVE ( ( 1.000000000000000000, 0.8047378541243652705, 0.8047378541243652705, 1.000000000000000000 ) ) 
 REPRESENTATION_ITEM ( '' )  );
#6753 = PERSON_AND_ORGANIZATION_ROLE ( 'design_owner' ) ;
#6754 = CARTESIAN_POINT ( 'NONE',  ( -12.71400762708950261, -5.728723333559693209, 1.059819946095853282 ) ) ;
#6755 = EDGE_LOOP ( 'NONE', ( #6796, #5998, #4216, #2867 ) ) ;
#6756 = LINE ( 'NONE', #7919, #6648 ) ;
#6757 = VERTEX_POINT ( 'NONE', #6833 ) ;
#6758 = DIRECTION ( 'NONE',  ( 1.000000000000000000, 0.0000000000000000000, 0.0000000000000000000 ) ) ;
#6759 = EDGE_CURVE ( 'NONE', #670, #1260, #2861, .T. ) ;
#6760 = FACE_OUTER_BOUND ( 'NONE', #1707, .T. ) ;
#6761 = VERTEX_POINT ( 'NONE', #7394 ) ;
#6762 = B_SPLINE_CURVE_WITH_KNOTS ( 'NONE', 3,
 ( #1261, #5697, #3069, #6401 ),
 .UNSPECIFIED., .F., .F.,
 ( 4, 4 ),
 ( 8.940560153363745023E-19, 0.0004121439919903493619 ),
 .UNSPECIFIED. ) ;
#6763 = CARTESIAN_POINT ( 'NONE',  ( 7.750000000000000000, -6.250000000000004441, -3.000000000000000000 ) ) ;
#6764 = EDGE_LOOP ( 'NONE', ( #8202, #4537, #1857 ) ) ;
#6765 = ORIENTED_EDGE ( 'NONE', *, *, #2334, .T. ) ;
#6766 = PLANE ( 'NONE',  #3309 ) ;
#6767 = LINE ( 'NONE', #2108, #5050 ) ;
#6768 = CARTESIAN_POINT ( 'NONE',  ( 4.868728049125731872, 6.192726625728560919, -1.100166593084895394 ) ) ;
#6769 = FACE_OUTER_BOUND ( 'NONE', #5003, .T. ) ;
#6770 = CARTESIAN_POINT ( 'NONE',  ( -12.24785267184334181, 5.194321766796988982, 1.175313229273145854 ) ) ;
#6771 = EDGE_CURVE ( 'NONE', #1166, #5287, #627, .T. ) ;
#6772 = CC_DESIGN_SECURITY_CLASSIFICATION ( #1139, ( #8296 ) ) ;
#6773 = ORIENTED_EDGE ( 'NONE', *, *, #7806, .F. ) ;
#6774 = PLANE ( 'NONE',  #2784 ) ;
#6775 = EDGE_LOOP ( 'NONE', ( #1582, #3066, #1811, #166 ) ) ;
#6776 = CARTESIAN_POINT ( 'NONE',  ( -8.214708090067981416, -6.000000000000006217, -3.021872165881479333 ) ) ;
#6777 = ORIENTED_EDGE ( 'NONE', *, *, #542, .F. ) ;
#6778 = VECTOR ( 'NONE', #3015, 1000.000000000000000 ) ;
#6779 = DIRECTION ( 'NONE',  ( 1.224646799147353207E-16, 1.000000000000000000, -0.0000000000000000000 ) ) ;
#6780 = APPROVAL_ROLE ( '' ) ;
#6781 = CARTESIAN_POINT ( 'NONE',  ( 12.31613172760883579, 5.201103551519500101, 2.105706630516124278 ) ) ;
#6782 = FACE_OUTER_BOUND ( 'NONE', #2284, .T. ) ;
#6783 = CARTESIAN_POINT ( 'NONE',  ( -10.88012917333603191, 5.637602997552447981, 6.280100499734861508 ) ) ;
#6784 = CARTESIAN_POINT ( 'NONE',  ( -1.474514954580288200E-15, 5.100000000000005862, -3.000000000000000000 ) ) ;
#6785 = DIRECTION ( 'NONE',  ( -0.9434756357255816850, 0.0000000000000000000, 0.3314418875039927825 ) ) ;
#6786 = EDGE_CURVE ( 'NONE', #4009, #931, #7424, .T. ) ;
#6787 = ADVANCED_FACE ( 'NONE', ( #2214 ), #1727, .T. ) ;
#6788 = VERTEX_POINT ( 'NONE', #6137 ) ;
#6789 = ORGANIZATION ( 'NAUO-ORG3', 'UNSPECIFIED', 'UNSPECIFIED' ) ;
#6790 = DIRECTION ( 'NONE',  ( -1.000000000000000000, 0.0000000000000000000, 0.0000000000000000000 ) ) ;
#6791 = LINE ( 'NONE', #1348, #2780 ) ;
#6792 = ORIENTED_EDGE ( 'NONE', *, *, #7399, .F. ) ;
#6793 = DIRECTION ( 'NONE',  ( 1.668003342285391551E-16, -1.000000000000000000, 0.0000000000000000000 ) ) ;
#6794 =( GEOMETRIC_REPRESENTATION_CONTEXT ( 3 ) GLOBAL_UNCERTAINTY_ASSIGNED_CONTEXT ( ( #755 ) ) GLOBAL_UNIT_ASSIGNED_CONTEXT ( ( #7432, #7369, #964 ) ) REPRESENTATION_CONTEXT ( 'NONE', 'WORKASPACE' ) );
#6795 = CARTESIAN_POINT ( 'NONE',  ( 5.000000000585330895, 5.999999999414773910, -1.448147957716966694 ) ) ;
#6796 = ORIENTED_EDGE ( 'NONE', *, *, #6381, .F. ) ;
#6797 = CARTESIAN_POINT ( 'NONE',  ( 8.400000000000000355, -6.000000000000000000, -3.000000000000000000 ) ) ;
#6798 = EDGE_CURVE ( 'NONE', #1009, #243, #2709, .T. ) ;
#6799 = CONTEXT_DEPENDENT_SHAPE_REPRESENTATION ( #2996, #6133 ) ;
#6800 = VECTOR ( 'NONE', #7216, 1000.000000000000000 ) ;
#6801 = ORIENTED_EDGE ( 'NONE', *, *, #5536, .F. ) ;
#6802 = VERTEX_POINT ( 'NONE', #2323 ) ;
#6803 = CARTESIAN_POINT ( 'NONE',  ( -4.784910129856434935, -6.249999999999998224, -3.000000000000000000 ) ) ;
#6804 = DIRECTION ( 'NONE',  ( -1.000000000000000000, 0.0000000000000000000, 0.0000000000000000000 ) ) ;
#6805 = VERTEX_POINT ( 'NONE', #2970 ) ;
#6806 = LINE ( 'NONE', #184, #1432 ) ;
#6807 = DIRECTION ( 'NONE',  ( 0.0000000000000000000, 0.0000000000000000000, 1.000000000000000000 ) ) ;
#6808 = PERSON_AND_ORGANIZATION ( #6821, #2012 ) ;
#6809 = AXIS2_PLACEMENT_3D ( 'NONE', #5362, #7861, #2098 ) ;
#6810 = LINE ( 'NONE', #8280, #2998 ) ;
#6811 = EDGE_LOOP ( 'NONE', ( #51, #3370 ) ) ;
#6812 = EDGE_CURVE ( 'NONE', #827, #4473, #7016, .T. ) ;
#6813 = EDGE_LOOP ( 'NONE', ( #1091, #7617, #5710, #8104 ) ) ;
#6814 = CARTESIAN_POINT ( 'NONE',  ( 1.203686644847456577, 4.492219714962812915, -8.569982081453209943 ) ) ;
#6815 = CARTESIAN_POINT ( 'NONE',  ( 2.540000000000000036, 0.0000000000000000000, -5.500000000000000000 ) ) ;
#6816 = CARTESIAN_POINT ( 'NONE',  ( 10.88012917333600704, -5.637602997552447093, 6.280100499734930786 ) ) ;
#6817 = DIRECTION ( 'NONE',  ( 0.0000000000000000000, 1.000000000000000000, 0.0000000000000000000 ) ) ;
#6818 = CIRCLE ( 'NONE', #5139, 99.84586871773915107 ) ;
#6819 = FACE_OUTER_BOUND ( 'NONE', #6847, .T. ) ;
#6820 = VERTEX_POINT ( 'NONE', #5474 ) ;
#6821 = PERSON ( 'UNSPECIFIED', 'UNSPECIFIED', 'UNSPECIFIED', ('UNSPECIFIED'), ('UNSPECIFIED'), ('UNSPECIFIED') ) ;
#6822 = CARTESIAN_POINT ( 'NONE',  ( -9.111091270347374760, 9.888908729652611029, -9.299999999999998934 ) ) ;
#6823 = EDGE_LOOP ( 'NONE', ( #1236, #4116, #2107 ) ) ;
#6824 = EDGE_CURVE ( 'NONE', #6247, #3300, #3395, .T. ) ;
#6825 = CARTESIAN_POINT ( 'NONE',  ( -4.500000000000000888, 6.500000000000004441, -0.9999999999999995559 ) ) ;
#6826 = ORIENTED_EDGE ( 'NONE', *, *, #6251, .F. ) ;
#6827 = DIRECTION ( 'NONE',  ( 0.0000000000000000000, 0.9998476951563913806, -0.01745240643727676358 ) ) ;
#6828 = VERTEX_POINT ( 'NONE', #8152 ) ;
#6829 = CARTESIAN_POINT ( 'NONE',  ( 3.822467902723103439, -2.903229087180623225, 0.7199999999999999734 ) ) ;
#6830 = FACE_OUTER_BOUND ( 'NONE', #3444, .T. ) ;
#6831 = ORIENTED_EDGE ( 'NONE', *, *, #6900, .T. ) ;
#6832 = ADVANCED_FACE ( 'NONE', ( #1916 ), #4791, .F. ) ;
#6833 = CARTESIAN_POINT ( 'NONE',  ( 8.500000000000000000, 6.500000000000004441, -1.000000000000000000 ) ) ;
#6834 = MECHANICAL_CONTEXT ( 'NONE', #2941, 'mechanical' ) ;
#6835 = CYLINDRICAL_SURFACE ( 'NONE', #6088, 0.5000000000000000000 ) ;
#6836 = EDGE_LOOP ( 'NONE', ( #3175, #4231, #2548, #4107, #2739, #5858, #3779, #7615 ) ) ;
#6837 = VECTOR ( 'NONE', #4235, 1000.000000000000000 ) ;
#6838 = EDGE_CURVE ( 'NONE', #5271, #7190, #4687, .T. ) ;
#6839 = CARTESIAN_POINT ( 'NONE',  ( -12.19996953439120801, 5.200000000000001066, 1.000000000090039975 ) ) ;
#6840 = PLANE ( 'NONE',  #5278 ) ;
#6841 = CARTESIAN_POINT ( 'NONE',  ( 12.29537175515776148, 5.176391556817389272, 1.728901449580345417 ) ) ;
#6842 = DIRECTION ( 'NONE',  ( 1.057758217059028608E-16, -1.000000000000000000, 0.0000000000000000000 ) ) ;
#6843 = EDGE_CURVE ( 'NONE', #459, #7368, #337, .T. ) ;
#6844 = AXIS2_PLACEMENT_3D ( 'NONE', #1768, #5576, #6235 ) ;
#6845 = LINE ( 'NONE', #2414, #3314 ) ;
#6846 = DIRECTION ( 'NONE',  ( 2.168404344971008079E-15, -1.000000000000000000, 0.0000000000000000000 ) ) ;
#6847 = EDGE_LOOP ( 'NONE', ( #2715, #2115, #638, #1145 ) ) ;
#6848 = CARTESIAN_POINT ( 'NONE',  ( -4.500000000000000888, 5.100000000000004086, -1.499999999999999556 ) ) ;
#6849 = EDGE_CURVE ( 'NONE', #407, #2640, #5302, .T. ) ;
#6850 = DIRECTION ( 'NONE',  ( 1.000000000000000000, 1.057758217059028608E-16, 0.0000000000000000000 ) ) ;
#6851 = VECTOR ( 'NONE', #6015, 1000.000000000000000 ) ;
#6852 = VERTEX_POINT ( 'NONE', #1804 ) ;
#6853 = AXIS2_PLACEMENT_3D ( 'NONE', #4460, #7780, #7752 ) ;
#6854 = VERTEX_POINT ( 'NONE', #1855 ) ;
#6855 = AXIS2_PLACEMENT_3D ( 'NONE', #6858, #479, #4963 ) ;
#6856 = VERTEX_POINT ( 'NONE', #8232 ) ;
#6857 = AXIS2_PLACEMENT_3D ( 'NONE', #2827, #4125, #2880 ) ;
#6858 = CARTESIAN_POINT ( 'NONE',  ( -9.000000000000001776, 6.649999999999997691, -9.035105632878352111 ) ) ;
#6859 = DIRECTION ( 'NONE',  ( 0.3313969516099847246, -0.01646619573978484741, -0.9433477221372130739 ) ) ;
#6860 = CARTESIAN_POINT ( 'NONE',  ( 0.9670890758901478090, -4.348765769651652846, -8.637749907475930300 ) ) ;
#6861 = LINE ( 'NONE', #2330, #1766 ) ;
#6862 = CARTESIAN_POINT ( 'NONE',  ( -8.934538363964191987, -6.421446036757092024, -1.000000000000000000 ) ) ;
#6863 = EDGE_LOOP ( 'NONE', ( #616, #457, #6681, #1534, #3737 ) ) ;
#6864 = CARTESIAN_POINT ( 'NONE',  ( -4.500000000000000888, 5.099999999999999645, -1.000000000000000000 ) ) ;
#6865 = PERSON_AND_ORGANIZATION_ROLE ( 'creator' ) ;
#6866 = VERTEX_POINT ( 'NONE', #8286 ) ;
#6867 = FACE_OUTER_BOUND ( 'NONE', #3538, .T. ) ;
#6868 = CARTESIAN_POINT ( 'NONE',  ( -11.98566414201826191, 4.757005158825442059, -1.000000000000000000 ) ) ;
#6869 = DIRECTION ( 'NONE',  ( -9.637352644315598694E-16, -1.000000000000000000, 0.0000000000000000000 ) ) ;
#6870 = DIRECTION ( 'NONE',  ( 0.0000000000000000000, 0.0000000000000000000, 1.000000000000000000 ) ) ;
#6871 = EDGE_CURVE ( 'NONE', #1927, #4296, #435, .T. ) ;
#6872 = ORIENTED_EDGE ( 'NONE', *, *, #8012, .F. ) ;
#6873 = ADVANCED_FACE ( 'NONE', ( #6928 ), #6411, .F. ) ;
#6874 = ORIENTED_EDGE ( 'NONE', *, *, #150, .F. ) ;
#6875 = CARTESIAN_POINT ( 'NONE',  ( 11.06901167911443018, -5.608226752557076367, 6.345855489085828971 ) ) ;
#6876 = ORIENTED_EDGE ( 'NONE', *, *, #2663, .F. ) ;
#6877 = CC_DESIGN_SECURITY_CLASSIFICATION ( #5143, ( #5094 ) ) ;
#6878 = LINE ( 'NONE', #6684, #4653 ) ;
#6879 = CARTESIAN_POINT ( 'NONE',  ( 12.30000000000000071, -5.099999999999997868, 0.5000000000000000000 ) ) ;
#6880 = CARTESIAN_POINT ( 'NONE',  ( -4.645541871230491893, 6.354458128769469027, -1.016452607790664153 ) ) ;
#6881 = CARTESIAN_POINT ( 'NONE',  ( -8.500000000000000000, -5.100000000000000533, -9.299999999999998934 ) ) ;
#6882 = LINE ( 'NONE', #3101, #102 ) ;
#6883 = CARTESIAN_POINT ( 'NONE',  ( -12.31388325425145247, -5.164400781149042885, 2.099111958668828937 ) ) ;
#6884 = CARTESIAN_POINT ( 'NONE',  ( -11.09848522915800650, -5.549999999999998934, 6.412812697791911987 ) ) ;
#6885 = ORIENTED_EDGE ( 'NONE', *, *, #6546, .T. ) ;
#6886 = DIRECTION ( 'NONE',  ( -1.889888912631821051E-16, 0.08715574274765112983, -0.9961946980917462113 ) ) ;
#6887 = VECTOR ( 'NONE', #2386, 1000.000000000000227 ) ;
#6888 = APPLICATION_PROTOCOL_DEFINITION ( 'international standard', 'config_control_design', 1994, #2941 ) ;
#6889 = EDGE_CURVE ( 'NONE', #1210, #647, #5000, .T. ) ;
#6890 = VERTEX_POINT ( 'NONE', #2432 ) ;
#6891 = ORIENTED_EDGE ( 'NONE', *, *, #1184, .T. ) ;
#6892 = DIRECTION ( 'NONE',  ( 0.9434756357255826842, 0.0000000000000000000, -0.3314418875039900625 ) ) ;
#6893 = PLANE ( 'NONE',  #1008 ) ;
#6894 = DIRECTION ( 'NONE',  ( -0.0000000000000000000, -0.9998476951563913806, 0.01745240643727676358 ) ) ;
#6896 = DIRECTION ( 'NONE',  ( 0.0000000000000000000, 0.0000000000000000000, 1.000000000000000000 ) ) ;
#6895 = APPROVAL_DATE_TIME ( #2882, #1639 ) ;
#6897 = CARTESIAN_POINT ( 'NONE',  ( 0.9670825103862834560, -4.348738801772180196, -8.776852287190562762 ) ) ;
#6898 = PLANE ( 'NONE',  #7269 ) ;
#6899 = FACE_OUTER_BOUND ( 'NONE', #3378, .T. ) ;
#6900 = EDGE_CURVE ( 'NONE', #5739, #2791, #6722, .T. ) ;
#6901 = ORIENTED_EDGE ( 'NONE', *, *, #5849, .T. ) ;
#6902 = CARTESIAN_POINT ( 'NONE',  ( -4.650000000000000355, 5.694607616035192869E-16, -9.299999999999998934 ) ) ;
#6903 = ORIENTED_EDGE ( 'NONE', *, *, #7826, .F. ) ;
#6904 = AXIS2_PLACEMENT_3D ( 'NONE', #1191, #4436, #2469 ) ;
#6905 =( BOUNDED_CURVE ( )  B_SPLINE_CURVE ( 3, ( #8249, #3720, #4392, #6342 ),
 .UNSPECIFIED., .F., .F. ) 
 B_SPLINE_CURVE_WITH_KNOTS ( ( 4, 4 ),
 ( 3.141592653589794004, 4.712388980384689674 ),
 .UNSPECIFIED. ) 
 CURVE ( )  GEOMETRIC_REPRESENTATION_ITEM ( )  RATIONAL_B_SPLINE_CURVE ( ( 1.000000000000000000, 0.8047378541243652705, 0.8047378541243652705, 1.000000000000000000 ) ) 
 REPRESENTATION_ITEM ( '' )  );
#6906 = DIRECTION ( 'NONE',  ( -0.0000000000000000000, -0.0000000000000000000, 1.000000000000000000 ) ) ;
#6907 = APPROVAL_DATE_TIME ( #32, #718 ) ;
#6908 = LINE ( 'NONE', #5747, #903 ) ;
#6909 = ORIENTED_EDGE ( 'NONE', *, *, #6282, .T. ) ;
#6910 = DIRECTION ( 'NONE',  ( -0.9939991105900851665, 0.001909086515907209474, 0.1093714932457016259 ) ) ;
#6911 = AXIS2_PLACEMENT_3D ( 'NONE', #3435, #7875, #1511 ) ;
#6912 = CARTESIAN_POINT ( 'NONE',  ( 3.712310601229358742, -3.500178566873426877, 0.9499999999999998446 ) ) ;
#6913 = VERTEX_POINT ( 'NONE', #611 ) ;
#6914 = VERTEX_POINT ( 'NONE', #3734 ) ;
#6915 = ORIENTED_EDGE ( 'NONE', *, *, #7563, .T. ) ;
#6916 = FACE_OUTER_BOUND ( 'NONE', #2056, .T. ) ;
#6917 = CALENDAR_DATE ( 2019, 1, 8 ) ;
#6918 = ADVANCED_FACE ( 'NONE', ( #3903 ), #3103, .T. ) ;
#6919 = VECTOR ( 'NONE', #1644, 1000.000000000000000 ) ;
#6920 = CARTESIAN_POINT ( 'NONE',  ( 4.650000000000000355, 0.0000000000000000000, 4.252248537653713356 ) ) ;
#6921 = ORIENTED_EDGE ( 'NONE', *, *, #7768, .F. ) ;
#6922 = CARTESIAN_POINT ( 'NONE',  ( 3.500178566873394015, -3.712310601229390716, 0.0000000000000000000 ) ) ;
#6923 = ORIENTED_EDGE ( 'NONE', *, *, #8077, .F. ) ;
#6924 =( REPRESENTATION_RELATIONSHIP ('NONE','NONE', #686, #6068 ) REPRESENTATION_RELATIONSHIP_WITH_TRANSFORMATION ( #8234 )SHAPE_REPRESENTATION_RELATIONSHIP( ) );
#6925 = EDGE_LOOP ( 'NONE', ( #8068, #2764, #4570, #3542, #6968, #2487, #2052, #7139, #6454, #3794, #2844, #5237, #3777, #7827 ) ) ;
#6926 = FACE_OUTER_BOUND ( 'NONE', #85, .T. ) ;
#6927 = EDGE_CURVE ( 'NONE', #754, #345, #6519, .T. ) ;
#6928 = FACE_OUTER_BOUND ( 'NONE', #3210, .T. ) ;
#6929 = ORIENTED_EDGE ( 'NONE', *, *, #6518, .F. ) ;
#6930 = ORIENTED_EDGE ( 'NONE', *, *, #8163, .T. ) ;
#6931 = CARTESIAN_POINT ( 'NONE',  ( -4.500000000000000888, -4.757005158825455382, -1.000000000000000888 ) ) ;
#6932 = CARTESIAN_POINT ( 'NONE',  ( 12.30522711538940328, 5.170396814945364738, 1.913986760346312321 ) ) ;
#6933 = LINE ( 'NONE', #4987, #7326 ) ;
#6934 = CARTESIAN_POINT ( 'NONE',  ( -4.600000000000001421, -6.000000000000001776, -1.207106781186547240 ) ) ;
#6935 = CARTESIAN_POINT ( 'NONE',  ( -8.978969072859607436, 6.461560893046986109, -2.959618654331490628 ) ) ;
#6936 = EDGE_LOOP ( 'NONE', ( #4601, #710, #7711, #5138 ) ) ;
#6937 = DIRECTION ( 'NONE',  ( 1.000000000000000000, 0.0000000000000000000, 0.0000000000000000000 ) ) ;
#6938 = EDGE_CURVE ( 'NONE', #7347, #983, #4192, .T. ) ;
#6939 = LINE ( 'NONE', #5886, #6631 ) ;
#6940 = ORIENTED_EDGE ( 'NONE', *, *, #7388, .T. ) ;
#6941 = DIRECTION ( 'NONE',  ( 1.000000000000000000, 0.0000000000000000000, 0.0000000000000000000 ) ) ;
#6942 = DIRECTION ( 'NONE',  ( -0.0000000000000000000, 0.0000000000000000000, 1.000000000000000000 ) ) ;
#6943 = CARTESIAN_POINT ( 'NONE',  ( -4.479800088298150129, -6.100166593084860978, -1.192726625728593115 ) ) ;
#6944 = VECTOR ( 'NONE', #620, 1000.000000000000114 ) ;
#6945 = CARTESIAN_POINT ( 'NONE',  ( 12.30000000000000071, 5.100000000000001421, -1.000000000000000000 ) ) ;
#6946 = ORIENTED_EDGE ( 'NONE', *, *, #5849, .F. ) ;
#6947 = CARTESIAN_POINT ( 'NONE',  ( -5.000000000000000888, 5.100000000000004086, -9.299999999999998934 ) ) ;
#6948 = CARTESIAN_POINT ( 'NONE',  ( -9.000000000000000000, -6.500000000000002665, -1.000000000000000000 ) ) ;
#6949 = CARTESIAN_POINT ( 'NONE',  ( -9.198212002188448366, 6.200000000000000178, -9.035105632878352111 ) ) ;
#6950 = PERSON_AND_ORGANIZATION_ROLE ( 'creator' ) ;
#6951 = EDGE_CURVE ( 'NONE', #2718, #3238, #1724, .T. ) ;
#6952 = VECTOR ( 'NONE', #831, 1000.000000000000000 ) ;
#6953 = VERTEX_POINT ( 'NONE', #591 ) ;
#6954 = DIRECTION ( 'NONE',  ( 0.7071067811865489050, 0.7071067811865461294, 0.0000000000000000000 ) ) ;
#6955 = CARTESIAN_POINT ( 'NONE',  ( -1.204163065101840235, -4.493997739557926252, -8.974651897294108949 ) ) ;
#6956 = CARTESIAN_POINT ( 'NONE',  ( -7.750000000000000000, 6.000000000000000000, -1.000000000000000000 ) ) ;
#6957 = ORIENTED_EDGE ( 'NONE', *, *, #4010, .F. ) ;
#6958 = ADVANCED_FACE ( 'NONE', ( #6819 ), #5502, .T. ) ;
#6959 = DIRECTION ( 'NONE',  ( 0.0000000000000000000, 0.0000000000000000000, 1.000000000000000000 ) ) ;
#6960 = FACE_OUTER_BOUND ( 'NONE', #5485, .T. ) ;
#6961 = ORIENTED_EDGE ( 'NONE', *, *, #691, .T. ) ;
#6962 = EDGE_CURVE ( 'NONE', #4021, #2964, #7121, .T. ) ;
#6963 = CARTESIAN_POINT ( 'NONE',  ( 4.500000000000000888, -5.900000000000001243, -3.000000000000000000 ) ) ;
#6964 = LINE ( 'NONE', #3944, #7065 ) ;
#6965 = DIRECTION ( 'NONE',  ( 0.0000000000000000000, -0.01815413264053684569, 0.9998352001545404155 ) ) ;
#6966 = ORIENTED_EDGE ( 'NONE', *, *, #842, .F. ) ;
#6967 = AXIS2_PLACEMENT_3D ( 'NONE', #3270, #6511, #7150 ) ;
#6968 = ORIENTED_EDGE ( 'NONE', *, *, #3508, .T. ) ;
#6969 = CARTESIAN_POINT ( 'NONE',  ( 8.000000000000000000, 5.900000000090929397, -1.434538370960598996 ) ) ;
#6970 = EDGE_LOOP ( 'NONE', ( #5510, #2919, #2542, #4389 ) ) ;
#6971 = EDGE_CURVE ( 'NONE', #4049, #3518, #3696, .T. ) ;
#6972 = LINE ( 'NONE', #1369, #3545 ) ;
#6973 = CARTESIAN_POINT ( 'NONE',  ( -4.549999999999999822, 0.0000000000000000000, 0.9499999999999998446 ) ) ;
#6974 = DIRECTION ( 'NONE',  ( -1.000000000000000000, 0.0000000000000000000, 0.0000000000000000000 ) ) ;
#6975 = LINE ( 'NONE', #2363, #4842 ) ;
#6976 = VERTEX_POINT ( 'NONE', #567 ) ;
#6977 = ORIENTED_EDGE ( 'NONE', *, *, #4619, .F. ) ;
#6978 = VECTOR ( 'NONE', #6345, 1000.000000000000000 ) ;
#6979 = DIRECTION ( 'NONE',  ( 1.057758217059028608E-16, -1.000000000000000000, 0.0000000000000000000 ) ) ;
#6980 = CARTESIAN_POINT ( 'NONE',  ( -2.954415582856761979, 3.590811685924666818, -7.449999999999998401 ) ) ;
#6981 = EDGE_CURVE ( 'NONE', #7104, #220, #2025, .T. ) ;
#6982 = DIRECTION ( 'NONE',  ( 0.3313969516099851687, 0.01646619573978455944, -0.9433477221372130739 ) ) ;
#6983 = CC_DESIGN_SECURITY_CLASSIFICATION ( #7865, ( #7415 ) ) ;
#6984 = FACE_OUTER_BOUND ( 'NONE', #6489, .T. ) ;
#6985 = CARTESIAN_POINT ( 'NONE',  ( -5.084383593863683437, 6.013013671780259806, -1.369126033402001674 ) ) ;
#6986 = ORIENTED_EDGE ( 'NONE', *, *, #6057, .T. ) ;
#6987 = APPROVAL_PERSON_ORGANIZATION ( #1888, #671, #1970 ) ;
#6988 = LINE ( 'NONE', #3461, #2884 ) ;
#6989 = ADVANCED_FACE ( 'NONE', ( #5213 ), #3996, .T. ) ;
#6990 = CARTESIAN_POINT ( 'NONE',  ( -8.998722858706033279, 6.185714285714285054, -9.035105632878352111 ) ) ;
#6991 = VERTEX_POINT ( 'NONE', #7746 ) ;
#6992 = EDGE_CURVE ( 'NONE', #1706, #303, #1572, .T. ) ;
#6993 = DIRECTION ( 'NONE',  ( 1.000000000000000000, 0.0000000000000000000, 0.0000000000000000000 ) ) ;
#6994 = ORIENTED_EDGE ( 'NONE', *, *, #3624, .T. ) ;
#6995 = CARTESIAN_POINT ( 'NONE',  ( -10.85302017205040315, 0.0000000000000000000, 6.508124431142555899 ) ) ;
#6996 = CALENDAR_DATE ( 2019, 1, 8 ) ;
#6997 = AXIS2_PLACEMENT_3D ( 'NONE', #111, #7805, #144 ) ;
#6998 = FACE_OUTER_BOUND ( 'NONE', #7363, .T. ) ;
#6999 = ORIENTED_EDGE ( 'NONE', *, *, #1929, .T. ) ;
#7000 = ORIENTED_EDGE ( 'NONE', *, *, #5680, .F. ) ;
#7001 = ADVANCED_FACE ( 'NONE', ( #1433 ), #1015, .T. ) ;
#7002 = ORIENTED_EDGE ( 'NONE', *, *, #3472, .F. ) ;
#7003 = CARTESIAN_POINT ( 'NONE',  ( -12.31388325425145247, -5.164400781149042885, 2.099111958668828937 ) ) ;
#7004 = CARTESIAN_POINT ( 'NONE',  ( -1.203686644847456577, -4.492219714962812915, -8.569982081453211720 ) ) ;
#7005 = SHAPE_REPRESENTATION_RELATIONSHIP ( 'NONE' , 'NONE' ,  #6215, #4938 ) ;
#7006 =( BOUNDED_CURVE ( )  B_SPLINE_CURVE ( 3, ( #4742, #840, #247, #3412 ),
 .UNSPECIFIED., .F., .F. ) 
 B_SPLINE_CURVE_WITH_KNOTS ( ( 4, 4 ),
 ( 4.712388980384691450, 6.283185307179586232 ),
 .UNSPECIFIED. ) 
 CURVE ( )  GEOMETRIC_REPRESENTATION_ITEM ( )  RATIONAL_B_SPLINE_CURVE ( ( 1.000000000000000000, 0.8047378541243654926, 0.8047378541243654926, 1.000000000000000000 ) ) 
 REPRESENTATION_ITEM ( '' )  );
#7007 = EDGE_CURVE ( 'NONE', #938, #5782, #6185, .T. ) ;
#7008 = APPROVAL_PERSON_ORGANIZATION ( #422, #5528, #4374 ) ;
#7009 = LINE ( 'NONE', #6162, #4281 ) ;
#7010 = CARTESIAN_POINT ( 'NONE',  ( 12.72687989103115314, -5.741595597501343740, 0.3223684387774080062 ) ) ;
#7011 = VERTEX_POINT ( 'NONE', #5846 ) ;
#7012 = AXIS2_PLACEMENT_3D ( 'NONE', #3371, #3962, #3318 ) ;
#7013 = EDGE_LOOP ( 'NONE', ( #4831, #401, #7406, #5489 ) ) ;
#7014 = LINE ( 'NONE', #6963, #3900 ) ;
#7015 = DIRECTION ( 'NONE',  ( 0.0000000000000000000, 0.0000000000000000000, 1.000000000000000000 ) ) ;
#7016 = CIRCLE ( 'NONE', #7748, 5.059461084755860760 ) ;
#7017 = DIRECTION ( 'NONE',  ( -0.3313969516099847246, -0.01646619573978484741, -0.9433477221372130739 ) ) ;
#7018 = ORIENTED_EDGE ( 'NONE', *, *, #3437, .T. ) ;
#7019 = CARTESIAN_POINT ( 'NONE',  ( -4.078553963242941727, -6.434538363964170671, -0.9999999999999997780 ) ) ;
#7020 = LINE ( 'NONE', #3727, #1021 ) ;
#7021 = ORIENTED_EDGE ( 'NONE', *, *, #6485, .F. ) ;
#7022 = CARTESIAN_POINT ( 'NONE',  ( -12.99999999999999822, -6.000000000000000000, -3.000000000000000000 ) ) ;
#7023 = DIRECTION ( 'NONE',  ( -0.0000000000000000000, 0.0000000000000000000, 1.000000000000000000 ) ) ;
#7024 = CARTESIAN_POINT ( 'NONE',  ( 12.90270275423461932, -1.325642542717615679E-15, 1.126108323596650251 ) ) ;
#7025 = VERTEX_POINT ( 'NONE', #4539 ) ;
#7026 = ORIENTED_EDGE ( 'NONE', *, *, #354, .F. ) ;
#7027 = DIRECTION ( 'NONE',  ( -1.445602896647339163E-16, 1.000000000000000000, -0.0000000000000000000 ) ) ;
#7028 = FACE_OUTER_BOUND ( 'NONE', #3332, .T. ) ;
#7029 = AXIS2_PLACEMENT_3D ( 'NONE', #6545, #5332, #3929 ) ;
#7030 = CLOSED_SHELL ( 'NONE', ( #7036, #632, #681, #6326, #3658 ) ) ;
#7031 = EDGE_CURVE ( 'NONE', #4964, #1638, #8053, .T. ) ;
#7032 = CARTESIAN_POINT ( 'NONE',  ( 9.000000000000001776, 6.649999999999997691, -9.035105632878352111 ) ) ;
#7033 = CARTESIAN_POINT ( 'NONE',  ( 1.084334294628967132, 4.521902055790076425, -8.312295584801230319 ) ) ;
#7034 = CARTESIAN_POINT ( 'NONE',  ( 10.88012917333602481, 5.637602997552447981, 6.280100499734861508 ) ) ;
#7035 = VECTOR ( 'NONE', #524, 999.9999999999998863 ) ;
#7036 = ADVANCED_FACE ( 'NONE', ( #3793 ), #3806, .T. ) ;
#7037 = DIRECTION ( 'NONE',  ( -1.000000000000000000, -0.0000000000000000000, -0.0000000000000000000 ) ) ;
#7038 = ORIENTED_EDGE ( 'NONE', *, *, #4337, .T. ) ;
#7039 = CARTESIAN_POINT ( 'NONE',  ( -7.697634805215346709, 5.200000000000000178, -4.000000000000000000 ) ) ;
#7040 = VECTOR ( 'NONE', #5202, 1000.000000000000000 ) ;
#7041 = CARTESIAN_POINT ( 'NONE',  ( 12.96326458944042948, 5.549999999999998934, 1.104570261448656110 ) ) ;
#7042 = EDGE_LOOP ( 'NONE', ( #4300, #8105, #4525, #5294, #7464, #2016, #1402, #2540 ) ) ;
#7043 = ADVANCED_FACE ( 'NONE', ( #3197, #5408 ), #3298, .F. ) ;
#7044 = CARTESIAN_POINT ( 'NONE',  ( 11.61776807911094167, -5.674254229703989516, 4.180352816052237408 ) ) ;
#7045 = EDGE_CURVE ( 'NONE', #1418, #531, #242, .T. ) ;
#7046 = CARTESIAN_POINT ( 'NONE',  ( 11.04433998763858682, -5.549999999999998934, 6.416085416796287966 ) ) ;
#7047 = DIRECTION ( 'NONE',  ( 1.000000000000000000, 0.0000000000000000000, 0.0000000000000000000 ) ) ;
#7048 = LINE ( 'NONE', #6439, #2538 ) ;
#7049 = EDGE_CURVE ( 'NONE', #3697, #6653, #3108, .T. ) ;
#7050 = ORIENTED_EDGE ( 'NONE', *, *, #2327, .F. ) ;
#7051 = CARTESIAN_POINT ( 'NONE',  ( 0.0000000000000000000, 0.0000000000000000000, 4.252248537653713356 ) ) ;
#7052 = EDGE_CURVE ( 'NONE', #4198, #3990, #3496, .T. ) ;
#7053 = FACE_OUTER_BOUND ( 'NONE', #4137, .T. ) ;
#7055 = EDGE_LOOP ( 'NONE', ( #3904, #3691, #1159, #6214 ) ) ;
#7054 = CARTESIAN_POINT ( 'NONE',  ( 8.999999999999998224, -6.500000000000002665, -0.9999999999999995559 ) ) ;
#7056 = DIRECTION ( 'NONE',  ( -0.0000000000000000000, 0.9998476951563912696, 0.01745240643727676358 ) ) ;
#7057 = CARTESIAN_POINT ( 'NONE',  ( -12.31613172760729213, 5.201103551519479673, 2.105706630516123834 ) ) ;
#7058 = CARTESIAN_POINT ( 'NONE',  ( -3.466060434432935100, 4.102456537500842160, -7.449999999999997513 ) ) ;
#7059 =( BOUNDED_SURFACE ( )  B_SPLINE_SURFACE ( 3, 2, ( 
 ( #6825, #2985, #6153 ),
 ( #5578, #2427, #2932 ),
 ( #4313, #6880, #529 ),
 ( #8082, #4955, #5612 ),
 ( #2958, #7450, #3809 ),
 ( #6317, #8253, #7589 ),
 ( #3119, #7614, #5741 ),
 ( #5065, #1898, #6985 ),
 ( #2473, #1932, #602 ),
 ( #5634, #3751, #3722 ) ),
 .UNSPECIFIED., .F., .F., .F. ) 
 B_SPLINE_SURFACE_WITH_KNOTS ( ( 4, 2, 2, 2, 4 ),
 ( 3, 3 ),
 ( 4.712388980384689674, 5.105088062083414258, 5.497787143782137953, 5.890486225480861648, 6.283185307179586232 ),
 ( 0.0000000000000000000, 1.000000000000000000 ),
 .UNSPECIFIED. ) 
 GEOMETRIC_REPRESENTATION_ITEM ( )  RATIONAL_B_SPLINE_SURFACE ( (
 ( 1.000000000000000000, 1.000000000000000000, 1.000000000000000000),
 ( 1.000000000000000000, 1.000158593443259303, 1.000000000000000000),
 ( 1.000000000000000000, 0.9867291723803882642, 1.000000000000000000),
 ( 1.000000000000000000, 0.9386556673819255181, 1.000000000000000000),
 ( 1.000000000000000000, 0.9038128477756907087, 1.000000000000000000),
 ( 1.000000000000000000, 0.8282379597931864845, 1.000000000000000000),
 ( 1.000000000000000000, 0.7876784551908757592, 1.000000000000000000),
 ( 1.000000000000000000, 0.7265517845063291791, 1.000000000000000000),
 ( 1.000000000000000000, 0.7066757228338991226, 1.000000000000000000),
 ( 1.000000000000000000, 0.7071067811865444641, 1.000000000000000000) ) ) 
 REPRESENTATION_ITEM ( '' )  SURFACE ( )  );
#7060 = CARTESIAN_POINT ( 'NONE',  ( 3.801787997811553410, 6.000000000000000000, -3.000000000000000000 ) ) ;
#7061 = DIRECTION ( 'NONE',  ( -0.0000000000000000000, -0.0000000000000000000, -1.000000000000000000 ) ) ;
#7062 = CARTESIAN_POINT ( 'NONE',  ( 5.500000000000000000, 6.735557395310442023E-16, -9.299999999999998934 ) ) ;
#7063 = ORIENTED_EDGE ( 'NONE', *, *, #4821, .F. ) ;
#7064 = AXIS2_PLACEMENT_3D ( 'NONE', #6231, #463, #4327 ) ;
#7065 = VECTOR ( 'NONE', #187, 1000.000000000000000 ) ;
#7066 = CARTESIAN_POINT ( 'NONE',  ( -12.92859824251507028, 0.0000000000000000000, 0.2256695217538560450 ) ) ;
#7067 = CARTESIAN_POINT ( 'NONE',  ( 4.000000000000000000, -6.500000000000002665, -0.9999999999999993339 ) ) ;
#7068 = ORIENTED_EDGE ( 'NONE', *, *, #8123, .F. ) ;
#7069 = ORIENTED_EDGE ( 'NONE', *, *, #5249, .F. ) ;
#7070 = PLANE ( 'NONE',  #1512 ) ;
#7071 = VERTEX_POINT ( 'NONE', #1911 ) ;
#7072 = CYLINDRICAL_SURFACE ( 'NONE', #4213, 4.549999999999999822 ) ;
#7073 = DIRECTION ( 'NONE',  ( -0.0000000000000000000, -0.0000000000000000000, -1.000000000000000000 ) ) ;
#7074 = AXIS2_PLACEMENT_3D ( 'NONE', #330, #410, #4753 ) ;
#7075 = DIRECTION ( 'NONE',  ( 1.000000000000000000, 1.057758217059028608E-16, 0.0000000000000000000 ) ) ;
#7076 = DIRECTION ( 'NONE',  ( -0.01745240643728354635, 0.0000000000000000000, -0.9998476951563911586 ) ) ;
#7077 = EDGE_CURVE ( 'NONE', #2791, #2455, #7318, .T. ) ;
#7078 = DIRECTION ( 'NONE',  ( -1.000000000000000000, 2.891205793294679312E-16, 0.0000000000000000000 ) ) ;
#7079 = DIRECTION ( 'NONE',  ( 0.0000000000000000000, 0.2229098465715040889, -0.9748390637953878723 ) ) ;
#7080 = VERTEX_POINT ( 'NONE', #3211 ) ;
#7081 = CIRCLE ( 'NONE', #7455, 0.5000000000000000000 ) ;
#7082 = ORIENTED_EDGE ( 'NONE', *, *, #2238, .T. ) ;
#7083 = CARTESIAN_POINT ( 'NONE',  ( 0.0000000000000000000, 0.0000000000000000000, -9.299999999999998934 ) ) ;
#7084 = VECTOR ( 'NONE', #4043, 1000.000000000000114 ) ;
#7085 = CARTESIAN_POINT ( 'NONE',  ( 10.90254453544680757, -5.549999999999998934, 6.477342301583102646 ) ) ;
#7086 = EDGE_CURVE ( 'NONE', #5436, #1866, #6319, .T. ) ;
#7087 = ADVANCED_FACE ( 'NONE', ( #1217 ), #4033, .T. ) ;
#7088 = CARTESIAN_POINT ( 'NONE',  ( 5.000000000000000888, 5.100000000000003197, -2.500000000000000000 ) ) ;
#7089 = CARTESIAN_POINT ( 'NONE',  ( 11.83743514143391096, 0.0000000000000000000, 4.158477122162922868 ) ) ;
#7090 = ORIENTED_EDGE ( 'NONE', *, *, #6573, .F. ) ;
#7091 = DIRECTION ( 'NONE',  ( 0.3314418875039929491, -0.0000000000000000000, -0.9434756357255815740 ) ) ;
#7092 = CIRCLE ( 'NONE', #4947, 0.5000000000000000000 ) ;
#7093 = DIRECTION ( 'NONE',  ( 0.1093716925545416829, 0.0000000000000000000, 0.9940009219652438111 ) ) ;
#7094 = VERTEX_POINT ( 'NONE', #1419 ) ;
#7095 = ORIENTED_EDGE ( 'NONE', *, *, #4744, .T. ) ;
#7096 = CARTESIAN_POINT ( 'NONE',  ( 8.000000000000000000, 5.900000000000003020, -3.000000000000000000 ) ) ;
#7097 = DATE_AND_TIME ( #526, #2190 ) ;
#7098 = CARTESIAN_POINT ( 'NONE',  ( 3.912409198551538125, 5.999999999999996447, -3.000000000000000888 ) ) ;
#7099 = VECTOR ( 'NONE', #3020, 1000.000000000000000 ) ;
#7100 = DIRECTION ( 'NONE',  ( -1.000000000000000000, -1.057758217059028608E-16, 0.0000000000000000000 ) ) ;
#7101 = EDGE_LOOP ( 'NONE', ( #4777, #6449, #5095, #8056, #2895, #3487, #1713 ) ) ;
#7102 = EDGE_CURVE ( 'NONE', #5847, #4014, #7845, .T. ) ;
#7103 = PLANE ( 'NONE',  #5931 ) ;
#7104 = VERTEX_POINT ( 'NONE', #2713 ) ;
#7105 = CARTESIAN_POINT ( 'NONE',  ( -12.39999999999999680, -5.118034671099018773, 1.000000000203727035 ) ) ;
#7106 = VERTEX_POINT ( 'NONE', #7248 ) ;
#7107 = CIRCLE ( 'NONE', #904, 0.2000000000000005107 ) ;
#7108 = AXIS2_PLACEMENT_3D ( 'NONE', #6025, #7904, #4106 ) ;
#7109 = VECTOR ( 'NONE', #5509, 1000.000000000000114 ) ;
#7110 = VERTEX_POINT ( 'NONE', #5245 ) ;
#7111 = PLANE ( 'NONE',  #8176 ) ;
#7112 = CARTESIAN_POINT ( 'NONE',  ( -12.39999999999999680, 5.000000000000001776, 500000.0000000000582 ) ) ;
#7113 = DIRECTION ( 'NONE',  ( -0.3314418875039929491, 0.0000000000000000000, -0.9434756357255815740 ) ) ;
#7114 = ORIENTED_EDGE ( 'NONE', *, *, #4138, .F. ) ;
#7115 = EDGE_CURVE ( 'NONE', #6189, #3746, #1629, .T. ) ;
#7116 = CARTESIAN_POINT ( 'NONE',  ( 12.94999238359781124, 0.0000000000000000000, -1.000000000000000000 ) ) ;
#7117 = CIRCLE ( 'NONE', #6594, 0.5000000000000008882 ) ;
#7118 = DIRECTION ( 'NONE',  ( 0.0000000000000000000, 0.0000000000000000000, -1.000000000000000000 ) ) ;
#7119 = CARTESIAN_POINT ( 'NONE',  ( -10.90218604790531032, 5.606088938311133418, 6.478360796161401147 ) ) ;
#7120 = CARTESIAN_POINT ( 'NONE',  ( -0.9856213070749361149, 4.424948200857224734, -8.910428862364184965 ) ) ;
#7121 = LINE ( 'NONE', #7547, #2505 ) ;
#7122 = VERTEX_POINT ( 'NONE', #224 ) ;
#7123 = VERTEX_POINT ( 'NONE', #254 ) ;
#7124 = FACE_OUTER_BOUND ( 'NONE', #618, .T. ) ;
#7125 = EDGE_LOOP ( 'NONE', ( #2924, #288, #1115, #4776 ) ) ;
#7126 = DIRECTION ( 'NONE',  ( -0.9434756357255816850, 0.0000000000000000000, -0.3314418875039927825 ) ) ;
#7127 = DIRECTION ( 'NONE',  ( -0.7060760127359582139, -0.7060760127359555494, 0.05397525801500051290 ) ) ;
#7128 = PLANE ( 'NONE',  #7883 ) ;
#7129 = EDGE_CURVE ( 'NONE', #6189, #1328, #8246, .T. ) ;
#7130 = ADVANCED_FACE ( 'NONE', ( #5915 ), #7860, .T. ) ;
#7131 = CARTESIAN_POINT ( 'NONE',  ( 0.2250000000000009770, 2.540000000000000036, 0.0000000000000000000 ) ) ;
#7132 = ADVANCED_FACE ( 'NONE', ( #4991 ), #3364, .T. ) ;
#7133 = B_SPLINE_CURVE_WITH_KNOTS ( 'NONE', 3,
 ( #5540, #5569, #2975, #4942 ),
 .UNSPECIFIED., .F., .F.,
 ( 4, 4 ),
 ( 0.0000000000000000000, 0.0002238377694687141740 ),
 .UNSPECIFIED. ) ;
#7134 = FACE_OUTER_BOUND ( 'NONE', #1055, .T. ) ;
#7135 = LINE ( 'NONE', #4294, #3610 ) ;
#7136 = CARTESIAN_POINT ( 'NONE',  ( -1.206800688281443712, 4.490763100230619642, -8.491636364902932499 ) ) ;
#7137 = EDGE_CURVE ( 'NONE', #1271, #1260, #5887, .T. ) ;
#7138 = VECTOR ( 'NONE', #8185, 1000.000000000000000 ) ;
#7139 = ORIENTED_EDGE ( 'NONE', *, *, #8251, .F. ) ;
#7140 = ORIENTED_EDGE ( 'NONE', *, *, #6759, .T. ) ;
#7141 = CC_DESIGN_APPROVAL ( #4390, ( #2959 ) ) ;
#7142 = CARTESIAN_POINT ( 'NONE',  ( 8.666236034490060192, -6.166236034489901208, -1.120744521546744199 ) ) ;
#7143 = CARTESIAN_POINT ( 'NONE',  ( -12.31613172760729213, 5.201103551519479673, 1.000000000090040420 ) ) ;
#7144 = CARTESIAN_POINT ( 'NONE',  ( -3.475978137765556308, 4.206653967943962513, -8.683317935812665311 ) ) ;
#7145 = VECTOR ( 'NONE', #2274, 1000.000000000000000 ) ;
#7146 = ORIENTED_EDGE ( 'NONE', *, *, #2888, .F. ) ;
#7147 = DIRECTION ( 'NONE',  ( -0.0000000000000000000, -0.0000000000000000000, -1.000000000000000000 ) ) ;
#7148 = DIRECTION ( 'NONE',  ( 0.01234165475093677855, -0.7070529271412462347, -0.7070529271412462347 ) ) ;
#7149 = CARTESIAN_POINT ( 'NONE',  ( -10.90254453544682889, -5.549999999999998934, 6.477342301583102646 ) ) ;
#7150 = DIRECTION ( 'NONE',  ( 1.000000000000000000, 0.0000000000000000000, 0.0000000000000000000 ) ) ;
#7151 = VECTOR ( 'NONE', #7307, 1000.000000000000000 ) ;
#7152 = CARTESIAN_POINT ( 'NONE',  ( -8.999999999999998224, -6.500000000000002665, -1.000000000000000000 ) ) ;
#7153 = ORIENTED_EDGE ( 'NONE', *, *, #7499, .F. ) ;
#7154 =( BOUNDED_SURFACE ( )  B_SPLINE_SURFACE ( 3, 2, ( 
 ( #2821, #4113, #66 ),
 ( #8166, #4251, #4862 ),
 ( #5544, #520, #1058 ),
 ( #6178, #4833, #1034 ) ),
 .UNSPECIFIED., .F., .F., .F. ) 
 B_SPLINE_SURFACE_WITH_KNOTS ( ( 4, 4 ),
 ( 3, 3 ),
 ( 2.018187625889123815, 2.018193311688964098 ),
 ( 0.0000000000000000000, 1.000000000000000000 ),
 .UNSPECIFIED. ) 
 GEOMETRIC_REPRESENTATION_ITEM ( )  RATIONAL_B_SPLINE_SURFACE ( (
 ( 1.000000000000000000, 0.8463473937642223000, 1.000000000000000000),
 ( 1.000000000000000000, 0.8463478984929819759, 1.000000000000000000),
 ( 1.000000000000000000, 0.8463484032206001206, 1.000000000000000000),
 ( 1.000000000000000000, 0.8463489079470825072, 1.000000000000000000) ) ) 
 REPRESENTATION_ITEM ( '' )  SURFACE ( )  );
#7155 = EDGE_CURVE ( 'NONE', #5585, #732, #7282, .T. ) ;
#7156 = CARTESIAN_POINT ( 'NONE',  ( -12.39999999999999503, 5.200000000000000178, 1.000000000000000000 ) ) ;
#7157 = DIRECTION ( 'NONE',  ( -1.000000000000000000, -0.0000000000000000000, -0.0000000000000000000 ) ) ;
#7158 = VERTEX_POINT ( 'NONE', #4622 ) ;
#7159 = EDGE_CURVE ( 'NONE', #4129, #5054, #5260, .T. ) ;
#7160 = FACE_OUTER_BOUND ( 'NONE', #8158, .T. ) ;
#7161 = VERTEX_POINT ( 'NONE', #200 ) ;
#7162 = EDGE_CURVE ( 'NONE', #4134, #7297, #2357, .T. ) ;
#7163 = CLOSED_SHELL ( 'NONE', ( #4495, #5389, #6490, #5681, #7949, #5090, #2965, #2496, #3249, #3703, #843, #3083, #799, #5978, #1307, #4593, #2336, #3882, #7641, #8079, #2167, #1975, #5946, #3041, #844, #7738, #599, #5008, #762, #478, #5911, #239, #5726, #4667, #2588, #1124, #4789, #6244, #1797, #6574, #16, #2590, #959, #4962, #7132, #8279, #562, #7866, #233, #4547, #925, #1886, #4003, #5775, #8114, #3160, #6072, #1517, #5433, #5556, #5267, #6746, #6540, #8245, #3369, #4331, #1677, #5820, #6400, #7869, #6365, #156, #2926, #2840, #2294, #2717, #2251, #191, #4420, #3292, #2453, #7510, #3415, #5308, #2533, #2091, #678, #1301, #1042 ) ) ;
#7164 = ORIENTED_EDGE ( 'NONE', *, *, #1929, .F. ) ;
#7165 = ADVANCED_FACE ( 'NONE', ( #3248 ), #8130, .T. ) ;
#7166 = VECTOR ( 'NONE', #700, 1000.000000000000227 ) ;
#7167 = DIRECTION ( 'NONE',  ( -0.9434756357255816850, 0.0000000000000000000, 0.3314418875039927825 ) ) ;
#7168 = CARTESIAN_POINT ( 'NONE',  ( -4.500000000000000888, -5.100000000000004086, -2.500000000000000000 ) ) ;
#7169 = VECTOR ( 'NONE', #1277, 1000.000000000000000 ) ;
#7170 = AXIS2_PLACEMENT_3D ( 'NONE', #4760, #4095, #304 ) ;
#7171 = CARTESIAN_POINT ( 'NONE',  ( -5.100000000000001421, 5.900000000000003020, -1.499999999999999556 ) ) ;
#7172 = ADVANCED_FACE ( 'NONE', ( #6119 ), #689, .F. ) ;
#7173 = CARTESIAN_POINT ( 'NONE',  ( -10.88012917333600704, -5.637602997552447093, 6.280100499734930786 ) ) ;
#7174 = AXIS2_PLACEMENT_3D ( 'NONE', #4098, #2724, #6638 ) ;
#7175 = ORIENTED_EDGE ( 'NONE', *, *, #3255, .F. ) ;
#7176 = ORIENTED_EDGE ( 'NONE', *, *, #6538, .T. ) ;
#7177 = VECTOR ( 'NONE', #6213, 1000.000000000000000 ) ;
#7178 = DIRECTION ( 'NONE',  ( -0.01745240643728354635, -0.0000000000000000000, 0.9998476951563911586 ) ) ;
#7179 = PLANE ( 'NONE',  #232 ) ;
#7180 = CARTESIAN_POINT ( 'NONE',  ( 4.071998066942949634, -6.428001933057052142, -1.000000000026770586 ) ) ;
#7181 = DIRECTION ( 'NONE',  ( 1.000000000000000000, -1.668003342285391551E-16, 0.0000000000000000000 ) ) ;
#7182 = VECTOR ( 'NONE', #4680, 1000.000000000000000 ) ;
#7183 = DIRECTION ( 'NONE',  ( 0.0000000000000000000, 0.0000000000000000000, -1.000000000000000000 ) ) ;
#7184 = ORIENTED_EDGE ( 'NONE', *, *, #1552, .T. ) ;
#7185 = PLANE ( 'NONE',  #4830 ) ;
#7186 = EDGE_CURVE ( 'NONE', #2544, #5664, #6061, .T. ) ;
#7187 = ORIENTED_EDGE ( 'NONE', *, *, #1965, .F. ) ;
#7188 = ORIENTED_EDGE ( 'NONE', *, *, #2347, .F. ) ;
#7189 = VECTOR ( 'NONE', #2227, 1000.000000000000227 ) ;
#7190 = VERTEX_POINT ( 'NONE', #4784 ) ;
#7191 = EDGE_LOOP ( 'NONE', ( #823, #2118, #654, #3888 ) ) ;
#7192 = CARTESIAN_POINT ( 'NONE',  ( 8.207106781186547906, 6.148528137423861395, -1.000000000000000222 ) ) ;
#7193 = DIRECTION ( 'NONE',  ( 0.0000000000000000000, 0.0000000000000000000, 1.000000000000000000 ) ) ;
#7194 = DIRECTION ( 'NONE',  ( -0.0000000000000000000, -0.0000000000000000000, -1.000000000000000000 ) ) ;
#7195 = LOCAL_TIME ( 8, 25, 54.00000000000000000, #1711 ) ;
#7196 = DIRECTION ( 'NONE',  ( 0.0000000000000000000, -0.0000000000000000000, 1.000000000000000000 ) ) ;
#7197 = FACE_OUTER_BOUND ( 'NONE', #1595, .T. ) ;
#7198 = CARTESIAN_POINT ( 'NONE',  ( -8.500000000000000000, -5.100000000000004086, -2.500000000000000000 ) ) ;
#7199 = DIRECTION ( 'NONE',  ( 0.0000000000000000000, 0.0000000000000000000, 1.000000000000000000 ) ) ;
#7200 = VERTEX_POINT ( 'NONE', #1654 ) ;
#7201 = CC_DESIGN_DATE_AND_TIME_ASSIGNMENT ( #4364, #1295, ( #7541 ) ) ;
#7202 = EDGE_LOOP ( 'NONE', ( #2490, #3719, #6407, #6269 ) ) ;
#7203 = CARTESIAN_POINT ( 'NONE',  ( 12.94999238359780946, 5.881885383100024178, -1.000000000000000000 ) ) ;
#7204 = EDGE_LOOP ( 'NONE', ( #6723, #8055, #5616, #3155, #8003, #6089, #4490, #4474 ) ) ;
#7205 = CARTESIAN_POINT ( 'NONE',  ( 12.94999238359780769, -5.549999999999998934, -1.000000000000000000 ) ) ;
#7207 = CARTESIAN_POINT ( 'NONE',  ( -9.000000000000001776, -5.100000000000000533, -1.500000000000000000 ) ) ;
#7206 = PERSON_AND_ORGANIZATION ( #6821, #2012 ) ;
#7208 = VECTOR ( 'NONE', #3456, 1000.000000000000000 ) ;
#7209 = VERTEX_POINT ( 'NONE', #3420 ) ;
#7210 = ADVANCED_FACE ( 'NONE', ( #2169 ), #1414, .F. ) ;
#7211 = ORIENTED_EDGE ( 'NONE', *, *, #3913, .T. ) ;
#7212 = CARTESIAN_POINT ( 'NONE',  ( -9.087590801448460098, 6.000000000000000888, -2.999999999999999556 ) ) ;
#7213 = EDGE_LOOP ( 'NONE', ( #2062, #5455, #729, #8184 ) ) ;
#7214 = ADVANCED_FACE ( 'NONE', ( #6998 ), #5728, .T. ) ;
#7215 = VECTOR ( 'NONE', #1714, 1000.000000000000000 ) ;
#7216 = DIRECTION ( 'NONE',  ( 0.0000000000000000000, -1.000000000000000000, 0.0000000000000000000 ) ) ;
#7217 = CARTESIAN_POINT ( 'NONE',  ( -4.549999999999999822, 0.0000000000000000000, 0.0000000000000000000 ) ) ;
#7218 = EDGE_CURVE ( 'NONE', #5739, #4970, #1086, .T. ) ;
#7219 = CIRCLE ( 'NONE', #4146, 0.2500000000000002220 ) ;
#7220 = VECTOR ( 'NONE', #5619, 1000.000000000000000 ) ;
#7221 = VERTEX_POINT ( 'NONE', #7294 ) ;
#7222 = DIRECTION ( 'NONE',  ( -1.927470528863115795E-15, 1.000000000000000000, 0.0000000000000000000 ) ) ;
#7223 = CARTESIAN_POINT ( 'NONE',  ( -10.93142588574140994, -5.549999999999998934, 6.545662011518390777 ) ) ;
#7224 = AXIS2_PLACEMENT_3D ( 'NONE', #5022, #3126, #1240 ) ;
#7225 = ORIENTED_EDGE ( 'NONE', *, *, #5591, .T. ) ;
#7226 = VERTEX_POINT ( 'NONE', #7997 ) ;
#7227 = EDGE_LOOP ( 'NONE', ( #7651, #1659, #4081, #7522, #4048, #1948, #502 ) ) ;
#7228 = DIRECTION ( 'NONE',  ( -2.168404344971008474E-15, 1.000000000000000000, 0.0000000000000000000 ) ) ;
#7229 = EDGE_CURVE ( 'NONE', #732, #7790, #2525, .T. ) ;
#7230 = DIRECTION ( 'NONE',  ( -0.9434756357255816850, 0.0000000000000000000, 0.3314418875039927825 ) ) ;
#7231 = VECTOR ( 'NONE', #3902, 1000.000000000000000 ) ;
#7232 = CARTESIAN_POINT ( 'NONE',  ( -8.000000000000000000, 5.900000000000003908, -1.207106781186547240 ) ) ;
#7233 = CARTESIAN_POINT ( 'NONE',  ( -1.213498283935093625, 4.528837250543403137, -8.505127967234500375 ) ) ;
#7234 = ORIENTED_EDGE ( 'NONE', *, *, #2276, .T. ) ;
#7235 = CARTESIAN_POINT ( 'NONE',  ( 12.21605547601844322, -5.199355530632580269, 1.019897738064140524 ) ) ;
#7236 = DIRECTION ( 'NONE',  ( 1.000000000000000000, 0.0000000000000000000, 0.0000000000000000000 ) ) ;
#7237 = FACE_OUTER_BOUND ( 'NONE', #6813, .T. ) ;
#7238 = AXIS2_PLACEMENT_3D ( 'NONE', #8197, #6827, #6290 ) ;
#7239 = CARTESIAN_POINT ( 'NONE',  ( 12.90270275423461932, -5.549999999999998934, 1.126108323596650473 ) ) ;
#7240 = ORIENTED_EDGE ( 'NONE', *, *, #2356, .T. ) ;
#7241 = AXIS2_PLACEMENT_3D ( 'NONE', #449, #1723, #1798 ) ;
#7242 = ORIENTED_EDGE ( 'NONE', *, *, #5363, .F. ) ;
#7243 = EDGE_CURVE ( 'NONE', #5595, #6222, #5098, .T. ) ;
#7244 = B_SPLINE_CURVE_WITH_KNOTS ( 'NONE', 3,
 ( #7364, #1014, #2240, #387 ),
 .UNSPECIFIED., .F., .F.,
 ( 4, 4 ),
 ( 0.0000000000000000000, 0.0002234579204251513915 ),
 .UNSPECIFIED. ) ;
#7245 = DIRECTION ( 'NONE',  ( -0.0000000000000000000, -0.0000000000000000000, 1.000000000000000000 ) ) ;
#7246 = CIRCLE ( 'NONE', #2874, 0.5000000000000008882 ) ;
#7247 = EDGE_LOOP ( 'NONE', ( #7050, #2515, #7413, #5948, #1990, #2303 ) ) ;
#7248 = CARTESIAN_POINT ( 'NONE',  ( 12.40000000000000213, -5.172340578923654952, 1.853973807744097479 ) ) ;
#7249 = EDGE_CURVE ( 'NONE', #6272, #4198, #5706, .T. ) ;
#7250 = LINE ( 'NONE', #1642, #4425 ) ;
#7251 = CC_DESIGN_PERSON_AND_ORGANIZATION_ASSIGNMENT ( #6200, #539, ( #4117 ) ) ;
#7252 = ADVANCED_FACE ( 'NONE', ( #7420 ), #626, .T. ) ;
#7253 = VERTEX_POINT ( 'NONE', #6714 ) ;
#7254 = CARTESIAN_POINT ( 'NONE',  ( 0.0000000000000000000, 0.0000000000000000000, 1.000000000000000000 ) ) ;
#7255 = DIRECTION ( 'NONE',  ( -1.000000000000000000, 0.0000000000000000000, 0.0000000000000000000 ) ) ;
#7256 = DIRECTION ( 'NONE',  ( 1.000000000000000000, 0.0000000000000000000, 0.0000000000000000000 ) ) ;
#7257 = CARTESIAN_POINT ( 'NONE',  ( 3.712310601229358742, -3.500178566873426877, 0.0000000000000000000 ) ) ;
#7258 = CARTESIAN_POINT ( 'NONE',  ( 7.900000000000000355, 6.000000000000003553, -3.000000000000000000 ) ) ;
#7259 = CIRCLE ( 'NONE', #7783, 0.1999999999999996503 ) ;
#7260 = CARTESIAN_POINT ( 'NONE',  ( -12.20593541648616842, -5.199999999999997513, 0.9999999999195114952 ) ) ;
#7261 = EDGE_LOOP ( 'NONE', ( #6301, #6668, #1752, #2072 ) ) ;
#7262 = DIRECTION ( 'NONE',  ( -1.000000000000000000, 0.0000000000000000000, -0.0000000000000000000 ) ) ;
#7263 = CARTESIAN_POINT ( 'NONE',  ( 12.31388325425705510, -5.164400781150093600, 2.099111958614222395 ) ) ;
#7264 = EDGE_LOOP ( 'NONE', ( #3862, #7021, #7140, #2682 ) ) ;
#7265 = EDGE_CURVE ( 'NONE', #962, #2834, #4788, .T. ) ;
#7266 = VECTOR ( 'NONE', #3567, 1000.000000000000000 ) ;
#7267 = FACE_OUTER_BOUND ( 'NONE', #3851, .T. ) ;
#7268 = AXIS2_PLACEMENT_3D ( 'NONE', #6221, #6859, #1776 ) ;
#7269 = AXIS2_PLACEMENT_3D ( 'NONE', #7556, #6842, #549 ) ;
#7270 = EDGE_LOOP ( 'NONE', ( #1885, #532, #7628, #6294 ) ) ;
#7271 = ORIENTED_EDGE ( 'NONE', *, *, #4190, .F. ) ;
#7272 = SPHERICAL_SURFACE ( 'NONE', #1668, 100.0000000000000000 ) ;
#7273 = EDGE_CURVE ( 'NONE', #6559, #1575, #726, .T. ) ;
#7274 = AXIS2_PLACEMENT_3D ( 'NONE', #7525, #545, #1838 ) ;
#7275 = CIRCLE ( 'NONE', #2622, 99.46350510663008038 ) ;
#7276 = CARTESIAN_POINT ( 'NONE',  ( -12.99999999999999822, -6.000000000000000000, -3.000000000000000000 ) ) ;
#7277 = AXIS2_PLACEMENT_3D ( 'NONE', #6069, #2237, #6719 ) ;
#7278 = CARTESIAN_POINT ( 'NONE',  ( 3.889087296525995718, -3.323401871576789901, 0.0000000000000000000 ) ) ;
#7279 = DIRECTION ( 'NONE',  ( -0.0000000000000000000, -0.0000000000000000000, -1.000000000000000000 ) ) ;
#7280 = CARTESIAN_POINT ( 'NONE',  ( 3.645691207426466018, -3.080005782477259757, 0.9499999999999998446 ) ) ;
#7281 = EDGE_LOOP ( 'NONE', ( #744, #1492, #1448, #3462 ) ) ;
#7282 = CIRCLE ( 'NONE', #869, 0.2500000000000002220 ) ;
#7283 = CARTESIAN_POINT ( 'NONE',  ( 12.25036221822394289, -5.193549350011690713, 1.199161295460271504 ) ) ;
#7284 = CARTESIAN_POINT ( 'NONE',  ( -12.31714466825703092, -5.199999999999998401, 1.000000000090039975 ) ) ;
#7285 = DIRECTION ( 'NONE',  ( -1.000000000000000000, 0.0000000000000000000, 0.0000000000000000000 ) ) ;
#7286 = CARTESIAN_POINT ( 'NONE',  ( 9.500000000000001776, -6.000000000000000000, -3.000000000000000000 ) ) ;
#7287 = ADVANCED_FACE ( 'NONE', ( #6515 ), #6766, .T. ) ;
#7288 = ORIENTED_EDGE ( 'NONE', *, *, #617, .T. ) ;
#7289 = AXIS2_PLACEMENT_3D ( 'NONE', #6751, #7492, #1665 ) ;
#7290 = CARTESIAN_POINT ( 'NONE',  ( 12.71400762708950261, -1.332137150329448931E-15, 1.059819946095851950 ) ) ;
#7291 = SPHERICAL_SURFACE ( 'NONE', #3657, 0.2000000000000000111 ) ;
#7292 = EDGE_CURVE ( 'NONE', #2313, #2426, #5999, .T. ) ;
#7293 = VERTEX_POINT ( 'NONE', #1686 ) ;
#7294 = CARTESIAN_POINT ( 'NONE',  ( -12.99999999999999822, -5.800000000000001599, -3.000000000000000000 ) ) ;
#7295 = PRODUCT_RELATED_PRODUCT_CATEGORY ( 'detail', '', ( #7477 ) ) ;
#7296 = CARTESIAN_POINT ( 'NONE',  ( 12.71400762708950261, 5.728723333559693209, 1.059819946095851506 ) ) ;
#7297 = VERTEX_POINT ( 'NONE', #1141 ) ;
#7298 = DIRECTION ( 'NONE',  ( 1.000000000000000000, 0.0000000000000000000, 0.0000000000000000000 ) ) ;
#7299 = APPROVAL_DATE_TIME ( #1609, #2103 ) ;
#7300 = CIRCLE ( 'NONE', #5188, 0.09999999999999939493 ) ;
#7301 = ORIENTED_EDGE ( 'NONE', *, *, #4092, .T. ) ;
#7302 = CARTESIAN_POINT ( 'NONE',  ( 12.71400762708950261, 5.928692872590971774, 1.063310427383307166 ) ) ;
#7303 = EDGE_LOOP ( 'NONE', ( #3598, #3755, #8210, #7634 ) ) ;
#7304 = CARTESIAN_POINT ( 'NONE',  ( 3.962310601229359186, -3.500178566873426877, -1.471169911671835973 ) ) ;
#7305 = ORIENTED_EDGE ( 'NONE', *, *, #7162, .T. ) ;
#7306 =( BOUNDED_CURVE ( )  B_SPLINE_CURVE ( 3, ( #501, #5551, #5579, #1172 ),
 .UNSPECIFIED., .F., .F. ) 
 B_SPLINE_CURVE_WITH_KNOTS ( ( 4, 4 ),
 ( 3.141592653589808215, 4.640899530499166481 ),
 .UNSPECIFIED. ) 
 CURVE ( )  GEOMETRIC_REPRESENTATION_ITEM ( )  RATIONAL_B_SPLINE_CURVE ( ( 1.000000000000000000, 0.8212833698076039690, 0.8212833698076039690, 1.000000000000000000 ) ) 
 REPRESENTATION_ITEM ( '' )  );
#7307 = DIRECTION ( 'NONE',  ( 1.000000000000000000, 0.0000000000000000000, 0.0000000000000000000 ) ) ;
#7308 = ORIENTED_EDGE ( 'NONE', *, *, #3519, .T. ) ;
#7309 = CARTESIAN_POINT ( 'NONE',  ( 12.31388325425196406, 5.164400781149088182, 2.099111958667366551 ) ) ;
#7310 = VECTOR ( 'NONE', #4219, 1000.000000000000000 ) ;
#7311 = CARTESIAN_POINT ( 'NONE',  ( 12.71400762708950261, -5.728723333559693209, 1.059819946095853282 ) ) ;
#7312 = PERSON_AND_ORGANIZATION ( #6821, #2012 ) ;
#7313 = LINE ( 'NONE', #6140, #3785 ) ;
#7314 = VERTEX_POINT ( 'NONE', #4839 ) ;
#7315 = ORIENTED_EDGE ( 'NONE', *, *, #5661, .F. ) ;
#7316 = CARTESIAN_POINT ( 'NONE',  ( 12.28095277563885190, -5.182990640535789950, 1.525157320847027709 ) ) ;
#7317 = DIRECTION ( 'NONE',  ( -0.0000000000000000000, -0.0000000000000000000, 1.000000000000000000 ) ) ;
#7318 =( BOUNDED_CURVE ( )  B_SPLINE_CURVE ( 3, ( #2051, #5951, #173, #2150 ),
 .UNSPECIFIED., .F., .F. ) 
 B_SPLINE_CURVE_WITH_KNOTS ( ( 4, 4 ),
 ( 0.0000000000000000000, 1.570796326794896558 ),
 .UNSPECIFIED. ) 
 CURVE ( )  GEOMETRIC_REPRESENTATION_ITEM ( )  RATIONAL_B_SPLINE_CURVE ( ( 1.000000000000000000, 0.8047378541243649375, 0.8047378541243649375, 1.000000000000000000 ) ) 
 REPRESENTATION_ITEM ( '' )  );
#7319 = CARTESIAN_POINT ( 'NONE',  ( -8.998722858706033279, 6.185714285714285054, -1.000000000000000888 ) ) ;
#7320 = EDGE_CURVE ( 'NONE', #5392, #6417, #4595, .T. ) ;
#7321 = VECTOR ( 'NONE', #5440, 1000.000000000000227 ) ;
#7322 = EDGE_CURVE ( 'NONE', #8172, #7674, #240, .T. ) ;
#7323 = ORIENTED_EDGE ( 'NONE', *, *, #6712, .F. ) ;
#7324 = CARTESIAN_POINT ( 'NONE',  ( 1.203510034171503040, -4.491554697168491650, -8.566632316166193917 ) ) ;
#7325 = EDGE_LOOP ( 'NONE', ( #3379, #2310, #2763, #5243 ) ) ;
#7326 = VECTOR ( 'NONE', #6242, 1000.000000000000227 ) ;
#7327 = CARTESIAN_POINT ( 'NONE',  ( 8.500000000000000000, 5.100000000000001421, -1.000000000000000000 ) ) ;
#7328 = ORIENTED_EDGE ( 'NONE', *, *, #1658, .T. ) ;
#7329 = EDGE_CURVE ( 'NONE', #6852, #3588, #1430, .T. ) ;
#7330 = DIRECTION ( 'NONE',  ( -1.000000000000000000, 0.0000000000000000000, -0.0000000000000000000 ) ) ;
#7331 = CARTESIAN_POINT ( 'NONE',  ( -11.00665714627383451, -5.549999999999998934, 6.537375654894503008 ) ) ;
#7333 = AXIS2_PLACEMENT_3D ( 'NONE', #6121, #3498, #8019 ) ;
#7332 = CARTESIAN_POINT ( 'NONE',  ( -12.29537852724269342, 5.176387483352134389, 1.729027216342573503 ) ) ;
#7334 = CYLINDRICAL_SURFACE ( 'NONE', #4463, 0.5000000000000004441 ) ;
#7335 = ORIENTED_EDGE ( 'NONE', *, *, #7218, .F. ) ;
#7336 = VECTOR ( 'NONE', #4908, 1000.000000000000000 ) ;
#7337 = AXIS2_PLACEMENT_3D ( 'NONE', #4001, #3410, #6023 ) ;
#7338 = ADVANCED_FACE ( 'NONE', ( #3792 ), #5526, .F. ) ;
#7339 = CARTESIAN_POINT ( 'NONE',  ( 8.499999999999998224, -5.900000000000001243, -1.499999999999999556 ) ) ;
#7340 = CARTESIAN_POINT ( 'NONE',  ( -4.258501731506924237, 3.480684272201734597, -9.299999999999998934 ) ) ;
#7341 = DIRECTION ( 'NONE',  ( 0.0000000000000000000, -0.01815413264053684569, -0.9998352001545404155 ) ) ;
#7342 = CARTESIAN_POINT ( 'NONE',  ( 5.100000000000001421, 6.000000000000003553, -3.000000000000000000 ) ) ;
#7343 = CARTESIAN_POINT ( 'NONE',  ( 12.39417377879316184, 5.051632936903250659, 1.870558608768893682 ) ) ;
#7344 = APPLICATION_PROTOCOL_DEFINITION ( 'international standard', 'config_control_design', 1994, #2858 ) ;
#7345 = CARTESIAN_POINT ( 'NONE',  ( -8.215089870143565065, -6.250000000000005329, -3.000000000000000000 ) ) ;
#7346 = VECTOR ( 'NONE', #4381, 1000.000000000000000 ) ;
#7347 = VERTEX_POINT ( 'NONE', #3036 ) ;
#7348 = EDGE_CURVE ( 'NONE', #4286, #6866, #5195, .T. ) ;
#7349 = CARTESIAN_POINT ( 'NONE',  ( 12.27093305446525129, -5.187041477110773791, 1.400089325933486561 ) ) ;
#7350 = CARTESIAN_POINT ( 'NONE',  ( 9.500000000000001776, -6.150000000000001243, -1.000000000000000000 ) ) ;
#7351 = AXIS2_PLACEMENT_3D ( 'NONE', #2871, #1006, #3469 ) ;
#7352 = EDGE_CURVE ( 'NONE', #4075, #4558, #8050, .T. ) ;
#7353 = CYLINDRICAL_SURFACE ( 'NONE', #7012, 0.1000000000000002554 ) ;
#7354 = ORIENTED_EDGE ( 'NONE', *, *, #7115, .T. ) ;
#7355 = B_SPLINE_CURVE_WITH_KNOTS ( 'NONE', 3,
 ( #3004, #6932, #6841, #4943, #2415, #2360, #1108, #8161, #8187, #516, #2976, #5766, #8242, #3601, #1761, #1161 ),
 .UNSPECIFIED., .F., .F.,
 ( 4, 2, 2, 2, 2, 2, 2, 4 ),
 ( 0.004813834439994673850, 0.005370103429908252429, 0.005648237924865042586, 0.005787305172343436797, 0.005856838796082635204, 0.005891605607952233974, 0.005908989013887033792, 0.005926372419821833611 ),
 .UNSPECIFIED. ) ;
#7356 = ORIENTED_EDGE ( 'NONE', *, *, #2762, .F. ) ;
#7357 = CARTESIAN_POINT ( 'NONE',  ( -8.000000000000000000, 5.900000000000003020, -1.499999999999999556 ) ) ;
#7358 = TOROIDAL_SURFACE ( 'NONE', #5168, 99.46350510663008038, 0.2000000000000000111 ) ;
#7359 = CARTESIAN_POINT ( 'NONE',  ( 4.751809475082370504, 6.197828629901132480, -1.063106799566970739 ) ) ;
#7360 = ORIENTED_EDGE ( 'NONE', *, *, #650, .T. ) ;
#7361 = CARTESIAN_POINT ( 'NONE',  ( 3.301787997811548969, -6.000000000000000000, -1.000000000000000000 ) ) ;
#7362 = EDGE_CURVE ( 'NONE', #459, #3443, #2109, .T. ) ;
#7363 = EDGE_LOOP ( 'NONE', ( #7996, #1961 ) ) ;
#7364 = CARTESIAN_POINT ( 'NONE',  ( -11.06938308350911448, -5.549999999999998934, 6.344798257002010722 ) ) ;
#7365 = DIRECTION ( 'NONE',  ( -0.0000000000000000000, 0.9748390637953879834, 0.2229098465715041444 ) ) ;
#7366 = CIRCLE ( 'NONE', #7881, 4.549999999999999822 ) ;
#7367 = CARTESIAN_POINT ( 'NONE',  ( -8.063106795708451457, 5.975728154850142637, -1.248190534232919369 ) ) ;
#7368 = VERTEX_POINT ( 'NONE', #7414 ) ;
#7369 =( NAMED_UNIT ( * ) PLANE_ANGLE_UNIT ( ) SI_UNIT ( $, .RADIAN. ) );
#7370 = DIRECTION ( 'NONE',  ( 2.168404344971008079E-15, 1.000000000000000000, 0.0000000000000000000 ) ) ;
#7371 = EDGE_LOOP ( 'NONE', ( #3131, #8133, #927, #3227 ) ) ;
#7372 = VERTEX_POINT ( 'NONE', #408 ) ;
#7373 = LINE ( 'NONE', #5157, #1267 ) ;
#7374 = CYLINDRICAL_SURFACE ( 'NONE', #3405, 0.09999999999999939493 ) ;
#7375 = CARTESIAN_POINT ( 'NONE',  ( 12.20506338567546578, -5.199937720094435001, 1.001922866874964679 ) ) ;
#7376 = CARTESIAN_POINT ( 'NONE',  ( -1.013323155338303083, 4.538245936797032698, -8.975499814951833244 ) ) ;
#7377 = CARTESIAN_POINT ( 'NONE',  ( -12.90270275423461932, 5.549999999999998934, 1.126108323596648031 ) ) ;
#7378 = DIRECTION ( 'NONE',  ( 1.000000000000000000, 0.0000000000000000000, 0.0000000000000000000 ) ) ;
#7379 = EDGE_CURVE ( 'NONE', #5325, #1555, #3106, .T. ) ;
#7380 = ADVANCED_FACE ( 'NONE', ( #6926 ), #7059, .F. ) ;
#7381 = ORIENTED_EDGE ( 'NONE', *, *, #7695, .T. ) ;
#7382 = CARTESIAN_POINT ( 'NONE',  ( -9.006624373044605392, 6.075375642781205343, -2.993405485750665118 ) ) ;
#7383 = ORIENTED_EDGE ( 'NONE', *, *, #5088, .T. ) ;
#7384 = LINE ( 'NONE', #8175, #2767 ) ;
#7385 = AXIS2_PLACEMENT_3D ( 'NONE', #2720, #7194, #6579 ) ;
#7386 = CARTESIAN_POINT ( 'NONE',  ( 12.39419191402644493, -5.051545597432899548, 1.870506985380135490 ) ) ;
#7387 = CIRCLE ( 'NONE', #2670, 0.2000000000000002054 ) ;
#7388 = EDGE_CURVE ( 'NONE', #6556, #3627, #5210, .T. ) ;
#7389 = VERTEX_POINT ( 'NONE', #3165 ) ;
#7390 = CARTESIAN_POINT ( 'NONE',  ( -12.71400762708950438, 5.928692872590971774, 1.063310427383306278 ) ) ;
#7391 = VERTEX_POINT ( 'NONE', #5012 ) ;
#7392 = CARTESIAN_POINT ( 'NONE',  ( 7.765089203050246525, 6.349999999999999645, -0.1355401362126436859 ) ) ;
#7393 = CARTESIAN_POINT ( 'NONE',  ( 4.500000000000000888, -6.500000000000002665, -1.499999999999999556 ) ) ;
#7394 = CARTESIAN_POINT ( 'NONE',  ( 8.998722858706033279, 6.185714285714285054, -1.000000000000000888 ) ) ;
#7395 = VECTOR ( 'NONE', #5406, 1000.000000000000000 ) ;
#7396 =( NAMED_UNIT ( * ) SI_UNIT ( $, .STERADIAN. ) SOLID_ANGLE_UNIT ( ) );
#7397 = CARTESIAN_POINT ( 'NONE',  ( -9.500000000000001776, -6.000000000000000000, -1.000000000000000000 ) ) ;
#7398 = ORIENTED_EDGE ( 'NONE', *, *, #5363, .T. ) ;
#7399 = EDGE_CURVE ( 'NONE', #303, #1016, #1742, .T. ) ;
#7400 = ORIENTED_EDGE ( 'NONE', *, *, #7162, .F. ) ;
#7401 = CARTESIAN_POINT ( 'NONE',  ( 12.20086725020432716, -5.199999999999977973, 0.9999999999202074941 ) ) ;
#7402 = CALENDAR_DATE ( 2019, 1, 8 ) ;
#7403 = DIRECTION ( 'NONE',  ( 0.0000000000000000000, 1.000000000000000000, 0.0000000000000000000 ) ) ;
#7404 = FACE_OUTER_BOUND ( 'NONE', #2008, .T. ) ;
#7405 = VERTEX_POINT ( 'NONE', #1872 ) ;
#7406 = ORIENTED_EDGE ( 'NONE', *, *, #2706, .F. ) ;
#7407 = ORIENTED_EDGE ( 'NONE', *, *, #4457, .T. ) ;
#7408 = B_SPLINE_CURVE_WITH_KNOTS ( 'NONE', 3,
 ( #5627, #3057, #3029, #4272 ),
 .UNSPECIFIED., .F., .F.,
 ( 4, 4 ),
 ( 4.264992253246354004, 4.264997681290463305 ),
 .UNSPECIFIED. ) ;
#7409 = DIRECTION ( 'NONE',  ( -1.000000000000000000, 2.168404344971008474E-15, 0.0000000000000000000 ) ) ;
#7410 = EDGE_CURVE ( 'NONE', #321, #4148, #6818, .T. ) ;
#7411 = LOCAL_TIME ( 8, 25, 54.00000000000000000, #809 ) ;
#7412 = LINE ( 'NONE', #6721, #4388 ) ;
#7413 = ORIENTED_EDGE ( 'NONE', *, *, #2794, .F. ) ;
#7414 = CARTESIAN_POINT ( 'NONE',  ( 12.91397716612077851, -5.549999999999998934, 1.063310427383307610 ) ) ;
#7415 = PRODUCT_DEFINITION_FORMATION_WITH_SPECIFIED_SOURCE ( 'ANY', '', #8020, .NOT_KNOWN. ) ;
#7416 = CARTESIAN_POINT ( 'NONE',  ( 9.603470755691904076E-16, 2.540000000000000036, 0.0000000000000000000 ) ) ;
#7417 = EDGE_LOOP ( 'NONE', ( #5979, #6046, #3419 ) ) ;
#7418 = ORIENTED_EDGE ( 'NONE', *, *, #7877, .F. ) ;
#7419 = CARTESIAN_POINT ( 'NONE',  ( -12.26799717453616978, 5.188357837812847428, 1.359447204068689130 ) ) ;
#7420 = FACE_OUTER_BOUND ( 'NONE', #1820, .T. ) ;
#7421 = FACE_OUTER_BOUND ( 'NONE', #5072, .T. ) ;
#7422 = ADVANCED_FACE ( 'NONE', ( #817 ), #7630, .F. ) ;
#7423 = DIRECTION ( 'NONE',  ( -0.0000000000000000000, -0.0000000000000000000, -1.000000000000000000 ) ) ;
#7424 = LINE ( 'NONE', #1097, #2112 ) ;
#7425 = ORIENTED_EDGE ( 'NONE', *, *, #363, .T. ) ;
#7426 = PLANE ( 'NONE',  #687 ) ;
#7427 = ORIENTED_EDGE ( 'NONE', *, *, #6981, .F. ) ;
#7428 = CARTESIAN_POINT ( 'NONE',  ( 3.962310601229359186, -3.500178566873426877, 0.0000000000000000000 ) ) ;
#7429 = CARTESIAN_POINT ( 'NONE',  ( -8.075560259665762075, 6.075560259665592433, -1.223785139368461117 ) ) ;
#7430 = CARTESIAN_POINT ( 'NONE',  ( -2.540000000000000036, 0.0000000000000000000, 0.0000000000000000000 ) ) ;
#7431 = CIRCLE ( 'NONE', #1170, 0.1999999999999998723 ) ;
#7432 =( LENGTH_UNIT ( ) NAMED_UNIT ( * ) SI_UNIT ( .MILLI., .METRE. ) );
#7433 = CARTESIAN_POINT ( 'NONE',  ( 12.31613172760883579, 5.201103551519500101, 1.000000000203727257 ) ) ;
#7434 = ORIENTED_EDGE ( 'NONE', *, *, #7442, .T. ) ;
#7435 = EDGE_CURVE ( 'NONE', #6688, #7297, #3591, .T. ) ;
#7436 = ORIENTED_EDGE ( 'NONE', *, *, #7778, .T. ) ;
#7437 = CARTESIAN_POINT ( 'NONE',  ( -12.39999999999999503, -5.199999999999998401, 22.32470080335486529 ) ) ;
#7438 = CARTESIAN_POINT ( 'NONE',  ( -8.499999999999998224, -5.100000000000000533, 0.5000000000000000000 ) ) ;
#7439 = DIRECTION ( 'NONE',  ( 0.0000000000000000000, 0.0000000000000000000, -1.000000000000000000 ) ) ;
#7440 = VECTOR ( 'NONE', #2149, 1000.000000000000114 ) ;
#7441 = CARTESIAN_POINT ( 'NONE',  ( 12.40000000000000391, 5.172340578923653176, 1.853973807744092150 ) ) ;
#7442 = EDGE_CURVE ( 'NONE', #2779, #4296, #6116, .T. ) ;
#7443 = ORIENTED_EDGE ( 'NONE', *, *, #4306, .T. ) ;
#7444 = DIRECTION ( 'NONE',  ( -0.0000000000000000000, 0.0000000000000000000, 1.000000000000000000 ) ) ;
#7445 = CARTESIAN_POINT ( 'NONE',  ( -4.500000000000000888, -5.900000000000001243, -1.207106781186547018 ) ) ;
#7446 = DIRECTION ( 'NONE',  ( 0.0000000000000000000, 0.0000000000000000000, 1.000000000000000000 ) ) ;
#7447 = EDGE_CURVE ( 'NONE', #2466, #3457, #7014, .T. ) ;
#7448 = VECTOR ( 'NONE', #1982, 1000.000000000000000 ) ;
#7449 = FACE_OUTER_BOUND ( 'NONE', #7247, .T. ) ;
#7450 = CARTESIAN_POINT ( 'NONE',  ( -4.833763965510032179, 6.166236034490053086, -1.120744521546738426 ) ) ;
#7451 = ORIENTED_EDGE ( 'NONE', *, *, #7853, .T. ) ;
#7452 = AXIS2_PLACEMENT_3D ( 'NONE', #3028, #8241, #1158 ) ;
#7453 = AXIS2_PLACEMENT_3D ( 'NONE', #4834, #5488, #2898 ) ;
#7454 = VECTOR ( 'NONE', #5229, 1000.000000000000000 ) ;
#7455 = AXIS2_PLACEMENT_3D ( 'NONE', #3478, #8036, #8005 ) ;
#7456 = CARTESIAN_POINT ( 'NONE',  ( 8.400000000000000355, -5.900000000000001243, -3.000000000000000000 ) ) ;
#7457 = ORIENTED_EDGE ( 'NONE', *, *, #1033, .T. ) ;
#7458 = PLANE ( 'NONE',  #3409 ) ;
#7459 = CARTESIAN_POINT ( 'NONE',  ( -40.87257985282374051, 0.0000000000000000000, -78.34151049522405685 ) ) ;
#7460 = DIRECTION ( 'NONE',  ( -1.000000000000000000, 0.0000000000000000000, 0.0000000000000000000 ) ) ;
#7461 = APPROVAL_STATUS ( 'not_yet_approved' ) ;
#7462 = VECTOR ( 'NONE', #1999, 1000.000000000000000 ) ;
#7463 = ORIENTED_EDGE ( 'NONE', *, *, #2256, .T. ) ;
#7464 = ORIENTED_EDGE ( 'NONE', *, *, #406, .T. ) ;
#7465 = CARTESIAN_POINT ( 'NONE',  ( -12.90270275423462110, 5.728723333559693209, 1.126108323596647143 ) ) ;
#7466 = CARTESIAN_POINT ( 'NONE',  ( -3.801787997811556519, 6.000000000000000000, -1.000000000000000000 ) ) ;
#7467 = DIRECTION ( 'NONE',  ( 0.3314418875039929491, 0.0000000000000000000, 0.9434756357255815740 ) ) ;
#7468 = CARTESIAN_POINT ( 'NONE',  ( 8.000000000000000000, 5.100000000000000533, -1.500000000000000000 ) ) ;
#7469 = AXIS2_PLACEMENT_3D ( 'NONE', #3196, #1984, #7763 ) ;
#7470 = CARTESIAN_POINT ( 'NONE',  ( -11.14999999999999680, -6.000000000000000000, -2.500000000000000888 ) ) ;
#7471 = ORIENTED_EDGE ( 'NONE', *, *, #5541, .F. ) ;
#7472 = EDGE_CURVE ( 'NONE', #3470, #7705, #2022, .T. ) ;
#7473 = ADVANCED_FACE ( 'NONE', ( #2211 ), #432, .T. ) ;
#7474 = CARTESIAN_POINT ( 'NONE',  ( -4.292893218813452982, -6.148528137423856954, -0.9999999999999997780 ) ) ;
#7475 = FACE_OUTER_BOUND ( 'NONE', #6764, .T. ) ;
#7476 = ORIENTED_EDGE ( 'NONE', *, *, #7229, .F. ) ;
#7477 = PRODUCT ( 'Horizontally wide_BOTTOM', 'Horizontally wide_BOTTOM', '', ( #6834 ) ) ;
#7478 = CARTESIAN_POINT ( 'NONE',  ( 7.900000000000000355, 5.900000000000003020, -3.000000000000000000 ) ) ;
#7479 = ORIENTED_EDGE ( 'NONE', *, *, #5, .T. ) ;
#7480 = CARTESIAN_POINT ( 'NONE',  ( -12.38082390850258285, 5.087583742635394479, 1.908560073945908542 ) ) ;
#7481 = LINE ( 'NONE', #7116, #6368 ) ;
#7482 = DIRECTION ( 'NONE',  ( 1.000000000000000000, 0.0000000000000000000, 0.0000000000000000000 ) ) ;
#7483 = LINE ( 'NONE', #1892, #2358 ) ;
#7484 = CARTESIAN_POINT ( 'NONE',  ( 11.14999999999999680, 6.000000000000000000, -1.499999999999999112 ) ) ;
#7485 = CARTESIAN_POINT ( 'NONE',  ( 8.000000000000000000, 5.100000000000003197, -1.499999999999999556 ) ) ;
#7486 = ORIENTED_EDGE ( 'NONE', *, *, #5232, .F. ) ;
#7487 = DIRECTION ( 'NONE',  ( -0.0000000000000000000, -0.7071067811865475727, -0.7071067811865475727 ) ) ;
#7488 = ORIENTED_EDGE ( 'NONE', *, *, #2935, .T. ) ;
#7489 = DIRECTION ( 'NONE',  ( 0.0000000000000000000, 0.9998476951563913806, -0.01745240643727676358 ) ) ;
#7490 = LINE ( 'NONE', #1067, #1875 ) ;
#7491 = CARTESIAN_POINT ( 'NONE',  ( -8.666236034489973150, -6.166236034489971374, -1.120744521546746197 ) ) ;
#7492 = DIRECTION ( 'NONE',  ( 0.0000000000000000000, -0.0000000000000000000, -1.000000000000000000 ) ) ;
#7493 = PERSON_AND_ORGANIZATION_ROLE ( 'design_owner' ) ;
#7494 = EDGE_CURVE ( 'NONE', #131, #2544, #4646, .T. ) ;
#7495 = CIRCLE ( 'NONE', #5835, 0.2500000000000002220 ) ;
#7496 = DIRECTION ( 'NONE',  ( 1.445602896647339163E-16, 1.000000000000000000, -0.0000000000000000000 ) ) ;
#7497 = PLANE ( 'NONE',  #7064 ) ;
#7498 = CARTESIAN_POINT ( 'NONE',  ( 10.88012917333603369, 5.637602997552447981, 6.280100499734865060 ) ) ;
#7499 = EDGE_CURVE ( 'NONE', #5882, #8194, #4298, .T. ) ;
#7500 = VERTEX_POINT ( 'NONE', #734 ) ;
#7501 = CARTESIAN_POINT ( 'NONE',  ( 10.90219455946614246, -5.604757217985469886, 6.478336614069122312 ) ) ;
#7502 = AXIS2_PLACEMENT_3D ( 'NONE', #7597, #6471, #7255 ) ;
#7503 = LINE ( 'NONE', #236, #5774 ) ;
#7504 = AXIS2_PLACEMENT_3D ( 'NONE', #6422, #3833, #7668 ) ;
#7505 = DIRECTION ( 'NONE',  ( -1.000000000000000000, -0.0000000000000000000, -0.0000000000000000000 ) ) ;
#7506 = VERTEX_POINT ( 'NONE', #6424 ) ;
#7507 = DIRECTION ( 'NONE',  ( -0.0000000000000000000, -0.0000000000000000000, -1.000000000000000000 ) ) ;
#7508 = APPROVAL_PERSON_ORGANIZATION ( #4668, #151, #6193 ) ;
#7509 = LINE ( 'NONE', #5268, #6203 ) ;
#7510 = ADVANCED_FACE ( 'NONE', ( #541 ), #8252, .T. ) ;
#7511 = EDGE_LOOP ( 'NONE', ( #469, #7288, #105, #3699 ) ) ;
#7512 = CARTESIAN_POINT ( 'NONE',  ( 0.0000000000000000000, -7.363063705342051790, -92.57147724495271746 ) ) ;
#7513 = CARTESIAN_POINT ( 'NONE',  ( -8.600166593084875188, -6.020199911701854312, -1.192726625728577794 ) ) ;
#7514 = ORIENTED_EDGE ( 'NONE', *, *, #2443, .F. ) ;
#7515 = PERSON_AND_ORGANIZATION_ROLE ( 'creator' ) ;
#7516 = PERSON_AND_ORGANIZATION ( #6821, #2012 ) ;
#7517 = AXIS2_PLACEMENT_3D ( 'NONE', #7914, #3365, #2822 ) ;
#7518 = VECTOR ( 'NONE', #2511, 1000.000000000000000 ) ;
#7519 = AXIS2_PLACEMENT_3D ( 'NONE', #6073, #4122, #5390 ) ;
#7520 = ORIENTED_EDGE ( 'NONE', *, *, #5052, .F. ) ;
#7521 = EDGE_CURVE ( 'NONE', #3627, #5610, #1913, .T. ) ;
#7522 = ORIENTED_EDGE ( 'NONE', *, *, #5141, .F. ) ;
#7523 = EDGE_LOOP ( 'NONE', ( #739, #3299, #1225 ) ) ;
#7524 = ORIENTED_EDGE ( 'NONE', *, *, #6843, .T. ) ;
#7525 = CARTESIAN_POINT ( 'NONE',  ( -12.99999999999999822, -6.000000000000000000, -3.000000000000000000 ) ) ;
#7526 = CARTESIAN_POINT ( 'NONE',  ( -9.500000000000001776, -6.650000000000001243, -9.035105632878352111 ) ) ;
#7527 = CARTESIAN_POINT ( 'NONE',  ( -3.301787997811554742, -6.000000000000000000, -3.000000000000000000 ) ) ;
#7528 = CARTESIAN_POINT ( 'NONE',  ( -8.000000000000000000, -0.0000000000000000000, -3.000000000000000000 ) ) ;
#7529 = FACE_OUTER_BOUND ( 'NONE', #7264, .T. ) ;
#7530 = CIRCLE ( 'NONE', #5778, 90.18367011610378370 ) ;
#7531 = CARTESIAN_POINT ( 'NONE',  ( -3.501277141293968054, -6.185714285714285943, -2.983752105345187644 ) ) ;
#7532 = CARTESIAN_POINT ( 'NONE',  ( 11.02767719837463289, -5.547052561047236097, 6.463517368780790306 ) ) ;
#7533 = ORIENTED_EDGE ( 'NONE', *, *, #6003, .F. ) ;
#7534 = ORIENTED_EDGE ( 'NONE', *, *, #5386, .T. ) ;
#7535 =( BOUNDED_CURVE ( )  B_SPLINE_CURVE ( 3, ( #3310, #87, #5896, #1989 ),
 .UNSPECIFIED., .F., .F. ) 
 B_SPLINE_CURVE_WITH_KNOTS ( ( 4, 4 ),
 ( 0.0000000000000000000, 1.570796326794896558 ),
 .UNSPECIFIED. ) 
 CURVE ( )  GEOMETRIC_REPRESENTATION_ITEM ( )  RATIONAL_B_SPLINE_CURVE ( ( 1.000000000000000000, 0.8047378541243649375, 0.8047378541243649375, 1.000000000000000000 ) ) 
 REPRESENTATION_ITEM ( '' )  );
#7536 = DIRECTION ( 'NONE',  ( 0.0000000000000000000, 0.0000000000000000000, 1.000000000000000000 ) ) ;
#7537 = ORIENTED_EDGE ( 'NONE', *, *, #5661, .T. ) ;
#7538 = EDGE_CURVE ( 'NONE', #6397, #95, #922, .T. ) ;
#7539 = CYLINDRICAL_SURFACE ( 'NONE', #7469, 0.2000000000000005107 ) ;
#7540 = CARTESIAN_POINT ( 'NONE',  ( -7.750000000000000000, 6.349999999999999645, -3.000000000000000000 ) ) ;
#7541 = SECURITY_CLASSIFICATION ( '', '', #2541 ) ;
#7542 = ORIENTED_EDGE ( 'NONE', *, *, #5023, .F. ) ;
#7543 = CARTESIAN_POINT ( 'NONE',  ( -2.765000000000000124, 2.755455298081547551E-17, -5.500000000000000000 ) ) ;
#7544 = ORIENTED_EDGE ( 'NONE', *, *, #3849, .F. ) ;
#7545 = DIRECTION ( 'NONE',  ( -1.000000000000000000, 0.0000000000000000000, 0.0000000000000000000 ) ) ;
#7546 = CARTESIAN_POINT ( 'NONE',  ( -8.415616406136281924, -6.013013671780258029, -1.369126033402002118 ) ) ;
#7547 = CARTESIAN_POINT ( 'NONE',  ( 4.802365194784652402, -5.999999999999999112, -4.000000000000000000 ) ) ;
#7548 = PERSON_AND_ORGANIZATION_ROLE ( 'design_supplier' ) ;
#7549 = LINE ( 'NONE', #461, #3709 ) ;
#7550 = ORIENTED_EDGE ( 'NONE', *, *, #2256, .F. ) ;
#7551 = FACE_OUTER_BOUND ( 'NONE', #4484, .T. ) ;
#7552 = EDGE_CURVE ( 'NONE', #6991, #1016, #2707, .T. ) ;
#7553 = CARTESIAN_POINT ( 'NONE',  ( 12.91327220468261672, 5.549999999999998934, 1.103697641126803797 ) ) ;
#7554 = CARTESIAN_POINT ( 'NONE',  ( -9.500000000000001776, -6.150000000000001243, -2.986876700471112756 ) ) ;
#7555 = DIRECTION ( 'NONE',  ( 0.01745240643728354635, -1.220770127380827502E-18, -0.9998476951563911586 ) ) ;
#7556 = CARTESIAN_POINT ( 'NONE',  ( 12.30000000000000071, 5.100000000000001421, 0.5000000000000000000 ) ) ;
#7557 = AXIS2_PLACEMENT_3D ( 'NONE', #4002, #5322, #5375 ) ;
#7558 = FACE_OUTER_BOUND ( 'NONE', #7303, .T. ) ;
#7559 = ADVANCED_FACE ( 'NONE', ( #2610 ), #7539, .T. ) ;
#7560 = CARTESIAN_POINT ( 'NONE',  ( -4.750000000000000888, -5.199999999999999289, -1.000000000000000000 ) ) ;
#7561 = ORIENTED_EDGE ( 'NONE', *, *, #248, .T. ) ;
#7562 = EDGE_LOOP ( 'NONE', ( #3402, #4324, #2254, #4723 ) ) ;
#7563 = EDGE_CURVE ( 'NONE', #7104, #4590, #5811, .T. ) ;
#7564 = CARTESIAN_POINT ( 'NONE',  ( -1.013323155338314185, 4.538245936797077995, -8.299999999999998934 ) ) ;
#7565 = LINE ( 'NONE', #5277, #4524 ) ;
#7566 = CARTESIAN_POINT ( 'NONE',  ( 18.35813107968150604, 5.000000000000000888, 7.174921777190895078 ) ) ;
#7567 = EDGE_LOOP ( 'NONE', ( #7760, #4285, #474, #2476, #4500, #5593, #3099 ) ) ;
#7568 = DIRECTION ( 'NONE',  ( 0.0000000000000000000, 0.0000000000000000000, 1.000000000000000000 ) ) ;
#7569 = AXIS2_PLACEMENT_3D ( 'NONE', #4424, #3730, #8229 ) ;
#7570 = DIRECTION ( 'NONE',  ( 0.0000000000000000000, 1.000000000000000000, 0.0000000000000000000 ) ) ;
#7571 = EDGE_CURVE ( 'NONE', #4083, #5997, #7117, .T. ) ;
#7572 = CARTESIAN_POINT ( 'NONE',  ( 13.00002500000000083, 6.250000000000015987, -3.000000000000000000 ) ) ;
#7573 = FACE_OUTER_BOUND ( 'NONE', #5226, .T. ) ;
#7574 = CARTESIAN_POINT ( 'NONE',  ( -8.921446036757158637, -6.434538363964093399, -1.000000000000000000 ) ) ;
#7575 = ORIENTED_EDGE ( 'NONE', *, *, #3651, .F. ) ;
#7576 = CARTESIAN_POINT ( 'NONE',  ( -4.549999999999999822, 0.0000000000000000000, 0.7199999999999999734 ) ) ;
#7577 = APPROVAL_ROLE ( '' ) ;
#7578 = VECTOR ( 'NONE', #8281, 1000.000000000000000 ) ;
#7579 = ORIENTED_EDGE ( 'NONE', *, *, #5274, .T. ) ;
#7580 = CARTESIAN_POINT ( 'NONE',  ( 12.71400762708950261, -5.549999999999998934, 1.059819946095852172 ) ) ;
#7581 = CARTESIAN_POINT ( 'NONE',  ( 1.154111411849596536, -4.307202426617681823, -8.501433606079995542 ) ) ;
#7582 = CARTESIAN_POINT ( 'NONE',  ( 10.99999999999995204, -11.92622972452171659, 6.693158718294095699 ) ) ;
#7583 = EDGE_CURVE ( 'NONE', #4673, #6852, #5407, .T. ) ;
#7584 = ORIENTED_EDGE ( 'NONE', *, *, #3075, .T. ) ;
#7585 = CC_DESIGN_PERSON_AND_ORGANIZATION_ASSIGNMENT ( #913, #6139, ( #5252 ) ) ;
#7586 = CIRCLE ( 'NONE', #6378, 0.2250000000000000333 ) ;
#7587 = VECTOR ( 'NONE', #2185, 1000.000000000000000 ) ;
#7588 = DIRECTION ( 'NONE',  ( -0.0000000000000000000, 0.0000000000000000000, 1.000000000000000000 ) ) ;
#7589 = CARTESIAN_POINT ( 'NONE',  ( -4.979800088298148353, 6.100166593084862754, -1.192726625728592671 ) ) ;
#7590 = CARTESIAN_POINT ( 'NONE',  ( 10.54027656803994262, -5.100000000000004086, -2.500000000000000000 ) ) ;
#7591 = VERTEX_POINT ( 'NONE', #1440 ) ;
#7592 = FACE_OUTER_BOUND ( 'NONE', #5190, .T. ) ;
#7593 = CARTESIAN_POINT ( 'NONE',  ( -4.302171370098884395, -6.248190524917578870, -1.063106799566992500 ) ) ;
#7594 = ADVANCED_FACE ( 'NONE', ( #2410 ), #1378, .F. ) ;
#7595 = CARTESIAN_POINT ( 'NONE',  ( 8.020199911701832107, 6.100166593084898281, -1.192726625728557588 ) ) ;
#7596 = CARTESIAN_POINT ( 'NONE',  ( -12.71400762708950261, -5.728723333559693209, 1.059819946095853282 ) ) ;
#7597 = CARTESIAN_POINT ( 'NONE',  ( -10.88012917333600704, -5.637602997552447093, 6.280100499734930786 ) ) ;
#7598 = DIRECTION ( 'NONE',  ( -0.0000000000000000000, -0.9998476951563913806, -0.01745240643727676358 ) ) ;
#7599 = FACE_OUTER_BOUND ( 'NONE', #5259, .T. ) ;
#7600 = APPLICATION_PROTOCOL_DEFINITION ( 'international standard', 'config_control_design', 1994, #4320 ) ;
#7601 = EDGE_CURVE ( 'NONE', #7122, #544, #3294, .T. ) ;
#7602 = EDGE_LOOP ( 'NONE', ( #1860, #7982, #7533 ) ) ;
#7603 = ORIENTED_EDGE ( 'NONE', *, *, #4718, .T. ) ;
#7604 = CARTESIAN_POINT ( 'NONE',  ( 12.30000000000000071, 5.100000000000001421, 0.5000000000000000000 ) ) ;
#7605 = VECTOR ( 'NONE', #2893, 1000.000000000000000 ) ;
#7606 = EDGE_CURVE ( 'NONE', #7794, #6280, #5913, .T. ) ;
#7607 = ORIENTED_EDGE ( 'NONE', *, *, #2513, .F. ) ;
#7608 = ORIENTED_EDGE ( 'NONE', *, *, #3716, .T. ) ;
#7609 = DIRECTION ( 'NONE',  ( 0.01745240643727699603, 0.0000000000000000000, -0.9998476951563912696 ) ) ;
#7610 = AXIS2_PLACEMENT_3D ( 'NONE', #3228, #5892, #2199 ) ;
#7611 = APPROVAL_PERSON_ORGANIZATION ( #21, #365, #7577 ) ;
#7612 = CYLINDRICAL_SURFACE ( 'NONE', #1270, 4.650000000000000355 ) ;
#7613 = ORIENTED_EDGE ( 'NONE', *, *, #466, .T. ) ;
#7614 = CARTESIAN_POINT ( 'NONE',  ( -4.955305366464759054, 6.044694633535280026, -1.282502095618244686 ) ) ;
#7615 = ORIENTED_EDGE ( 'NONE', *, *, #5955, .T. ) ;
#7616 = ORIENTED_EDGE ( 'NONE', *, *, #2681, .F. ) ;
#7617 = ORIENTED_EDGE ( 'NONE', *, *, #6849, .T. ) ;
#7618 = CARTESIAN_POINT ( 'NONE',  ( 4.000000000000000000, -6.500000000000002665, -1.000000000000000000 ) ) ;
#7619 = FACE_BOUND ( 'NONE', #7042, .T. ) ;
#7620 = DATE_AND_TIME ( #1720, #4387 ) ;
#7621 = CARTESIAN_POINT ( 'NONE',  ( 8.013013671780260694, 5.915616406136312122, -1.369126033401990794 ) ) ;
#7622 = FACE_OUTER_BOUND ( 'NONE', #528, .T. ) ;
#7623 = EDGE_LOOP ( 'NONE', ( #49, #6120, #6977, #4902 ) ) ;
#7624 = DIRECTION ( 'NONE',  ( -0.0000000000000000000, 0.0000000000000000000, 1.000000000000000000 ) ) ;
#7625 = CARTESIAN_POINT ( 'NONE',  ( -12.19996953439120801, 5.200000000000001066, 1.000000000090039975 ) ) ;
#7626 = ORIENTED_EDGE ( 'NONE', *, *, #3336, .F. ) ;
#7627 = CARTESIAN_POINT ( 'NONE',  ( 0.0000000000000000000, 6.500000000000004441, -1.500000000000000000 ) ) ;
#7628 = ORIENTED_EDGE ( 'NONE', *, *, #4861, .T. ) ;
#7629 = AXIS2_PLACEMENT_3D ( 'NONE', #4982, #4339, #2504 ) ;
#7630 = CYLINDRICAL_SURFACE ( 'NONE', #8076, 0.2000000000000000944 ) ;
#7631 = EDGE_CURVE ( 'NONE', #5325, #2933, #4093, .T. ) ;
#7632 = LINE ( 'NONE', #7842, #5695 ) ;
#7633 = VECTOR ( 'NONE', #3280, 1000.000000000000000 ) ;
#7634 = ORIENTED_EDGE ( 'NONE', *, *, #566, .T. ) ;
#7635 = ORIENTED_EDGE ( 'NONE', *, *, #3984, .F. ) ;
#7636 = DIRECTION ( 'NONE',  ( 0.0000000000000000000, 0.0000000000000000000, 1.000000000000000000 ) ) ;
#7637 = DIRECTION ( 'NONE',  ( 0.0000000000000000000, -0.01745240643727676011, -0.9998476951563912696 ) ) ;
#7638 = MANIFOLD_SOLID_BREP ( 'âüÇµèoÇµ3[2]', #3291 ) ;
#7639 = DIRECTION ( 'NONE',  ( 1.000000000000000000, -6.994852725712932707E-17, 0.0000000000000000000 ) ) ;
#7640 = ORIENTED_EDGE ( 'NONE', *, *, #1080, .T. ) ;
#7641 = ADVANCED_FACE ( 'NONE', ( #334 ), #4470, .F. ) ;
#7642 = ORIENTED_EDGE ( 'NONE', *, *, #3417, .F. ) ;
#7643 = DIRECTION ( 'NONE',  ( -0.9434756357255822401, 0.0000000000000000000, -0.3314418875039912837 ) ) ;
#7644 = CYLINDRICAL_SURFACE ( 'NONE', #6523, 99.66350510663009743 ) ;
#7645 = ORIENTED_EDGE ( 'NONE', *, *, #2464, .F. ) ;
#7646 = CARTESIAN_POINT ( 'NONE',  ( 12.79999999999999893, 5.800000000000000711, -3.000000000000000000 ) ) ;
#7647 = SECURITY_CLASSIFICATION ( '', '', #4969 ) ;
#7648 = DIRECTION ( 'NONE',  ( 1.445602896647339163E-16, -1.000000000000000000, 0.0000000000000000000 ) ) ;
#7649 = CARTESIAN_POINT ( 'NONE',  ( -4.493728430859889045, -6.006271569140115396, -1.396395287217376824 ) ) ;
#7650 = CIRCLE ( 'NONE', #2341, 0.2249999999999999500 ) ;
#7651 = ORIENTED_EDGE ( 'NONE', *, *, #895, .F. ) ;
#7652 = DIRECTION ( 'NONE',  ( 0.9434756357255814629, 0.0000000000000000000, -0.3314418875039931711 ) ) ;
#7653 = CARTESIAN_POINT ( 'NONE',  ( 12.91397716612078206, 0.0000000000000000000, 1.063310427383307610 ) ) ;
#7654 = DIRECTION ( 'NONE',  ( 1.000000000000000000, 0.0000000000000000000, 0.0000000000000000000 ) ) ;
#7655 = APPROVAL_STATUS ( 'not_yet_approved' ) ;
#7656 = EDGE_CURVE ( 'NONE', #3534, #6976, #1627, .T. ) ;
#7657 = VECTOR ( 'NONE', #5875, 1000.000000000000000 ) ;
#7658 = ORIENTED_EDGE ( 'NONE', *, *, #7159, .T. ) ;
#7659 = CARTESIAN_POINT ( 'NONE',  ( 7.715089870143564177, 6.349999999999999645, -3.000000000000000000 ) ) ;
#7660 = CARTESIAN_POINT ( 'NONE',  ( -1.173449116414147841, -4.379371722554432189, -8.905375685261224916 ) ) ;
#7661 = CARTESIAN_POINT ( 'NONE',  ( 0.9854613058984003082, -4.424293446385033413, -8.365525897406026701 ) ) ;
#7662 = AXIS2_PLACEMENT_3D ( 'NONE', #1978, #5169, #5790 ) ;
#7663 = AXIS2_PLACEMENT_3D ( 'NONE', #5384, #5360, #1603 ) ;
#7664 = CARTESIAN_POINT ( 'NONE',  ( -2.211772431870431018E-15, -5.100000000000004086, -3.000000000000000000 ) ) ;
#7665 = LINE ( 'NONE', #5279, #2741 ) ;
#7666 =( GEOMETRIC_REPRESENTATION_CONTEXT ( 3 ) GLOBAL_UNCERTAINTY_ASSIGNED_CONTEXT ( ( #1104 ) ) GLOBAL_UNIT_ASSIGNED_CONTEXT ( ( #3993, #2324, #7396 ) ) REPRESENTATION_CONTEXT ( 'NONE', 'WORKASPACE' ) );
#7667 = EDGE_LOOP ( 'NONE', ( #6229, #4147, #8018, #1680 ) ) ;
#7668 = DIRECTION ( 'NONE',  ( 1.000000000000000000, 0.0000000000000000000, 0.0000000000000000000 ) ) ;
#7669 = EDGE_CURVE ( 'NONE', #2933, #3026, #6610, .T. ) ;
#7670 = ORIENTED_EDGE ( 'NONE', *, *, #1704, .F. ) ;
#7671 = LINE ( 'NONE', #885, #7587 ) ;
#7672 = CARTESIAN_POINT ( 'NONE',  ( -10.88012917333600704, -5.637602997552447981, 6.280100499734930786 ) ) ;
#7673 = CARTESIAN_POINT ( 'NONE',  ( -4.307273374271406219, -6.131271950874295662, -1.100166593084856981 ) ) ;
#7674 = VERTEX_POINT ( 'NONE', #1537 ) ;
#7675 = AXIS2_PLACEMENT_3D ( 'NONE', #3898, #3767, #1045 ) ;
#7676 = ADVANCED_FACE ( 'NONE', ( #3482 ), #1568, .F. ) ;
#7677 = CARTESIAN_POINT ( 'NONE',  ( 8.224365434925786644, 6.224365434925791973, -1.075747223755090021 ) ) ;
#7678 = AXIS2_PLACEMENT_3D ( 'NONE', #3533, #2264, #6093 ) ;
#7679 = CARTESIAN_POINT ( 'NONE',  ( -1.540276568039937288, -4.757005158825455382, -1.000000000000000000 ) ) ;
#7680 = VERTEX_POINT ( 'NONE', #2164 ) ;
#7681 = EDGE_CURVE ( 'NONE', #574, #1223, #4999, .T. ) ;
#7682 = DIRECTION ( 'NONE',  ( 0.0000000000000000000, 0.0000000000000000000, 1.000000000000000000 ) ) ;
#7683 = DIRECTION ( 'NONE',  ( -1.000000000000000000, -1.057758217059028608E-16, 0.0000000000000000000 ) ) ;
#7684 = CIRCLE ( 'NONE', #3782, 0.1999999999999999833 ) ;
#7685 = CIRCLE ( 'NONE', #2035, 0.1999999999999998723 ) ;
#7686 =( BOUNDED_CURVE ( )  B_SPLINE_CURVE ( 3, ( #5341, #1618, #5985, #2830 ),
 .UNSPECIFIED., .F., .F. ) 
 B_SPLINE_CURVE_WITH_KNOTS ( ( 4, 4 ),
 ( 2.356346783439934089, 3.926838523739665465 ),
 .UNSPECIFIED. ) 
 CURVE ( )  GEOMETRIC_REPRESENTATION_ITEM ( )  RATIONAL_B_SPLINE_CURVE ( ( 1.000000000000000000, 0.8048096403827864620, 0.8048096403827864620, 1.000000000000000000 ) ) 
 REPRESENTATION_ITEM ( '' )  );
#7687 = ORIENTED_EDGE ( 'NONE', *, *, #4888, .T. ) ;
#7688 = CARTESIAN_POINT ( 'NONE',  ( -4.500000000000000888, 6.500000000000004441, -1.000000000000000000 ) ) ;
#7689 = VERTEX_POINT ( 'NONE', #7903 ) ;
#7690 = ADVANCED_FACE ( 'NONE', ( #6720 ), #133, .T. ) ;
#7691 = VECTOR ( 'NONE', #1143, 1000.000000000000000 ) ;
#7692 = DIRECTION ( 'NONE',  ( -0.0000000000000000000, 0.0000000000000000000, 1.000000000000000000 ) ) ;
#7693 = CARTESIAN_POINT ( 'NONE',  ( -12.79999999999999893, 6.000000000000000000, -3.000000000000000000 ) ) ;
#7694 = DIRECTION ( 'NONE',  ( 1.000000000000000000, 0.0000000000000000000, 0.0000000000000000000 ) ) ;
#7695 = EDGE_CURVE ( 'NONE', #2313, #1007, #3390, .T. ) ;
#7696 = CARTESIAN_POINT ( 'NONE',  ( 1.228892178883608910, 4.586288048617640278, -8.803593070560813416 ) ) ;
#7697 = CARTESIAN_POINT ( 'NONE',  ( 0.0000000000000000000, 6.349999999999999645, 0.0000000000000000000 ) ) ;
#7698 = CARTESIAN_POINT ( 'NONE',  ( 3.676955262170030991, -3.889087296526028137, -1.471169911671835973 ) ) ;
#7699 = CC_DESIGN_APPROVAL ( #2639, ( #1139 ) ) ;
#7700 = CARTESIAN_POINT ( 'NONE',  ( -4.500000000000000888, 6.649999999999997691, -2.943132368708154534 ) ) ;
#7701 = CIRCLE ( 'NONE', #136, 0.5000000000000004441 ) ;
#7702 = DIRECTION ( 'NONE',  ( -0.9939991105900851665, 0.001909086515907209474, 0.1093714932457016259 ) ) ;
#7703 = DIRECTION ( 'NONE',  ( 0.7071067811865463515, -0.7071067811865487940, -0.0000000000000000000 ) ) ;
#7704 = DIRECTION ( 'NONE',  ( 1.000000000000000000, 0.0000000000000000000, 0.0000000000000000000 ) ) ;
#7705 = VERTEX_POINT ( 'NONE', #3384 ) ;
#7706 = CARTESIAN_POINT ( 'NONE',  ( -4.275634565074266646, -6.224365434925734242, -1.075747223755080473 ) ) ;
#7707 = VECTOR ( 'NONE', #7228, 1000.000000000000000 ) ;
#7708 = EDGE_CURVE ( 'NONE', #7110, #6739, #2400, .T. ) ;
#7709 = PLANE ( 'NONE',  #86 ) ;
#7710 = CARTESIAN_POINT ( 'NONE',  ( -12.39999999999999680, 5.000000000000001776, 1.853973807840247900 ) ) ;
#7711 = ORIENTED_EDGE ( 'NONE', *, *, #1264, .T. ) ;
#7712 = DIRECTION ( 'NONE',  ( -2.148260799299800137E-16, 0.2229098465714969002, 0.9748390637953896487 ) ) ;
#7713 = CALENDAR_DATE ( 2019, 1, 8 ) ;
#7714 = LINE ( 'NONE', #6566, #4072 ) ;
#7715 = AXIS2_PLACEMENT_3D ( 'NONE', #5483, #1676, #374 ) ;
#7716 = CARTESIAN_POINT ( 'NONE',  ( -5.000000000000000888, 5.900000000000003020, -1.499999999999999556 ) ) ;
#7717 = ORIENTED_EDGE ( 'NONE', *, *, #7435, .F. ) ;
#7718 = ORIENTED_EDGE ( 'NONE', *, *, #4561, .T. ) ;
#7719 = CARTESIAN_POINT ( 'NONE',  ( 8.999999999999998224, -6.500000000000002665, -0.9999999999999995559 ) ) ;
#7720 = CARTESIAN_POINT ( 'NONE',  ( -1.540276568039937288, -5.100000000000004086, -2.500000000000000000 ) ) ;
#7721 = DIRECTION ( 'NONE',  ( -1.367044011388618777E-16, -1.000000000000000000, 3.891399265864331642E-16 ) ) ;
#7722 = CARTESIAN_POINT ( 'NONE',  ( 4.001277141293966721, 6.185714285714285054, -1.000000000000000888 ) ) ;
#7723 = EDGE_CURVE ( 'NONE', #3585, #1144, #3006, .T. ) ;
#7724 = APPROVAL_PERSON_ORGANIZATION ( #3883, #6548, #6298 ) ;
#7725 = ADVANCED_FACE ( 'NONE', ( #5904 ), #2752, .F. ) ;
#7726 = CYLINDRICAL_SURFACE ( 'NONE', #848, 0.1999999999999999833 ) ;
#7727 = DIRECTION ( 'NONE',  ( 1.000000000000000000, 0.0000000000000000000, 0.0000000000000000000 ) ) ;
#7728 = DIRECTION ( 'NONE',  ( 1.000000000000000000, 0.0000000000000000000, 0.0000000000000000000 ) ) ;
#7729 = ORIENTED_EDGE ( 'NONE', *, *, #7521, .T. ) ;
#7730 = VERTEX_POINT ( 'NONE', #2782 ) ;
#7731 = CARTESIAN_POINT ( 'NONE',  ( -12.31388325425729136, 5.164400781150765063, 2.099111958671092903 ) ) ;
#7732 = ORIENTED_EDGE ( 'NONE', *, *, #2100, .T. ) ;
#7733 = AXIS2_PLACEMENT_3D ( 'NONE', #8201, #1125, #1774 ) ;
#7734 = CIRCLE ( 'NONE', #4314, 4.649999999999999467 ) ;
#7735 = PERSON_AND_ORGANIZATION ( #6821, #2012 ) ;
#7736 = CIRCLE ( 'NONE', #4054, 0.2000000000000005107 ) ;
#7737 = ORIENTED_EDGE ( 'NONE', *, *, #6871, .F. ) ;
#7738 = ADVANCED_FACE ( 'NONE', ( #2803 ), #7179, .T. ) ;
#7739 = CARTESIAN_POINT ( 'NONE',  ( -8.400000000000000355, -6.000000000000002665, -1.207106781186547462 ) ) ;
#7740 = ORIENTED_EDGE ( 'NONE', *, *, #598, .T. ) ;
#7741 = ADVANCED_FACE ( 'NONE', ( #534 ), #5374, .F. ) ;
#7742 = CARTESIAN_POINT ( 'NONE',  ( 5.000000000000000888, 5.100000000000004086, -9.299999999999998934 ) ) ;
#7743 = DIRECTION ( 'NONE',  ( 0.0000000000000000000, 0.0000000000000000000, 1.000000000000000000 ) ) ;
#7744 = CARTESIAN_POINT ( 'NONE',  ( -4.000000000000001776, -6.650000000000002132, -2.943132368708153646 ) ) ;
#7745 = ORIENTED_EDGE ( 'NONE', *, *, #6496, .T. ) ;
#7746 = CARTESIAN_POINT ( 'NONE',  ( 0.9670890758901474760, 4.348765769651652846, -8.637749907475930300 ) ) ;
#7747 = LINE ( 'NONE', #1357, #3018 ) ;
#7748 = AXIS2_PLACEMENT_3D ( 'NONE', #453, #3539, #4178 ) ;
#7749 = ORIENTED_EDGE ( 'NONE', *, *, #7571, .F. ) ;
#7750 = EDGE_CURVE ( 'NONE', #6856, #983, #7107, .T. ) ;
#7751 = CC_DESIGN_PERSON_AND_ORGANIZATION_ASSIGNMENT ( #7929, #592, ( #7415 ) ) ;
#7752 = DIRECTION ( 'NONE',  ( -0.01745240643728354635, 0.0000000000000000000, 0.9998476951563911586 ) ) ;
#7753 = CARTESIAN_POINT ( 'NONE',  ( 4.000000000000001776, -6.650000000000002132, -9.035105632878352111 ) ) ;
#7754 = LINE ( 'NONE', #3162, #2621 ) ;
#7755 = ORIENTED_EDGE ( 'NONE', *, *, #1445, .F. ) ;
#7756 = DESIGN_CONTEXT ( 'detailed design', #4911, 'design' ) ;
#7757 = CARTESIAN_POINT ( 'NONE',  ( 1.173449116414158944, 4.379371722554381563, -8.905375685261301300 ) ) ;
#7758 = CARTESIAN_POINT ( 'NONE',  ( -10.90236529170282509, 5.578044450892858386, 6.477851548796740744 ) ) ;
#7759 = CARTESIAN_POINT ( 'NONE',  ( -9.000000000000001776, -6.150000000000001243, -9.035105632878352111 ) ) ;
#7760 = ORIENTED_EDGE ( 'NONE', *, *, #660, .F. ) ;
#7761 = DIRECTION ( 'NONE',  ( 0.0000000000000000000, 0.0000000000000000000, -1.000000000000000000 ) ) ;
#7762 = CARTESIAN_POINT ( 'NONE',  ( 5.230951172573874430, 6.349999999999999645, 0.09130659235361308912 ) ) ;
#7763 = DIRECTION ( 'NONE',  ( 1.000000000000000000, 0.0000000000000000000, 0.0000000000000000000 ) ) ;
#7764 = CIRCLE ( 'NONE', #7894, 0.2000000000000000944 ) ;
#7765 = DIRECTION ( 'NONE',  ( 0.0000000000000000000, 0.0000000000000000000, -1.000000000000000000 ) ) ;
#7766 = VERTEX_POINT ( 'NONE', #7850 ) ;
#7767 = DIRECTION ( 'NONE',  ( 0.0000000000000000000, -0.0000000000000000000, -1.000000000000000000 ) ) ;
#7768 = EDGE_CURVE ( 'NONE', #5392, #7766, #4779, .T. ) ;
#7769 = CARTESIAN_POINT ( 'NONE',  ( 8.197634805215347598, -5.200000000000000178, -4.000000000000000000 ) ) ;
#7770 = CARTESIAN_POINT ( 'NONE',  ( -12.99999999999999822, -6.000000000000000000, -1.000000000000000000 ) ) ;
#7771 = LINE ( 'NONE', #3798, #4813 ) ;
#7772 = CARTESIAN_POINT ( 'NONE',  ( -10.88012917333601770, 5.837572536583725658, 6.283590981022352473 ) ) ;
#7773 = ORIENTED_EDGE ( 'NONE', *, *, #7129, .F. ) ;
#7774 = CARTESIAN_POINT ( 'NONE',  ( 8.213763839552123969, -5.381679023965298292, -3.075968241704796657 ) ) ;
#7775 = CARTESIAN_POINT ( 'NONE',  ( 3.493375626955398161, -6.075375642781205343, -2.993405485750665562 ) ) ;
#7776 = ORIENTED_EDGE ( 'NONE', *, *, #5274, .F. ) ;
#7777 = ORIENTED_EDGE ( 'NONE', *, *, #6622, .F. ) ;
#7778 = EDGE_CURVE ( 'NONE', #7855, #4964, #3094, .T. ) ;
#7779 = VECTOR ( 'NONE', #5427, 1000.000000000000000 ) ;
#7781 = VERTEX_POINT ( 'NONE', #2728 ) ;
#7780 = DIRECTION ( 'NONE',  ( -0.9998476951563912696, 0.0000000000000000000, -0.01745240643728354982 ) ) ;
#7782 = CARTESIAN_POINT ( 'NONE',  ( -8.500000000000000000, -5.100000000000002309, -2.499999999999992450 ) ) ;
#7783 = AXIS2_PLACEMENT_3D ( 'NONE', #7034, #4385, #1247 ) ;
#7784 = CARTESIAN_POINT ( 'NONE',  ( 10.90257007011503099, 5.546004849608186404, 6.477269755348872060 ) ) ;
#7785 = AXIS2_PLACEMENT_3D ( 'NONE', #5716, #727, #2578 ) ;
#7786 = ADVANCED_FACE ( 'NONE', ( #4384 ), #5802, .F. ) ;
#7787 = CARTESIAN_POINT ( 'NONE',  ( 0.0000000000000000000, -6.349999999999999645, 0.0000000000000000000 ) ) ;
#7788 = CARTESIAN_POINT ( 'NONE',  ( -4.500000000000001776, -5.100000000000002309, -3.000000000000000000 ) ) ;
#7789 = CARTESIAN_POINT ( 'NONE',  ( 4.500000000000000888, -4.757005158825455382, -1.000000000000000000 ) ) ;
#7790 = VERTEX_POINT ( 'NONE', #4187 ) ;
#7791 = AXIS2_PLACEMENT_3D ( 'NONE', #2306, #399, #2892 ) ;
#7792 = FACE_OUTER_BOUND ( 'NONE', #253, .T. ) ;
#7793 = CARTESIAN_POINT ( 'NONE',  ( 12.94999238359780946, 5.764738551036723280, -1.000000000000000000 ) ) ;
#7794 = VERTEX_POINT ( 'NONE', #8102 ) ;
#7795 = CARTESIAN_POINT ( 'NONE',  ( 2.540000000000000036, 0.0000000000000000000, -5.500000000000000000 ) ) ;
#7796 = DIRECTION ( 'NONE',  ( 0.7071067811865462405, -0.7071067811865489050, 0.0000000000000000000 ) ) ;
#7797 = CARTESIAN_POINT ( 'NONE',  ( 4.307273374271422206, -6.131271950874270793, -1.100166593084874300 ) ) ;
#7798 = ORIENTED_EDGE ( 'NONE', *, *, #7750, .T. ) ;
#7799 = CARTESIAN_POINT ( 'NONE',  ( -12.71400762708950438, 5.728723333559693209, 1.059819946095848398 ) ) ;
#7800 = ORIENTED_EDGE ( 'NONE', *, *, #6026, .F. ) ;
#7801 = CYLINDRICAL_SURFACE ( 'NONE', #510, 0.5000000000000004441 ) ;
#7802 =( BOUNDED_SURFACE ( )  B_SPLINE_SURFACE ( 3, 1, ( 
 ( #5230, #1530 ),
 ( #3988, #6014 ),
 ( #1018, #960 ),
 ( #6100, #4761 ) ),
 .UNSPECIFIED., .F., .F., .F. ) 
 B_SPLINE_SURFACE_WITH_KNOTS ( ( 4, 4 ),
 ( 2, 2 ),
 ( 0.0000000000000000000, 1.000000000000000000 ),
 ( 0.0000000000000000000, 1.000000000000000000 ),
 .UNSPECIFIED. ) 
 GEOMETRIC_REPRESENTATION_ITEM ( )  RATIONAL_B_SPLINE_SURFACE ( (
 ( 1.000000000000000000, 1.000000000000000000),
 ( 0.8025111867385943398, 0.8025111867385943398),
 ( 0.8025111867385943398, 0.8025111867385943398),
 ( 1.000000000000000000, 1.000000000000000000) ) ) 
 REPRESENTATION_ITEM ( '' )  SURFACE ( )  );
#7803 = B_SPLINE_CURVE_WITH_KNOTS ( 'NONE', 3,
 ( #5638, #2963, #3017, #2370, #1827, #5614, #3700, #6883 ),
 .UNSPECIFIED., .F., .F.,
 ( 4, 2, 2, 4 ),
 ( 3.077191644136551817E-15, 8.109200545244890580E-05, 0.0001621840109018206019, 0.0003243680218005635875 ),
 .UNSPECIFIED. ) ;
#7804 = DIRECTION ( 'NONE',  ( 1.000000000000000000, 0.0000000000000000000, 0.0000000000000000000 ) ) ;
#7805 = DIRECTION ( 'NONE',  ( 0.0000000000000000000, 0.7071067811865456854, -0.7071067811865494601 ) ) ;
#7806 = EDGE_CURVE ( 'NONE', #199, #4583, #8040, .T. ) ;
#7807 = CARTESIAN_POINT ( 'NONE',  ( 7.750000000000000000, 6.000000000000000000, -1.000000000000000000 ) ) ;
#7808 = EDGE_LOOP ( 'NONE', ( #2409, #7407, #5613, #1874, #4378, #388, #3551 ) ) ;
#7809 = CARTESIAN_POINT ( 'NONE',  ( 8.475728154850182605, -6.063106795708464780, -1.248190534232891835 ) ) ;
#7810 = CARTESIAN_POINT ( 'NONE',  ( -12.39999999999999680, 5.000000000000001776, 2.105706630516124278 ) ) ;
#7811 = FACE_OUTER_BOUND ( 'NONE', #6775, .T. ) ;
#7812 = PLANE ( 'NONE',  #3184 ) ;
#7813 = EDGE_CURVE ( 'NONE', #6890, #3772, #6307, .T. ) ;
#7814 = CARTESIAN_POINT ( 'NONE',  ( 8.500000000000000000, -5.099999999999997868, 0.5000000000000000000 ) ) ;
#7815 = ORIENTED_EDGE ( 'NONE', *, *, #4924, .T. ) ;
#7816 = CARTESIAN_POINT ( 'NONE',  ( -12.94999238359780769, 5.549999999999998934, -1.000000000000000000 ) ) ;
#7817 = ORGANIZATION ( 'NAUO-ORG2', 'UNSPECIFIED', 'UNSPECIFIED' ) ;
#7818 = FACE_OUTER_BOUND ( 'NONE', #3978, .T. ) ;
#7819 = CARTESIAN_POINT ( 'NONE',  ( 13.00102500000000028, -6.000000000000000000, -3.000000000000000000 ) ) ;
#7820 = VERTEX_POINT ( 'NONE', #4771 ) ;
#7821 = EDGE_LOOP ( 'NONE', ( #2265, #6408, #7608, #8017 ) ) ;
#7822 = CALENDAR_DATE ( 2019, 1, 8 ) ;
#7823 = CARTESIAN_POINT ( 'NONE',  ( 3.993375626955395941, 6.075375642781201790, -2.993405485750666006 ) ) ;
#7824 = FACE_OUTER_BOUND ( 'NONE', #6239, .T. ) ;
#7825 = CARTESIAN_POINT ( 'NONE',  ( 11.14999999999999680, -6.000000000000000000, -2.500000000000000888 ) ) ;
#7826 = EDGE_CURVE ( 'NONE', #130, #1482, #6104, .T. ) ;
#7827 = ORIENTED_EDGE ( 'NONE', *, *, #3216, .T. ) ;
#7828 = VERTEX_POINT ( 'NONE', #7377 ) ;
#7829 = CARTESIAN_POINT ( 'NONE',  ( 0.0000000000000000000, -5.700000000000001954, -4.000000000000000000 ) ) ;
#7830 = ORIENTED_EDGE ( 'NONE', *, *, #7826, .T. ) ;
#7831 = AXIS2_PLACEMENT_3D ( 'NONE', #206, #882, #5339 ) ;
#7832 = VECTOR ( 'NONE', #6201, 1000.000000000000000 ) ;
#7833 = DATE_AND_TIME ( #5605, #1205 ) ;
#7834 = VECTOR ( 'NONE', #4855, 1000.000000000000227 ) ;
#7835 = ORIENTED_EDGE ( 'NONE', *, *, #6152, .T. ) ;
#7836 = DIRECTION ( 'NONE',  ( -0.9434756357255814629, 0.0000000000000000000, -0.3314418875039931711 ) ) ;
#7837 = CARTESIAN_POINT ( 'NONE',  ( 3.645691207426466018, -3.080005782477259757, 0.0000000000000000000 ) ) ;
#7838 = CARTESIAN_POINT ( 'NONE',  ( 4.500000000000001776, -5.100000000000002309, -9.299999999999998934 ) ) ;
#7839 = ORIENTED_EDGE ( 'NONE', *, *, #3087, .T. ) ;
#7840 = EDGE_CURVE ( 'NONE', #2483, #5675, #713, .T. ) ;
#7841 = VECTOR ( 'NONE', #8196, 1000.000000000000000 ) ;
#7842 = CARTESIAN_POINT ( 'NONE',  ( -4.500000000000000888, -6.000000000000001776, -1.499999999999999556 ) ) ;
#7843 = CARTESIAN_POINT ( 'NONE',  ( 4.785023747167523211, -6.175600287733476357, -3.006509131392910650 ) ) ;
#7844 = LINE ( 'NONE', #5316, #5086 ) ;
#7845 = LINE ( 'NONE', #2097, #1523 ) ;
#7846 = ORIENTED_EDGE ( 'NONE', *, *, #3901, .T. ) ;
#7847 = ORIENTED_EDGE ( 'NONE', *, *, #5412, .T. ) ;
#7848 = CYLINDRICAL_SURFACE ( 'NONE', #6743, 0.2000000000000000389 ) ;
#7849 = ORIENTED_EDGE ( 'NONE', *, *, #2571, .T. ) ;
#7850 = CARTESIAN_POINT ( 'NONE',  ( -8.500000000000000000, -5.100000000000000533, -1.500000000000000000 ) ) ;
#7851 = AXIS2_PLACEMENT_3D ( 'NONE', #1256, #8277, #57 ) ;
#7852 = CARTESIAN_POINT ( 'NONE',  ( 4.486986328219746412, -5.915616406136310346, -1.369126033402008336 ) ) ;
#7853 = EDGE_CURVE ( 'NONE', #2544, #2138, #7734, .T. ) ;
#7854 = CARTESIAN_POINT ( 'NONE',  ( -12.86716967662983713, 5.964708090068001844, -1.000000000000000000 ) ) ;
#7855 = VERTEX_POINT ( 'NONE', #5482 ) ;
#7856 = FACE_OUTER_BOUND ( 'NONE', #3172, .T. ) ;
#7857 = CARTESIAN_POINT ( 'NONE',  ( 3.889087296525995718, -3.323401871576789901, -1.471169911671835973 ) ) ;
#7858 = CARTESIAN_POINT ( 'NONE',  ( 12.40000000000000391, 5.000000000000000000, 1.000000000090039975 ) ) ;
#7859 = VERTEX_POINT ( 'NONE', #315 ) ;
#7860 = PLANE ( 'NONE',  #1297 ) ;
#7861 = DIRECTION ( 'NONE',  ( 0.0000000000000000000, -1.000000000000000000, 0.0000000000000000000 ) ) ;
#7862 = EDGE_CURVE ( 'NONE', #8132, #7855, #1204, .T. ) ;
#7863 = FACE_OUTER_BOUND ( 'NONE', #5838, .T. ) ;
#7864 = ORIENTED_EDGE ( 'NONE', *, *, #5376, .F. ) ;
#7865 = SECURITY_CLASSIFICATION ( '', '', #2462 ) ;
#7866 = ADVANCED_FACE ( 'NONE', ( #322 ), #6702, .T. ) ;
#7867 = DIRECTION ( 'NONE',  ( 1.000000000000000000, 0.0000000000000000000, 0.0000000000000000000 ) ) ;
#7868 = DIRECTION ( 'NONE',  ( 1.000000000000000000, 0.0000000000000000000, 0.0000000000000000000 ) ) ;
#7869 = ADVANCED_FACE ( 'NONE', ( #7529 ), #2201, .T. ) ;
#7870 = CARTESIAN_POINT ( 'NONE',  ( 10.88012917333601060, -5.837572536583725658, 6.283590981022374677 ) ) ;
#7871 = DIRECTION ( 'NONE',  ( -0.0000000000000000000, 0.0000000000000000000, 1.000000000000000000 ) ) ;
#7872 = LINE ( 'NONE', #2660, #7454 ) ;
#7873 = ORIENTED_EDGE ( 'NONE', *, *, #2814, .T. ) ;
#7874 = CARTESIAN_POINT ( 'NONE',  ( -12.39999999999999503, -5.199999999999998401, 1.000000000000000000 ) ) ;
#7875 = DIRECTION ( 'NONE',  ( 0.0000000000000000000, 0.0000000000000000000, 1.000000000000000000 ) ) ;
#7876 = DIRECTION ( 'NONE',  ( 0.0000000000000000000, -0.9961946980917461003, 0.08715574274765118534 ) ) ;
#7877 = EDGE_CURVE ( 'NONE', #4873, #1290, #8244, .T. ) ;
#7878 = FACE_OUTER_BOUND ( 'NONE', #6823, .T. ) ;
#7879 = CARTESIAN_POINT ( 'NONE',  ( -12.39999999999999503, -4.999999999999999112, 1.000000000090039975 ) ) ;
#7880 = ORIENTED_EDGE ( 'NONE', *, *, #6371, .F. ) ;
#7881 = AXIS2_PLACEMENT_3D ( 'NONE', #2625, #7743, #1387 ) ;
#7882 = DIRECTION ( 'NONE',  ( 1.000000000000000000, 0.0000000000000000000, 0.0000000000000000000 ) ) ;
#7883 = AXIS2_PLACEMENT_3D ( 'NONE', #6509, #1985, #2585 ) ;
#7884 = SPHERICAL_SURFACE ( 'NONE', #7895, 100.0000000000000000 ) ;
#7885 = CARTESIAN_POINT ( 'NONE',  ( 9.603470755691904076E-16, 2.540000000000000036, 0.0000000000000000000 ) ) ;
#7886 = LINE ( 'NONE', #4917, #6050 ) ;
#7887 = ORIENTED_EDGE ( 'NONE', *, *, #2232, .T. ) ;
#7888 = EDGE_CURVE ( 'NONE', #544, #2900, #5397, .T. ) ;
#7889 = ORIENTED_EDGE ( 'NONE', *, *, #6798, .F. ) ;
#7890 = VECTOR ( 'NONE', #4047, 1000.000000000000000 ) ;
#7891 = CARTESIAN_POINT ( 'NONE',  ( 8.214708090067983193, -6.000000000000006217, -3.021872165881479333 ) ) ;
#7892 = DIRECTION ( 'NONE',  ( 0.0000000000000000000, 1.000000000000000000, 0.0000000000000000000 ) ) ;
#7893 = FACE_OUTER_BOUND ( 'NONE', #6626, .T. ) ;
#7894 = AXIS2_PLACEMENT_3D ( 'NONE', #3797, #3258, #3237 ) ;
#7895 = AXIS2_PLACEMENT_3D ( 'NONE', #1114, #5034, #8191 ) ;
#7896 = DIRECTION ( 'NONE',  ( 1.000000000000000000, 0.0000000000000000000, 0.0000000000000000000 ) ) ;
#7897 = CARTESIAN_POINT ( 'NONE',  ( -8.207106781186547906, 6.148528137423860507, -0.9999999999999997780 ) ) ;
#7898 = DIRECTION ( 'NONE',  ( -1.000000000000000000, 0.0000000000000000000, 0.0000000000000000000 ) ) ;
#7899 = ORIENTED_EDGE ( 'NONE', *, *, #2120, .T. ) ;
#7900 = CIRCLE ( 'NONE', #7074, 0.2000000000000000944 ) ;
#7901 =( BOUNDED_CURVE ( )  B_SPLINE_CURVE ( 3, ( #6980, #4972, #5601, #1789 ),
 .UNSPECIFIED., .F., .F. ) 
 B_SPLINE_CURVE_WITH_KNOTS ( ( 4, 4 ),
 ( 1.667722212834905848, 1.689353437172914640 ),
 .UNSPECIFIED. ) 
 CURVE ( )  GEOMETRIC_REPRESENTATION_ITEM ( )  RATIONAL_B_SPLINE_CURVE ( ( 1.000000000000000000, 0.9999610078912386513, 0.9999610078912386513, 1.000000000000000000 ) ) 
 REPRESENTATION_ITEM ( '' )  );
#7902 = CARTESIAN_POINT ( 'NONE',  ( 12.21341469588246298, -5.199547695284350013, 1.013964729907002038 ) ) ;
#7903 = CARTESIAN_POINT ( 'NONE',  ( 12.19996953439122223, 5.200000000000000178, 1.000000000090039975 ) ) ;
#7904 = DIRECTION ( 'NONE',  ( 0.0000000000000000000, 0.0000000000000000000, 1.000000000000000000 ) ) ;
#7905 = ADVANCED_FACE ( 'NONE', ( #6710 ), #3892, .T. ) ;
#7906 = CARTESIAN_POINT ( 'NONE',  ( 1.143638674689041235, -4.507270166027772085, -8.357547926751054845 ) ) ;
#7907 = CYLINDRICAL_SURFACE ( 'NONE', #6695, 0.1000000000000002554 ) ;
#7908 = ADVANCED_FACE ( 'NONE', ( #1619 ), #2837, .F. ) ;
#7909 = AXIS2_PLACEMENT_3D ( 'NONE', #484, #419, #7460 ) ;
#7910 = CARTESIAN_POINT ( 'NONE',  ( -8.197634805215347598, -5.700000000000001954, -4.000000000000000000 ) ) ;
#7911 = DIRECTION ( 'NONE',  ( 0.0000000000000000000, 0.0000000000000000000, 1.000000000000000000 ) ) ;
#7912 = EDGE_CURVE ( 'NONE', #226, #7293, #2698, .T. ) ;
#7913 = ORIENTED_EDGE ( 'NONE', *, *, #4544, .T. ) ;
#7914 = CARTESIAN_POINT ( 'NONE',  ( 4.600000000000000533, -5.900000000000001243, -1.499999999999999556 ) ) ;
#7915 = VECTOR ( 'NONE', #2307, 1000.000000000000000 ) ;
#7916 = VERTEX_POINT ( 'NONE', #4159 ) ;
#7917 = DIRECTION ( 'NONE',  ( 0.3313969516099850021, -0.01646619573978436168, -0.9433477221372130739 ) ) ;
#7918 = DIRECTION ( 'NONE',  ( -4.296521598599591892E-16, 0.2229098465714969279, 0.9748390637953896487 ) ) ;
#7919 = CARTESIAN_POINT ( 'NONE',  ( -13.00099999999999945, 6.650000000000004796, -2.943132368708153646 ) ) ;
#7920 = CALENDAR_DATE ( 2019, 1, 8 ) ;
#7921 = CARTESIAN_POINT ( 'NONE',  ( 4.000000000000001776, -6.150000000000002132, -9.035105632878352111 ) ) ;
#7922 = FACE_OUTER_BOUND ( 'NONE', #1404, .T. ) ;
#7923 = DIRECTION ( 'NONE',  ( 0.01744974916067617426, -0.01744974916067594181, -0.9996954598818877935 ) ) ;
#7924 = CARTESIAN_POINT ( 'NONE',  ( 1.013323155338303083, -4.538245936797031810, -8.975499814951833244 ) ) ;
#7925 = ORIENTED_EDGE ( 'NONE', *, *, #8103, .T. ) ;
#7926 = CARTESIAN_POINT ( 'NONE',  ( -12.24785267184324944, -5.194321766797015627, 1.175313229273049043 ) ) ;
#7927 = ORIENTED_EDGE ( 'NONE', *, *, #6697, .F. ) ;
#7928 = DIRECTION ( 'NONE',  ( -1.000000000000000000, 0.0000000000000000000, 0.0000000000000000000 ) ) ;
#7930 = DIRECTION ( 'NONE',  ( 0.9939991105900850554, -0.001909086515899555874, 0.1093714932457027778 ) ) ;
#7929 = PERSON_AND_ORGANIZATION ( #6821, #2012 ) ;
#7931 = EDGE_CURVE ( 'NONE', #345, #3534, #6410, .T. ) ;
#7932 = LINE ( 'NONE', #846, #3474 ) ;
#7933 = ORIENTED_EDGE ( 'NONE', *, *, #3153, .F. ) ;
#7934 = EDGE_CURVE ( 'NONE', #6585, #7500, #2011, .T. ) ;
#7935 = ORIENTED_EDGE ( 'NONE', *, *, #6309, .F. ) ;
#7936 = DIRECTION ( 'NONE',  ( -0.9998476951563913806, 0.0000000000000000000, 0.01745240643727653460 ) ) ;
#7937 = ORIENTED_EDGE ( 'NONE', *, *, #6759, .F. ) ;
#7938 = ORIENTED_EDGE ( 'NONE', *, *, #3130, .F. ) ;
#7939 = VECTOR ( 'NONE', #4801, 1000.000000000000000 ) ;
#7940 = CARTESIAN_POINT ( 'NONE',  ( 9.500000000000001776, -6.150000000000001243, -2.986876700471112756 ) ) ;
#7941 = EDGE_CURVE ( 'NONE', #4935, #7368, #3687, .T. ) ;
#7942 = LINE ( 'NONE', #8009, #7109 ) ;
#7943 = VERTEX_POINT ( 'NONE', #6114 ) ;
#7944 = CARTESIAN_POINT ( 'NONE',  ( 3.676955262170030991, -3.889087296526028137, 0.0000000000000000000 ) ) ;
#7945 = CARTESIAN_POINT ( 'NONE',  ( 8.250000000000001776, -5.200000000000000178, -1.000000000000000000 ) ) ;
#7946 = AXIS2_PLACEMENT_3D ( 'NONE', #5060, #643, #7639 ) ;
#7947 = ORIENTED_EDGE ( 'NONE', *, *, #6127, .T. ) ;
#7948 = AXIS2_PLACEMENT_3D ( 'NONE', #7032, #1245, #3213 ) ;
#7949 = ADVANCED_FACE ( 'NONE', ( #6916 ), #5603, .T. ) ;
#7950 = DIRECTION ( 'NONE',  ( 0.0000000000000000000, 1.000000000000000000, 0.0000000000000000000 ) ) ;
#7951 = ORIENTED_EDGE ( 'NONE', *, *, #2048, .T. ) ;
#7952 = CARTESIAN_POINT ( 'NONE',  ( 12.79999999999999716, 6.000000000000000000, -3.000000000000000000 ) ) ;
#7953 = CARTESIAN_POINT ( 'NONE',  ( 7.714708090067982305, 6.000000000000005329, -3.021872165881479333 ) ) ;
#7954 = LINE ( 'NONE', #2203, #7440 ) ;
#7955 = CARTESIAN_POINT ( 'NONE',  ( -11.14999999999999680, -6.000000000000000000, -2.000000000000000000 ) ) ;
#7956 = CARTESIAN_POINT ( 'NONE',  ( 12.40000000000000213, -5.200000000000000178, -1.000000000000000000 ) ) ;
#7957 = EDGE_LOOP ( 'NONE', ( #266, #5029, #5106, #2747 ) ) ;
#7958 = CARTESIAN_POINT ( 'NONE',  ( 12.29801471009307612, -5.174509738508139556, 1.787001853974768295 ) ) ;
#7959 = PLANE ( 'NONE',  #4144 ) ;
#7960 = CARTESIAN_POINT ( 'NONE',  ( 11.14999999999999680, -6.000000000000000000, -2.000000000000000000 ) ) ;
#7961 = VECTOR ( 'NONE', #7091, 1000.000000000000114 ) ;
#7962 = AXIS2_PLACEMENT_3D ( 'NONE', #4445, #3198, #7704 ) ;
#7963 = DIRECTION ( 'NONE',  ( 0.0000000000000000000, -0.9961946980917462113, 0.08715574274765121310 ) ) ;
#7964 = EDGE_LOOP ( 'NONE', ( #6412, #4889, #2599, #5891 ) ) ;
#7965 = AXIS2_PLACEMENT_3D ( 'NONE', #6041, #2853, #3476 ) ;
#7966 = ORIENTED_EDGE ( 'NONE', *, *, #3400, .T. ) ;
#7967 = EDGE_CURVE ( 'NONE', #89, #2364, #6218, .T. ) ;
#7968 = CARTESIAN_POINT ( 'NONE',  ( 1.205925905206711057, -4.491000891609666645, -8.788594973253760045 ) ) ;
#7969 = CARTESIAN_POINT ( 'NONE',  ( 9.500000000000001776, -6.442893218813453338, -2.961251864201319695 ) ) ;
#7970 = LINE ( 'NONE', #514, #6034 ) ;
#7971 = ORIENTED_EDGE ( 'NONE', *, *, #7322, .T. ) ;
#7972 = CARTESIAN_POINT ( 'NONE',  ( 12.33138708266499961, -5.152276028035950084, 2.049285921992079817 ) ) ;
#7973 = CARTESIAN_POINT ( 'NONE',  ( 12.71400762708950261, -5.728723333559693209, 1.059819946095853282 ) ) ;
#7974 = CARTESIAN_POINT ( 'NONE',  ( -12.27542962177249919, 5.185366317040706718, 1.451809237955877130 ) ) ;
#7975 = EDGE_CURVE ( 'NONE', #7794, #3666, #5197, .T. ) ;
#7976 = LINE ( 'NONE', #3858, #6444 ) ;
#7977 = CC_DESIGN_SECURITY_CLASSIFICATION ( #7541, ( #8298 ) ) ;
#7978 = ORIENTED_EDGE ( 'NONE', *, *, #2488, .F. ) ;
#7979 = DIRECTION ( 'NONE',  ( 0.0000000000000000000, 0.0000000000000000000, 1.000000000000000000 ) ) ;
#7980 = DIRECTION ( 'NONE',  ( 1.000000000000000000, 0.0000000000000000000, 0.0000000000000000000 ) ) ;
#7981 = PLANE ( 'NONE',  #6227 ) ;
#7982 = ORIENTED_EDGE ( 'NONE', *, *, #8230, .F. ) ;
#7983 = CIRCLE ( 'NONE', #6904, 0.09999999999999939493 ) ;
#7984 = ORIENTED_EDGE ( 'NONE', *, *, #2710, .F. ) ;
#7985 = DIRECTION ( 'NONE',  ( 1.000000000000000000, 0.0000000000000000000, 0.0000000000000000000 ) ) ;
#7986 = CARTESIAN_POINT ( 'NONE',  ( 2.211772431870431018E-15, -5.100000000000004086, -3.000000000000000000 ) ) ;
#7987 = ORIENTED_EDGE ( 'NONE', *, *, #4630, .F. ) ;
#7988 = EDGE_CURVE ( 'NONE', #7094, #7689, #7355, .T. ) ;
#7989 = ADVANCED_FACE ( 'NONE', ( #3282, #6506, #7619, #4989, #2600 ), #7497, .T. ) ;
#7990 = DIRECTION ( 'NONE',  ( -1.000000000000000000, 0.0000000000000000000, 0.0000000000000000000 ) ) ;
#7991 = LINE ( 'NONE', #2047, #6462 ) ;
#7992 = EDGE_LOOP ( 'NONE', ( #4976, #4617, #3764, #4869, #8107, #565, #3503, #1409, #890, #2742, #2553, #2914 ) ) ;
#7993 = CARTESIAN_POINT ( 'NONE',  ( -8.000000000000000000, 6.000000000000003553, -1.499999999999999556 ) ) ;
#7994 = AXIS2_PLACEMENT_3D ( 'NONE', #6560, #3356, #7876 ) ;
#7995 = VERTEX_POINT ( 'NONE', #7468 ) ;
#7996 = ORIENTED_EDGE ( 'NONE', *, *, #8267, .T. ) ;
#7997 = CARTESIAN_POINT ( 'NONE',  ( -2.954415582856761979, 3.590811685924666818, -7.449999999999998401 ) ) ;
#7998 = CARTESIAN_POINT ( 'NONE',  ( 9.500000000000001776, -6.000000000000004441, -9.035105632878352111 ) ) ;
#7999 = LINE ( 'NONE', #6864, #6277 ) ;
#8000 = CARTESIAN_POINT ( 'NONE',  ( -11.09848522915800650, -5.549999999999998934, 6.412812697791911987 ) ) ;
#8001 = CARTESIAN_POINT ( 'NONE',  ( -4.784910129856434047, -6.349999999999993427, -3.000000000000000000 ) ) ;
#8002 = EDGE_CURVE ( 'NONE', #4473, #272, #41, .T. ) ;
#8003 = ORIENTED_EDGE ( 'NONE', *, *, #895, .T. ) ;
#8004 = CARTESIAN_POINT ( 'NONE',  ( -11.14999999999999680, -6.000000000000000000, -1.499999999999999112 ) ) ;
#8005 = DIRECTION ( 'NONE',  ( 1.000000000000000000, 0.0000000000000000000, 0.0000000000000000000 ) ) ;
#8006 = CIRCLE ( 'NONE', #8010, 99.66350510663009743 ) ;
#8007 = CARTESIAN_POINT ( 'NONE',  ( -8.248190524917657029, 6.197828629901120934, -1.063106799566959637 ) ) ;
#8008 =( LENGTH_UNIT ( ) NAMED_UNIT ( * ) SI_UNIT ( .MILLI., .METRE. ) );
#8009 = CARTESIAN_POINT ( 'NONE',  ( 4.731103465819100684, -6.349999999999999645, 0.08258171817798783121 ) ) ;
#8010 = AXIS2_PLACEMENT_3D ( 'NONE', #7512, #1692, #506 ) ;
#8011 = ORIENTED_EDGE ( 'NONE', *, *, #668, .F. ) ;
#8012 = EDGE_CURVE ( 'NONE', #1239, #1119, #7408, .T. ) ;
#8013 = VECTOR ( 'NONE', #7113, 1000.000000000000114 ) ;
#8014 = CARTESIAN_POINT ( 'NONE',  ( 12.22537532129518922, -5.198386928526495865, 1.049802950854083816 ) ) ;
#8015 = CARTESIAN_POINT ( 'NONE',  ( 13.00000000000000533, 5.549999999999998934, -0.9999999999999937828 ) ) ;
#8016 = DIRECTION ( 'NONE',  ( 1.000000000000000000, 0.0000000000000000000, 0.0000000000000000000 ) ) ;
#8017 = ORIENTED_EDGE ( 'NONE', *, *, #4756, .T. ) ;
#8018 = ORIENTED_EDGE ( 'NONE', *, *, #2716, .T. ) ;
#8019 = DIRECTION ( 'NONE',  ( 1.000000000000000000, 0.0000000000000000000, 0.0000000000000000000 ) ) ;
#8020 = PRODUCT ( 'stem_√ﬁÃ´Ÿƒ', 'stem_√ﬁÃ´Ÿƒ', '', ( #4153 ) ) ;
#8021 = DIRECTION ( 'NONE',  ( -1.000000000000000000, 0.0000000000000000000, 0.0000000000000000000 ) ) ;
#8022 = LINE ( 'NONE', #1486, #7395 ) ;
#8023 = EDGE_CURVE ( 'NONE', #1038, #4873, #1733, .T. ) ;
#8024 = ORIENTED_EDGE ( 'NONE', *, *, #5074, .T. ) ;
#8025 = DIRECTION ( 'NONE',  ( 0.0000000000000000000, 0.0000000000000000000, 1.000000000000000000 ) ) ;
#8026 = PRODUCT_DEFINITION ( 'UNKNOWN', '', #7415, #6530 ) ;
#8027 = CARTESIAN_POINT ( 'NONE',  ( -9.198212002188448366, 6.200000000000000178, -1.000000000000000888 ) ) ;
#8028 = CARTESIAN_POINT ( 'NONE',  ( 4.500000000000000888, 6.500000000000004441, -1.000000000000000000 ) ) ;
#8029 = ORIENTED_EDGE ( 'NONE', *, *, #777, .F. ) ;
#8030 = LOCAL_TIME ( 8, 25, 54.00000000000000000, #1412 ) ;
#8031 = FACE_OUTER_BOUND ( 'NONE', #2906, .T. ) ;
#8032 = ORIENTED_EDGE ( 'NONE', *, *, #1399, .F. ) ;
#8033 = ADVANCED_FACE ( 'NONE', ( #4179 ), #1133, .F. ) ;
#8034 = DIRECTION ( 'NONE',  ( 0.9998476951563913806, 0.0000000000000000000, -0.01745240643727699256 ) ) ;
#8035 = ORIENTED_EDGE ( 'NONE', *, *, #7292, .T. ) ;
#8036 = DIRECTION ( 'NONE',  ( -0.0000000000000000000, 0.0000000000000000000, 1.000000000000000000 ) ) ;
#8037 = CARTESIAN_POINT ( 'NONE',  ( -8.006271569140224642, 6.006271569140151811, -1.396395287217423675 ) ) ;
#8038 = ORIENTED_EDGE ( 'NONE', *, *, #150, .T. ) ;
#8039 = CARTESIAN_POINT ( 'NONE',  ( 40.68388472567862379, 0.0000000000000000000, -78.40779887272486803 ) ) ;
#8040 = CIRCLE ( 'NONE', #2450, 0.2000000000000005107 ) ;
#8041 =( LENGTH_UNIT ( ) NAMED_UNIT ( * ) SI_UNIT ( .MILLI., .METRE. ) );
#8042 = PERSON_AND_ORGANIZATION ( #6821, #2012 ) ;
#8043 = VECTOR ( 'NONE', #1690, 1000.000000000000000 ) ;
#8044 = ORIENTED_EDGE ( 'NONE', *, *, #5873, .T. ) ;
#8045 = ORIENTED_EDGE ( 'NONE', *, *, #6070, .F. ) ;
#8046 = DIRECTION ( 'NONE',  ( 0.0000000000000000000, 0.01745240643727676011, -0.9998476951563912696 ) ) ;
#8047 = DIRECTION ( 'NONE',  ( 1.000000000000000000, 0.0000000000000000000, 0.0000000000000000000 ) ) ;
#8048 = CARTESIAN_POINT ( 'NONE',  ( 0.0000000000000000000, 0.0000000000000000000, -8.637749907475930300 ) ) ;
#8049 = EDGE_CURVE ( 'NONE', #601, #426, #4684, .T. ) ;
#8050 = LINE ( 'NONE', #7540, #2502 ) ;
#8051 = AXIS2_PLACEMENT_3D ( 'NONE', #6711, #2255, #3556 ) ;
#8052 = CIRCLE ( 'NONE', #648, 0.1999999999999991784 ) ;
#8053 = CIRCLE ( 'NONE', #4698, 0.1000000000000002554 ) ;
#8054 = EDGE_CURVE ( 'NONE', #983, #5700, #4109, .T. ) ;
#8055 = ORIENTED_EDGE ( 'NONE', *, *, #4256, .T. ) ;
#8056 = ORIENTED_EDGE ( 'NONE', *, *, #4337, .F. ) ;
#8057 = CIRCLE ( 'NONE', #6158, 0.1999999999999991784 ) ;
#8058 = CARTESIAN_POINT ( 'NONE',  ( -5.000000000000000888, 5.100000000000003197, -2.500000000000000000 ) ) ;
#8059 = VERTEX_POINT ( 'NONE', #3295 ) ;
#8060 = EDGE_CURVE ( 'NONE', #5997, #4083, #3107, .T. ) ;
#8061 = CARTESIAN_POINT ( 'NONE',  ( 12.38085600013723031, -5.087509109277322139, 1.908468722592540301 ) ) ;
#8062 = DIRECTION ( 'NONE',  ( 0.0000000000000000000, 1.000000000000000000, 0.0000000000000000000 ) ) ;
#8063 = EDGE_LOOP ( 'NONE', ( #3388, #4860, #3102, #570 ) ) ;
#8064 = AXIS2_PLACEMENT_3D ( 'NONE', #2549, #6305, #2468 ) ;
#8066 = AXIS2_PLACEMENT_3D ( 'NONE', #217, #2841, #293 ) ;
#8065 = CARTESIAN_POINT ( 'NONE',  ( 5.284927985534429773, 6.238307615340012546, -3.001022951107333192 ) ) ;
#8067 = FACE_OUTER_BOUND ( 'NONE', #7191, .T. ) ;
#8068 = ORIENTED_EDGE ( 'NONE', *, *, #3180, .T. ) ;
#8069 = AXIS2_PLACEMENT_3D ( 'NONE', #6666, #5283, #5398 ) ;
#8070 = DIRECTION ( 'NONE',  ( -0.0000000000000000000, 0.0000000000000000000, 1.000000000000000000 ) ) ;
#8071 = CARTESIAN_POINT ( 'NONE',  ( -7.715089870143564177, 6.250000000000004441, -3.000000000000000000 ) ) ;
#8072 = CARTESIAN_POINT ( 'NONE',  ( -8.100166593084880517, 6.020199911701856088, -1.192726625728571799 ) ) ;
#8073 = FACE_OUTER_BOUND ( 'NONE', #6755, .T. ) ;
#8074 = ORIENTED_EDGE ( 'NONE', *, *, #967, .T. ) ;
#8075 = CARTESIAN_POINT ( 'NONE',  ( 2.903229087180588142, -3.822467902723131417, 0.9499999999999998446 ) ) ;
#8076 = AXIS2_PLACEMENT_3D ( 'NONE', #5040, #7015, #4442 ) ;
#8077 = EDGE_CURVE ( 'NONE', #2499, #5847, #5301, .T. ) ;
#8078 = LINE ( 'NONE', #6643, #1242 ) ;
#8079 = ADVANCED_FACE ( 'NONE', ( #3394 ), #5149, .T. ) ;
#8080 = CARTESIAN_POINT ( 'NONE',  ( 5.252177793406733741, 5.200000000000001066, -1.124765700711441330 ) ) ;
#8081 = ORIENTED_EDGE ( 'NONE', *, *, #5522, .F. ) ;
#8082 = CARTESIAN_POINT ( 'NONE',  ( -4.751809475082423795, 6.197828629901120934, -1.063106799566992278 ) ) ;
#8083 = CIRCLE ( 'NONE', #227, 0.1000000000000002554 ) ;
#8084 = CARTESIAN_POINT ( 'NONE',  ( 12.96326458944043658, -5.549999999999998934, 1.104570261448660773 ) ) ;
#8085 = ORIENTED_EDGE ( 'NONE', *, *, #4065, .T. ) ;
#8086 = DIRECTION ( 'NONE',  ( -0.0000000000000000000, -0.0000000000000000000, 1.000000000000000000 ) ) ;
#8087 = FACE_OUTER_BOUND ( 'NONE', #8217, .T. ) ;
#8088 = CARTESIAN_POINT ( 'NONE',  ( 8.197634805215347598, -5.200000000000000178, -4.000000000000000000 ) ) ;
#8089 = DIRECTION ( 'NONE',  ( -1.000000000000000000, 0.0000000000000000000, 0.0000000000000000000 ) ) ;
#8090 = DIRECTION ( 'NONE',  ( 0.0000000000000000000, 0.9961946980917461003, 0.08715574274765111595 ) ) ;
#8091 = FACE_OUTER_BOUND ( 'NONE', #5158, .T. ) ;
#8092 = CARTESIAN_POINT ( 'NONE',  ( -8.197828629901163566, 6.248190524917580646, -1.063106799566992278 ) ) ;
#8093 = VERTEX_POINT ( 'NONE', #3322 ) ;
#8094 = CARTESIAN_POINT ( 'NONE',  ( 5.100000000000001421, 5.900000000000003020, -1.499999999999999556 ) ) ;
#8095 = DIRECTION ( 'NONE',  ( 1.000000000000000000, 0.0000000000000000000, 0.0000000000000000000 ) ) ;
#8096 = CARTESIAN_POINT ( 'NONE',  ( 12.40000000000196323, 5.118034671097259292, 2.105706630516124278 ) ) ;
#8097 = ORIENTED_EDGE ( 'NONE', *, *, #3774, .T. ) ;
#8098 = VECTOR ( 'NONE', #2722, 1000.000000000000000 ) ;
#8099 = FACE_OUTER_BOUND ( 'NONE', #2042, .T. ) ;
#8100 = DIRECTION ( 'NONE',  ( -1.000000000000000000, 0.0000000000000000000, 0.0000000000000000000 ) ) ;
#8101 = CARTESIAN_POINT ( 'NONE',  ( -8.249999999999992895, -5.199999999999998401, -1.000000000000000000 ) ) ;
#8102 = CARTESIAN_POINT ( 'NONE',  ( 9.198212002188439484, 6.000000000000000000, -3.000000000000000000 ) ) ;
#8103 = EDGE_CURVE ( 'NONE', #5340, #5271, #1915, .T. ) ;
#8104 = ORIENTED_EDGE ( 'NONE', *, *, #1821, .F. ) ;
#8105 = ORIENTED_EDGE ( 'NONE', *, *, #4297, .T. ) ;
#8106 = CARTESIAN_POINT ( 'NONE',  ( 8.998722858706033279, 6.185714285714285054, -2.983752105345187644 ) ) ;
#8107 = ORIENTED_EDGE ( 'NONE', *, *, #8216, .T. ) ;
#8108 = VECTOR ( 'NONE', #2344, 1000.000000000000000 ) ;
#8109 = DIRECTION ( 'NONE',  ( -0.0000000000000000000, 0.0000000000000000000, 1.000000000000000000 ) ) ;
#8110 = AXIS2_PLACEMENT_3D ( 'NONE', #2037, #6531, #3885 ) ;
#8111 = CYLINDRICAL_SURFACE ( 'NONE', #2833, 99.66350510663009743 ) ;
#8112 = DIRECTION ( 'NONE',  ( -1.000000000000000000, 0.0000000000000000000, 0.0000000000000000000 ) ) ;
#8113 = EDGE_CURVE ( 'NONE', #3063, #1638, #7632, .T. ) ;
#8114 = ADVANCED_FACE ( 'NONE', ( #433 ), #750, .T. ) ;
#8115 = DIRECTION ( 'NONE',  ( -0.0000000000000000000, 0.0000000000000000000, 1.000000000000000000 ) ) ;
#8116 = ORIENTED_EDGE ( 'NONE', *, *, #6070, .T. ) ;
#8117 = CARTESIAN_POINT ( 'NONE',  ( 0.9851174912042142129, -4.422876462278600762, -8.906943319295850259 ) ) ;
#8118 = CARTESIAN_POINT ( 'NONE',  ( -8.869126042717256908, -6.342951251260779522, -1.013013667921752736 ) ) ;
#8119 = CARTESIAN_POINT ( 'NONE',  ( 5.290213493331402006, 6.396170510005122267, -3.303829489994880575 ) ) ;
#8120 = VECTOR ( 'NONE', #3306, 1000.000000000000000 ) ;
#8121 = APPROVAL_STATUS ( 'not_yet_approved' ) ;
#8122 = AXIS2_PLACEMENT_3D ( 'NONE', #8146, #4292, #1750 ) ;
#8123 = EDGE_CURVE ( 'NONE', #2315, #2809, #4191, .T. ) ;
#8124 = ORIENTED_EDGE ( 'NONE', *, *, #3065, .F. ) ;
#8125 = DIRECTION ( 'NONE',  ( 0.0000000000000000000, 0.03237209870275840201, -0.9994758862651860198 ) ) ;
#8126 = CARTESIAN_POINT ( 'NONE',  ( -12.22262983385605040, -5.198748428857063786, 1.038641769001333204 ) ) ;
#8127 = CARTESIAN_POINT ( 'NONE',  ( 11.07339971181770899, -5.549999999999998046, 6.484220613666342281 ) ) ;
#8128 = APPROVAL_PERSON_ORGANIZATION ( #5687, #1995, #3650 ) ;
#8129 = CARTESIAN_POINT ( 'NONE',  ( -4.784929142664656077, -6.237549894927707506, -3.001089243053531863 ) ) ;
#8130 = CYLINDRICAL_SURFACE ( 'NONE', #7029, 0.2249999999999999500 ) ;
#8131 = EDGE_LOOP ( 'NONE', ( #2826, #7925, #7301, #4815, #8287 ) ) ;
#8132 = VERTEX_POINT ( 'NONE', #7788 ) ;
#8133 = ORIENTED_EDGE ( 'NONE', *, *, #2865, .T. ) ;
#8134 = B_SPLINE_CURVE_WITH_KNOTS ( 'NONE', 3,
 ( #6860, #8181, #8117, #537 ),
 .UNSPECIFIED., .F., .F.,
 ( 4, 4 ),
 ( 0.0004121439919903468140, 0.0008234787390798177379 ),
 .UNSPECIFIED. ) ;
#8135 = CARTESIAN_POINT ( 'NONE',  ( -2.765000000000000124, 2.755455298081547551E-17, 0.0000000000000000000 ) ) ;
#8136 = EDGE_CURVE ( 'NONE', #7828, #1271, #30, .T. ) ;
#8137 = COORDINATED_UNIVERSAL_TIME_OFFSET ( 9, 0, .AHEAD. ) ;
#8138 = VECTOR ( 'NONE', #1175, 1000.000000000000000 ) ;
#8139 = EDGE_LOOP ( 'NONE', ( #5117, #7913, #18, #8209 ) ) ;
#8140 = CARTESIAN_POINT ( 'NONE',  ( 3.501277141293968054, -6.185714285714285943, -2.983752105345186756 ) ) ;
#8141 = CARTESIAN_POINT ( 'NONE',  ( -8.215089870143565065, -6.349999999999999645, -3.000000000000000000 ) ) ;
#8142 = VERTEX_POINT ( 'NONE', #2058 ) ;
#8143 = ORIENTED_EDGE ( 'NONE', *, *, #8023, .F. ) ;
#8144 = EDGE_LOOP ( 'NONE', ( #3164, #5438, #2419, #1103, #942, #8074, #1252, #7887 ) ) ;
#8145 = PERSON_AND_ORGANIZATION ( #6821, #2012 ) ;
#8146 = CARTESIAN_POINT ( 'NONE',  ( 3.712310601229358742, -3.500178566873426877, 0.9499999999999998446 ) ) ;
#8147 = VECTOR ( 'NONE', #3047, 1000.000000000000227 ) ;
#8148 = CARTESIAN_POINT ( 'NONE',  ( 4.000000000000000000, -6.500000000000002665, -1.000000000000000000 ) ) ;
#8149 = ORIENTED_EDGE ( 'NONE', *, *, #7840, .F. ) ;
#8150 = CARTESIAN_POINT ( 'NONE',  ( 12.52670221006875906, 5.184022278188971988, 1.493305911804059694 ) ) ;
#8151 = CARTESIAN_POINT ( 'NONE',  ( -8.692726625728582235, -6.131271950874295662, -1.100166593084872968 ) ) ;
#8152 = CARTESIAN_POINT ( 'NONE',  ( 0.0000000000000000000, -5.827155727576267985, 6.880369569374781058 ) ) ;
#8153 = FACE_OUTER_BOUND ( 'NONE', #7371, .T. ) ;
#8154 = PERSON_AND_ORGANIZATION_ROLE ( 'design_owner' ) ;
#8155 = VERTEX_POINT ( 'NONE', #5795 ) ;
#8156 = EDGE_CURVE ( 'NONE', #6569, #7158, #1708, .T. ) ;
#8157 = VERTEX_POINT ( 'NONE', #1431 ) ;
#8158 = EDGE_LOOP ( 'NONE', ( #663, #2572, #4890 ) ) ;
#8159 = CARTESIAN_POINT ( 'NONE',  ( -12.23715530468636103, -5.196547452416144353, 1.106596056279288254 ) ) ;
#8160 = DIRECTION ( 'NONE',  ( 2.398081733190338127E-14, 0.01745240643727676358, 0.9998476951563913806 ) ) ;
#8161 = CARTESIAN_POINT ( 'NONE',  ( 12.23710901252472105, 5.196556236027457309, 1.106324865267531932 ) ) ;
#8162 = LINE ( 'NONE', #7060, #446 ) ;
#8163 = EDGE_CURVE ( 'NONE', #6761, #5928, #6806, .T. ) ;
#8164 = ORIENTED_EDGE ( 'NONE', *, *, #7077, .T. ) ;
#8165 = ADVANCED_FACE ( 'NONE', ( #2911 ), #5289, .T. ) ;
#8166 = CARTESIAN_POINT ( 'NONE',  ( -11.06901167911463268, 5.608226752519805736, 6.345855489085229451 ) ) ;
#8167 = CARTESIAN_POINT ( 'NONE',  ( 4.851471862576143046, 6.207106781186551459, -1.000000000000000222 ) ) ;
#8168 =( BOUNDED_SURFACE ( )  B_SPLINE_SURFACE ( 3, 2, ( 
 ( #12, #4971, #1187 ),
 ( #5031, #1887, #2439 ),
 ( #4434, #2519, #7004 ),
 ( #1160, #3158, #5626 ),
 ( #4382, #7660, #6335 ),
 ( #5651, #6955, #3110 ) ),
 .UNSPECIFIED., .F., .F., .F. ) 
 B_SPLINE_SURFACE_WITH_KNOTS ( ( 4, 2, 4 ),
 ( 3, 3 ),
 ( 0.0004134235322906628838, 0.0006140265318771261560, 0.0008146295314635893740 ),
 ( 0.0000000000000000000, 1.000000000000000000 ),
 .UNSPECIFIED. ) 
 GEOMETRIC_REPRESENTATION_ITEM ( )  RATIONAL_B_SPLINE_SURFACE ( (
 ( 1.000000000000000000, 0.7143241415874671540, 1.000000000000000000),
 ( 1.000000000000000000, 0.7190409942400917132, 1.000000000000000000),
 ( 1.000000000000000000, 0.7221383962759948538, 1.000000000000000000),
 ( 1.000000000000000000, 0.7221361990509687079, 1.000000000000000000),
 ( 1.000000000000000000, 0.7190592425212182226, 1.000000000000000000),
 ( 1.000000000000000000, 0.7143305781234035035, 1.000000000000000000) ) ) 
 REPRESENTATION_ITEM ( '' )  SURFACE ( )  );
#8169 = CARTESIAN_POINT ( 'NONE',  ( -11.06901056154843310, 5.608401958755060868, 6.345858670326106399 ) ) ;
#8170 = EDGE_CURVE ( 'NONE', #27, #1611, #4674, .T. ) ;
#8171 = LINE ( 'NONE', #6172, #3218 ) ;
#8172 = VERTEX_POINT ( 'NONE', #2004 ) ;
#8173 = ORIENTED_EDGE ( 'NONE', *, *, #6962, .T. ) ;
#8174 = DIRECTION ( 'NONE',  ( 0.0000000000000000000, 0.0000000000000000000, 1.000000000000000000 ) ) ;
#8175 = CARTESIAN_POINT ( 'NONE',  ( -13.00000000000000000, 6.000000000000000000, -1.000000000000000000 ) ) ;
#8176 = AXIS2_PLACEMENT_3D ( 'NONE', #665, #2573, #5118 ) ;
#8177 = CARTESIAN_POINT ( 'NONE',  ( 12.71400762708950261, 0.0000000000000000000, 1.059819946095852172 ) ) ;
#8178 = FACE_OUTER_BOUND ( 'NONE', #5512, .T. ) ;
#8179 = AXIS2_PLACEMENT_3D ( 'NONE', #5311, #204, #2800 ) ;
#8180 = ORIENTED_EDGE ( 'NONE', *, *, #5468, .F. ) ;
#8181 = CARTESIAN_POINT ( 'NONE',  ( 0.9670890758901478090, -4.348765769651652846, -8.774884152733260834 ) ) ;
#8182 = SECURITY_CLASSIFICATION_LEVEL ( 'unclassified' ) ;
#8183 = FACE_OUTER_BOUND ( 'NONE', #813, .T. ) ;
#8184 = ORIENTED_EDGE ( 'NONE', *, *, #4787, .T. ) ;
#8185 = DIRECTION ( 'NONE',  ( 0.0000000000000000000, 1.000000000000000000, 0.0000000000000000000 ) ) ;
#8186 = DIRECTION ( 'NONE',  ( 1.057758217059028608E-16, -1.000000000000000000, 0.0000000000000000000 ) ) ;
#8187 = CARTESIAN_POINT ( 'NONE',  ( 12.23316348380541285, 5.197296126923951043, 1.083481023682541844 ) ) ;
#8188 = ORIENTED_EDGE ( 'NONE', *, *, #639, .F. ) ;
#8189 = EDGE_CURVE ( 'NONE', #4583, #2442, #7844, .T. ) ;
#8190 = CARTESIAN_POINT ( 'NONE',  ( -3.412409198551543899, -6.000000000000001776, -3.000000000000000888 ) ) ;
#8191 = DIRECTION ( 'NONE',  ( -1.000000000000000000, 0.0000000000000000000, 0.0000000000000000000 ) ) ;
#8192 = FACE_OUTER_BOUND ( 'NONE', #3000, .T. ) ;
#8193 = CC_DESIGN_APPROVAL ( #6436, ( #5143 ) ) ;
#8194 = VERTEX_POINT ( 'NONE', #3860 ) ;
#8195 = VERTEX_POINT ( 'NONE', #6554 ) ;
#8196 = DIRECTION ( 'NONE',  ( 1.000000000000000000, 0.0000000000000000000, 0.0000000000000000000 ) ) ;
#8197 = CARTESIAN_POINT ( 'NONE',  ( 0.0000000000000000000, -7.363063705342051790, -92.57147724495271746 ) ) ;
#8198 = LINE ( 'NONE', #6920, #581 ) ;
#8199 = DIRECTION ( 'NONE',  ( 0.0000000000000000000, 0.0000000000000000000, -1.000000000000000000 ) ) ;
#8200 = ADVANCED_FACE ( 'NONE', ( #1013, #6603 ), #1504, .T. ) ;
#8201 = CARTESIAN_POINT ( 'NONE',  ( -40.76541555679221318, 0.0000000000000000000, -78.37915718709906798 ) ) ;
#8202 = ORIENTED_EDGE ( 'NONE', *, *, #4998, .F. ) ;
#8203 = VERTEX_POINT ( 'NONE', #1456 ) ;
#8204 = CYLINDRICAL_SURFACE ( 'NONE', #5239, 0.5000000000000000000 ) ;
#8205 = CARTESIAN_POINT ( 'NONE',  ( -8.575560259665682139, -6.075560259665681251, -1.223785139368434249 ) ) ;
#8206 = DIRECTION ( 'NONE',  ( -2.168404344971006107E-15, -1.000000000000000000, 0.0000000000000000000 ) ) ;
#8207 = MECHANICAL_CONTEXT ( 'NONE', #6693, 'mechanical' ) ;
#8208 = EDGE_CURVE ( 'NONE', #4351, #5939, #4881, .T. ) ;
#8209 = ORIENTED_EDGE ( 'NONE', *, *, #5431, .T. ) ;
#8210 = ORIENTED_EDGE ( 'NONE', *, *, #6658, .T. ) ;
#8211 =( BOUNDED_SURFACE ( )  B_SPLINE_SURFACE ( 3, 2, ( 
 ( #8028, #5415, #1578 ),
 ( #4142, #6155, #4089 ),
 ( #2314, #5466, #1604 ),
 ( #3446, #360, #7359 ),
 ( #6768, #3558, #4200 ),
 ( #2286, #2849, #4811 ),
 ( #978, #5442, #2934 ),
 ( #299, #4785, #3531 ),
 ( #6067, #6795, #6038 ),
 ( #1634, #6091, #2262 ) ),
 .UNSPECIFIED., .F., .F., .F. ) 
 B_SPLINE_SURFACE_WITH_KNOTS ( ( 4, 2, 2, 2, 4 ),
 ( 3, 3 ),
 ( 1.570796326794896558, 1.963495408493620697, 2.356194490192344837, 2.748893571891068976, 3.141592653589793116 ),
 ( 0.0000000000000000000, 1.000000000000000000 ),
 .UNSPECIFIED. ) 
 GEOMETRIC_REPRESENTATION_ITEM ( )  RATIONAL_B_SPLINE_SURFACE ( (
 ( 1.000000000000000000, 1.000000000000000000, 1.000000000000000000),
 ( 1.000000000000000000, 1.000158593443195354, 1.000000000000000000),
 ( 1.000000000000000000, 0.9867291723804728631, 1.000000000000000000),
 ( 1.000000000000000000, 0.9386556673818408081, 1.000000000000000000),
 ( 1.000000000000000000, 0.9038128477757444434, 1.000000000000000000),
 ( 1.000000000000000000, 0.8282379597931300852, 1.000000000000000000),
 ( 1.000000000000000000, 0.7876784551908331267, 1.000000000000000000),
 ( 1.000000000000000000, 0.7265517845063718116, 1.000000000000000000),
 ( 1.000000000000000000, 0.7066757228338658159, 1.000000000000000000),
 ( 1.000000000000000000, 0.7071067811865444641, 1.000000000000000000) ) ) 
 REPRESENTATION_ITEM ( '' )  SURFACE ( )  );
#8212 = LINE ( 'NONE', #3536, #6480 ) ;
#8213 = PLANE ( 'NONE',  #7452 ) ;
#8214 = DIRECTION ( 'NONE',  ( -1.000000000000000000, 0.0000000000000000000, 0.0000000000000000000 ) ) ;
#8215 = PLANE ( 'NONE',  #1112 ) ;
#8216 = EDGE_CURVE ( 'NONE', #6677, #5585, #7219, .T. ) ;
#8217 = EDGE_LOOP ( 'NONE', ( #6568, #4906, #4249, #5560, #8239 ) ) ;
#8218 = CARTESIAN_POINT ( 'NONE',  ( 5.100000000000000533, 6.000000000000003553, -1.207106781186547462 ) ) ;
#8219 = CYLINDRICAL_SURFACE ( 'NONE', #2293, 0.2500000000000002220 ) ;
#8220 = DIRECTION ( 'NONE',  ( 0.0000000000000000000, 1.000000000000000000, -0.0000000000000000000 ) ) ;
#8221 = AXIS2_PLACEMENT_3D ( 'NONE', #2440, #2332, #4553 ) ;
#8222 = CARTESIAN_POINT ( 'NONE',  ( 0.0000000000000000000, 0.0000000000000000000, 0.7199999999999999734 ) ) ;
#8223 = ORIENTED_EDGE ( 'NONE', *, *, #4111, .T. ) ;
#8224 = DIRECTION ( 'NONE',  ( 0.7071067811865451302, -0.7071067811865499042, 0.0000000000000000000 ) ) ;
#8225 = LINE ( 'NONE', #4025, #4165 ) ;
#8226 = PLANE ( 'NONE',  #2195 ) ;
#8227 = ORIENTED_EDGE ( 'NONE', *, *, #1884, .T. ) ;
#8228 = CARTESIAN_POINT ( 'NONE',  ( -13.00000000000000000, 6.000000000000000000, -3.000000000000000000 ) ) ;
#8229 = DIRECTION ( 'NONE',  ( -1.000000000000000000, -1.224646799147353207E-16, 0.0000000000000000000 ) ) ;
#8230 = EDGE_CURVE ( 'NONE', #4278, #5853, #8052, .T. ) ;
#8231 = VERTEX_POINT ( 'NONE', #3455 ) ;
#8232 = CARTESIAN_POINT ( 'NONE',  ( -10.90200351184694050, 5.637602997552447981, 6.478900684127910203 ) ) ;
#8233 = PERSON_AND_ORGANIZATION_ROLE ( 'classification_officer' ) ;
#8234 = ITEM_DEFINED_TRANSFORMATION ( 'NONE', 'NONE', #3612,  #603 ) ;
#8235 = AXIS2_PLACEMENT_3D ( 'NONE', #7627, #7654, #684 ) ;
#8236 = VECTOR ( 'NONE', #2454, 1000.000000000000000 ) ;
#8237 = ORIENTED_EDGE ( 'NONE', *, *, #1952, .T. ) ;
#8238 = EDGE_CURVE ( 'NONE', #1717, #2900, #2111, .T. ) ;
#8239 = ORIENTED_EDGE ( 'NONE', *, *, #3960, .T. ) ;
#8240 = ORIENTED_EDGE ( 'NONE', *, *, #6738, .T. ) ;
#8241 = DIRECTION ( 'NONE',  ( 0.9434756357255826842, -0.0000000000000000000, 0.3314418875039900625 ) ) ;
#8242 = CARTESIAN_POINT ( 'NONE',  ( 12.21482645446983639, 5.199466203904489880, 1.016480745701867416 ) ) ;
#8243 = CARTESIAN_POINT ( 'NONE',  ( 1.014437372223563782, -4.542803202836082299, -8.297334993775381307 ) ) ;
#8244 = LINE ( 'NONE', #1648, #2901 ) ;
#8245 = ADVANCED_FACE ( 'NONE', ( #7421 ), #6316, .T. ) ;
#8246 = LINE ( 'NONE', #2766, #4782 ) ;
#8247 = DIRECTION ( 'NONE',  ( 0.01744974916067617426, -0.01744974916067593834, 0.9996954598818876825 ) ) ;
#8248 = ORIENTED_EDGE ( 'NONE', *, *, #4591, .T. ) ;
#8249 = CARTESIAN_POINT ( 'NONE',  ( 5.000000000000000888, 5.900000000000003020, -1.499999999999999556 ) ) ;
#8250 = EDGE_LOOP ( 'NONE', ( #415, #5815, #3335, #697, #709, #3619, #6126 ) ) ;
#8251 = EDGE_CURVE ( 'NONE', #580, #523, #5501, .T. ) ;
#8252 = TOROIDAL_SURFACE ( 'NONE', #1883, 99.46350510663008038, 0.2000000000000000111 ) ;
#8253 = CARTESIAN_POINT ( 'NONE',  ( -4.924439740334323190, 6.075560259665595098, -1.223785139368448016 ) ) ;
#8254 = CC_DESIGN_PERSON_AND_ORGANIZATION_ASSIGNMENT ( #5984, #3735, ( #4117 ) ) ;
#8255 = ORIENTED_EDGE ( 'NONE', *, *, #8113, .T. ) ;
#8256 = DIRECTION ( 'NONE',  ( 0.0000000000000000000, -0.2229098465714969002, -0.9748390637953896487 ) ) ;
#8257 = ORIENTED_EDGE ( 'NONE', *, *, #6485, .T. ) ;
#8258 = CARTESIAN_POINT ( 'NONE',  ( 12.40000000000000213, -5.000000000000000888, 1.000000000000000000 ) ) ;
#8259 = FACE_OUTER_BOUND ( 'NONE', #886, .T. ) ;
#8260 = VERTEX_POINT ( 'NONE', #7198 ) ;
#8261 = CARTESIAN_POINT ( 'NONE',  ( 8.006271569140219313, 6.006271569140109179, -1.396395287217419678 ) ) ;
#8262 = PLANE ( 'NONE',  #25 ) ;
#8263 = CARTESIAN_POINT ( 'NONE',  ( -12.39999999999999680, 5.117157287525389009, 1.000000000090039975 ) ) ;
#8264 = PERSON_AND_ORGANIZATION_ROLE ( 'classification_officer' ) ;
#8265 = LINE ( 'NONE', #6255, #158 ) ;
#8266 = ORIENTED_EDGE ( 'NONE', *, *, #3868, .F. ) ;
#8267 = EDGE_CURVE ( 'NONE', #5033, #1518, #3381, .T. ) ;
#8268 = CARTESIAN_POINT ( 'NONE',  ( 12.76806172546899987, -5.206275159746432735, 0.8062568971320149824 ) ) ;
#8269 = AXIS2_PLACEMENT_3D ( 'NONE', #2551, #3132, #597 ) ;
#8270 =( BOUNDED_CURVE ( )  B_SPLINE_CURVE ( 3, ( #7531, #2953, #8190, #3580 ),
 .UNSPECIFIED., .F., .F. ) 
 B_SPLINE_CURVE_WITH_KNOTS ( ( 4, 4 ),
 ( 1.642285776680416198, 3.141592653589778017 ),
 .UNSPECIFIED. ) 
 CURVE ( )  GEOMETRIC_REPRESENTATION_ITEM ( )  RATIONAL_B_SPLINE_CURVE ( ( 1.000000000000000000, 0.8212833698076030808, 0.8212833698076030808, 1.000000000000000000 ) ) 
 REPRESENTATION_ITEM ( '' )  );
#8271 = AXIS2_PLACEMENT_3D ( 'NONE', #695, #3805, #5800 ) ;
#8272 = LINE ( 'NONE', #6868, #742 ) ;
#8273 = VERTEX_POINT ( 'NONE', #308 ) ;
#8274 = CARTESIAN_POINT ( 'NONE',  ( 12.96326458944043658, 5.549999999999998934, 1.104570261448667656 ) ) ;
#8275 = EDGE_CURVE ( 'NONE', #3816, #7680, #5707, .T. ) ;
#8276 = VECTOR ( 'NONE', #2038, 999.9999999999998863 ) ;
#8277 = DIRECTION ( 'NONE',  ( -0.3313969516099847246, 0.01646619573978484741, -0.9433477221372130739 ) ) ;
#8278 = EDGE_LOOP ( 'NONE', ( #1795, #7835, #3438, #8149 ) ) ;
#8279 = ADVANCED_FACE ( 'NONE', ( #6117 ), #2184, .T. ) ;
#8280 = CARTESIAN_POINT ( 'NONE',  ( 9.000000000000001776, 6.649999999999997691, -1.000000000000000000 ) ) ;
#8281 = DIRECTION ( 'NONE',  ( 0.0000000000000000000, 0.0000000000000000000, 1.000000000000000000 ) ) ;
#8282 = EDGE_CURVE ( 'NONE', #7730, #3816, #3995, .T. ) ;
#8283 = CARTESIAN_POINT ( 'NONE',  ( -12.79999999999999716, -6.000000000000000000, -1.000000000000000000 ) ) ;
#8284 = LINE ( 'NONE', #7753, #7462 ) ;
#8285 = ORIENTED_EDGE ( 'NONE', *, *, #3828, .T. ) ;
#8286 = CARTESIAN_POINT ( 'NONE',  ( 4.000000000000001776, -6.650000000000002132, -2.943132368708153646 ) ) ;
#8287 = ORIENTED_EDGE ( 'NONE', *, *, #512, .T. ) ;
#8288 = FACE_OUTER_BOUND ( 'NONE', #3524, .T. ) ;
#8290 = ORIENTED_EDGE ( 'NONE', *, *, #2521, .T. ) ;
#8289 = CARTESIAN_POINT ( 'NONE',  ( -5.000000000000000888, 5.100000000000004086, -9.299999999999998934 ) ) ;
#8291 = EDGE_CURVE ( 'NONE', #4198, #5847, #855, .T. ) ;
#8292 = VERTEX_POINT ( 'NONE', #1480 ) ;
#8293 = PRODUCT_RELATED_PRODUCT_CATEGORY ( 'detail', '', ( #8020 ) ) ;
#8294 = VECTOR ( 'NONE', #6665, 1000.000000000000000 ) ;
#8295 = EDGE_LOOP ( 'NONE', ( #6591, #5461, #2856, #4362, #4511, #6765, #3899 ) ) ;
#8296 = NEXT_ASSEMBLY_USAGE_OCCURRENCE ( 'NAUO1', ' ', ' ', #2683, #5414, $ ) ;
#8297 = NEXT_ASSEMBLY_USAGE_OCCURRENCE ( 'NAUO2', ' ', ' ', #2683, #829, $ ) ;
#8298 = NEXT_ASSEMBLY_USAGE_OCCURRENCE ( 'NAUO3', ' ', ' ', #2683, #8026, $ ) ;
ENDSEC;
END-ISO-10303-21;
