#VRML V2.0 utf8
# 3D model generated by easyeda2kicad.py (https://github.com/uPesy/easyeda2kicad.py)

Shape{
    appearance Appearance {
        material  Material 	{
            diffuseColor 0.4392156862745098 0.4392156862745098 0.4392156862745098
            specularColor 0.2196078431372549 0.2196078431372549 0.2196078431372549
            ambientIntensity 0.2
            transparency 0
            shininess 0.5
        }
    }
    geometry IndexedFaceSet {
        ccw TRUE
        solid FALSE
        coord DEF co Coordinate {
            point [
                -0.3507 0.9843 0.2417, -0.3507 0.9843 0.2992, -0.3224 0.9843 0.2992, -0.0828 0.9843 0.1813, -0.0764 0.9843 0.1808, -0.087 0.9843 0.1808, -0.0535 0.9843 0.1928, -0.0524 0.9843 0.1956, -0.0524 0.9843 0.1808, -0.0698 0.9843 0.2335, -0.0706 0.9843 0.2336, -0.0524 0.9843 0.2336, -0.087 0.9843 0.233, -0.087 0.9843 0.2336, -0.0847 0.9843 0.2336, -0.0278 0.9843 0.2339, -0.0278 0.9843 0.2336, -0.0493 0.9843 0.2336, -0.2101 0.9843 0.2326, -0.2294 0.9843 0.1808, -0.246 0.9843 0.1808, -0.2021 0.9843 0.098, -0.2024 0.9843 0.1498, -0.1972 0.9843 0.1498, 0.0282 0.9843 0.1747, 0.0248 0.9843 0.1659, 0.001 0.9843 0.1659, 0.172 0.9843 0.1498, 0.1267 0.9843 0.1498, 0.1247 0.9843 0.1508, 0.258 0.9843 0.1635, 0.2576 0.9843 0.1659, 0.3507 0.9843 0.1659, 0.0782 0.9843 0.2293, 0.0656 0.9843 0.2144, 0.001 0.9843 0.2336, 0.0584 0.9843 0.2, 0.0566 0.9843 0.1993, 0.001 0.9843 0.2417, 0.0927 0.9843 0.2395, 0.0843 0.9843 0.2336, 0.1181 0.9843 0.2992, 0.3507 0.9843 0.2992, 0.3507 0.9843 0.2417, 0.1452 0.9843 0.2472, 0.1284 0.9843 0.2489, 0.111 0.9843 0.2467, 0.0983 0.9843 0.2417, 0.001 0.9843 0.2992, 0.1606 0.9843 0.2417, 0.1625 0.9843 0.2411, 0.3507 0.9843 0.2336, 0.1743 0.9843 0.2336, 0.1729 0.9843 0.2348, 0.2124 0.9843 0.2178, 0.1978 0.9843 0.2195, 0.1817 0.9843 0.2274, 0.1936 0.9843 0.2192, 0.1893 0.9843 0.2187, 0.2405 0.9843 0.202, 0.238 0.9843 0.2044, 0.2261 0.9843 0.2125, 0.3507 0.9843 0.1808, 0.2555 0.9843 0.1774, 0.2539 0.9843 0.1808, 0.2495 0.9843 0.1907, 0.2582 0.9843 0.1599, 0.3507 0.9843 0.1508, 0.2571 0.9843 0.1508, 0.3507 0.9843 0.1498, 0.257 0.9843 0.1498, 0.0962 0.9843 0.1215, 0.0937 0.9843 0.1225, 0.0892 0.9843 0.1436, 0.0985 0.9843 0.1199, 0.0908 0.9843 0.1229, 0.0905 0.9843 0.1228, 0.0893 0.9843 0.1226, 0.2314 0.9843 0.1096, 0.2429 0.9843 0.1195, 0.3507 0.9843 0.0433, 0.2513 0.9843 0.1316, 0.2565 0.9843 0.1454, 0.001 0.9843 0.1508, 0.0223 0.9843 0.1498, 0.001 0.9843 0.1498, 0.0239 0.9843 0.138, 0.001 0.9843 0.0433, 0.0287 0.9843 0.1264, 0.0361 0.9843 0.1162, 0.1886 0.9843 0.0776, 0.1971 0.9843 0.0812, 0.2043 0.9843 0.0867, 0.2098 0.9843 0.0936, 0.0527 0.9843 0.1315, 0.0486 0.9843 0.1373, 0.046 0.9843 0.1438, 0.0928 0.9843 0.1498, 0.0462 0.9843 0.1077, 0.0576 0.9843 0.1023, 0.0699 0.9843 0.0998, 0.1024 0.9843 0.1115, 0.1023 0.9843 0.1129, 0.1412 0.9843 0.1166, 0.1015 0.9843 0.1157, 0.1001 0.9843 0.1183, 0.1437 0.9843 0.0999, 0.1481 0.9843 0.0917, 0.1538 0.9843 0.0853, 0.1612 0.9843 0.0803, 0.2134 0.9843 0.1015, 0.2181 0.9843 0.103, 0.0986 0.9843 0.103, 0.0995 0.9843 0.1039, 0.1011 0.9843 0.1062, 0.102 0.9843 0.1087, 0.1414 0.9843 0.109, 0.1412 0.9843 0.1129, 0.1695 0.9843 0.0772, 0.1785 0.9843 0.0761, 0.1799 0.9843 0.0762, 0.0886 0.9843 0.1225, 0.0719 0.9843 0.1224, 0.0653 0.9843 0.1236, 0.0917 0.9843 0.0999, 0.0938 0.9843 0.1003, 0.0962 0.9843 0.1013, 0.0587 0.9843 0.1266, 0.0532 0.9843 0.131, 0.0453 0.9843 0.1498, 0.0451 0.9843 0.1508, 0.0934 0.9843 0.1508, 0.0451 0.9843 0.151, 0.2333 0.9843 0.1508, 0.2345 0.9843 0.1548, 0.1005 0.9843 0.1633, 0.2349 0.9843 0.1605, 0.2342 0.9843 0.1659, 0.0453 0.9843 0.1543, 0.0469 0.9843 0.1614, 0.0493 0.9843 0.1659, 0.1645 0.9843 0.1479, 0.1567 0.9843 0.1437, 0.1503 0.9843 0.1377, 0.195 0.9843 0.1464, 0.1868 0.9843 0.1495, 0.233 0.9843 0.1498, 0.1836 0.9843 0.1498, 0.1779 0.9843 0.1505, 0.1734 0.9843 0.1502, 0.2319 0.9843 0.1457, 0.2088 0.9843 0.1342, 0.2026 0.9843 0.1412, 0.2275 0.9843 0.1382, 0.2209 0.9843 0.1313, 0.2129 0.9843 0.1263, 0.0767 0.9843 0.1801, 0.2305 0.9843 0.1777, 0.2337 0.9843 0.1695, 0.0738 0.9843 0.1801, 0.0503 0.9843 0.1678, 0.0546 0.9843 0.1726, 0.0603 0.9843 0.1766, 0.0667 0.9843 0.1792, 0.0845 0.9843 0.2024, 0.0928 0.9843 0.2124, 0.178 0.9843 0.1916, 0.0937 0.9843 0.2133, 0.1041 0.9843 0.2206, 0.1723 0.9843 0.2032, 0.2283 0.9843 0.1808, 0.1807 0.9843 0.193, 0.0768 0.9843 0.1808, 0.0789 0.9843 0.1904, 0.1889 0.9843 0.1961, 0.1976 0.9843 0.1973, 0.2014 0.9843 0.1971, 0.1639 0.9843 0.2131, 0.1157 0.9843 0.2251, 0.1539 0.9843 0.2203, 0.1282 0.9843 0.2267, 0.1418 0.9843 0.2251, 0.2106 0.9843 0.195, 0.2189 0.9843 0.1907, 0.2253 0.9843 0.185, 0.0238 0.9843 0.1633, 0.0222 0.9843 0.1512, 0.0222 0.9843 0.1508, 0.0456 0.9843 0.1938, 0.0357 0.9843 0.1852, 0.001 0.9843 0.1808, 0.0325 0.9843 0.1808, -0.2431 0.9843 0.115, -0.2405 0.9843 0.1096, -0.246 0.9843 0.0433, -0.2366 0.9843 0.1051, -0.2315 0.9843 0.1467, -0.246 0.9843 0.1498, -0.2252 0.9843 0.149, -0.2183 0.9843 0.1498, -0.2312 0.9843 0.1012, -0.2252 0.9843 0.0989, -0.1972 0.9843 0.0433, -0.2164 0.9843 0.0979, -0.2369 0.9843 0.1429, -0.2387 0.9843 0.1411, -0.2419 0.9843 0.1366, -0.2438 0.9843 0.1316, -0.2446 0.9843 0.1244, -0.2444 0.9843 0.1211, -0.1972 0.9843 0.1508, -0.2024 0.9843 0.1501, -0.2173 0.9843 0.15, -0.246 0.9843 0.1508, -0.1814 0.9843 0.1041, -0.1923 0.9843 0.104, -0.1897 0.9843 0.1216, -0.1914 0.9843 0.1442, -0.1914 0.9843 0.1498, -0.1898 0.9843 0.1275, -0.1814 0.9843 0.1216, -0.1711 0.9843 0.1217, -0.171 0.9843 0.1042, -0.1814 0.9843 0.1442, -0.1814 0.9843 0.1276, -0.1713 0.9843 0.1443, -0.1712 0.9843 0.1276, -0.1914 0.9843 0.1501, -0.1814 0.9843 0.1508, -0.1326 0.9843 0.1508, -0.1646 0.9843 0.1503, -0.1814 0.9843 0.1502, -0.1326 0.9843 0.1254, -0.1386 0.9843 0.1077, -0.1404 0.9843 0.1076, -0.1922 0.9843 0.0981, -0.1814 0.9843 0.0433, -0.1814 0.9843 0.0982, -0.1326 0.9843 0.0433, -0.1642 0.9843 0.0983, -0.1394 0.9843 0.1046, -0.1395 0.9843 0.1046, -0.1399 0.9843 0.1059, -0.1326 0.9843 0.1498, -0.1507 0.9843 0.1356, -0.1646 0.9843 0.1498, -0.1575 0.9843 0.1355, -0.1403 0.9843 0.0928, -0.1373 0.9843 0.0871, -0.1349 0.9843 0.0843, -0.093 0.9843 0.1001, -0.0931 0.9843 0.1068, -0.087 0.9843 0.1498, -0.087 0.9843 0.0433, -0.0963 0.9843 0.0433, -0.0963 0.9843 0.0989, -0.0957 0.9843 0.1052, -0.0963 0.9843 0.105, -0.0963 0.9843 0.1188, -0.0951 0.9843 0.12, -0.0942 0.9843 0.1214, -0.0935 0.9843 0.1234, -0.0933 0.9843 0.1259, -0.0935 0.9843 0.1283, -0.0961 0.9843 0.1189, -0.097 0.9843 0.0986, -0.1161 0.9843 0.1149, -0.1173 0.9843 0.1131, -0.1166 0.9843 0.1287, -0.0975 0.9843 0.1338, -0.0996 0.9843 0.1351, -0.0963 0.9843 0.1498, -0.0943 0.9843 0.1304, -0.0956 0.9843 0.1321, -0.0963 0.9843 0.1328, -0.1032 0.9843 0.1363, -0.1078 0.9843 0.1367, -0.12 0.9843 0.1498, -0.1124 0.9843 0.1363, -0.1166 0.9843 0.135, -0.1182 0.9843 0.1087, -0.1179 0.9843 0.1061, -0.12 0.9843 0.0433, -0.1171 0.9843 0.1041, -0.1158 0.9843 0.1023, -0.109 0.9843 0.0985, -0.1031 0.9843 0.0978, -0.114 0.9843 0.1007, -0.1124 0.9843 0.0998, -0.1071 0.9843 0.1314, -0.1052 0.9843 0.1313, -0.1 0.9843 0.1265, -0.1035 0.9843 0.1308, -0.102 0.9843 0.1301, -0.1 0.9843 0.1256, -0.1003 0.9843 0.1246, -0.1008 0.9843 0.1237, -0.1014 0.9843 0.123, -0.1037 0.9843 0.1216, -0.1113 0.9843 0.1309, -0.1077 0.9843 0.1198, -0.115 0.9843 0.1296, -0.1102 0.9843 0.1187, -0.1145 0.9843 0.1163, -0.101 0.9843 0.1292, -0.1004 0.9843 0.1284, -0.1001 0.9843 0.1275, -0.0998 0.9843 0.1037, -0.1031 0.9843 0.1151, -0.0992 0.9843 0.1169, -0.1038 0.9843 0.1032, -0.1041 0.9843 0.1032, -0.1073 0.9843 0.1132, -0.1074 0.9843 0.1035, -0.1115 0.9843 0.1081, -0.1115 0.9843 0.109, -0.1091 0.9843 0.1041, -0.1097 0.9843 0.1045, -0.1105 0.9843 0.1051, -0.111 0.9843 0.106, -0.1114 0.9843 0.1069, -0.1112 0.9843 0.11, -0.1107 0.9843 0.1108, -0.1099 0.9843 0.1117, -0.246 0.9843 0.2336, -0.1972 0.9843 0.2336, -0.2029 0.9843 0.2326, -0.1814 0.9843 0.1808, -0.1827 0.9843 0.1808, -0.1972 0.9843 0.2178, -0.1827 0.9843 0.1807, -0.1814 0.9843 0.1659, -0.1902 0.9843 0.1807, -0.1972 0.9843 0.1659, -0.1902 0.9843 0.1808, -0.1972 0.9843 0.1808, -0.1972 0.9843 0.1949, -0.1953 0.9843 0.1949, -0.2169 0.9843 0.1947, -0.222 0.9843 0.1808, -0.2221 0.9843 0.1804, -0.2296 0.9843 0.1804, -0.246 0.9843 0.1659, -0.12 0.9843 0.2106, -0.1252 0.9843 0.2105, -0.1268 0.9843 0.2272, -0.1326 0.9843 0.2336, -0.1268 0.9843 0.2332, -0.12 0.9843 0.2336, -0.12 0.9843 0.2332, -0.12 0.9843 0.1871, -0.1277 0.9843 0.1871, -0.1251 0.9843 0.2046, -0.12 0.9843 0.2046, -0.1065 0.9843 0.2047, -0.1064 0.9843 0.1872, -0.12 0.9843 0.2272, -0.1067 0.9843 0.2273, -0.1066 0.9843 0.2107, -0.0996 0.9843 0.1813, -0.0963 0.9843 0.1808, -0.12 0.9843 0.1808, -0.1 0.9843 0.2334, -0.0963 0.9843 0.2336, -0.1326 0.9843 0.1808, -0.1276 0.9843 0.1811, -0.12 0.9843 0.1812, -0.0275 0.9843 0.1878, -0.0482 0.9843 0.1876, -0.0493 0.9843 0.1808, -0.0481 0.9843 0.1817, -0.0207 0.9843 0.1819, -0.0493 0.9843 0.2417, -0.0211 0.9843 0.2339, -0.0211 0.9843 0.2336, -0.0896 0.9843 0.2322, -0.0895 0.9843 0.2252, -0.0773 0.9843 0.2283, -0.0749 0.9843 0.2282, -0.087 0.9843 0.189, -0.0837 0.9843 0.2275, -0.0893 0.9843 0.19, -0.089 0.9843 0.2255, -0.087 0.9843 0.2262, -0.0704 0.9843 0.2273, -0.0663 0.9843 0.2254, -0.0631 0.9843 0.2227, -0.0627 0.9843 0.2223, -0.0602 0.9843 0.2187, -0.0584 0.9843 0.2142, -0.0575 0.9843 0.2071, -0.0576 0.9843 0.2047, -0.0841 0.9843 0.1877, -0.0783 0.9843 0.1867, -0.0758 0.9843 0.1866, -0.0584 0.9843 0.1996, -0.0601 0.9843 0.1955, -0.0625 0.9843 0.1922, -0.0639 0.9843 0.1908, -0.0713 0.9843 0.1871, -0.0674 0.9843 0.1884, -0.087 0.9843 0.2417, -0.0841 0.9843 0.2338, -0.0543 0.9843 0.222, -0.0581 0.9843 0.2269, -0.0594 0.9843 0.2281, -0.0643 0.9843 0.2315, -0.0518 0.9843 0.2162, -0.0524 0.9843 0.2176, -0.0514 0.9843 0.1982, -0.0504 0.9843 0.2067, -0.0506 0.9843 0.2094, -0.0707 0.9843 0.1809, -0.0652 0.9843 0.1823, -0.0604 0.9843 0.1848, -0.057 0.9843 0.1878, -0.0566 0.9843 0.1883, -0.0748 0.9843 0.1806, -0.087 0.9843 0.1659, -0.0728 0.9843 0.1808, -0.0524 0.9843 0.1659, -0.0892 0.9843 0.1835, -0.0884 0.9843 0.1831, -0.087 0.9843 0.1827, -0.0481 0.9843 0.105, -0.0481 0.9843 0.0991, -0.0493 0.9843 0.0433, -0.0201 0.9843 0.0993, -0.0493 0.9843 0.1498, -0.0472 0.9843 0.1452, -0.0473 0.9843 0.1498, -0.027 0.9843 0.1227, -0.0269 0.9843 0.1052, -0.0456 0.9843 0.1226, -0.0456 0.9843 0.1285, -0.027 0.9843 0.1287, -0.0272 0.9843 0.1453, -0.0473 0.9843 0.1512, -0.0473 0.9843 0.1508, -0.0493 0.9843 0.1508, -0.0493 0.9843 0.1659, -0.0205 0.9843 0.1514, -0.0205 0.9843 0.1508, -0.0205 0.9843 0.1498, -0.1291 0.9843 0.1357, -0.1218 0.9843 0.1358, -0.118 0.9843 0.1112, -0.1228 0.9843 0.0874, -0.1228 0.9843 0.0816, -0.1345 0.9843 0.0839, -0.1326 0.9843 0.0826, -0.1322 0.9843 0.0823, -0.1326 0.9843 0.1078, -0.1307 0.9843 0.0881, -0.1319 0.9843 0.0895, -0.1296 0.9843 0.0813, -0.127 0.9843 0.081, -0.1255 0.9843 0.0811, -0.1241 0.9843 0.087, -0.1265 0.9843 0.0866, -0.1281 0.9843 0.0868, -0.1295 0.9843 0.0874, -0.1326 0.9843 0.0907, -0.1332 0.9843 0.0918, -0.1361 0.9843 0.0986, -0.3507 0.9843 0.1498, -0.3224 0.9843 0.1498, -0.3507 0.9843 0.0433, -0.3224 0.9843 0.0433, -0.2867 0.9843 0.0974, -0.2815 0.9843 0.1117, -0.2598 0.9843 0.1118, -0.2547 0.9843 0.0977, -0.2473 0.9843 0.0977, -0.2675 0.9843 0.1496, -0.2747 0.9843 0.1496, -0.2941 0.9843 0.0974, -0.3224 0.9843 0.1508, -0.3507 0.9843 0.1508, -0.3224 0.9843 0.1659, -0.3224 0.9843 0.1808, -0.3507 0.9843 0.1659, -0.3507 0.9843 0.1808, -0.3224 0.9843 0.2336, -0.3507 0.9843 0.2336, -0.1799 0.9843 0.2041, -0.1785 0.9843 0.198, -0.1773 0.9843 0.2196, -0.1792 0.9843 0.2146, -0.1814 0.9843 0.2336, -0.18 0.9843 0.2074, -0.1759 0.9843 0.1927, -0.172 0.9843 0.1881, -0.1666 0.9843 0.1842, -0.1527 0.9843 0.233, -0.1606 0.9843 0.2321, -0.1669 0.9843 0.2297, -0.1606 0.9843 0.182, -0.1518 0.9843 0.1809, -0.1375 0.9843 0.181, -0.1378 0.9843 0.2331, -0.1723 0.9843 0.226, -0.1741 0.9843 0.2241, -0.3224 0.9843 0.2417, -0.246 0.9843 0.2992, -0.246 0.9843 0.2417, -0.1972 0.9843 0.2992, -0.1972 0.9843 0.2417, -0.1814 0.9843 0.2992, -0.1814 0.9843 0.2417, -0.1326 0.9843 0.2992, -0.1326 0.9843 0.2417, -0.12 0.9843 0.2992, -0.12 0.9843 0.2417, -0.1181 0.9843 0.2992, -0.0963 0.9843 0.2417, -0.0963 0.9843 0.1659, -0.12 0.9843 0.1659, -0.1326 0.9843 0.1659, -0.0558 0.9843 0.115, -0.0572 0.9843 0.1169, -0.0582 0.9843 0.1273, -0.0777 0.9843 0.0989, -0.0524 0.9843 0.0433, -0.0842 0.9843 0.0989, -0.0751 0.9843 0.1366, -0.0778 0.9843 0.1357, -0.0799 0.9843 0.1344, -0.0816 0.9843 0.1328, -0.0777 0.9843 0.1047, -0.0776 0.9843 0.1047, -0.0582 0.9843 0.1336, -0.0596 0.9843 0.1344, -0.0524 0.9843 0.1498, -0.0644 0.9843 0.1362, -0.071 0.9843 0.137, -0.0592 0.9843 0.1186, -0.0621 0.9843 0.12, -0.062 0.9843 0.1298, -0.0668 0.9843 0.1211, -0.0726 0.9843 0.1314, -0.0704 0.9843 0.1317, -0.0661 0.9843 0.1312, -0.0555 0.9843 0.1038, -0.0547 0.9843 0.106, -0.0544 0.9843 0.109, -0.0829 0.9843 0.1306, -0.0839 0.9843 0.1276, -0.0844 0.9843 0.1228, -0.0758 0.9843 0.1022, -0.0736 0.9843 0.1003, -0.0724 0.9843 0.0996, -0.0699 0.9843 0.0985, -0.0661 0.9843 0.0981, -0.0622 0.9843 0.0986, -0.0597 0.9843 0.0996, -0.0575 0.9843 0.1011, -0.0568 0.9843 0.1018, -0.0544 0.9843 0.11, -0.0549 0.9843 0.1127, -0.0779 0.9843 0.1225, -0.0776 0.9843 0.1254, -0.077 0.9843 0.1277, -0.0762 0.9843 0.1291, -0.0753 0.9843 0.1301, -0.0741 0.9843 0.1309, -0.0524 0.9843 0.1508, -0.087 0.9843 0.1508, -0.0963 0.9843 0.1508, -0.12 0.9843 0.1508, -0.0524 0.9843 0.2417, -0.0773 0.9843 0.2344, -0.0963 0.9843 0.2992, -0.087 0.9843 0.2992, -0.0524 0.9843 0.2992, -0.0493 0.9843 0.2992, -0.7533 0.7874 0.1439, -0.7356 0.7874 0.154, -0.736 0.7814 0.1471, -0.7632 0.7795 0.125, -0.7689 0.7874 0.1304, -0.7503 0.7795 0.1361, -0.7488 0.7795 0.1375, -0.7361 0.7795 0.145, -0.625 0.7874 0.1039, -0.6251 0.7874 0.1043, -0.6193 0.7995 0.1106, -0.6264 0.7868 0.1073, -0.6265 0.7963 0.124, -0.6476 0.7814 0.138, -0.6542 0.7804 0.1438, -0.6534 0.7888 0.1528, -0.6544 0.7804 0.144, -0.6547 0.7822 0.1463, -0.6553 0.7862 0.1513, -0.6551 0.7885 0.1539, -0.6351 0.7933 0.1358, -0.6433 0.7821 0.1337, -0.6405 0.7915 0.1425, -0.6446 0.7818 0.1354, -0.6419 0.7912 0.1435, -0.6447 0.7906 0.1458, -0.6313 0.7853 0.1164, -0.6326 0.7849 0.1188, -0.6287 0.7953 0.128, -0.6351 0.7841 0.1234, -0.6387 0.7832 0.128, -0.8661 0.7874 0.2992, -0.7348 0.7874 0.1557, -0.7331 0.7874 0.1594, -0.7323 0.7874 0.1611, -0.73 0.7874 0.1668, -0.836 0.7874 0.2992, -0.8046 0.7874 0.2992, -0.7983 0.7874 0.0995, -0.8125 0.7874 0.0872, -0.829 0.7874 0.0781, -0.8469 0.7874 0.0725, -0.8656 0.7874 0.0706, -0.8661 0.7874 0.0706, -0.7717 0.7874 0.2992, -0.7373 0.7874 0.2992, -0.7272 0.7874 0.1735, -0.7266 0.7874 0.2921, -0.7276 0.7874 0.2953, -0.729 0.7874 0.2992, -0.7252 0.7874 0.1847, -0.7257 0.7874 0.1792, -0.7265 0.7874 0.1762, -0.7262 0.7874 0.2909, -0.7252 0.7874 0.2831, -0.6421 0.7917 0.2992, -0.6556 0.7885 0.1548, -0.6585 0.7882 0.1613, -0.6508 0.7894 0.2992, -0.6608 0.7879 0.1662, -0.6636 0.7877 0.1724, -0.6647 0.7876 0.1762, -0.6651 0.7876 0.1773, -0.666 0.7875 0.1847, -0.666 0.7875 0.2831, -0.6657 0.7875 0.2873, -0.6648 0.7876 0.2914, -0.6646 0.7876 0.2922, -0.662 0.7878 0.2992, -0.6471 0.7899 0.2992, -0.616 0.8011 0.103, -0.6158 0.8018 0.2992, -0.6312 0.7954 0.2992, -0.6196 0.7994 0.2992, -0.6156 0.8014 0.1021, -0.6127 0.8038 0.2992, -0.5997 0.8116 0.0654, -0.5954 0.815 0.2992, -0.5954 0.815 0.0576, -0.5954 0.815 0.0576
            ]
        }
        coordIndex [
            0,1,2,-1,3,4,5,-1,6,7,8,-1,9,10,11,-1,12,13,14,-1,15,16,17,-1,18,19,20,-1,21,22,23,-1,24,25,26,-1,27,28,29,-1,30,31,32,-1,33,34,35,-1,35,34,36,-1,35,36,37,-1,38,39,35,-1,35,39,40,-1,35,40,33,-1,41,42,43,-1,41,44,45,-1,45,46,41,-1,41,46,47,-1,41,47,48,-1,44,41,49,-1,49,41,43,-1,49,43,50,-1,51,52,43,-1,43,52,53,-1,43,53,50,-1,51,54,52,-1,52,54,55,-1,52,55,56,-1,56,55,57,-1,56,57,58,-1,59,60,51,-1,51,60,61,-1,51,61,54,-1,32,31,62,-1,31,63,62,-1,62,63,64,-1,62,64,51,-1,51,64,65,-1,51,65,59,-1,30,32,66,-1,66,32,67,-1,66,67,68,-1,68,67,69,-1,68,69,70,-1,71,72,73,-1,71,73,74,-1,72,75,73,-1,73,75,76,-1,73,76,77,-1,78,79,80,-1,80,79,81,-1,80,81,69,-1,69,81,82,-1,69,82,70,-1,83,84,85,-1,85,84,86,-1,85,86,87,-1,87,86,88,-1,87,88,89,-1,90,91,80,-1,80,91,92,-1,80,92,93,-1,94,95,73,-1,73,95,96,-1,73,96,97,-1,89,98,87,-1,87,98,99,-1,87,99,100,-1,101,102,103,-1,103,102,104,-1,103,104,73,-1,73,104,105,-1,73,105,74,-1,106,107,87,-1,87,107,108,-1,87,108,109,-1,93,110,80,-1,80,110,111,-1,80,111,78,-1,106,112,113,-1,113,114,106,-1,106,114,115,-1,106,115,116,-1,116,115,101,-1,116,101,117,-1,117,101,103,-1,109,118,87,-1,87,118,119,-1,87,119,80,-1,80,119,120,-1,80,120,90,-1,77,121,73,-1,73,121,122,-1,73,122,123,-1,100,124,87,-1,87,124,125,-1,87,125,106,-1,106,125,126,-1,106,126,112,-1,123,127,73,-1,73,127,128,-1,73,128,94,-1,96,129,97,-1,97,129,130,-1,97,130,131,-1,131,130,132,-1,133,29,134,-1,134,29,135,-1,134,135,136,-1,136,135,137,-1,132,138,131,-1,131,138,139,-1,131,139,135,-1,135,139,140,-1,135,140,137,-1,27,141,28,-1,28,141,142,-1,28,142,143,-1,144,145,146,-1,146,145,147,-1,146,147,133,-1,133,147,148,-1,133,148,29,-1,29,148,149,-1,29,149,27,-1,150,151,146,-1,146,151,152,-1,146,152,144,-1,150,153,151,-1,151,153,154,-1,151,154,155,-1,156,157,158,-1,158,137,156,-1,156,137,140,-1,156,140,159,-1,159,140,160,-1,160,161,159,-1,159,161,162,-1,159,162,163,-1,164,165,166,-1,165,167,166,-1,166,167,168,-1,166,168,169,-1,170,166,171,-1,157,156,170,-1,170,156,172,-1,170,172,166,-1,166,172,173,-1,166,173,164,-1,171,174,170,-1,170,174,175,-1,170,175,176,-1,169,168,177,-1,177,168,178,-1,177,178,179,-1,179,178,180,-1,179,180,181,-1,182,183,176,-1,176,183,184,-1,176,184,170,-1,185,186,83,-1,83,186,187,-1,83,187,84,-1,37,188,35,-1,35,188,189,-1,35,189,190,-1,190,189,191,-1,190,191,24,-1,192,193,194,-1,194,193,195,-1,196,197,198,-1,198,197,199,-1,195,200,194,-1,194,200,201,-1,194,201,202,-1,202,201,203,-1,196,204,197,-1,197,204,205,-1,197,205,206,-1,206,207,197,-1,197,207,208,-1,197,208,194,-1,194,208,209,-1,194,209,192,-1,23,22,210,-1,22,211,210,-1,210,211,212,-1,210,212,213,-1,213,212,199,-1,214,215,216,-1,203,21,202,-1,202,21,23,-1,202,23,217,-1,217,23,218,-1,216,215,219,-1,216,220,214,-1,214,220,221,-1,214,221,222,-1,217,223,224,-1,224,223,225,-1,224,225,226,-1,218,23,227,-1,227,23,210,-1,227,210,228,-1,229,230,228,-1,228,230,231,-1,228,231,227,-1,232,233,234,-1,224,219,217,-1,217,219,215,-1,217,215,202,-1,202,215,235,-1,202,235,236,-1,236,235,237,-1,236,237,238,-1,238,237,239,-1,240,241,233,-1,233,241,242,-1,233,242,234,-1,243,244,245,-1,245,244,246,-1,245,246,239,-1,246,247,239,-1,239,247,248,-1,239,248,238,-1,238,248,249,-1,250,251,252,-1,253,254,255,-1,256,257,258,-1,259,260,251,-1,251,260,261,-1,251,261,252,-1,252,261,262,-1,252,262,263,-1,256,258,251,-1,251,258,264,-1,251,264,259,-1,255,254,265,-1,266,267,268,-1,269,270,271,-1,263,272,252,-1,252,272,273,-1,252,273,271,-1,271,273,274,-1,271,274,269,-1,270,275,271,-1,271,275,276,-1,271,276,277,-1,276,278,277,-1,277,278,279,-1,277,279,268,-1,280,281,282,-1,282,281,283,-1,282,283,284,-1,282,285,254,-1,254,285,286,-1,254,286,265,-1,284,287,282,-1,282,287,288,-1,282,288,285,-1,289,290,291,-1,291,290,292,-1,291,292,293,-1,291,294,289,-1,289,294,295,-1,289,295,296,-1,296,297,289,-1,289,297,298,-1,289,298,299,-1,299,298,300,-1,299,300,301,-1,301,300,302,-1,301,302,268,-1,268,302,303,-1,268,303,266,-1,304,305,293,-1,293,305,306,-1,293,306,291,-1,307,308,257,-1,257,308,309,-1,257,309,258,-1,307,310,308,-1,308,310,311,-1,308,311,312,-1,312,311,313,-1,312,314,315,-1,313,316,312,-1,312,316,317,-1,312,317,318,-1,318,319,312,-1,312,319,320,-1,312,320,314,-1,315,321,312,-1,312,321,322,-1,312,322,323,-1,324,325,18,-1,18,325,326,-1,327,328,329,-1,330,331,332,-1,332,331,333,-1,332,333,334,-1,333,335,334,-1,334,335,336,-1,334,336,337,-1,338,336,339,-1,339,336,335,-1,339,335,340,-1,340,335,333,-1,340,333,341,-1,341,333,342,-1,341,342,19,-1,343,344,345,-1,345,344,346,-1,345,346,347,-1,347,346,348,-1,347,348,349,-1,350,351,352,-1,352,353,350,-1,350,353,354,-1,350,354,355,-1,345,356,343,-1,343,356,357,-1,343,357,358,-1,359,360,361,-1,349,348,362,-1,362,348,363,-1,362,363,359,-1,344,352,346,-1,346,352,351,-1,346,351,364,-1,364,351,365,-1,364,365,361,-1,361,365,366,-1,361,366,359,-1,16,367,17,-1,17,367,368,-1,17,368,369,-1,369,368,370,-1,369,370,371,-1,15,372,373,-1,373,372,38,-1,373,38,374,-1,374,38,35,-1,374,35,371,-1,371,35,190,-1,371,190,369,-1,13,12,363,-1,363,12,375,-1,363,375,376,-1,377,378,379,-1,377,379,380,-1,359,363,360,-1,360,363,376,-1,360,376,381,-1,381,376,382,-1,381,382,379,-1,379,382,383,-1,379,383,380,-1,378,384,379,-1,379,384,385,-1,379,385,386,-1,386,387,379,-1,379,387,388,-1,379,388,389,-1,389,390,379,-1,379,390,391,-1,379,391,392,-1,392,391,393,-1,393,391,394,-1,394,391,395,-1,394,395,396,-1,396,397,394,-1,394,397,398,-1,394,398,399,-1,399,398,400,-1,401,402,14,-1,11,403,404,-1,404,405,11,-1,11,405,406,-1,11,406,9,-1,8,7,369,-1,17,407,11,-1,11,407,408,-1,11,408,403,-1,7,409,369,-1,369,409,410,-1,369,410,17,-1,17,410,411,-1,17,411,407,-1,412,413,8,-1,8,413,414,-1,414,415,8,-1,8,415,416,-1,8,416,6,-1,4,417,418,-1,418,417,419,-1,418,419,420,-1,381,421,360,-1,360,421,422,-1,360,422,5,-1,5,422,423,-1,5,423,3,-1,424,425,426,-1,426,425,87,-1,87,425,427,-1,87,427,85,-1,424,428,429,-1,429,428,430,-1,431,432,433,-1,433,432,424,-1,433,424,434,-1,434,424,429,-1,434,429,435,-1,435,429,436,-1,437,438,439,-1,439,438,430,-1,437,440,441,-1,441,440,26,-1,441,26,442,-1,427,443,85,-1,85,443,442,-1,85,442,83,-1,83,442,26,-1,83,26,185,-1,185,26,25,-1,234,244,232,-1,232,244,243,-1,232,243,444,-1,444,243,445,-1,267,446,268,-1,268,446,280,-1,268,280,277,-1,277,280,282,-1,277,282,447,-1,447,282,448,-1,249,449,238,-1,238,449,450,-1,238,450,451,-1,452,453,454,-1,451,455,238,-1,238,455,456,-1,238,456,282,-1,282,456,457,-1,282,457,448,-1,243,277,445,-1,445,277,447,-1,445,447,452,-1,452,447,458,-1,452,458,459,-1,459,460,452,-1,452,460,461,-1,452,461,453,-1,454,462,452,-1,452,462,463,-1,452,463,464,-1,465,466,467,-1,467,466,468,-1,469,470,471,-1,468,472,194,-1,194,472,473,-1,194,473,197,-1,197,473,474,-1,197,474,466,-1,474,475,466,-1,466,475,476,-1,466,476,468,-1,468,476,469,-1,468,469,472,-1,472,469,471,-1,199,197,213,-1,213,197,466,-1,213,466,477,-1,477,466,465,-1,477,465,478,-1,19,342,20,-1,20,342,479,-1,20,479,480,-1,480,479,481,-1,480,481,482,-1,18,20,324,-1,324,20,480,-1,324,480,483,-1,483,480,482,-1,483,482,484,-1,485,486,327,-1,487,488,489,-1,489,488,490,-1,486,491,327,-1,327,491,492,-1,327,492,493,-1,346,494,489,-1,489,494,495,-1,489,495,496,-1,493,497,327,-1,327,497,498,-1,327,498,364,-1,364,498,499,-1,364,499,346,-1,346,499,500,-1,346,500,494,-1,496,501,489,-1,489,501,502,-1,489,502,487,-1,326,325,329,-1,329,325,489,-1,329,489,327,-1,327,489,490,-1,327,490,485,-1,0,2,503,-1,503,2,504,-1,503,504,505,-1,505,504,506,-1,505,506,507,-1,507,506,508,-1,507,508,509,-1,509,508,510,-1,509,510,511,-1,511,510,512,-1,511,512,513,-1,513,512,514,-1,513,514,515,-1,4,418,5,-1,5,418,516,-1,5,516,360,-1,360,516,517,-1,360,517,361,-1,361,517,518,-1,361,518,364,-1,364,518,331,-1,364,331,327,-1,327,331,330,-1,327,330,328,-1,14,13,401,-1,401,13,363,-1,401,363,515,-1,515,363,348,-1,515,348,513,-1,513,348,346,-1,513,346,511,-1,511,346,489,-1,511,489,509,-1,509,489,325,-1,509,325,507,-1,507,325,324,-1,507,324,505,-1,505,324,483,-1,505,483,503,-1,503,483,484,-1,503,484,0,-1,519,520,521,-1,522,523,524,-1,524,523,253,-1,525,526,252,-1,252,526,527,-1,252,527,528,-1,522,529,530,-1,531,532,533,-1,533,532,534,-1,533,534,252,-1,252,534,535,-1,252,535,525,-1,520,536,521,-1,521,536,537,-1,521,537,538,-1,538,537,539,-1,540,541,539,-1,539,541,542,-1,539,542,538,-1,543,544,523,-1,523,544,545,-1,528,546,252,-1,252,546,547,-1,252,547,548,-1,530,549,522,-1,522,549,550,-1,522,550,523,-1,523,550,551,-1,523,551,552,-1,552,553,523,-1,523,553,554,-1,523,554,555,-1,555,556,523,-1,523,556,557,-1,523,557,543,-1,255,250,253,-1,253,250,252,-1,253,252,524,-1,524,252,548,-1,533,558,559,-1,560,561,539,-1,539,561,562,-1,539,562,563,-1,531,533,521,-1,521,533,559,-1,521,559,519,-1,563,564,539,-1,539,564,565,-1,539,565,540,-1,424,426,428,-1,428,426,523,-1,428,523,533,-1,533,523,545,-1,533,545,558,-1,430,428,439,-1,439,428,533,-1,439,533,566,-1,566,533,252,-1,566,252,567,-1,567,252,271,-1,567,271,568,-1,568,271,277,-1,568,277,569,-1,569,277,243,-1,569,243,229,-1,229,243,245,-1,229,245,230,-1,437,439,440,-1,440,439,566,-1,440,566,420,-1,420,566,567,-1,420,567,418,-1,418,567,568,-1,418,568,516,-1,516,568,569,-1,516,569,517,-1,517,569,229,-1,517,229,518,-1,518,229,228,-1,518,228,331,-1,331,228,210,-1,331,210,333,-1,333,210,213,-1,333,213,342,-1,342,213,477,-1,342,477,479,-1,479,477,478,-1,479,478,481,-1,15,17,372,-1,372,17,11,-1,372,11,570,-1,570,11,10,-1,570,10,401,-1,401,10,571,-1,401,571,402,-1,24,26,190,-1,190,26,440,-1,190,440,369,-1,369,440,420,-1,369,420,8,-1,8,420,419,-1,8,419,412,-1,514,572,515,-1,515,572,573,-1,515,573,401,-1,401,573,574,-1,401,574,570,-1,570,574,575,-1,570,575,372,-1,372,575,48,-1,372,48,38,-1,38,48,47,-1,38,47,39,-1,576,577,578,-1,579,580,581,-1,581,580,576,-1,581,576,582,-1,582,576,578,-1,582,578,583,-1,584,585,586,-1,586,585,587,-1,586,587,588,-1,589,590,591,-1,590,592,593,-1,590,593,591,-1,591,593,594,-1,591,594,595,-1,596,597,598,-1,598,597,599,-1,598,599,600,-1,600,599,589,-1,600,589,601,-1,601,589,591,-1,587,602,588,-1,588,602,603,-1,588,603,604,-1,604,603,605,-1,604,605,596,-1,596,605,606,-1,596,606,597,-1,607,576,580,-1,577,576,608,-1,608,576,607,-1,608,607,609,-1,609,607,610,-1,610,607,611,-1,611,607,612,-1,611,612,613,-1,580,614,607,-1,607,614,615,-1,607,615,616,-1,616,617,607,-1,607,617,618,-1,607,618,619,-1,613,620,611,-1,611,620,621,-1,611,621,622,-1,623,621,624,-1,624,621,625,-1,626,627,621,-1,621,627,628,-1,621,628,622,-1,623,629,621,-1,621,629,630,-1,621,630,626,-1,601,591,631,-1,632,633,634,-1,634,633,635,-1,635,636,634,-1,634,636,637,-1,634,637,638,-1,638,639,634,-1,634,639,640,-1,634,640,641,-1,641,642,634,-1,634,642,643,-1,634,643,644,-1,591,595,631,-1,631,595,632,-1,631,632,645,-1,645,632,634,-1,646,586,647,-1,647,586,588,-1,647,588,604,-1,648,598,631,-1,631,598,600,-1,631,600,601,-1,604,596,647,-1,647,596,598,-1,647,598,649,-1,649,598,648,-1,646,647,650,-1,650,647,651,-1,650,651,652,-1,652,651,653,-1,652,653,654,-1,
        ]
    }
}
Shape{
    appearance Appearance {
        material  Material 	{
            diffuseColor 0.2235294117647059 0.2235294117647059 0.2235294117647059
            specularColor 0.11372549019607843 0.11372549019607843 0.11372549019607843
            ambientIntensity 0.2
            transparency 0
            shininess 0.5
        }
    }
    geometry IndexedFaceSet {
        ccw TRUE
        solid FALSE
        coord DEF co Coordinate {
            point [
                -0.6682 0.4816 0.6146, -0.6524 0.4651 0.6958, -0.6508 0.4683 0.6962, -0.8036 0.7352 0.3304, -0.8095 0.7396 0.3264, -0.8178 0.7385 0.3257, -0.7367 0.6726 0.389, -0.7376 0.6743 0.3875, -0.7691 0.6932 0.3628, -0.7402 0.6792 0.3829, -0.7614 0.6959 0.3637, -0.7408 0.6813 0.3811, -0.7426 0.6873 0.376, -0.7321 0.6674 0.3948, -0.7779 0.6896 0.3615, -0.7316 0.6669 0.3955, -0.7227 0.6627 0.403, -0.7153 0.6563 0.4118, -0.7198 0.6625 0.4046, -0.7167 0.6623 0.4063, -0.7261 0.6636 0.4006, -0.7283 0.6648 0.3986, -0.7231 0.6517 0.4107, -0.7298 0.6657 0.3972, -0.7309 0.6663 0.3962, -0.704 0.6649 0.4103, -0.7055 0.6645 0.4101, -0.7085 0.6601 0.4124, -0.7082 0.6638 0.4093, -0.7128 0.6628 0.4079, -0.7138 0.6626 0.4076, -0.7543 0.698 0.3645, -0.6538 0.6374 0.4694, -0.6979 0.6615 0.4173, -0.7019 0.6636 0.4125, -0.6112 0.62 0.5335, -0.651 0.6362 0.4736, -0.6604 0.6322 0.4703, -0.5751 0.6118 0.6032, -0.6094 0.6196 0.5369, -0.6184 0.6129 0.536, -0.5465 0.6131 0.6768, -0.5741 0.6118 0.6056, -0.5837 0.6028 0.6077, -0.5261 0.6238 0.7523, -0.5462 0.6133 0.678, -0.5571 0.602 0.6835, -0.8867 0.7847 0.2992, -0.8761 0.7861 0.2992, -0.8661 0.7874 0.2992, -0.8967 0.7834 0.2992, -0.837 0.7337 0.324, -0.8268 0.7367 0.3249, -0.8989 0.7825 0.2992, -0.9028 0.7808 0.2992, -0.8405 0.7325 0.3237, -0.9178 0.7747 0.2992, -0.8533 0.7267 0.3227, -0.9252 0.7716 0.2992, -0.8672 0.7178 0.3217, -0.9337 0.7651 0.2992, -0.9497 0.7528 0.2992, -0.8814 0.7053 0.321, -0.9503 0.752 0.2992, -0.9642 0.7338 0.2992, -0.8941 0.6893 0.3207, -0.9684 0.7283 0.2992, -0.9038 0.671 0.3209, -0.9746 0.7134 0.2992, -0.9802 0.6999 0.2992, -0.9098 0.6525 0.3216, -0.9812 0.6927 0.2992, -0.9838 0.6729 0.2992, -0.9123 0.6351 0.3226, -0.9843 0.6693 0.2992, -0.9125 0.6319 0.3228, -0.8456 0.5984 0.3594, -0.8425 0.6139 0.3579, -0.8366 0.6306 0.3568, -0.8276 0.6471 0.3565, -0.8163 0.6618 0.357, -0.8039 0.6736 0.3581, -0.7918 0.6822 0.3596, -0.7808 0.6882 0.3611, -0.7436 0.6906 0.3733, -0.846 0.5956 0.3597, -0.7861 0.5641 0.4086, -0.7822 0.5783 0.4071, -0.776 0.5937 0.4059, -0.7674 0.609 0.4056, -0.7571 0.6229 0.4061, -0.7461 0.6344 0.4073, -0.7354 0.6433 0.4089, -0.7257 0.65 0.4103, -0.7867 0.5615 0.409, -0.7355 0.5331 0.4689, -0.7306 0.5468 0.4676, -0.7239 0.5614 0.4666, -0.7154 0.576 0.4663, -0.7057 0.5897 0.4668, -0.6955 0.6014 0.4678, -0.6858 0.6111 0.469, -0.6768 0.6189 0.47, -0.6744 0.621 0.4702, -0.667 0.627 0.4706, -0.7363 0.5305 0.4691, -0.6954 0.5063 0.5382, -0.6893 0.5201 0.5377, -0.6819 0.5347 0.5371, -0.6732 0.5494 0.5369, -0.6636 0.5633 0.5372, -0.6538 0.5757 0.5378, -0.6443 0.5865 0.5383, -0.6355 0.5959 0.5384, -0.633 0.5984 0.5383, -0.6255 0.606 0.5375, -0.6965 0.5036 0.5383, -0.6669 0.4845 0.6148, -0.6595 0.4993 0.6152, -0.6512 0.5145 0.6152, -0.642 0.5298 0.6152, -0.6321 0.5444 0.6152, -0.6221 0.558 0.6151, -0.6123 0.5703 0.6147, -0.6029 0.5815 0.6135, -0.6002 0.5845 0.613, -0.5918 0.594 0.6108, -0.6422 0.4848 0.6977, -0.6329 0.5014 0.6985, -0.6228 0.5178 0.6987, -0.6123 0.5338 0.6984, -0.6015 0.5489 0.6975, -0.5907 0.563 0.6959, -0.58 0.5761 0.6933, -0.5769 0.5798 0.6923, -0.567 0.5913 0.6885, -0.5394 0.6107 0.7614, -0.5516 0.5979 0.7683, -0.5637 0.5844 0.7739, -0.5675 0.58 0.7754, -0.5801 0.5648 0.7796, -0.5925 0.5486 0.7825, -0.6046 0.5316 0.7842, -0.6163 0.5139 0.7848, -0.6274 0.4957 0.7844, -0.6379 0.4772 0.7829, -0.6476 0.4583 0.7801, -0.6495 0.4545 0.7793, -0.7234 0.7776 0.3071, -0.725 0.781 0.3043, -0.7373 0.7874 0.2992, -0.7277 0.7853 0.3009, -0.729 0.7874 0.2992, -0.7717 0.7874 0.2992, -0.7309 0.7521 0.3272, -0.7308 0.7522 0.3272, -0.7283 0.7568 0.3236, -0.7241 0.7645 0.3177, -0.7232 0.7663 0.3163, -0.7223 0.7713 0.3123, -0.7223 0.7713 0.3123, -0.7225 0.7742 0.3099, -0.7334 0.748 0.3302, -0.8046 0.7874 0.2992, -0.7361 0.7422 0.3344, -0.75 0.7407 0.3337, -0.7395 0.735 0.3396, -0.74 0.7341 0.3403, -0.7442 0.7125 0.3562, -0.7437 0.719 0.3514, -0.7774 0.7376 0.332, -0.7436 0.7203 0.3504, -0.7402 0.7331 0.341, -0.7447 0.7025 0.3638, -0.7449 0.7045 0.3622, -0.836 0.7874 0.2992, -0.5306 0.6279 0.669, -0.5587 0.6253 0.6003, -0.5932 0.6314 0.5348, -0.6561 0.6774 0.4202, -0.6777 0.669 0.4191, -0.6331 0.6461 0.4739, -0.6485 0.7184 0.3751, -0.6475 0.7186 0.3751, -0.6482 0.7192 0.3742, -0.5706 0.7068 0.4223, -0.5741 0.7091 0.4167, -0.5816 0.7053 0.417, -0.6475 0.7215 0.3717, -0.6481 0.741 0.3493, -0.618 0.7256 0.3746, -0.6511 0.748 0.341, -0.6513 0.7484 0.3406, -0.6477 0.739 0.3517, -0.6466 0.7324 0.3594, -0.6469 0.7282 0.3641, -0.6349 0.7549 0.3371, -0.6516 0.7488 0.3401, -0.6231 0.7445 0.3497, -0.6038 0.7298 0.3746, -0.6653 0.7817 0.3048, -0.666 0.7788 0.3076, -0.6361 0.7559 0.3359, -0.6665 0.7771 0.3093, -0.6662 0.7725 0.3139, -0.6646 0.7682 0.3184, -0.6633 0.766 0.3206, -0.6621 0.764 0.3227, -0.6592 0.7599 0.3275, -0.6578 0.7577 0.3299, -0.6538 0.7519 0.3366, -0.5887 0.7182 0.3941, -0.6023 0.7286 0.3766, -0.5391 0.6893 0.4754, -0.5414 0.6904 0.4711, -0.547 0.6909 0.4631, -0.5457 0.6923 0.463, -0.5519 0.6951 0.4512, -0.4949 0.6748 0.5695, -0.5148 0.6792 0.5232, -0.5365 0.6696 0.5201, -0.5187 0.6801 0.514, -0.4898 0.6736 0.5813, -0.4913 0.674 0.5778, -0.5053 0.6668 0.5752, -0.4738 0.6753 0.6287, -0.4664 0.6761 0.6506, -0.472 0.6755 0.6339, -0.4779 0.6709 0.6322, -0.4739 0.6682 0.7083, -0.4556 0.6815 0.6909, -0.4578 0.6804 0.6826, -0.6885 0.6723 0.4105, -0.6938 0.6693 0.411, -0.6959 0.6684 0.4109, -0.6618 0.695 0.3975, -0.6707 0.6858 0.4041, -0.6715 0.685 0.4047, -0.6719 0.6847 0.4049, -0.6861 0.6739 0.4099, -0.6836 0.6757 0.4092, -0.677 0.6803 0.4074, -0.6558 0.7029 0.3907, -0.6576 0.7006 0.3927, -0.633 0.6864 0.4202, -0.6615 0.6953 0.3972, -0.6081 0.6957 0.4192, -0.6489 0.7172 0.3764, -0.6498 0.7141 0.3797, -0.6542 0.706 0.3876, -0.5188 0.6801 0.5138, -0.5709 0.6793 0.4678, -0.5569 0.6566 0.5264, -0.5245 0.6529 0.5851, -0.5423 0.639 0.5935, -0.4966 0.6568 0.6461, -0.5142 0.6424 0.6584, -0.614 0.6567 0.4732, -0.5933 0.6678 0.4711, -0.5758 0.6438 0.5313, -0.4921 0.6539 0.7246, -0.5094 0.6391 0.7393, -0.557 0.7091 0.4234, -0.5306 0.6927 0.4725, -0.6631 0.7857 0.3011, -0.6175 0.7577 0.3359, -0.662 0.7878 0.2992, -0.4667 0.6776 0.6348, -0.4813 0.6788 0.5797, -0.5862 0.7309 0.3775, -0.6421 0.7917 0.2992, -0.6471 0.7899 0.2992, -0.6508 0.7894 0.2992, -0.5709 0.7361 0.3784, -0.5999 0.7631 0.3364, -0.5014 0.71 0.4735, -0.5091 0.7174 0.4522, -0.5204 0.6971 0.4735, -0.5443 0.714 0.4244, -0.5564 0.7436 0.3787, -0.5431 0.7536 0.3787, -0.5833 0.7712 0.3366, -0.5567 0.769 0.3544, -0.5954 0.815 0.2992, -0.6127 0.8038 0.2992, -0.5752 0.7907 0.3259, -0.5682 0.7824 0.3368, -0.5207 0.7293 0.4245, -0.5235 0.7322 0.4178, -0.5394 0.7495 0.3851, -0.4717 0.6857 0.5796, -0.4741 0.6871 0.5675, -0.4993 0.6854 0.5256, -0.4598 0.6806 0.6496, -0.462 0.6812 0.6347, -0.466 0.6824 0.6082, -0.6158 0.8018 0.2992, -0.6196 0.7994 0.2992, -0.6312 0.7954 0.2992, -0.484 0.6945 0.5278, -0.4848 0.6951 0.5254, -0.4953 0.7042 0.4906, -0.4953 0.7042 0.4906
            ]
        }
        coordIndex [
            0,1,2,-1,3,4,5,-1,6,7,8,-1,8,7,9,-1,8,9,10,-1,10,9,11,-1,10,11,12,-1,6,8,13,-1,13,8,14,-1,13,14,15,-1,16,17,18,-1,18,17,19,-1,16,20,17,-1,17,20,21,-1,17,21,22,-1,22,21,23,-1,22,23,24,-1,25,26,27,-1,26,28,27,-1,27,28,29,-1,27,29,17,-1,17,29,30,-1,17,30,19,-1,3,5,31,-1,32,33,27,-1,27,33,34,-1,27,34,25,-1,35,36,37,-1,38,39,40,-1,41,42,43,-1,44,45,46,-1,47,5,48,-1,48,5,4,-1,48,4,49,-1,50,51,47,-1,47,51,52,-1,47,52,5,-1,50,53,51,-1,51,53,54,-1,51,54,55,-1,55,54,56,-1,55,56,57,-1,57,56,58,-1,57,58,59,-1,58,60,59,-1,59,60,61,-1,59,61,62,-1,61,63,62,-1,62,63,64,-1,62,64,65,-1,65,64,66,-1,65,66,67,-1,66,68,67,-1,67,68,69,-1,67,69,70,-1,69,71,70,-1,70,71,72,-1,70,72,73,-1,73,72,74,-1,74,75,73,-1,73,75,76,-1,73,76,70,-1,70,76,77,-1,70,77,67,-1,67,77,78,-1,67,78,65,-1,65,78,79,-1,65,79,62,-1,62,79,80,-1,62,80,59,-1,59,80,81,-1,59,81,57,-1,57,81,82,-1,57,82,55,-1,55,82,83,-1,55,83,51,-1,51,83,14,-1,51,14,52,-1,52,14,8,-1,52,8,5,-1,5,8,10,-1,5,10,31,-1,31,10,12,-1,31,12,84,-1,75,85,76,-1,76,85,86,-1,76,86,77,-1,77,86,87,-1,77,87,78,-1,78,87,88,-1,78,88,79,-1,79,88,89,-1,79,89,80,-1,80,89,90,-1,80,90,81,-1,81,90,91,-1,81,91,82,-1,82,91,92,-1,82,92,83,-1,83,92,93,-1,83,93,14,-1,14,93,22,-1,14,22,15,-1,15,22,24,-1,85,94,86,-1,86,94,95,-1,86,95,87,-1,87,95,96,-1,87,96,88,-1,88,96,97,-1,88,97,89,-1,89,97,98,-1,89,98,90,-1,90,98,99,-1,90,99,91,-1,91,99,100,-1,91,100,92,-1,92,100,101,-1,92,101,93,-1,93,101,102,-1,93,102,22,-1,22,102,103,-1,22,103,17,-1,17,103,104,-1,17,104,27,-1,27,104,37,-1,27,37,32,-1,32,37,36,-1,94,105,95,-1,95,105,106,-1,95,106,96,-1,96,106,107,-1,96,107,97,-1,97,107,108,-1,97,108,98,-1,98,108,109,-1,98,109,99,-1,99,109,110,-1,99,110,100,-1,100,110,111,-1,100,111,101,-1,101,111,112,-1,101,112,102,-1,102,112,113,-1,102,113,103,-1,103,113,114,-1,103,114,104,-1,104,114,115,-1,104,115,37,-1,37,115,40,-1,37,40,35,-1,35,40,39,-1,105,116,106,-1,106,116,117,-1,106,117,107,-1,107,117,118,-1,107,118,108,-1,108,118,119,-1,108,119,109,-1,109,119,120,-1,109,120,110,-1,110,120,121,-1,110,121,111,-1,111,121,122,-1,111,122,112,-1,112,122,123,-1,112,123,113,-1,113,123,124,-1,113,124,114,-1,114,124,125,-1,114,125,115,-1,115,125,126,-1,115,126,40,-1,40,126,43,-1,40,43,38,-1,38,43,42,-1,116,0,117,-1,117,0,2,-1,117,2,118,-1,118,2,127,-1,118,127,119,-1,119,127,128,-1,119,128,120,-1,120,128,129,-1,120,129,121,-1,121,129,130,-1,121,130,122,-1,122,130,131,-1,122,131,123,-1,123,131,132,-1,123,132,124,-1,124,132,133,-1,124,133,125,-1,125,133,134,-1,125,134,126,-1,126,134,135,-1,126,135,43,-1,43,135,46,-1,43,46,41,-1,41,46,45,-1,44,46,136,-1,136,46,135,-1,136,135,137,-1,137,135,134,-1,137,134,138,-1,138,134,133,-1,138,133,139,-1,139,133,132,-1,139,132,140,-1,140,132,131,-1,140,131,141,-1,141,131,130,-1,141,130,142,-1,142,130,129,-1,142,129,143,-1,143,129,128,-1,143,128,144,-1,144,128,127,-1,144,127,145,-1,145,127,2,-1,145,2,146,-1,146,2,1,-1,146,1,147,-1,148,149,150,-1,150,149,151,-1,150,151,152,-1,153,154,155,-1,155,156,153,-1,153,156,157,-1,153,157,158,-1,158,159,153,-1,153,159,160,-1,153,160,150,-1,150,160,161,-1,150,161,148,-1,154,153,162,-1,162,153,163,-1,162,163,164,-1,164,165,166,-1,166,165,167,-1,168,169,170,-1,170,169,171,-1,170,171,165,-1,165,171,172,-1,165,172,167,-1,31,84,173,-1,173,174,31,-1,31,174,168,-1,31,168,3,-1,3,168,170,-1,3,170,4,-1,164,163,165,-1,165,163,175,-1,165,175,170,-1,170,175,49,-1,170,49,4,-1,41,45,176,-1,38,42,177,-1,35,39,178,-1,179,180,181,-1,182,183,184,-1,185,186,187,-1,184,183,188,-1,189,190,191,-1,191,190,192,-1,189,193,190,-1,190,193,194,-1,190,194,195,-1,196,197,198,-1,198,197,192,-1,198,192,199,-1,199,192,190,-1,200,201,202,-1,202,201,203,-1,202,203,204,-1,204,205,202,-1,202,205,206,-1,202,206,207,-1,207,208,202,-1,202,208,209,-1,202,209,196,-1,196,209,210,-1,196,210,197,-1,186,211,190,-1,190,211,212,-1,190,212,199,-1,213,214,215,-1,215,214,216,-1,215,216,217,-1,218,219,220,-1,220,219,221,-1,222,223,224,-1,222,224,225,-1,226,227,228,-1,229,230,231,-1,232,233,33,-1,33,233,34,-1,34,233,234,-1,34,234,25,-1,235,236,179,-1,179,236,237,-1,179,237,238,-1,239,180,240,-1,240,180,179,-1,240,179,241,-1,241,179,238,-1,242,243,244,-1,244,243,245,-1,195,188,190,-1,190,188,183,-1,190,183,246,-1,246,183,182,-1,182,247,246,-1,246,247,248,-1,246,248,249,-1,250,213,251,-1,251,213,215,-1,251,215,187,-1,187,215,217,-1,187,217,185,-1,221,250,220,-1,220,250,251,-1,220,251,252,-1,223,218,224,-1,224,218,220,-1,224,220,253,-1,253,220,252,-1,253,252,254,-1,227,225,228,-1,228,225,224,-1,228,224,255,-1,255,224,253,-1,255,253,256,-1,256,253,254,-1,256,254,176,-1,239,232,180,-1,180,232,33,-1,180,33,181,-1,181,33,32,-1,181,32,36,-1,245,235,244,-1,244,235,179,-1,244,179,257,-1,257,179,181,-1,257,181,178,-1,178,181,36,-1,178,36,35,-1,249,242,246,-1,246,242,244,-1,246,244,258,-1,258,244,257,-1,258,257,259,-1,259,257,178,-1,259,178,177,-1,177,178,39,-1,177,39,38,-1,186,190,187,-1,187,190,246,-1,187,246,251,-1,251,246,258,-1,251,258,252,-1,252,258,259,-1,252,259,254,-1,254,259,177,-1,254,177,176,-1,176,177,42,-1,176,42,41,-1,226,228,231,-1,231,228,255,-1,231,255,229,-1,229,255,256,-1,229,256,260,-1,260,256,176,-1,260,176,261,-1,261,176,45,-1,261,45,44,-1,186,185,262,-1,216,214,263,-1,200,202,264,-1,264,202,265,-1,264,265,266,-1,227,226,267,-1,267,226,231,-1,267,231,230,-1,218,223,268,-1,268,223,222,-1,268,222,267,-1,267,222,225,-1,267,225,227,-1,216,263,217,-1,202,196,265,-1,265,196,198,-1,265,198,269,-1,198,199,269,-1,269,199,212,-1,269,212,211,-1,270,271,265,-1,265,271,272,-1,265,272,266,-1,269,273,265,-1,265,273,274,-1,265,274,270,-1,275,276,277,-1,277,276,278,-1,277,278,262,-1,279,280,281,-1,281,280,282,-1,283,284,285,-1,285,284,281,-1,285,281,286,-1,286,281,282,-1,276,287,278,-1,278,287,288,-1,278,288,279,-1,279,288,289,-1,279,289,280,-1,268,290,291,-1,291,292,268,-1,268,292,219,-1,268,219,218,-1,230,293,267,-1,267,293,294,-1,267,294,268,-1,268,294,295,-1,268,295,290,-1,185,217,262,-1,262,217,263,-1,262,263,277,-1,277,263,292,-1,214,213,263,-1,263,213,250,-1,263,250,292,-1,292,250,221,-1,292,221,219,-1,296,297,274,-1,274,297,298,-1,274,298,270,-1,284,296,281,-1,281,296,274,-1,281,274,279,-1,279,274,273,-1,279,273,278,-1,278,273,269,-1,278,269,262,-1,262,269,211,-1,262,211,186,-1,291,299,292,-1,292,299,300,-1,292,300,277,-1,277,300,301,-1,277,301,275,-1,
        ]
    }
}
Shape{
    appearance Appearance {
        material  Material 	{
            diffuseColor 0.8509803921568627 0.8509803921568627 0.8509803921568627
            specularColor 0.4235294117647059 0.4235294117647059 0.4235294117647059
            ambientIntensity 0.2
            transparency 0
            shininess 0.5
        }
    }
    geometry IndexedFaceSet {
        ccw TRUE
        solid FALSE
        coord DEF co Coordinate {
            point [
                -0.6505 0.7874 0.1404, -0.6508 0.7874 0.1411, -0.6432 0.7874 0.1338, -0.8661 0.7874 0.0627, -0.8656 0.7874 0.0627, -0.8661 0.7874 0.0394, -0.8453 0.7874 0.0647, -0.6024 0.7874 0.0394, -0.8259 0.7874 0.0709, -0.808 0.7874 0.0807, -0.7448 0.7874 0.1135, -0.7443 0.7874 0.1079, -0.7926 0.7874 0.094, -0.741 0.7874 0.095, -0.7375 0.7874 0.0876, -0.7303 0.7874 0.078, -0.7296 0.7874 0.0773, -0.7438 0.7874 0.1291, -0.7632 0.7874 0.125, -0.7408 0.7874 0.1401, -0.7504 0.7874 0.1363, -0.74 0.7874 0.143, -0.7252 0.7874 0.0733, -0.7195 0.7874 0.0697, -0.7156 0.7874 0.0673, -0.7423 0.7874 0.1, -0.7438 0.7874 0.1281, -0.7449 0.7874 0.1152, -0.7449 0.7874 0.1147, -0.6958 0.7874 0.063, -0.6944 0.7874 0.0629, -0.6834 0.7874 0.0646, -0.6789 0.7874 0.066, -0.7103 0.7874 0.0653, -0.7081 0.7874 0.0648, -0.6994 0.7874 0.0631, -0.6721 0.7874 0.0696, -0.6689 0.7874 0.0713, -0.6653 0.7874 0.074, -0.6076 0.7874 0.0503, -0.6572 0.7874 0.0827, -0.6129 0.7874 0.0667, -0.6548 0.7874 0.0862, -0.6542 0.7874 0.0874, -0.6622 0.7874 0.0774, -0.6034 0.7874 0.0413, -0.6494 0.7874 0.0979, -0.6489 0.7874 0.0996, -0.625 0.7874 0.1039, -0.6482 0.7874 0.1018, -0.6251 0.7874 0.1043, -0.6264 0.7874 0.1073, -0.6465 0.7874 0.1156, -0.6323 0.7874 0.1189, -0.6465 0.7874 0.1152, -0.6468 0.7874 0.1134, -0.6466 0.7874 0.1199, -0.6479 0.7874 0.128, -0.649 0.7874 0.1353, -0.74 0.7873 0.143, -0.7503 0.7795 0.1361, -0.7386 0.7846 0.1437, -0.7488 0.7795 0.1375, -0.7361 0.7795 0.145, -0.7632 0.7795 0.125, -0.6264 0.7868 0.1073, -0.6313 0.7853 0.1164, -0.6326 0.7849 0.1188, -0.6433 0.7821 0.1337, -0.6387 0.7832 0.128, -0.6351 0.7841 0.1234, -0.6476 0.7814 0.138, -0.6514 0.7861 0.1417, -0.6542 0.7804 0.1438, -0.6544 0.7804 0.144, -0.6446 0.7818 0.1354, -0.6512 0.7865 0.1415, -0.6512 0.7865 0.1415
            ]
        }
        coordIndex [
            0,1,2,-1,3,4,5,-1,5,4,6,-1,5,6,7,-1,7,6,8,-1,7,8,9,-1,10,11,12,-1,13,14,9,-1,9,14,15,-1,9,15,16,-1,17,18,19,-1,19,18,20,-1,19,20,21,-1,16,22,9,-1,9,22,23,-1,9,23,24,-1,12,11,9,-1,9,11,25,-1,9,25,13,-1,17,26,18,-1,18,26,27,-1,18,27,12,-1,12,27,28,-1,12,28,10,-1,29,30,7,-1,7,30,31,-1,7,31,32,-1,24,33,9,-1,9,33,34,-1,9,34,7,-1,7,34,35,-1,7,35,29,-1,32,36,7,-1,7,36,37,-1,7,37,38,-1,39,40,41,-1,41,40,42,-1,41,42,43,-1,38,44,7,-1,7,44,40,-1,7,40,45,-1,45,40,39,-1,43,46,41,-1,41,46,47,-1,41,47,48,-1,48,47,49,-1,48,49,50,-1,50,49,51,-1,52,53,54,-1,54,53,51,-1,54,51,55,-1,55,51,49,-1,52,56,53,-1,53,56,57,-1,53,57,2,-1,2,57,58,-1,2,58,0,-1,59,21,20,-1,59,60,61,-1,61,60,62,-1,61,62,63,-1,59,20,60,-1,60,20,18,-1,60,18,64,-1,65,51,66,-1,66,51,53,-1,66,53,67,-1,2,68,69,-1,2,69,53,-1,53,69,70,-1,53,70,67,-1,71,72,73,-1,73,72,74,-1,68,2,75,-1,75,2,1,-1,75,1,71,-1,71,1,76,-1,71,76,72,-1,
        ]
    }
}
Shape{
    appearance Appearance {
        material  Material 	{
            diffuseColor 0.4392156862745098 0.4392156862745098 0.4392156862745098
            specularColor 0.2196078431372549 0.2196078431372549 0.2196078431372549
            ambientIntensity 0.2
            transparency 0
            shininess 0.5
        }
    }
    geometry IndexedFaceSet {
        ccw TRUE
        solid FALSE
        coord DEF co Coordinate {
            point [
                0.736 0.7814 0.1471, 0.7356 0.7874 0.154, 0.7533 0.7874 0.1439, 0.7361 0.7795 0.145, 0.7488 0.7795 0.1375, 0.7503 0.7795 0.1361, 0.7689 0.7874 0.1304, 0.7632 0.7795 0.125, 0.6349 0.7933 0.1358, 0.6386 0.7832 0.1281, 0.6384 0.7832 0.1278, 0.6312 0.7944 0.1315, 0.6345 0.7842 0.1225, 0.6216 0.7984 0.1156, 0.6264 0.7868 0.1073, 0.6193 0.7995 0.1106, 0.6251 0.7874 0.1043, 0.625 0.7874 0.1039, 0.6419 0.7911 0.1437, 0.6478 0.7814 0.138, 0.6409 0.7826 0.1312, 0.6544 0.7804 0.144, 0.6521 0.7806 0.1422, 0.6549 0.782 0.1462, 0.6446 0.7906 0.1459, 0.6549 0.7821 0.1464, 0.6551 0.7885 0.1539, 0.6424 0.791 0.1442, 0.6508 0.7809 0.1409, 0.8661 0.7874 0.2992, 0.7329 0.7874 0.1603, 0.7373 0.7874 0.2992, 0.7349 0.7874 0.1556, 0.7717 0.7874 0.2992, 0.8046 0.7874 0.2992, 0.8661 0.7874 0.0706, 0.8656 0.7874 0.0706, 0.8469 0.7874 0.0725, 0.829 0.7874 0.0781, 0.836 0.7874 0.2992, 0.8125 0.7874 0.0872, 0.7983 0.7874 0.0995, 0.7301 0.7874 0.1665, 0.7276 0.7874 0.1724, 0.7264 0.7874 0.1762, 0.7252 0.7874 0.2831, 0.7254 0.7874 0.2864, 0.7262 0.7874 0.1769, 0.7252 0.7874 0.1847, 0.7257 0.7874 0.2885, 0.7269 0.7874 0.2922, 0.729 0.7874 0.2992, 0.642 0.7919 0.2992, 0.5997 0.8116 0.0654, 0.5954 0.815 0.0576, 0.5954 0.815 0.2992, 0.6029 0.8092 0.0728, 0.607 0.8064 0.2992, 0.6157 0.8016 0.1024, 0.6335 0.7937 0.2992, 0.631 0.7948 0.2992, 0.6159 0.8021 0.2992, 0.6125 0.8038 0.2992, 0.6509 0.7901 0.2992, 0.662 0.7878 0.2992, 0.6646 0.7876 0.2922, 0.6649 0.7876 0.2913, 0.6657 0.7875 0.2873, 0.666 0.7875 0.2831, 0.666 0.7875 0.1847, 0.6652 0.7876 0.1778, 0.6647 0.7876 0.1762, 0.6631 0.7877 0.1711, 0.661 0.7879 0.1665, 0.6582 0.7882 0.1605, 0.657 0.7883 0.1579, 0.6557 0.7884 0.155, 0.6557 0.7884 0.155
            ]
        }
        coordIndex [
            0,1,2,-1,3,0,4,-1,4,0,2,-1,4,2,5,-1,5,2,6,-1,5,6,7,-1,8,9,10,-1,8,10,11,-1,11,10,12,-1,11,12,13,-1,13,12,14,-1,13,14,15,-1,15,14,16,-1,15,16,17,-1,18,19,8,-1,8,19,20,-1,8,20,9,-1,21,22,23,-1,23,22,24,-1,23,24,25,-1,25,24,26,-1,18,27,19,-1,19,27,24,-1,19,24,28,-1,28,24,22,-1,6,2,29,-1,30,31,32,-1,32,31,33,-1,32,33,34,-1,35,36,29,-1,29,36,37,-1,29,37,38,-1,2,1,29,-1,29,1,32,-1,29,32,39,-1,39,32,34,-1,38,40,29,-1,29,40,41,-1,29,41,6,-1,30,42,31,-1,31,42,43,-1,31,43,44,-1,31,45,46,-1,44,47,31,-1,31,47,48,-1,31,48,45,-1,46,49,31,-1,31,49,50,-1,31,50,51,-1,27,18,52,-1,53,54,55,-1,53,55,56,-1,56,55,57,-1,56,57,58,-1,52,18,59,-1,59,18,8,-1,59,8,60,-1,60,8,61,-1,61,8,11,-1,61,11,13,-1,57,62,58,-1,58,62,61,-1,58,61,15,-1,15,61,13,-1,63,26,52,-1,52,26,24,-1,52,24,27,-1,63,64,65,-1,65,66,63,-1,63,66,67,-1,63,67,68,-1,68,69,63,-1,63,69,70,-1,63,70,71,-1,71,72,63,-1,63,72,73,-1,63,73,74,-1,74,75,63,-1,63,75,76,-1,63,76,26,-1,
        ]
    }
}
Shape{
    appearance Appearance {
        material  Material 	{
            diffuseColor 0.2235294117647059 0.2235294117647059 0.2235294117647059
            specularColor 0.11372549019607843 0.11372549019607843 0.11372549019607843
            ambientIntensity 0.2
            transparency 0
            shininess 0.5
        }
    }
    geometry IndexedFaceSet {
        ccw TRUE
        solid FALSE
        coord DEF co Coordinate {
            point [
                0.5383 0.6884 0.4758, 0.5411 0.6897 0.4707, 0.5204 0.6971 0.4735, 0.6335 0.7937 0.2992, 0.631 0.7948 0.2992, 0.5999 0.7631 0.3364, 0.5105 0.7028 0.4738, 0.5015 0.7101 0.4736, 0.485 0.6954 0.5256, 0.5303 0.7395 0.4033, 0.5211 0.73 0.425, 0.532 0.7207 0.4247, 0.4616 0.6808 0.6367, 0.4556 0.6815 0.6909, 0.4667 0.6776 0.6348, 0.6406 0.7592 0.3299, 0.6653 0.7817 0.3048, 0.6175 0.7577 0.3359, 0.6631 0.7857 0.3011, 0.4813 0.6788 0.5797, 0.4993 0.6854 0.5256, 0.4829 0.6935 0.5322, 0.4747 0.6874 0.5652, 0.472 0.6861 0.5797, 0.4619 0.681 0.6347, 0.5041 0.7125 0.4652, 0.5454 0.6918 0.4628, 0.5481 0.6931 0.4579, 0.5443 0.714 0.4244, 0.5697 0.7055 0.4223, 0.6162 0.7388 0.3581, 0.6037 0.7294 0.3743, 0.5862 0.7309 0.3775, 0.6347 0.7543 0.3366, 0.6359 0.7554 0.3352, 0.5738 0.7083 0.4163, 0.5925 0.7208 0.389, 0.6022 0.7282 0.3763, 0.4577 0.6802 0.6825, 0.459 0.6794 0.6773, 0.4699 0.6751 0.6387, 0.4914 0.6741 0.5778, 0.4946 0.6743 0.5693, 0.4964 0.6744 0.5645, 0.512 0.6779 0.5284, 0.4716 0.6748 0.6338, 0.4733 0.6746 0.6286, 0.4821 0.6734 0.6022, 0.6159 0.8021 0.2992, 0.6125 0.8038 0.2992, 0.5833 0.7712 0.3366, 0.607 0.8064 0.2992, 0.5435 0.7543 0.3793, 0.5564 0.7436 0.3787, 0.561 0.7739 0.3475, 0.5683 0.7827 0.3372, 0.5954 0.815 0.2992, 0.5709 0.7361 0.3784, 0.642 0.7919 0.2992, 0.6509 0.7901 0.2992, 0.662 0.7878 0.2992, 0.5702 0.7059 0.4216, 0.5146 0.6789 0.5231, 0.519 0.6805 0.514, 0.5313 0.685 0.4888, 0.654 0.6377 0.4696, 0.6978 0.6611 0.4169, 0.6777 0.669 0.4191, 0.6113 0.6202 0.5336, 0.6508 0.636 0.4734, 0.6331 0.6461 0.4739, 0.5752 0.6119 0.6033, 0.6092 0.6193 0.5368, 0.5932 0.6314 0.5348, 0.5466 0.6131 0.6768, 0.574 0.6117 0.6056, 0.5587 0.6253 0.6003, 0.666 0.7788 0.3076, 0.547 0.6909 0.4631, 0.4739 0.6682 0.7083, 0.4966 0.6568 0.6461, 0.4779 0.6709 0.6322, 0.5365 0.6696 0.5201, 0.5053 0.6668 0.5752, 0.5709 0.6793 0.4678, 0.5816 0.7053 0.417, 0.618 0.7256 0.3746, 0.6514 0.7485 0.3405, 0.6538 0.7519 0.3366, 0.6575 0.7574 0.3304, 0.6518 0.749 0.3399, 0.6596 0.7605 0.3269, 0.6634 0.766 0.3207, 0.6637 0.7664 0.3202, 0.6663 0.7731 0.3133, 0.6665 0.7771 0.3093, 0.6465 0.7322 0.3597, 0.6473 0.738 0.3528, 0.6469 0.7282 0.3641, 0.6489 0.7172 0.3764, 0.6485 0.7184 0.3751, 0.6475 0.7186 0.3751, 0.6482 0.7192 0.3743, 0.6476 0.7211 0.3722, 0.6477 0.739 0.3517, 0.6511 0.748 0.341, 0.6542 0.706 0.3877, 0.6498 0.7141 0.3796, 0.6081 0.6957 0.4192, 0.6561 0.6774 0.4202, 0.6707 0.6859 0.4041, 0.633 0.6864 0.4202, 0.6621 0.6946 0.3978, 0.6618 0.695 0.3975, 0.6576 0.7006 0.3927, 0.6558 0.703 0.3906, 0.6932 0.6696 0.411, 0.6862 0.674 0.4098, 0.6835 0.6756 0.4094, 0.6822 0.6764 0.4092, 0.6719 0.6847 0.4049, 0.6717 0.6848 0.4048, 0.6959 0.6683 0.411, 0.6969 0.6678 0.411, 0.7019 0.6637 0.4126, 0.704 0.6649 0.4103, 0.4921 0.6539 0.7246, 0.5142 0.6424 0.6584, 0.5094 0.6391 0.7393, 0.5306 0.6279 0.669, 0.5261 0.6238 0.7523, 0.5461 0.6132 0.678, 0.5423 0.639 0.5935, 0.5245 0.6529 0.5851, 0.5758 0.6438 0.5313, 0.5569 0.6566 0.5264, 0.614 0.6567 0.4732, 0.5933 0.6678 0.4711, 0.7435 0.719 0.3514, 0.7442 0.7125 0.3562, 0.7774 0.7376 0.332, 0.7226 0.7684 0.3146, 0.7239 0.7646 0.3176, 0.7717 0.7874 0.2992, 0.7246 0.7628 0.3191, 0.728 0.757 0.3235, 0.7334 0.748 0.3302, 0.8046 0.7874 0.2992, 0.7309 0.7521 0.3272, 0.7308 0.7522 0.3271, 0.729 0.7874 0.2992, 0.7279 0.7853 0.3009, 0.7373 0.7874 0.2992, 0.7236 0.7779 0.3069, 0.7234 0.7776 0.3071, 0.7225 0.7742 0.3099, 0.7223 0.7713 0.3123, 0.8035 0.7349 0.3299, 0.7449 0.7061 0.361, 0.7545 0.6986 0.3654, 0.7446 0.7026 0.3638, 0.7436 0.6906 0.3733, 0.7363 0.7423 0.3344, 0.75 0.7407 0.3337, 0.7387 0.7375 0.3379, 0.7394 0.735 0.3396, 0.74 0.733 0.3411, 0.743 0.7231 0.3483, 0.8095 0.7399 0.327, 0.836 0.7874 0.2992, 0.8661 0.7874 0.2992, 0.6179 0.6134 0.5359, 0.6599 0.6326 0.4703, 0.7609 0.696 0.3638, 0.7422 0.685 0.3779, 0.7409 0.6819 0.3807, 0.7082 0.6639 0.4092, 0.708 0.6604 0.4124, 0.7149 0.6566 0.4118, 0.7202 0.6623 0.4045, 0.7198 0.6623 0.4047, 0.7141 0.6625 0.4075, 0.7124 0.6628 0.4081, 0.712 0.6629 0.4082, 0.7299 0.6656 0.3973, 0.7288 0.6649 0.3982, 0.7227 0.6519 0.4108, 0.7258 0.6637 0.4007, 0.7236 0.6629 0.4024, 0.7375 0.6738 0.3878, 0.7361 0.6717 0.39, 0.7686 0.6934 0.3628, 0.7331 0.6686 0.3935, 0.7305 0.666 0.3966, 0.7377 0.6742 0.3875, 0.7427 0.6872 0.3761, 0.9125 0.6319 0.3228, 0.9843 0.6693 0.2992, 0.982 0.6864 0.2992, 0.846 0.5956 0.3597, 0.9109 0.647 0.3219, 0.9802 0.6999 0.2992, 0.9059 0.6656 0.3211, 0.9772 0.7073 0.2992, 0.9684 0.7283 0.2992, 0.897 0.6846 0.3207, 0.9535 0.7478 0.2992, 0.8845 0.7018 0.3209, 0.9497 0.7528 0.2992, 0.87 0.7157 0.3216, 0.9368 0.7627 0.2992, 0.9252 0.7716 0.2992, 0.8551 0.7257 0.3226, 0.7363 0.5305 0.4691, 0.7867 0.5615 0.409, 0.7836 0.5739 0.4075, 0.8437 0.609 0.3583, 0.7781 0.5891 0.4062, 0.8387 0.6257 0.3571, 0.77 0.605 0.4056, 0.8303 0.6428 0.3565, 0.7596 0.6198 0.4059, 0.8191 0.6586 0.3568, 0.7482 0.6323 0.407, 0.8063 0.6715 0.3579, 0.7368 0.6422 0.4086, 0.7934 0.6812 0.3594, 0.7318 0.6459 0.4094, 0.7877 0.6846 0.3602, 0.7774 0.6898 0.3616, 0.9199 0.7738 0.2992, 0.9121 0.777 0.2992, 0.8485 0.7291 0.3231, 0.8983 0.7827 0.2992, 0.8365 0.7339 0.324, 0.8967 0.7834 0.2992, 0.8262 0.7369 0.3249, 0.5831 0.6034 0.6074, 0.5564 0.6028 0.6831, 0.5913 0.5945 0.6107, 0.5663 0.5919 0.6882, 0.5998 0.585 0.6129, 0.5764 0.5804 0.6922, 0.6089 0.5745 0.6144, 0.5868 0.5679 0.6951, 0.6136 0.5688 0.6148, 0.5921 0.5612 0.6962, 0.6241 0.5555 0.6152, 0.6036 0.5461 0.6978, 0.6345 0.5411 0.6152, 0.6148 0.5301 0.6985, 0.6446 0.5257 0.6152, 0.6256 0.5135 0.6987, 0.6538 0.51 0.6152, 0.6357 0.4965 0.6983, 0.6619 0.4947 0.6151, 0.6449 0.4798 0.6974, 0.6524 0.4651 0.6958, 0.6495 0.4545 0.7793, 0.886 0.7848 0.2992, 0.8753 0.7862 0.2992, 0.8172 0.7386 0.3257, 0.6666 0.6273 0.4706, 0.674 0.6213 0.4702, 0.6824 0.6141 0.4694, 0.687 0.6099 0.4689, 0.6975 0.5993 0.4676, 0.708 0.5866 0.4666, 0.7179 0.5722 0.4663, 0.7261 0.557 0.4669, 0.7323 0.5425 0.468, 0.6965 0.5036 0.5383, 0.625 0.6064 0.5375, 0.6327 0.5988 0.5383, 0.6411 0.5901 0.5384, 0.6456 0.5852 0.5382, 0.6557 0.5734 0.5377, 0.6659 0.5601 0.5371, 0.6756 0.5455 0.5369, 0.6842 0.5304 0.5373, 0.6913 0.5158 0.5379, 0.6682 0.4816 0.6146, 0.6409 0.4715 0.7822, 0.6306 0.4903 0.7841, 0.6194 0.5091 0.7848, 0.6074 0.5275 0.7844, 0.5949 0.5454 0.7829, 0.5817 0.5627 0.7801, 0.5755 0.5704 0.7782, 0.5632 0.585 0.7737, 0.5508 0.5987 0.7679, 0.5385 0.6116 0.7608, 0.5385 0.6116 0.7608
            ]
        }
        coordIndex [
            0,1,2,-1,3,4,5,-1,6,7,8,-1,9,10,11,-1,12,13,14,-1,15,16,17,-1,17,16,18,-1,19,20,21,-1,21,22,19,-1,19,22,23,-1,19,23,14,-1,14,23,24,-1,14,24,12,-1,11,10,6,-1,6,10,25,-1,6,25,7,-1,1,26,2,-1,2,26,27,-1,2,27,28,-1,28,27,29,-1,30,17,31,-1,31,17,32,-1,30,33,17,-1,17,33,34,-1,17,34,15,-1,35,36,32,-1,32,36,37,-1,32,37,31,-1,13,38,14,-1,14,38,39,-1,14,39,40,-1,41,42,19,-1,19,42,43,-1,19,43,20,-1,20,43,44,-1,40,45,14,-1,14,45,46,-1,14,46,19,-1,19,46,47,-1,19,47,41,-1,48,49,50,-1,50,49,51,-1,9,11,52,-1,52,11,53,-1,52,53,54,-1,54,53,50,-1,54,50,55,-1,55,50,51,-1,55,51,56,-1,4,48,5,-1,5,48,50,-1,5,50,57,-1,57,50,53,-1,57,53,28,-1,28,53,11,-1,28,11,2,-1,2,11,6,-1,2,6,20,-1,20,6,8,-1,20,8,21,-1,58,17,59,-1,59,17,18,-1,59,18,60,-1,58,3,17,-1,17,3,5,-1,17,5,32,-1,32,5,57,-1,32,57,35,-1,35,57,28,-1,35,28,61,-1,61,28,29,-1,44,62,20,-1,20,62,63,-1,20,63,2,-1,2,63,64,-1,2,64,0,-1,65,66,67,-1,68,69,70,-1,71,72,73,-1,74,75,76,-1,77,16,15,-1,1,0,78,-1,38,13,79,-1,80,81,38,-1,47,46,81,-1,81,46,45,-1,45,40,81,-1,81,40,39,-1,81,39,38,-1,64,63,82,-1,82,63,62,-1,44,43,83,-1,83,43,42,-1,83,42,41,-1,78,0,84,-1,36,35,85,-1,85,35,61,-1,29,27,78,-1,78,27,26,-1,78,26,1,-1,86,31,37,-1,87,33,86,-1,86,33,30,-1,86,30,31,-1,88,89,15,-1,87,90,33,-1,33,90,88,-1,33,88,34,-1,34,88,15,-1,89,91,15,-1,15,91,92,-1,15,92,93,-1,93,94,15,-1,15,94,95,-1,15,95,77,-1,96,97,86,-1,96,86,98,-1,99,100,101,-1,101,100,102,-1,101,102,86,-1,86,102,103,-1,86,103,98,-1,97,104,86,-1,86,104,105,-1,86,105,87,-1,106,107,108,-1,109,110,111,-1,111,110,112,-1,112,113,111,-1,111,113,114,-1,111,114,108,-1,108,114,115,-1,108,115,106,-1,116,117,67,-1,67,117,118,-1,118,119,67,-1,67,119,120,-1,67,120,109,-1,109,120,121,-1,109,121,110,-1,116,67,122,-1,122,67,66,-1,122,66,123,-1,123,66,124,-1,123,124,125,-1,107,99,108,-1,108,99,101,-1,108,101,85,-1,85,101,86,-1,85,86,36,-1,36,86,37,-1,38,79,80,-1,80,79,126,-1,80,126,127,-1,127,126,128,-1,127,128,129,-1,129,128,130,-1,129,130,131,-1,131,74,129,-1,129,74,76,-1,129,76,127,-1,127,76,132,-1,127,132,80,-1,80,132,133,-1,80,133,81,-1,81,133,83,-1,81,83,47,-1,47,83,41,-1,75,71,76,-1,76,71,73,-1,76,73,132,-1,132,73,134,-1,132,134,133,-1,133,134,135,-1,133,135,83,-1,83,135,82,-1,83,82,44,-1,44,82,62,-1,72,68,73,-1,73,68,70,-1,73,70,134,-1,134,70,136,-1,134,136,135,-1,135,136,137,-1,135,137,82,-1,82,137,84,-1,82,84,64,-1,64,84,0,-1,69,65,70,-1,70,65,67,-1,70,67,136,-1,136,67,109,-1,136,109,137,-1,137,109,111,-1,137,111,84,-1,84,111,108,-1,84,108,78,-1,78,108,85,-1,78,85,29,-1,29,85,61,-1,138,139,140,-1,141,142,143,-1,143,142,144,-1,143,144,145,-1,146,147,148,-1,148,147,143,-1,148,143,149,-1,149,143,145,-1,150,151,152,-1,152,151,153,-1,153,154,152,-1,152,154,155,-1,152,155,143,-1,143,155,156,-1,143,156,141,-1,157,158,159,-1,159,158,160,-1,159,160,161,-1,146,162,163,-1,163,162,164,-1,164,165,163,-1,163,165,166,-1,163,166,140,-1,140,166,167,-1,140,167,138,-1,168,140,157,-1,157,140,139,-1,157,139,158,-1,146,163,147,-1,147,163,140,-1,147,140,169,-1,169,140,168,-1,169,168,170,-1,69,68,171,-1,66,65,172,-1,157,159,173,-1,174,175,173,-1,125,124,176,-1,176,124,177,-1,178,179,180,-1,180,181,178,-1,178,181,182,-1,178,182,177,-1,177,182,183,-1,177,183,176,-1,184,185,186,-1,186,185,187,-1,186,187,178,-1,178,187,188,-1,178,188,179,-1,189,190,191,-1,191,190,192,-1,191,192,186,-1,186,192,193,-1,186,193,184,-1,173,175,191,-1,191,175,194,-1,191,194,189,-1,159,161,173,-1,173,161,195,-1,173,195,174,-1,196,197,198,-1,199,196,200,-1,196,198,200,-1,200,198,201,-1,200,201,202,-1,201,203,202,-1,202,203,204,-1,202,204,205,-1,205,204,206,-1,205,206,207,-1,207,206,208,-1,207,208,209,-1,208,210,209,-1,209,210,211,-1,209,211,212,-1,213,214,215,-1,215,214,216,-1,215,216,217,-1,217,216,218,-1,217,218,219,-1,219,218,220,-1,219,220,221,-1,221,220,222,-1,221,222,223,-1,223,222,224,-1,223,224,225,-1,225,224,226,-1,225,226,227,-1,227,226,228,-1,227,228,186,-1,186,228,229,-1,186,229,191,-1,211,230,212,-1,212,230,231,-1,212,231,232,-1,232,231,233,-1,232,233,234,-1,234,233,235,-1,234,235,236,-1,237,238,239,-1,239,238,240,-1,239,240,241,-1,241,240,242,-1,241,242,243,-1,243,242,244,-1,243,244,245,-1,245,244,246,-1,245,246,247,-1,247,246,248,-1,247,248,249,-1,249,248,250,-1,249,250,251,-1,251,250,252,-1,251,252,253,-1,253,252,254,-1,253,254,255,-1,255,254,256,-1,255,256,257,-1,257,256,258,-1,235,259,236,-1,236,259,260,-1,236,260,261,-1,261,260,170,-1,261,170,168,-1,168,157,261,-1,261,157,173,-1,261,173,236,-1,236,173,191,-1,236,191,234,-1,234,191,229,-1,234,229,232,-1,232,229,228,-1,232,228,212,-1,212,228,226,-1,212,226,209,-1,209,226,224,-1,209,224,207,-1,207,224,222,-1,207,222,205,-1,205,222,220,-1,205,220,202,-1,202,220,218,-1,202,218,200,-1,200,218,216,-1,200,216,199,-1,199,216,214,-1,124,66,177,-1,177,66,172,-1,177,172,178,-1,178,172,262,-1,178,262,186,-1,186,262,263,-1,186,263,227,-1,227,263,264,-1,227,264,225,-1,225,264,265,-1,225,265,223,-1,223,265,266,-1,223,266,221,-1,221,266,267,-1,221,267,219,-1,219,267,268,-1,219,268,217,-1,217,268,269,-1,217,269,215,-1,215,269,270,-1,215,270,213,-1,213,270,271,-1,65,69,172,-1,172,69,171,-1,172,171,262,-1,262,171,272,-1,262,272,263,-1,263,272,273,-1,263,273,264,-1,264,273,274,-1,264,274,265,-1,265,274,275,-1,265,275,266,-1,266,275,276,-1,266,276,267,-1,267,276,277,-1,267,277,268,-1,268,277,278,-1,268,278,269,-1,269,278,279,-1,269,279,270,-1,270,279,280,-1,270,280,271,-1,271,280,281,-1,68,72,171,-1,171,72,237,-1,171,237,272,-1,272,237,239,-1,272,239,273,-1,273,239,241,-1,273,241,274,-1,274,241,243,-1,274,243,275,-1,275,243,245,-1,275,245,276,-1,276,245,247,-1,276,247,277,-1,277,247,249,-1,277,249,278,-1,278,249,251,-1,278,251,279,-1,279,251,253,-1,279,253,280,-1,280,253,255,-1,280,255,281,-1,281,255,257,-1,72,71,237,-1,237,71,75,-1,237,75,238,-1,238,75,74,-1,238,74,131,-1,258,256,282,-1,282,256,254,-1,282,254,283,-1,283,254,252,-1,283,252,284,-1,284,252,250,-1,284,250,285,-1,285,250,248,-1,285,248,286,-1,286,248,246,-1,286,246,287,-1,287,246,244,-1,287,244,288,-1,288,244,242,-1,288,242,289,-1,289,242,240,-1,289,240,290,-1,290,240,238,-1,290,238,291,-1,291,238,131,-1,291,131,130,-1,
        ]
    }
}
Shape{
    appearance Appearance {
        material  Material 	{
            diffuseColor 0.8509803921568627 0.8509803921568627 0.8509803921568627
            specularColor 0.4235294117647059 0.4235294117647059 0.4235294117647059
            ambientIntensity 0.2
            transparency 0
            shininess 0.5
        }
    }
    geometry IndexedFaceSet {
        ccw TRUE
        solid FALSE
        coord DEF co Coordinate {
            point [
                0.8656 0.7874 0.0627, 0.8661 0.7874 0.0627, 0.8661 0.7874 0.0394, 0.808 0.7874 0.0807, 0.8259 0.7874 0.0709, 0.6024 0.7874 0.0394, 0.7409 0.7874 0.1403, 0.74 0.7874 0.143, 0.7504 0.7874 0.1363, 0.6504 0.7874 0.095, 0.6539 0.7874 0.0876, 0.6076 0.7874 0.0503, 0.8453 0.7874 0.0647, 0.6057 0.7874 0.0458, 0.6611 0.7874 0.078, 0.662 0.7874 0.0772, 0.6662 0.7874 0.0733, 0.6508 0.7874 0.1411, 0.6505 0.7874 0.1403, 0.6507 0.7874 0.141, 0.6382 0.7874 0.1279, 0.6721 0.7874 0.0696, 0.6758 0.7874 0.0673, 0.6811 0.7874 0.0653, 0.6197 0.7874 0.0875, 0.625 0.7874 0.1039, 0.6492 0.7874 0.0998, 0.6251 0.7874 0.1043, 0.6471 0.7874 0.1079, 0.6466 0.7874 0.1133, 0.6264 0.7874 0.1073, 0.6465 0.7874 0.1147, 0.6477 0.7874 0.1291, 0.6476 0.7874 0.1278, 0.6465 0.7874 0.1152, 0.6835 0.7874 0.0648, 0.692 0.7874 0.0631, 0.6958 0.7874 0.063, 0.697 0.7874 0.0629, 0.708 0.7874 0.0646, 0.7125 0.7874 0.066, 0.7195 0.7874 0.0697, 0.7225 0.7874 0.0713, 0.7261 0.7874 0.074, 0.7294 0.7874 0.0775, 0.7343 0.7874 0.0827, 0.7367 0.7874 0.0862, 0.7373 0.7874 0.0876, 0.742 0.7874 0.0979, 0.7426 0.7874 0.0998, 0.7926 0.7874 0.094, 0.7432 0.7874 0.1018, 0.7447 0.7874 0.1136, 0.7449 0.7874 0.1152, 0.7449 0.7874 0.1156, 0.7632 0.7874 0.125, 0.7448 0.7874 0.1199, 0.7435 0.7874 0.1282, 0.7423 0.7874 0.1354, 0.6512 0.7865 0.1415, 0.6508 0.7809 0.1409, 0.6514 0.7861 0.1417, 0.6521 0.7806 0.1422, 0.6544 0.7804 0.144, 0.6384 0.7832 0.1278, 0.6386 0.7832 0.1281, 0.6409 0.7826 0.1312, 0.6478 0.7814 0.138, 0.6264 0.7868 0.1073, 0.6345 0.7842 0.1225, 0.74 0.7873 0.143, 0.7503 0.7795 0.1361, 0.7488 0.7795 0.1375, 0.7386 0.7846 0.1437, 0.7361 0.7795 0.145, 0.7632 0.7795 0.125, 0.7632 0.7795 0.125
            ]
        }
        coordIndex [
            0,1,2,-1,3,4,5,-1,6,7,8,-1,9,10,11,-1,5,4,2,-1,2,4,12,-1,2,12,0,-1,11,10,13,-1,13,10,14,-1,13,14,5,-1,5,14,15,-1,5,15,16,-1,17,18,19,-1,19,18,20,-1,16,21,5,-1,5,21,22,-1,5,22,23,-1,11,24,9,-1,9,24,25,-1,9,25,26,-1,26,25,27,-1,26,27,28,-1,28,27,29,-1,29,27,30,-1,29,30,31,-1,18,32,20,-1,20,32,33,-1,20,33,30,-1,30,33,34,-1,30,34,31,-1,23,35,5,-1,5,35,36,-1,5,36,37,-1,37,38,5,-1,5,38,39,-1,5,39,3,-1,3,39,40,-1,3,40,41,-1,41,42,3,-1,3,42,43,-1,3,43,44,-1,44,45,3,-1,3,45,46,-1,3,46,47,-1,47,48,3,-1,3,48,49,-1,3,49,50,-1,50,49,51,-1,50,51,52,-1,52,53,50,-1,50,53,54,-1,50,54,55,-1,54,56,55,-1,55,56,57,-1,55,57,8,-1,8,57,58,-1,8,58,6,-1,17,19,59,-1,59,19,60,-1,59,60,61,-1,61,60,62,-1,61,62,63,-1,64,65,20,-1,20,65,66,-1,20,66,19,-1,19,66,67,-1,19,67,60,-1,30,68,20,-1,20,68,69,-1,20,69,64,-1,7,70,71,-1,71,70,72,-1,72,70,73,-1,72,73,74,-1,7,71,8,-1,8,71,75,-1,8,75,55,-1,
        ]
    }
}
Shape{
    appearance Appearance {
        material  Material 	{
            diffuseColor 0.4392156862745098 0.4392156862745098 0.4392156862745098
            specularColor 0.2196078431372549 0.2196078431372549 0.2196078431372549
            ambientIntensity 0.2
            transparency 0
            shininess 0.5
        }
    }
    geometry IndexedFaceSet {
        ccw TRUE
        solid FALSE
        coord DEF co Coordinate {
            point [
                0.5524 -0.7677 0.0053, 0.5523 -0.8056 0.0056, 0.5451 -0.7659 0.0043, 0.5473 -0.8078 0.0045, 0.5375 -0.7652 0.0039, 0.5375 -0.8122 0.0039, 0.5854 -0.7909 0.0195, 0.5799 -0.7933 0.0155, 0.5724 -0.7759 0.0115, 0.5697 -0.7748 0.0107, 0.5709 -0.7973 0.0114, 0.5696 -0.7979 0.0107, 0.5524 -0.7677 0.0053, 0.5646 -0.8002 0.0084, 0.5546 -0.8046 0.0062, 0.5933 -0.7874 0.0253, 0.5864 -0.7821 0.0197, 0.5951 -0.7866 0.0269, 0.5967 -0.7859 0.0285, 0.5856 -0.7818 0.0193, 0.5859 -0.7907 0.0198, 0.5753 -0.8319 0.0451, 0.5719 -0.8347 0.0446, 0.5633 -0.8196 0.025, 0.5971 -0.786 0.0292, 0.5873 -0.8057 0.0355, 0.5988 -0.7868 0.0326, 0.5987 -0.7874 0.0331, 0.5758 -0.8123 0.029, 0.5502 -0.8272 0.0236, 0.5628 -0.8423 0.0433, 0.5805 -0.8275 0.0475, 0.5867 -0.8223 0.0503, 0.5884 -0.8209 0.0517, 0.5954 -0.815 0.0576, 0.6076 -0.7874 0.0503, 0.5997 -0.8116 0.0654, 0.6057 -0.7874 0.0458, 0.5975 -0.8133 0.0614, 0.6036 -0.7874 0.0417, 0.6024 -0.7874 0.0394, 0.616 -0.8011 0.103, 0.6197 -0.7874 0.0875, 0.6193 -0.7995 0.1106, 0.625 -0.7874 0.1039, 0.6251 -0.7874 0.1043, 0.6264 -0.7868 0.1073, 0.6287 -0.7953 0.128, 0.6335 -0.7846 0.1205, 0.6289 -0.7953 0.1283, 0.6633 -0.7878 0.1577, 0.6652 -0.7795 0.15, 0.6663 -0.7794 0.1506, 0.6668 -0.7875 0.1594, 0.6729 -0.7795 0.1531, 0.6713 -0.7874 0.1609, 0.6411 -0.7914 0.1429, 0.6508 -0.7809 0.1408, 0.6534 -0.7888 0.1528, 0.6542 -0.7804 0.1438, 0.6555 -0.7886 0.1538, 0.6579 -0.7801 0.1459, 0.6632 -0.7796 0.1489, 0.6351 -0.7841 0.1234, 0.6389 -0.7832 0.1282, 0.6405 -0.7915 0.1425, 0.6443 -0.7819 0.135, 0.6446 -0.7818 0.1354, 0.7217 -0.7795 0.1502, 0.7319 -0.7795 0.147, 0.735 -0.7874 0.1542, 0.7632 -0.7795 0.125, 0.7689 -0.7874 0.1304, 0.7506 -0.7795 0.1361, 0.7553 -0.7874 0.1425, 0.7439 -0.7795 0.14, 0.7112 -0.7795 0.1535, 0.7127 -0.7874 0.1612, 0.6977 -0.7795 0.1545, 0.6893 -0.7874 0.1631, 0.6896 -0.7795 0.1552, 0.6733 -0.7795 0.1533, 0.7926 -0.7795 0.094, 0.7983 -0.7874 0.0995, 0.808 -0.7795 0.0807, 0.8125 -0.7874 0.0872, 0.8259 -0.7795 0.0709, 0.829 -0.7874 0.0781, 0.8453 -0.7795 0.0647, 0.8469 -0.7874 0.0725, 0.8656 -0.7795 0.0627, 0.8656 -0.7874 0.0706, 0.8661 -0.7795 0.0627, 0.8661 -0.7874 0.0706, 0.9764 -0.6693 0.0627, 0.9843 -0.6693 0.0706, 0.9802 -0.6999 0.0706, 0.9726 -0.6978 0.0627, 0.9684 -0.7283 0.0706, 0.9616 -0.7244 0.0627, 0.9497 -0.7528 0.0706, 0.9441 -0.7472 0.0627, 0.9252 -0.7716 0.0706, 0.9213 -0.7648 0.0627, 0.8967 -0.7834 0.0706, 0.8947 -0.7758 0.0627, 0.9764 0.6693 0.0627, 0.9843 0.6693 0.0706, 0.8661 0.7795 0.0627, 0.8661 0.7874 0.0706, 0.8967 0.7834 0.0706, 0.8947 0.7758 0.0627, 0.9252 0.7716 0.0706, 0.9213 0.7648 0.0627, 0.9497 0.7528 0.0706, 0.9441 0.7472 0.0627, 0.9684 0.7283 0.0706, 0.9616 0.7244 0.0627, 0.9802 0.6999 0.0706, 0.9726 0.6978 0.0627, 0.8656 0.7795 0.0627, 0.8656 0.7874 0.0706, 0.8453 0.7795 0.0647, 0.8469 0.7874 0.0725, 0.8259 0.7795 0.0709, 0.829 0.7874 0.0781, 0.808 0.7795 0.0807, 0.8125 0.7874 0.0872, 0.7926 0.7795 0.094, 0.7983 0.7874 0.0995, 0.7632 0.7795 0.125, 0.7689 0.7874 0.1304, -0.5375 -0.7652 0.0039, -0.5375 -0.8122 0.0039, -0.5451 -0.7659 0.0043, -0.5523 -0.8056 0.0054, -0.5524 -0.7677 0.0053, -0.5544 -0.8047 0.0057, -0.5524 -0.7677 0.0053, -0.5547 -0.8046 0.0057, -0.5698 -0.7747 0.0104, -0.5697 -0.7979 0.0105, -0.5709 -0.7974 0.0109, -0.5721 -0.7757 0.0117, -0.5857 -0.7908 0.0192, -0.5857 -0.7818 0.0192, -0.5858 -0.7907 0.0193, -0.5861 -0.7906 0.0195, -0.5863 -0.7821 0.0197, -0.5933 -0.7874 0.0253, -0.5967 -0.7859 0.0285, -0.5502 -0.8272 0.0236, -0.5988 -0.7868 0.0326, -0.5971 -0.786 0.0292, -0.5873 -0.8057 0.0355, -0.5884 -0.8209 0.0517, -0.5954 -0.815 0.0576, -0.5987 -0.7874 0.0331, -0.5758 -0.8123 0.029, -0.5633 -0.8196 0.025, -0.5628 -0.8423 0.0433, -0.5643 -0.8411 0.0433, -0.5719 -0.8347 0.0446, -0.5759 -0.8314 0.0453, -0.5805 -0.8275 0.0474, -0.5867 -0.8223 0.0503, -0.6024 -0.7874 0.0394, -0.6034 -0.7874 0.0413, -0.5975 -0.8133 0.0614, -0.6036 -0.7874 0.0417, -0.5997 -0.8116 0.0654, -0.6076 -0.7874 0.0503, -0.6193 -0.7995 0.1106, -0.625 -0.7874 0.1039, -0.6029 -0.8092 0.0728, -0.6129 -0.7874 0.0667, -0.6292 -0.7953 0.128, -0.6334 -0.7846 0.1205, -0.6327 -0.7848 0.1191, -0.6236 -0.7974 0.1196, -0.6264 -0.7868 0.1073, -0.6251 -0.7874 0.1043, -0.6451 -0.7903 0.1466, -0.6451 -0.7819 0.1354, -0.6412 -0.7914 0.1426, -0.6445 -0.782 0.1347, -0.6336 -0.7936 0.1347, -0.6409 -0.7826 0.1312, -0.6345 -0.7842 0.1225, -0.6652 -0.7797 0.1498, -0.6601 -0.7798 0.1476, -0.6581 -0.7881 0.1555, -0.6586 -0.7799 0.1466, -0.6554 -0.7886 0.1537, -0.6577 -0.78 0.146, -0.6521 -0.7806 0.1422, -0.6632 -0.7879 0.1576, -0.6713 -0.7874 0.1609, -0.6729 -0.7795 0.1531, -0.6893 -0.7874 0.1631, -0.6896 -0.7795 0.1552, -0.6733 -0.7795 0.1533, -0.735 -0.7874 0.1542, -0.7217 -0.7795 0.1502, -0.7127 -0.7874 0.1612, -0.7112 -0.7795 0.1535, -0.6977 -0.7795 0.1545, -0.7553 -0.7874 0.1425, -0.7439 -0.7795 0.14, -0.7319 -0.7795 0.147, -0.7689 -0.7874 0.1304, -0.7632 -0.7795 0.125, -0.7506 -0.7795 0.1361, -0.8656 -0.7874 0.0706, -0.8656 -0.7795 0.0627, -0.8453 -0.7795 0.0647, -0.8469 -0.7874 0.0725, -0.8259 -0.7795 0.0709, -0.829 -0.7874 0.0781, -0.808 -0.7795 0.0807, -0.8125 -0.7874 0.0872, -0.7926 -0.7795 0.094, -0.7983 -0.7874 0.0995, -0.8661 -0.7795 0.0627, -0.8661 -0.7874 0.0706, -0.8967 -0.7834 0.0706, -0.8947 -0.7758 0.0627, -0.9252 -0.7716 0.0706, -0.9213 -0.7648 0.0627, -0.9497 -0.7528 0.0706, -0.9441 -0.7472 0.0627, -0.9684 -0.7283 0.0706, -0.9616 -0.7244 0.0627, -0.9802 -0.6999 0.0706, -0.9726 -0.6978 0.0627, -0.9843 -0.6693 0.0706, -0.9764 -0.6693 0.0627, -0.9764 0.6693 0.0627, -0.9843 0.6693 0.0706, -0.9802 0.6999 0.0706, -0.9726 0.6978 0.0627, -0.9684 0.7283 0.0706, -0.9616 0.7244 0.0627, -0.9497 0.7528 0.0706, -0.9441 0.7472 0.0627, -0.9252 0.7716 0.0706, -0.9213 0.7648 0.0627, -0.8967 0.7834 0.0706, -0.8947 0.7758 0.0627, -0.8661 0.7874 0.0706, -0.8661 0.7795 0.0627, -0.8656 0.7795 0.0627, -0.8656 0.7874 0.0706, -0.7983 0.7874 0.0995, -0.7926 0.7795 0.094, -0.808 0.7795 0.0807, -0.8125 0.7874 0.0872, -0.8259 0.7795 0.0709, -0.829 0.7874 0.0781, -0.8453 0.7795 0.0647, -0.8469 0.7874 0.0725, 0.4921 0.7652 0.0039, 0.3507 0.9449 0.0039, 0.3689 0.9428 0.0039, 0.5375 0.8122 0.0039, 0.5375 0.7652 0.0039, 0.4013 0.9265 0.0039, 0.3861 0.9365 0.0039, 0.4921 -0.7652 0.0039, 0.4013 -0.9265 0.0039, -0.4921 -0.7652 0.0039, -0.3507 -0.9449 0.0039, -0.3689 -0.9428 0.0039, 0.3861 -0.9365 0.0039, 0.3689 -0.9428 0.0039, 0.3507 -0.9449 0.0039, -0.4013 -0.9265 0.0039, -0.3861 -0.9365 0.0039, -0.5375 0.7652 0.0039, -0.5375 0.8122 0.0039, -0.4921 0.7652 0.0039, -0.4013 0.9265 0.0039, -0.3861 0.9365 0.0039, -0.3689 0.9428 0.0039, -0.3507 0.9449 0.0039, 0.9055 -0.4303 1.2835, 0.9055 -0.426 1.2835, 0.9055 -0.4303 1.5394, 0.9055 -0.383 1.2835, 0.9055 -0.3403 1.2835, 0.9055 -0.2977 1.2835, 0.9055 -0.2554 1.2835, 0.9055 -0.2133 1.2835, 0.9055 -0.1969 1.2835, 0.9055 0.4303 1.5394, 0.9055 0.1969 1.2835, 0.9055 0.2388 1.2835, 0.9055 0.2694 1.2835, 0.9055 0.3127 1.2835, 0.9055 0.3562 1.2835, 0.9055 0.3999 1.2835, 0.9055 0.4303 1.2835, 0.3515 0.9843 1.2835, 0.3472 0.9843 1.2835, 0.3515 0.9843 1.5394, 0.3043 0.9843 1.2835, 0.2615 0.9843 1.2835, 0.219 0.9843 1.2835, 0.1767 0.9843 1.2835, 0.1345 0.9843 1.2835, 0.1181 0.9843 1.2835, -0.3515 0.9843 1.5394, -0.1181 0.9843 1.2835, -0.1601 0.9843 1.2835, -0.1907 0.9843 1.2835, -0.234 0.9843 1.2835, -0.2774 0.9843 1.2835, -0.3212 0.9843 1.2835, -0.3515 0.9843 1.2835, -0.9055 0.4303 1.2835, -0.9055 0.426 1.2835, -0.9055 0.4303 1.5394, -0.9055 0.383 1.2835, -0.9055 0.3403 1.2835, -0.9055 0.2977 1.2835, -0.9055 0.2554 1.2835, -0.9055 0.2133 1.2835, -0.9055 0.1969 1.2835, -0.9055 -0.4303 1.5394, -0.9055 -0.1969 1.2835, -0.9055 -0.2388 1.2835, -0.9055 -0.2694 1.2835, -0.9055 -0.3127 1.2835, -0.9055 -0.3562 1.2835, -0.9055 -0.3999 1.2835, -0.9055 -0.4303 1.2835, -0.3515 -0.9843 1.2835, -0.3472 -0.9843 1.2835, -0.3515 -0.9843 1.5394, -0.3043 -0.9843 1.2835, -0.2615 -0.9843 1.2835, -0.219 -0.9843 1.2835, -0.1767 -0.9843 1.2835, -0.1345 -0.9843 1.2835, -0.1181 -0.9843 1.2835, 0.3515 -0.9843 1.5394, 0.1181 -0.9843 1.2835, 0.1601 -0.9843 1.2835, 0.1907 -0.9843 1.2835, 0.234 -0.9843 1.2835, 0.2774 -0.9843 1.2835, 0.3212 -0.9843 1.2835, 0.3515 -0.9843 1.2835, 0.845 0.509 1.5787, 0.82 0.5416 1.5787, -0.82 0.5416 1.5787, 0.8661 0.4303 1.5787, -0.8396 0.5178 1.5787, -0.8542 0.4905 1.5787, 0.8608 0.471 1.5787, 0.8542 -0.4905 1.5787, -0.8661 -0.4303 1.5787, 0.8396 -0.5178 1.5787, 0.82 -0.5416 1.5787, -0.8631 0.461 1.5787, -0.8661 0.4303 1.5787, 0.8661 -0.4303 1.5787, 0.8631 -0.461 1.5787, 0.3923 0.9395 1.5787, 0.3515 0.9449 1.5787, 0.4303 0.9238 1.5787, 0.4629 0.8988 1.5787, -0.3515 0.9449 1.5787, -0.82 -0.5416 1.5787, -0.4629 -0.8988 1.5787, 0.3515 -0.9449 1.5787, -0.3923 0.9395 1.5787, -0.4303 0.9238 1.5787, -0.4629 0.8988 1.5787, -0.845 -0.509 1.5787, 0.3923 -0.9395 1.5787, 0.4303 -0.9238 1.5787, 0.4629 -0.8988 1.5787, -0.4303 -0.9238 1.5787, -0.3923 -0.9395 1.5787, -0.3515 -0.9449 1.5787, -0.8608 -0.471 1.5787, -0.8608 -0.471 1.5787
            ]
        }
        coordIndex [
            0,1,2,-1,2,1,3,-1,2,3,4,-1,4,3,5,-1,6,7,8,-1,8,7,9,-1,7,10,9,-1,9,10,11,-1,9,11,12,-1,12,11,13,-1,12,13,0,-1,0,13,14,-1,0,14,1,-1,15,16,17,-1,17,16,18,-1,8,19,6,-1,6,19,16,-1,6,16,20,-1,20,16,15,-1,21,22,23,-1,17,18,24,-1,25,20,15,-1,26,27,24,-1,24,27,25,-1,24,25,17,-1,17,25,15,-1,11,28,13,-1,13,28,23,-1,13,23,14,-1,14,23,1,-1,29,5,3,-1,11,10,28,-1,28,10,7,-1,28,7,25,-1,25,7,6,-1,25,6,20,-1,22,30,23,-1,23,30,29,-1,23,29,1,-1,1,29,3,-1,21,23,31,-1,31,23,28,-1,31,28,32,-1,32,28,25,-1,32,25,33,-1,33,25,27,-1,33,27,34,-1,35,36,37,-1,37,36,38,-1,37,38,39,-1,27,26,40,-1,39,38,40,-1,40,38,34,-1,40,34,27,-1,36,35,41,-1,41,35,42,-1,41,42,43,-1,43,42,44,-1,44,45,43,-1,43,45,46,-1,43,46,47,-1,47,46,48,-1,47,48,49,-1,50,51,52,-1,50,52,53,-1,53,52,54,-1,53,54,55,-1,56,57,58,-1,58,57,59,-1,58,59,60,-1,60,59,61,-1,60,61,50,-1,50,61,62,-1,50,62,51,-1,48,63,49,-1,49,63,64,-1,49,64,65,-1,65,64,66,-1,65,66,56,-1,56,66,67,-1,56,67,57,-1,68,69,70,-1,71,72,73,-1,73,72,74,-1,70,69,74,-1,74,69,75,-1,74,75,73,-1,68,70,76,-1,76,70,77,-1,76,77,78,-1,78,77,79,-1,78,79,80,-1,80,79,81,-1,81,79,55,-1,81,55,54,-1,82,83,71,-1,71,83,72,-1,83,82,84,-1,83,84,85,-1,85,84,86,-1,85,86,87,-1,87,86,88,-1,87,88,89,-1,89,88,90,-1,89,90,91,-1,92,93,90,-1,90,93,91,-1,94,95,96,-1,94,96,97,-1,97,96,98,-1,97,98,99,-1,99,98,100,-1,99,100,101,-1,101,100,102,-1,101,102,103,-1,103,102,104,-1,103,104,105,-1,105,104,93,-1,105,93,92,-1,106,107,94,-1,94,107,95,-1,108,109,110,-1,108,110,111,-1,111,110,112,-1,111,112,113,-1,113,112,114,-1,113,114,115,-1,115,114,116,-1,115,116,117,-1,117,116,118,-1,117,118,119,-1,119,118,107,-1,119,107,106,-1,120,121,108,-1,108,121,109,-1,121,120,122,-1,121,122,123,-1,123,122,124,-1,123,124,125,-1,125,124,126,-1,125,126,127,-1,127,126,128,-1,127,128,129,-1,130,131,128,-1,128,131,129,-1,132,133,134,-1,134,133,135,-1,134,135,136,-1,136,135,137,-1,136,137,138,-1,138,137,139,-1,138,139,140,-1,139,141,140,-1,140,141,142,-1,140,142,143,-1,143,142,144,-1,143,144,145,-1,144,146,145,-1,145,146,147,-1,145,147,148,-1,148,147,149,-1,148,149,150,-1,135,133,151,-1,152,153,154,-1,153,150,154,-1,154,150,149,-1,154,149,147,-1,155,156,154,-1,154,156,157,-1,154,157,152,-1,147,146,154,-1,154,146,144,-1,154,144,158,-1,144,142,158,-1,158,142,141,-1,158,141,159,-1,159,141,139,-1,159,139,137,-1,160,161,151,-1,151,161,159,-1,151,159,135,-1,135,159,137,-1,161,162,159,-1,159,162,163,-1,159,163,158,-1,158,163,164,-1,158,164,154,-1,154,164,165,-1,154,165,155,-1,152,157,166,-1,166,157,156,-1,166,156,167,-1,167,156,168,-1,167,168,169,-1,169,168,170,-1,169,170,171,-1,172,173,174,-1,174,173,175,-1,174,175,170,-1,170,175,171,-1,176,177,178,-1,176,178,179,-1,179,178,180,-1,179,180,172,-1,172,180,181,-1,172,181,173,-1,182,183,184,-1,184,183,185,-1,184,185,186,-1,186,185,187,-1,186,187,176,-1,176,187,188,-1,176,188,177,-1,189,190,191,-1,191,190,192,-1,191,192,193,-1,193,192,194,-1,193,194,182,-1,182,194,195,-1,182,195,183,-1,191,196,189,-1,189,196,197,-1,189,197,198,-1,199,200,197,-1,197,200,201,-1,197,201,198,-1,202,203,204,-1,204,203,205,-1,204,205,199,-1,199,205,206,-1,199,206,200,-1,207,208,202,-1,202,208,209,-1,202,209,203,-1,210,211,207,-1,207,211,212,-1,207,212,208,-1,213,214,215,-1,213,215,216,-1,216,215,217,-1,216,217,218,-1,218,217,219,-1,218,219,220,-1,220,219,221,-1,220,221,222,-1,214,213,223,-1,223,213,224,-1,223,224,225,-1,223,225,226,-1,226,225,227,-1,226,227,228,-1,228,227,229,-1,228,229,230,-1,230,229,231,-1,230,231,232,-1,232,231,233,-1,232,233,234,-1,234,233,235,-1,234,235,236,-1,236,235,237,-1,237,235,238,-1,237,238,239,-1,237,239,240,-1,240,239,241,-1,240,241,242,-1,242,241,243,-1,242,243,244,-1,244,243,245,-1,244,245,246,-1,246,245,247,-1,246,247,248,-1,248,247,249,-1,248,249,250,-1,250,249,251,-1,251,249,252,-1,253,254,255,-1,253,255,256,-1,256,255,257,-1,256,257,258,-1,258,257,259,-1,258,259,260,-1,260,259,251,-1,260,251,252,-1,261,262,263,-1,264,265,266,-1,266,265,261,-1,266,261,267,-1,267,261,263,-1,4,5,268,-1,268,5,269,-1,270,271,272,-1,269,273,268,-1,268,273,274,-1,268,274,275,-1,133,132,276,-1,276,132,270,-1,276,270,277,-1,277,270,272,-1,278,279,280,-1,280,279,281,-1,280,281,282,-1,275,271,268,-1,268,271,270,-1,268,270,261,-1,261,270,280,-1,261,280,262,-1,282,283,280,-1,280,283,284,-1,280,284,262,-1,285,286,287,-1,287,286,288,-1,288,289,287,-1,287,289,290,-1,287,290,291,-1,291,292,287,-1,287,292,293,-1,287,293,294,-1,294,293,295,-1,295,296,294,-1,294,296,297,-1,294,297,298,-1,298,299,294,-1,294,299,300,-1,294,300,301,-1,302,303,304,-1,304,303,305,-1,305,306,304,-1,304,306,307,-1,304,307,308,-1,308,309,304,-1,304,309,310,-1,304,310,311,-1,311,310,312,-1,312,313,311,-1,311,313,314,-1,311,314,315,-1,315,316,311,-1,311,316,317,-1,311,317,318,-1,319,320,321,-1,321,320,322,-1,322,323,321,-1,321,323,324,-1,321,324,325,-1,325,326,321,-1,321,326,327,-1,321,327,328,-1,328,327,329,-1,329,330,328,-1,328,330,331,-1,328,331,332,-1,332,333,328,-1,328,333,334,-1,328,334,335,-1,336,337,338,-1,338,337,339,-1,339,340,338,-1,338,340,341,-1,338,341,342,-1,342,343,338,-1,338,343,344,-1,338,344,345,-1,345,344,346,-1,346,347,345,-1,345,347,348,-1,345,348,349,-1,349,350,345,-1,345,350,351,-1,345,351,352,-1,353,354,355,-1,356,357,358,-1,357,356,355,-1,355,356,359,-1,355,359,353,-1,360,361,362,-1,362,361,363,-1,358,364,356,-1,356,364,365,-1,356,365,366,-1,366,365,361,-1,366,361,367,-1,367,361,360,-1,368,369,370,-1,370,369,371,-1,372,355,369,-1,369,355,354,-1,369,354,371,-1,373,374,375,-1,376,377,372,-1,372,377,378,-1,372,378,355,-1,373,375,379,-1,380,381,361,-1,361,381,382,-1,361,382,363,-1,383,384,374,-1,374,384,385,-1,374,385,375,-1,380,361,375,-1,375,361,386,-1,375,386,379,-1,
        ]
    }
}
Shape{
    appearance Appearance {
        material  Material 	{
            diffuseColor 0.2235294117647059 0.2235294117647059 0.2235294117647059
            specularColor 0.11372549019607843 0.11372549019607843 0.11372549019607843
            ambientIntensity 0.2
            transparency 0
            shininess 0.5
        }
    }
    geometry IndexedFaceSet {
        ccw TRUE
        solid FALSE
        coord DEF co Coordinate {
            point [
                -0.1181 0.7874 0.6929, -0.1181 0.7874 0.8898, 0.1181 0.7874 0.6929, 0.1181 0.7874 0.8898, -0.7087 -0.1969 0.7411, -0.7087 -0.1969 0.8898, -0.7087 0.1969 0.7411, -0.7087 0.1969 0.8898, 0.1181 -0.7874 0.6929, 0.1181 -0.7874 0.8898, -0.1181 -0.7874 0.6929, -0.1181 -0.7874 0.8898, 0.7087 0.1969 0.7411, 0.7087 0.1969 0.8898, 0.7087 -0.1969 0.7411, 0.7087 -0.1969 0.8898, 0.7087 -0.1969 0.8898
            ]
        }
        coordIndex [
            0,1,2,-1,2,1,3,-1,4,5,6,-1,6,5,7,-1,8,9,10,-1,10,9,11,-1,12,13,14,-1,14,13,15,-1,
        ]
    }
}
Shape{
    appearance Appearance {
        material  Material 	{
            diffuseColor 0.4392156862745098 0.4392156862745098 0.4392156862745098
            specularColor 0.2196078431372549 0.2196078431372549 0.2196078431372549
            ambientIntensity 0.2
            transparency 0
            shininess 0.5
        }
    }
    geometry IndexedFaceSet {
        ccw TRUE
        solid FALSE
        coord DEF co Coordinate {
            point [
                0.3507 -0.9843 0.2992, 0.3472 -0.9843 0.2992, 0.3507 -0.9843 0.0433, 0.3043 -0.9843 0.2992, 0.2615 -0.9843 0.2992, 0.219 -0.9843 0.2992, 0.1767 -0.9843 0.2992, 0.1345 -0.9843 0.2992, 0.1181 -0.9843 0.2992, -0.3507 -0.9843 0.0433, -0.1181 -0.9843 0.2992, -0.1601 -0.9843 0.2992, -0.1907 -0.9843 0.2992, -0.234 -0.9843 0.2992, -0.2774 -0.9843 0.2992, -0.3212 -0.9843 0.2992, -0.3507 -0.9843 0.2992, -0.9843 -0.6693 0.2992, -0.9843 -0.6215 0.2992, -0.9843 -0.6693 0.0706, -0.9843 -0.5769 0.2992, -0.9843 -0.5319 0.2992, -0.9843 -0.4865 0.2992, -0.9843 -0.4408 0.2992, -0.9843 -0.395 0.2992, -0.9843 -0.349 0.2992, -0.9843 -0.3117 0.2992, -0.9843 -0.2659 0.2992, -0.9843 -0.2203 0.2992, -0.9843 -0.1969 0.2992, -0.9843 0.6693 0.0706, -0.9843 0.1969 0.2992, -0.9843 0.2426 0.2992, -0.9843 0.2884 0.2992, -0.9843 0.3342 0.2992, -0.9843 0.3802 0.2992, -0.9843 0.4263 0.2992, -0.9843 0.4408 0.2992, -0.9843 0.4881 0.2992, -0.9843 0.5347 0.2992, -0.9843 0.5805 0.2992, -0.9843 0.6255 0.2992, -0.9843 0.6693 0.2992, 0.9843 0.6693 0.2992, 0.9843 0.6215 0.2992, 0.9843 0.6693 0.0706, 0.9843 0.5769 0.2992, 0.9843 0.5319 0.2992, 0.9843 0.4865 0.2992, 0.9843 0.4408 0.2992, 0.9843 0.395 0.2992, 0.9843 0.349 0.2992, 0.9843 0.3117 0.2992, 0.9843 0.2659 0.2992, 0.9843 0.2203 0.2992, 0.9843 0.1969 0.2992, 0.9843 -0.6693 0.0706, 0.9843 -0.1969 0.2992, 0.9843 -0.2426 0.2992, 0.9843 -0.2884 0.2992, 0.9843 -0.3342 0.2992, 0.9843 -0.3802 0.2992, 0.9843 -0.4263 0.2992, 0.9843 -0.4408 0.2992, 0.9843 -0.4881 0.2992, 0.9843 -0.5347 0.2992, 0.9843 -0.5805 0.2992, 0.9843 -0.6255 0.2992, 0.9843 -0.6693 0.2992, 0.9843 -0.6693 0.2992
            ]
        }
        coordIndex [
            0,1,2,-1,2,1,3,-1,3,4,2,-1,2,4,5,-1,2,5,6,-1,6,7,2,-1,2,7,8,-1,2,8,9,-1,9,8,10,-1,10,11,9,-1,9,11,12,-1,9,12,13,-1,13,14,9,-1,9,14,15,-1,9,15,16,-1,17,18,19,-1,19,18,20,-1,19,20,21,-1,21,22,19,-1,19,22,23,-1,19,23,24,-1,24,25,19,-1,19,25,26,-1,19,26,27,-1,27,28,19,-1,19,28,29,-1,19,29,30,-1,29,31,30,-1,30,31,32,-1,30,32,33,-1,33,34,30,-1,30,34,35,-1,30,35,36,-1,36,37,30,-1,30,37,38,-1,30,38,39,-1,39,40,30,-1,30,40,41,-1,30,41,42,-1,43,44,45,-1,45,44,46,-1,45,46,47,-1,47,48,45,-1,45,48,49,-1,45,49,50,-1,50,51,45,-1,45,51,52,-1,45,52,53,-1,53,54,45,-1,45,54,55,-1,45,55,56,-1,55,57,56,-1,56,57,58,-1,56,58,59,-1,59,60,56,-1,56,60,61,-1,56,61,62,-1,62,63,56,-1,56,63,64,-1,56,64,65,-1,65,66,56,-1,56,66,67,-1,56,67,68,-1,
        ]
    }
}
Shape{
    appearance Appearance {
        material  Material 	{
            diffuseColor 0.2235294117647059 0.2235294117647059 0.2235294117647059
            specularColor 0.11372549019607843 0.11372549019607843 0.11372549019607843
            ambientIntensity 0.2
            transparency 0
            shininess 0.5
        }
    }
    geometry IndexedFaceSet {
        ccw TRUE
        solid FALSE
        coord DEF co Coordinate {
            point [
                -0.2906 0.7616 0.863, -0.2873 0.7627 0.8634, -0.2922 0.7612 0.7187, -0.1181 0.7874 0.8898, -0.1181 0.7874 0.6929, -0.1271 0.7873 0.693, -0.141 0.787 0.8892, -0.1501 0.7865 0.6941, -0.1577 0.7861 0.8879, -0.1813 0.784 0.8852, -0.1731 0.7848 0.6964, -0.205 0.781 0.8812, -0.1963 0.7822 0.6999, -0.2105 0.78 0.88, -0.2105 0.78 0.7027, -0.2197 0.7786 0.7045, -0.2733 0.7667 0.7165, -0.2431 0.774 0.7102, -0.245 0.7736 0.7107, -0.2289 0.7769 0.8761, -0.2543 0.7715 0.713, -0.2454 0.7735 0.8719, -0.2663 0.7685 0.867, -0.3006 0.7584 0.862, -0.3006 0.7584 0.7191, -0.3117 0.7548 0.8609, -0.311 0.755 0.7195, -0.3324 0.7471 0.8601, -0.3298 0.7482 0.7189, -0.3527 0.7388 0.8605, -0.3466 0.7414 0.717, -0.3726 0.7297 0.8622, -0.3862 0.723 0.8643, -0.3645 0.7335 0.7137, -0.382 0.7252 0.7089, -0.3921 0.72 0.8652, -0.4329 0.6965 0.6951, -0.411 0.7096 0.8695, -0.4527 0.6834 0.6913, -0.4205 0.7041 0.8722, -0.4556 0.6815 0.6909, -0.4268 0.7003 0.8742, -0.4652 0.6745 0.7, -0.4331 0.6964 0.8763, -0.3862 0.723 0.7076, -0.3909 0.7206 0.7062, -0.4124 0.7089 0.7, -0.4739 0.6682 0.7083, -0.4652 0.6745 0.8856, -0.4528 0.6834 0.8824, -0.4921 0.6539 0.7246, -0.5095 0.6391 0.7393, -0.4718 0.6698 0.8874, -0.5261 0.6238 0.7523, -0.49 0.6556 0.8913, -0.5075 0.6408 0.894, -0.5243 0.6255 0.8955, -0.5357 0.6144 0.7588, -0.5356 0.6144 0.8957, -0.5394 0.6107 0.7614, -0.5516 0.5979 0.7683, -0.5405 0.6096 0.8958, -0.5637 0.5844 0.7739, -0.556 0.593 0.8948, -0.5675 0.58 0.7754, -0.5578 0.5911 0.8946, -0.5801 0.5647 0.7796, -0.6442 0.4649 0.781, -0.6443 0.4649 0.8642, -0.6379 0.4772 0.7829, -0.6427 0.4681 0.8647, -0.6275 0.4957 0.7844, -0.6324 0.4871 0.8688, -0.6163 0.5139 0.7848, -0.6216 0.5055 0.8742, -0.6156 0.515 0.8773, -0.6046 0.5316 0.7842, -0.602 0.5353 0.8834, -0.5958 0.5439 0.783, -0.5958 0.5439 0.8856, -0.5925 0.5486 0.7825, -0.5879 0.5547 0.8884, -0.5732 0.5732 0.8921, -0.6476 0.4583 0.7801, -0.6576 0.437 0.8609, -0.6482 0.4571 0.863, -0.6999 0.2984 0.8782, -0.6953 0.3218 0.8725, -0.7013 0.2892 0.7475, -0.7001 0.2968 0.7485, -0.6948 0.3242 0.8719, -0.6926 0.3337 0.8695, -0.6952 0.322 0.7524, -0.6872 0.3546 0.8652, -0.6495 0.4545 0.7793, -0.6604 0.4306 0.7744, -0.6662 0.4167 0.8601, -0.6703 0.4061 0.7691, -0.674 0.3962 0.8605, -0.6792 0.3811 0.7637, -0.6797 0.3793 0.8619, -0.6797 0.3793 0.7634, -0.681 0.3754 0.8622, -0.6869 0.3557 0.7585, -0.6935 0.3299 0.7537, -0.7078 0.2288 0.8886, -0.7061 0.2519 0.8863, -0.7039 0.2718 0.7453, -0.7035 0.2751 0.8828, -0.7013 0.2892 0.88, -0.7065 0.2468 0.743, -0.7081 0.2218 0.7416, -0.7086 0.2058 0.8897, -0.7087 0.1969 0.7411, -0.7087 0.1969 0.8898, 0.7087 0.1969 0.8898, 0.7087 0.1969 0.7411, 0.7085 0.2096 0.7413, 0.7082 0.2198 0.8892, 0.7075 0.2345 0.7422, 0.7073 0.2364 0.8879, 0.7053 0.2595 0.7441, 0.7053 0.2601 0.8852, 0.7028 0.2799 0.7462, 0.7022 0.2838 0.8812, 0.7013 0.2892 0.7475, 0.7013 0.2892 0.88, 0.6829 0.3694 0.863, 0.6839 0.366 0.8634, 0.6871 0.3548 0.7584, 0.6935 0.3299 0.7537, 0.6898 0.3451 0.867, 0.6987 0.3049 0.7496, 0.6948 0.3242 0.8719, 0.6982 0.3076 0.8761, 0.6797 0.3793 0.862, 0.6798 0.3793 0.7634, 0.676 0.3905 0.8609, 0.6797 0.3796 0.7634, 0.6684 0.4112 0.8601, 0.6711 0.4042 0.7687, 0.6601 0.4315 0.8605, 0.6613 0.4285 0.7739, 0.651 0.4514 0.8622, 0.6495 0.4545 0.7793, 0.6442 0.4649 0.8643, 0.6216 0.5055 0.8742, 0.6193 0.5091 0.7848, 0.6177 0.5118 0.8763, 0.6074 0.5275 0.7844, 0.6442 0.4649 0.7811, 0.6409 0.4715 0.7822, 0.6413 0.4708 0.8652, 0.6306 0.4904 0.7841, 0.6309 0.4898 0.8695, 0.6254 0.4993 0.8722, 0.5508 0.5987 0.7679, 0.5356 0.6144 0.8957, 0.5632 0.585 0.7737, 0.5467 0.6031 0.8955, 0.5755 0.5704 0.7782, 0.5621 0.5863 0.894, 0.5817 0.5627 0.7801, 0.5768 0.5688 0.8913, 0.5948 0.5454 0.7829, 0.591 0.5505 0.8874, 0.5959 0.544 0.783, 0.5958 0.5439 0.8856, 0.6047 0.5316 0.8824, 0.5123 0.6366 0.8946, 0.5261 0.6238 0.7523, 0.4945 0.6519 0.8921, 0.4759 0.6666 0.8884, 0.5385 0.6116 0.7608, 0.5357 0.6144 0.7588, 0.5308 0.6192 0.8958, 0.5143 0.6348 0.8948, 0.4652 0.6745 0.8856, 0.5095 0.6391 0.7393, 0.4921 0.6539 0.7246, 0.4739 0.6682 0.7083, 0.4652 0.6745 0.7, 0.4566 0.6808 0.8834, 0.3862 0.723 0.7076, 0.3862 0.723 0.8642, 0.3889 0.7217 0.7068, 0.3894 0.7214 0.8647, 0.4099 0.7103 0.7007, 0.4301 0.6983 0.6957, 0.4084 0.7111 0.8688, 0.4496 0.6856 0.6918, 0.4556 0.6815 0.6909, 0.4268 0.7003 0.8742, 0.4363 0.6944 0.8773, 0.382 0.7252 0.7089, 0.3675 0.7322 0.713, 0.3783 0.727 0.863, 0.3497 0.7401 0.7166, 0.3583 0.7364 0.8609, 0.2639 0.7691 0.7149, 0.2431 0.774 0.8725, 0.2454 0.7735 0.8719, 0.2549 0.7713 0.8695, 0.2759 0.7659 0.8652, 0.2828 0.764 0.7178, 0.2967 0.7597 0.8622, 0.338 0.745 0.8601, 0.3315 0.7475 0.7187, 0.3174 0.7528 0.8605, 0.3129 0.7544 0.7195, 0.3006 0.7584 0.8619, 0.3006 0.7584 0.7191, 0.294 0.7606 0.7189, 0.2197 0.7786 0.8782, 0.245 0.7736 0.7107, 0.2105 0.78 0.88, 0.2289 0.7769 0.7066, 0.2105 0.78 0.7027, 0.1963 0.7822 0.8828, 0.205 0.781 0.7015, 0.1731 0.7848 0.8863, 0.1813 0.784 0.6975, 0.1501 0.7865 0.8886, 0.1577 0.7861 0.6947, 0.141 0.787 0.6935, 0.1271 0.7873 0.8897, 0.1181 0.7874 0.6929, 0.1181 0.7874 0.8898, 0.2906 -0.7616 0.863, 0.2873 -0.7627 0.8634, 0.2922 -0.7612 0.7187, 0.1181 -0.7874 0.8898, 0.1181 -0.7874 0.6929, 0.1271 -0.7873 0.693, 0.141 -0.787 0.8892, 0.1501 -0.7865 0.6941, 0.1577 -0.7861 0.8879, 0.1813 -0.784 0.8852, 0.1731 -0.7848 0.6964, 0.205 -0.781 0.8812, 0.1963 -0.7822 0.6999, 0.2105 -0.78 0.88, 0.2105 -0.78 0.7027, 0.2197 -0.7786 0.7045, 0.2733 -0.7667 0.7165, 0.2431 -0.774 0.7102, 0.245 -0.7736 0.7107, 0.2289 -0.7769 0.8761, 0.2543 -0.7715 0.713, 0.2454 -0.7735 0.8719, 0.2663 -0.7685 0.867, 0.3006 -0.7584 0.862, 0.3006 -0.7584 0.7191, 0.3117 -0.7548 0.8609, 0.311 -0.755 0.7195, 0.3324 -0.7471 0.8601, 0.3298 -0.7482 0.7189, 0.3527 -0.7388 0.8605, 0.3466 -0.7414 0.717, 0.3726 -0.7297 0.8622, 0.3862 -0.723 0.8643, 0.3645 -0.7335 0.7137, 0.382 -0.7252 0.7089, 0.3921 -0.72 0.8652, 0.4329 -0.6965 0.6951, 0.411 -0.7096 0.8695, 0.4527 -0.6834 0.6913, 0.4205 -0.7041 0.8722, 0.4556 -0.6815 0.6909, 0.4268 -0.7003 0.8742, 0.4652 -0.6745 0.7, 0.4331 -0.6964 0.8763, 0.3862 -0.723 0.7076, 0.3909 -0.7206 0.7062, 0.4124 -0.7089 0.7, 0.4739 -0.6682 0.7083, 0.4652 -0.6745 0.8856, 0.4528 -0.6834 0.8824, 0.4921 -0.6539 0.7246, 0.5095 -0.6391 0.7393, 0.4718 -0.6698 0.8874, 0.5261 -0.6238 0.7523, 0.49 -0.6556 0.8913, 0.5075 -0.6408 0.894, 0.5243 -0.6255 0.8955, 0.5357 -0.6144 0.7588, 0.5356 -0.6144 0.8957, 0.5394 -0.6107 0.7614, 0.5516 -0.5979 0.7683, 0.5405 -0.6096 0.8958, 0.5637 -0.5844 0.7739, 0.556 -0.593 0.8948, 0.5675 -0.58 0.7754, 0.5578 -0.5911 0.8946, 0.5801 -0.5647 0.7796, 0.6442 -0.4649 0.781, 0.6443 -0.4649 0.8642, 0.6379 -0.4772 0.7829, 0.6427 -0.4681 0.8647, 0.6275 -0.4957 0.7844, 0.6324 -0.4871 0.8688, 0.6163 -0.5139 0.7848, 0.6216 -0.5055 0.8742, 0.6156 -0.515 0.8773, 0.6046 -0.5316 0.7842, 0.602 -0.5353 0.8834, 0.5958 -0.5439 0.783, 0.5958 -0.5439 0.8856, 0.5925 -0.5486 0.7825, 0.5879 -0.5547 0.8884, 0.5732 -0.5732 0.8921, 0.6476 -0.4583 0.7801, 0.6576 -0.437 0.8609, 0.6482 -0.4571 0.863, 0.6999 -0.2984 0.8782, 0.6953 -0.3218 0.8725, 0.7013 -0.2892 0.7475, 0.7001 -0.2968 0.7485, 0.6948 -0.3242 0.8719, 0.6926 -0.3337 0.8695, 0.6952 -0.322 0.7524, 0.6872 -0.3546 0.8652, 0.6495 -0.4545 0.7793, 0.6604 -0.4306 0.7744, 0.6662 -0.4167 0.8601, 0.6703 -0.4061 0.7691, 0.674 -0.3962 0.8605, 0.6792 -0.3811 0.7637, 0.6797 -0.3793 0.8619, 0.6797 -0.3793 0.7634, 0.681 -0.3754 0.8622, 0.6869 -0.3557 0.7585, 0.6935 -0.3299 0.7537, 0.7078 -0.2288 0.8886, 0.7061 -0.2519 0.8863, 0.7039 -0.2718 0.7453, 0.7035 -0.2751 0.8828, 0.7013 -0.2892 0.88, 0.7065 -0.2468 0.743, 0.7081 -0.2218 0.7416, 0.7086 -0.2058 0.8897, 0.7087 -0.1969 0.7411, 0.7087 -0.1969 0.8898, -0.1501 -0.7865 0.8886, -0.141 -0.787 0.6935, -0.1271 -0.7873 0.8897, -0.1181 -0.7874 0.6929, -0.1181 -0.7874 0.8898, -0.2639 -0.7691 0.7149, -0.2431 -0.774 0.8725, -0.2454 -0.7735 0.8719, -0.2549 -0.7713 0.8695, -0.2759 -0.7659 0.8652, -0.2828 -0.764 0.7178, -0.2967 -0.7597 0.8622, -0.294 -0.7606 0.7189, -0.2197 -0.7786 0.8782, -0.245 -0.7736 0.7107, -0.2105 -0.78 0.88, -0.2289 -0.7769 0.7066, -0.2105 -0.78 0.7027, -0.1963 -0.7822 0.8828, -0.205 -0.781 0.7015, -0.1731 -0.7848 0.8863, -0.1813 -0.784 0.6975, -0.1577 -0.7861 0.6947, -0.3497 -0.7401 0.7166, -0.3783 -0.727 0.863, -0.3675 -0.7322 0.713, -0.3862 -0.723 0.8642, -0.382 -0.7252 0.7089, -0.3006 -0.7584 0.7191, -0.3006 -0.7584 0.8619, -0.3129 -0.7544 0.7195, -0.3174 -0.7528 0.8605, -0.3315 -0.7475 0.7187, -0.338 -0.745 0.8601, -0.3583 -0.7364 0.8609, -0.3894 -0.7214 0.8647, -0.3889 -0.7217 0.7068, -0.3862 -0.723 0.7076, -0.4084 -0.7111 0.8688, -0.4301 -0.6983 0.6957, -0.4099 -0.7103 0.7007, -0.4363 -0.6944 0.8773, -0.4652 -0.6745 0.7, -0.4268 -0.7003 0.8742, -0.4556 -0.6815 0.6909, -0.4496 -0.6856 0.6918, -0.5123 -0.6366 0.8946, -0.5261 -0.6238 0.7523, -0.4945 -0.6519 0.8921, -0.4759 -0.6666 0.8884, -0.4652 -0.6745 0.8856, -0.5095 -0.6391 0.7393, -0.4921 -0.6539 0.7246, -0.4566 -0.6808 0.8834, -0.4739 -0.6682 0.7083, -0.5143 -0.6348 0.8948, -0.5308 -0.6192 0.8958, -0.5357 -0.6144 0.7588, -0.5356 -0.6144 0.8957, -0.5385 -0.6116 0.7608, -0.5508 -0.5987 0.7679, -0.6216 -0.5055 0.8742, -0.6193 -0.5091 0.7848, -0.6177 -0.5118 0.8763, -0.6074 -0.5275 0.7844, -0.5632 -0.585 0.7737, -0.5467 -0.6031 0.8955, -0.5755 -0.5704 0.7782, -0.5621 -0.5863 0.894, -0.5817 -0.5627 0.7801, -0.5768 -0.5688 0.8913, -0.5948 -0.5454 0.7829, -0.591 -0.5505 0.8874, -0.5959 -0.544 0.783, -0.5958 -0.5439 0.8856, -0.6047 -0.5316 0.8824, -0.6254 -0.4993 0.8722, -0.6309 -0.4898 0.8695, -0.6306 -0.4904 0.7841, -0.6413 -0.4708 0.8652, -0.6409 -0.4715 0.7822, -0.6442 -0.4649 0.8643, -0.6442 -0.4649 0.7811, -0.6495 -0.4545 0.7793, -0.651 -0.4514 0.8622, -0.6613 -0.4285 0.7739, -0.6601 -0.4315 0.8605, -0.6711 -0.4042 0.7687, -0.6684 -0.4112 0.8601, -0.6797 -0.3796 0.7634, -0.676 -0.3905 0.8609, -0.6798 -0.3793 0.7634, -0.6797 -0.3793 0.862, -0.6871 -0.3548 0.7584, -0.6829 -0.3694 0.863, -0.6839 -0.366 0.8634, -0.6935 -0.3299 0.7537, -0.6898 -0.3451 0.867, -0.6987 -0.3049 0.7496, -0.6948 -0.3242 0.8719, -0.7013 -0.2892 0.7475, -0.6982 -0.3076 0.8761, -0.7013 -0.2892 0.88, -0.7022 -0.2838 0.8812, -0.7028 -0.2799 0.7462, -0.7053 -0.2601 0.8852, -0.7053 -0.2595 0.7441, -0.7073 -0.2364 0.8879, -0.7075 -0.2345 0.7422, -0.7082 -0.2198 0.8892, -0.7085 -0.2096 0.7413, -0.7087 -0.1969 0.8898, -0.7087 -0.1969 0.7411, -0.7087 -0.1969 0.7411
            ]
        }
        coordIndex [
            0,1,2,-1,3,4,5,-1,3,5,6,-1,6,5,7,-1,6,7,8,-1,8,7,9,-1,9,7,10,-1,9,10,11,-1,11,10,12,-1,11,12,13,-1,13,12,14,-1,13,14,15,-1,2,1,16,-1,15,17,13,-1,13,17,18,-1,13,18,19,-1,19,18,20,-1,19,20,21,-1,21,20,16,-1,21,16,22,-1,22,16,1,-1,0,2,23,-1,23,2,24,-1,23,24,25,-1,25,24,26,-1,25,26,27,-1,27,26,28,-1,27,28,29,-1,29,28,30,-1,29,30,31,-1,31,30,32,-1,32,30,33,-1,32,33,34,-1,35,36,37,-1,37,36,38,-1,37,38,39,-1,39,38,40,-1,39,40,41,-1,41,40,42,-1,41,42,43,-1,34,44,32,-1,32,44,45,-1,32,45,35,-1,35,45,46,-1,35,46,36,-1,47,48,42,-1,42,48,49,-1,42,49,43,-1,47,50,48,-1,48,50,51,-1,48,51,52,-1,52,51,53,-1,52,53,54,-1,54,53,55,-1,55,53,56,-1,56,53,57,-1,56,57,58,-1,57,59,58,-1,58,59,60,-1,58,60,61,-1,61,60,62,-1,61,62,63,-1,63,62,64,-1,63,64,65,-1,65,64,66,-1,67,68,69,-1,69,68,70,-1,69,70,71,-1,71,70,72,-1,71,72,73,-1,72,74,73,-1,73,74,75,-1,73,75,76,-1,76,75,77,-1,76,77,78,-1,78,77,79,-1,78,79,80,-1,80,79,81,-1,80,81,66,-1,66,81,82,-1,66,82,65,-1,83,84,67,-1,67,84,85,-1,67,85,68,-1,86,87,88,-1,88,87,89,-1,87,90,89,-1,89,90,91,-1,89,91,92,-1,92,91,93,-1,83,94,84,-1,84,94,95,-1,84,95,96,-1,96,95,97,-1,96,97,98,-1,98,97,99,-1,98,99,100,-1,100,99,101,-1,100,101,102,-1,102,101,103,-1,102,103,93,-1,93,103,104,-1,93,104,92,-1,105,106,107,-1,107,106,108,-1,107,108,88,-1,88,108,109,-1,88,109,86,-1,107,110,105,-1,105,110,111,-1,105,111,112,-1,112,111,113,-1,112,113,114,-1,115,116,117,-1,115,117,118,-1,118,117,119,-1,118,119,120,-1,120,119,121,-1,120,121,122,-1,122,121,123,-1,122,123,124,-1,124,123,125,-1,124,125,126,-1,127,128,129,-1,129,128,130,-1,130,128,131,-1,130,131,132,-1,132,131,133,-1,132,133,125,-1,125,133,134,-1,125,134,126,-1,127,129,135,-1,135,129,136,-1,135,136,137,-1,137,136,138,-1,137,138,139,-1,139,138,140,-1,139,140,141,-1,141,140,142,-1,141,142,143,-1,143,142,144,-1,143,144,145,-1,146,147,148,-1,148,147,149,-1,144,150,145,-1,145,150,151,-1,145,151,152,-1,152,151,153,-1,152,153,154,-1,154,153,147,-1,154,147,155,-1,155,147,146,-1,156,157,158,-1,158,157,159,-1,158,159,160,-1,160,159,161,-1,160,161,162,-1,162,161,163,-1,162,163,164,-1,164,163,165,-1,164,165,166,-1,166,165,167,-1,166,167,149,-1,149,167,168,-1,149,168,148,-1,169,170,171,-1,171,170,172,-1,156,173,157,-1,157,173,174,-1,157,174,175,-1,175,174,170,-1,175,170,176,-1,176,170,169,-1,172,170,177,-1,177,170,178,-1,177,178,179,-1,179,180,177,-1,177,180,181,-1,177,181,182,-1,183,184,185,-1,185,184,186,-1,185,186,187,-1,187,186,188,-1,188,186,189,-1,188,189,190,-1,190,189,191,-1,191,189,192,-1,191,192,181,-1,181,192,193,-1,181,193,182,-1,183,194,184,-1,184,194,195,-1,184,195,196,-1,196,195,197,-1,196,197,198,-1,199,200,201,-1,201,202,199,-1,199,202,203,-1,199,203,204,-1,204,203,205,-1,198,197,206,-1,206,197,207,-1,206,207,208,-1,208,207,209,-1,208,209,210,-1,210,209,211,-1,210,211,205,-1,205,211,212,-1,205,212,204,-1,200,199,213,-1,213,199,214,-1,213,214,215,-1,214,216,215,-1,215,216,217,-1,215,217,218,-1,218,217,219,-1,218,219,220,-1,220,219,221,-1,220,221,222,-1,221,223,222,-1,222,223,224,-1,222,224,225,-1,225,224,226,-1,225,226,227,-1,228,229,230,-1,231,232,233,-1,231,233,234,-1,234,233,235,-1,234,235,236,-1,236,235,237,-1,237,235,238,-1,237,238,239,-1,239,238,240,-1,239,240,241,-1,241,240,242,-1,241,242,243,-1,230,229,244,-1,243,245,241,-1,241,245,246,-1,241,246,247,-1,247,246,248,-1,247,248,249,-1,249,248,244,-1,249,244,250,-1,250,244,229,-1,228,230,251,-1,251,230,252,-1,251,252,253,-1,253,252,254,-1,253,254,255,-1,255,254,256,-1,255,256,257,-1,257,256,258,-1,257,258,259,-1,259,258,260,-1,260,258,261,-1,260,261,262,-1,263,264,265,-1,265,264,266,-1,265,266,267,-1,267,266,268,-1,267,268,269,-1,269,268,270,-1,269,270,271,-1,262,272,260,-1,260,272,273,-1,260,273,263,-1,263,273,274,-1,263,274,264,-1,275,276,270,-1,270,276,277,-1,270,277,271,-1,275,278,276,-1,276,278,279,-1,276,279,280,-1,280,279,281,-1,280,281,282,-1,282,281,283,-1,283,281,284,-1,284,281,285,-1,284,285,286,-1,285,287,286,-1,286,287,288,-1,286,288,289,-1,289,288,290,-1,289,290,291,-1,291,290,292,-1,291,292,293,-1,293,292,294,-1,295,296,297,-1,297,296,298,-1,297,298,299,-1,299,298,300,-1,299,300,301,-1,300,302,301,-1,301,302,303,-1,301,303,304,-1,304,303,305,-1,304,305,306,-1,306,305,307,-1,306,307,308,-1,308,307,309,-1,308,309,294,-1,294,309,310,-1,294,310,293,-1,311,312,295,-1,295,312,313,-1,295,313,296,-1,314,315,316,-1,316,315,317,-1,315,318,317,-1,317,318,319,-1,317,319,320,-1,320,319,321,-1,311,322,312,-1,312,322,323,-1,312,323,324,-1,324,323,325,-1,324,325,326,-1,326,325,327,-1,326,327,328,-1,328,327,329,-1,328,329,330,-1,330,329,331,-1,330,331,321,-1,321,331,332,-1,321,332,320,-1,333,334,335,-1,335,334,336,-1,335,336,316,-1,316,336,337,-1,316,337,314,-1,335,338,333,-1,333,338,339,-1,333,339,340,-1,340,339,341,-1,340,341,342,-1,343,344,345,-1,345,344,346,-1,345,346,347,-1,348,349,350,-1,350,351,348,-1,348,351,352,-1,348,352,353,-1,353,352,354,-1,353,354,355,-1,349,348,356,-1,356,348,357,-1,356,357,358,-1,357,359,358,-1,358,359,360,-1,358,360,361,-1,361,360,362,-1,361,362,363,-1,363,362,364,-1,363,364,343,-1,343,364,365,-1,343,365,344,-1,366,367,368,-1,368,367,369,-1,368,369,370,-1,355,354,371,-1,371,354,372,-1,371,372,373,-1,373,372,374,-1,373,374,375,-1,375,374,376,-1,375,376,366,-1,366,376,377,-1,366,377,367,-1,378,379,369,-1,369,379,380,-1,369,380,370,-1,381,382,378,-1,378,382,383,-1,378,383,379,-1,384,385,386,-1,386,385,387,-1,386,387,381,-1,381,387,388,-1,381,388,382,-1,389,390,391,-1,391,390,392,-1,392,390,393,-1,393,390,394,-1,393,394,395,-1,384,396,385,-1,385,396,393,-1,385,393,397,-1,397,393,395,-1,389,398,390,-1,390,398,399,-1,390,399,400,-1,400,399,401,-1,400,401,402,-1,402,401,403,-1,404,405,406,-1,406,405,407,-1,403,401,408,-1,408,401,409,-1,408,409,410,-1,410,409,411,-1,410,411,412,-1,412,411,413,-1,412,413,414,-1,414,413,415,-1,414,415,416,-1,416,415,417,-1,416,417,407,-1,407,417,418,-1,407,418,406,-1,404,419,405,-1,405,419,420,-1,405,420,421,-1,421,420,422,-1,421,422,423,-1,423,422,424,-1,423,424,425,-1,425,424,426,-1,426,424,427,-1,426,427,428,-1,428,427,429,-1,428,429,430,-1,430,429,431,-1,430,431,432,-1,432,431,433,-1,432,433,434,-1,434,433,435,-1,434,435,436,-1,435,437,436,-1,436,437,438,-1,436,438,439,-1,439,438,440,-1,439,440,441,-1,441,440,442,-1,441,442,443,-1,443,442,444,-1,444,445,443,-1,443,445,446,-1,443,446,447,-1,447,446,448,-1,447,448,449,-1,449,448,450,-1,449,450,451,-1,451,450,452,-1,451,452,453,-1,453,452,454,-1,453,454,455,-1,
        ]
    }
}
Shape{
    appearance Appearance {
        material  Material 	{
            diffuseColor 0.4392156862745098 0.4392156862745098 0.4392156862745098
            specularColor 0.2196078431372549 0.2196078431372549 0.2196078431372549
            ambientIntensity 0.2
            transparency 0
            shininess 0.5
        }
    }
    geometry IndexedFaceSet {
        ccw TRUE
        solid FALSE
        coord DEF co Coordinate {
            point [
                0.4266 0.9566 0.2992, 0.4372 0.9477 0.2992, 0.4266 0.9566 0.0433, 0.47 0.9202 0.2992, 0.5628 0.8423 0.0433, 0.5027 0.8928 0.2992, 0.5351 0.8656 0.2992, 0.5643 0.8411 0.0433, 0.5674 0.8385 0.2992, 0.5759 0.8314 0.0453, 0.5954 0.815 0.2992, 0.5954 0.815 0.0576, 0.5867 0.8223 0.0503, 0.4404 -0.9451 0.2992, 0.4266 -0.9566 0.2992, 0.4266 -0.9566 0.0433, 0.5954 -0.815 0.0576, 0.5954 -0.815 0.2992, 0.5867 -0.8223 0.0503, 0.5734 -0.8335 0.2992, 0.5753 -0.8319 0.0451, 0.5628 -0.8423 0.0433, 0.5404 -0.8611 0.2992, 0.5074 -0.8889 0.2992, 0.474 -0.9168 0.2992, 0.8656 -0.7874 0.0706, 0.8661 -0.7874 0.0706, 0.8661 -0.7874 0.2992, 0.6713 -0.7874 0.2992, 0.6713 -0.7874 0.1609, 0.6991 -0.7874 0.2992, 0.6978 -0.7874 0.163, 0.7355 -0.7874 0.2992, 0.724 -0.7874 0.1584, 0.8356 -0.7874 0.2992, 0.7482 -0.7874 0.1473, 0.8037 -0.7874 0.2992, 0.7703 -0.7874 0.2992, 0.7689 -0.7874 0.1304, 0.7983 -0.7874 0.0995, 0.8125 -0.7874 0.0872, 0.829 -0.7874 0.0781, 0.8469 -0.7874 0.0725, -0.4404 0.9451 0.2992, -0.4266 0.9566 0.2992, -0.4266 0.9566 0.0433, -0.5954 0.815 0.0576, -0.5954 0.815 0.2992, -0.5867 0.8223 0.0503, -0.5734 0.8335 0.2992, -0.5753 0.8319 0.0451, -0.5628 0.8423 0.0433, -0.5404 0.8611 0.2992, -0.5074 0.8889 0.2992, -0.474 0.9168 0.2992, -0.4266 -0.9566 0.2992, -0.4372 -0.9477 0.2992, -0.4266 -0.9566 0.0433, -0.47 -0.9202 0.2992, -0.5628 -0.8423 0.0433, -0.5027 -0.8928 0.2992, -0.5351 -0.8656 0.2992, -0.5643 -0.8411 0.0433, -0.5674 -0.8385 0.2992, -0.5759 -0.8314 0.0453, -0.5954 -0.815 0.2992, -0.5954 -0.815 0.0576, -0.5867 -0.8223 0.0503, -0.6978 -0.7874 0.163, -0.6713 -0.7874 0.1609, -0.6713 -0.7874 0.2992, -0.724 -0.7874 0.1584, -0.8037 -0.7874 0.2992, -0.7482 -0.7874 0.1473, -0.8356 -0.7874 0.2992, -0.7689 -0.7874 0.1304, -0.8661 -0.7874 0.2992, -0.7983 -0.7874 0.0995, -0.6991 -0.7874 0.2992, -0.7355 -0.7874 0.2992, -0.7703 -0.7874 0.2992, -0.8661 -0.7874 0.0706, -0.8656 -0.7874 0.0706, -0.8469 -0.7874 0.0725, -0.829 -0.7874 0.0781, -0.8125 -0.7874 0.0872, -0.4907 0.9266 1.5394, -0.4907 0.9266 1.2835, -0.5001 0.9172 1.2835, -0.5301 0.8872 1.2835, -0.56 0.8573 1.2835, -0.5897 0.8276 1.2835, -0.6193 0.798 1.2835, -0.6487 0.7686 1.2835, -0.8479 0.5695 1.5394, -0.6781 0.7392 1.2835, -0.7076 0.7098 1.2835, -0.711 0.7063 1.2835, -0.7414 0.6759 1.2835, -0.7719 0.6454 1.2835, -0.8026 0.6147 1.2835, -0.8337 0.5837 1.2835, -0.8479 0.5695 1.2835, -0.8479 -0.5695 1.5394, -0.8479 -0.5695 1.2835, -0.8385 -0.5788 1.2835, -0.8085 -0.6089 1.2835, -0.7786 -0.6387 1.2835, -0.7489 -0.6685 1.2835, -0.7193 -0.698 1.2835, -0.6898 -0.7275 1.2835, -0.4907 -0.9266 1.5394, -0.6604 -0.7569 1.2835, -0.631 -0.7863 1.2835, -0.6276 -0.7897 1.2835, -0.5972 -0.8201 1.2835, -0.5667 -0.8507 1.2835, -0.5359 -0.8814 1.2835, -0.5049 -0.9124 1.2835, -0.4907 -0.9266 1.2835, 0.4907 -0.9266 1.5394, 0.4907 -0.9266 1.2835, 0.5001 -0.9172 1.2835, 0.5301 -0.8872 1.2835, 0.56 -0.8573 1.2835, 0.5897 -0.8276 1.2835, 0.6193 -0.798 1.2835, 0.6487 -0.7686 1.2835, 0.8479 -0.5695 1.5394, 0.6781 -0.7392 1.2835, 0.7076 -0.7098 1.2835, 0.711 -0.7063 1.2835, 0.7414 -0.6759 1.2835, 0.7719 -0.6454 1.2835, 0.8026 -0.6147 1.2835, 0.8337 -0.5837 1.2835, 0.8479 -0.5695 1.2835, 0.8479 0.5695 1.5394, 0.8479 0.5695 1.2835, 0.8385 0.5788 1.2835, 0.8085 0.6089 1.2835, 0.7786 0.6387 1.2835, 0.7489 0.6685 1.2835, 0.7193 0.698 1.2835, 0.6898 0.7275 1.2835, 0.4907 0.9266 1.5394, 0.6604 0.7569 1.2835, 0.631 0.7863 1.2835, 0.6276 0.7897 1.2835, 0.5972 0.8201 1.2835, 0.5667 0.8507 1.2835, 0.5359 0.8814 1.2835, 0.5049 0.9124 1.2835, 0.4907 0.9266 1.2835, -0.8512 -0.5651 1.2835, -0.8791 -0.5287 1.5394, -0.8768 -0.5317 1.2835, -0.8664 -0.5453 1.2835, -0.8562 -0.5585 1.2835, -0.9008 -0.4661 1.2835, -0.8988 -0.4812 1.2835, -0.8988 -0.4812 1.5394, -0.8979 -0.4834 1.2835, -0.8911 -0.4998 1.2835, -0.8844 -0.5161 1.2835, -0.8791 -0.5287 1.2835, -0.9055 -0.4303 1.5394, -0.9055 -0.4303 1.2835, -0.9034 -0.4465 1.2835, -0.9012 -0.4634 1.2835, -0.3588 -0.9833 1.2835, -0.3515 -0.9843 1.2835, -0.3515 -0.9843 1.5394, -0.478 -0.9364 1.2835, -0.45 -0.9579 1.5394, -0.4647 -0.9466 1.2835, -0.4569 -0.9525 1.2835, -0.45 -0.9579 1.2835, -0.4419 -0.9612 1.2835, -0.4025 -0.9775 1.5394, -0.4255 -0.968 1.2835, -0.4092 -0.9748 1.2835, -0.4025 -0.9775 1.2835, -0.3924 -0.9789 1.2835, -0.3754 -0.9811 1.2835, 0.4864 -0.9299 1.2835, 0.45 -0.9579 1.5394, 0.453 -0.9556 1.2835, 0.4665 -0.9452 1.2835, 0.4798 -0.935 1.2835, 0.3874 -0.9795 1.2835, 0.4025 -0.9775 1.2835, 0.4025 -0.9775 1.5394, 0.4047 -0.9766 1.2835, 0.421 -0.9699 1.2835, 0.4374 -0.9631 1.2835, 0.45 -0.9579 1.2835, 0.3515 -0.9843 1.5394, 0.3515 -0.9843 1.2835, 0.3678 -0.9821 1.2835, 0.3846 -0.9799 1.2835, 0.9046 -0.4376 1.2835, 0.9055 -0.4303 1.2835, 0.9055 -0.4303 1.5394, 0.8577 -0.5567 1.2835, 0.8791 -0.5287 1.5394, 0.8679 -0.5434 1.2835, 0.8738 -0.5357 1.2835, 0.8791 -0.5287 1.2835, 0.8825 -0.5206 1.2835, 0.8988 -0.4812 1.5394, 0.8893 -0.5042 1.2835, 0.896 -0.4879 1.2835, 0.8988 -0.4812 1.2835, 0.9001 -0.4711 1.2835, 0.9024 -0.4541 1.2835, 0.3588 0.9833 1.2835, 0.3515 0.9843 1.2835, 0.3515 0.9843 1.5394, 0.478 0.9364 1.2835, 0.45 0.9579 1.5394, 0.4647 0.9466 1.2835, 0.4569 0.9525 1.2835, 0.45 0.9579 1.2835, 0.4419 0.9612 1.2835, 0.4025 0.9775 1.5394, 0.4255 0.968 1.2835, 0.4092 0.9748 1.2835, 0.4025 0.9775 1.2835, 0.3924 0.9789 1.2835, 0.3754 0.9811 1.2835, -0.4864 0.9299 1.2835, -0.45 0.9579 1.5394, -0.453 0.9556 1.2835, -0.4665 0.9452 1.2835, -0.4798 0.935 1.2835, -0.3874 0.9795 1.2835, -0.4025 0.9775 1.2835, -0.4025 0.9775 1.5394, -0.4047 0.9766 1.2835, -0.421 0.9699 1.2835, -0.4374 0.9631 1.2835, -0.45 0.9579 1.2835, -0.3515 0.9843 1.5394, -0.3515 0.9843 1.2835, -0.3678 0.9821 1.2835, -0.3846 0.9799 1.2835, -0.8723 0.5396 1.2835, -0.8723 0.5396 1.5394, -0.8687 0.544 1.2835, -0.8581 0.557 1.2835, -0.8905 0.5056 1.2835, -0.8905 0.5056 1.5394, -0.8826 0.5205 1.2835, -0.8742 0.5361 1.2835, -0.9017 0.4687 1.2835, -0.9017 0.4687 1.5394, -0.901 0.4712 1.2835, -0.8959 0.4879 1.2835, -0.9055 0.4303 1.2835, -0.9055 0.4303 1.5394, -0.9048 0.4376 1.2835, -0.9032 0.4543 1.2835, 0.8512 0.5651 1.2835, 0.8791 0.5287 1.5394, 0.8768 0.5317 1.2835, 0.8664 0.5453 1.2835, 0.8562 0.5585 1.2835, 0.9008 0.4661 1.2835, 0.8988 0.4812 1.2835, 0.8988 0.4812 1.5394, 0.8979 0.4834 1.2835, 0.8911 0.4998 1.2835, 0.8844 0.5161 1.2835, 0.8791 0.5287 1.2835, 0.9055 0.4303 1.5394, 0.9055 0.4303 1.2835, 0.9034 0.4465 1.2835, 0.9012 0.4634 1.2835, 0.82 -0.5416 1.5787, 0.8723 -0.5396 1.5394, 0.8396 -0.5178 1.5787, 0.8784 -0.5283 1.5394, 0.8542 -0.4905 1.5787, 0.8905 -0.5056 1.5394, 0.898 -0.481 1.5394, 0.8631 -0.461 1.5787, 0.9017 -0.4687 1.5394, 0.8661 -0.4303 1.5787, 0.8661 0.4303 1.5787, 0.4629 -0.8988 1.5787, 0.8608 0.471 1.5787, 0.845 0.509 1.5787, 0.82 0.5416 1.5787, 0.3515 -0.9449 1.5787, 0.3923 -0.9395 1.5787, 0.4303 -0.9238 1.5787, 0.4629 0.8988 1.5787, -0.3515 -0.9449 1.5787, 0.4303 0.9238 1.5787, 0.3923 0.9395 1.5787, 0.3515 0.9449 1.5787, -0.4629 -0.8988 1.5787, -0.4303 -0.9238 1.5787, -0.3923 -0.9395 1.5787, -0.3515 0.9449 1.5787, -0.82 -0.5416 1.5787, -0.3923 0.9395 1.5787, -0.4303 0.9238 1.5787, -0.4629 0.8988 1.5787, -0.8661 -0.4303 1.5787, -0.8608 -0.471 1.5787, -0.845 -0.509 1.5787, -0.82 0.5416 1.5787, -0.8661 0.4303 1.5787, -0.8396 0.5178 1.5787, -0.8542 0.4905 1.5787, -0.8631 0.461 1.5787, -0.5524 0.7677 0.0053, -0.5523 0.8056 0.0056, -0.5451 0.7659 0.0043, -0.5473 0.8078 0.0045, -0.5375 0.7652 0.0039, -0.5375 0.8122 0.0039, -0.5854 0.7909 0.0195, -0.5799 0.7933 0.0155, -0.5724 0.7759 0.0115, -0.5697 0.7748 0.0107, -0.5709 0.7973 0.0114, -0.5696 0.7979 0.0107, -0.5524 0.7677 0.0053, -0.5646 0.8002 0.0084, -0.5546 0.8046 0.0062, -0.5933 0.7874 0.0253, -0.5864 0.7821 0.0197, -0.5951 0.7866 0.0269, -0.5967 0.7859 0.0285, -0.5856 0.7818 0.0193, -0.5859 0.7907 0.0198, 0.5375 0.7652 0.0039, 0.5375 0.8122 0.0039, 0.5451 0.7659 0.0043, 0.5523 0.8056 0.0054, 0.5524 0.7677 0.0053, 0.5544 0.8047 0.0057, 0.5524 0.7677 0.0053, 0.5547 0.8046 0.0057, 0.5698 0.7747 0.0104, 0.5697 0.7979 0.0105, 0.5709 0.7974 0.0109, 0.5721 0.7757 0.0117, 0.5857 0.7908 0.0192, 0.5857 0.7818 0.0192, 0.5858 0.7907 0.0193, 0.5861 0.7906 0.0195, 0.5863 0.7821 0.0197, 0.5933 0.7874 0.0253, 0.5967 0.7859 0.0285, -0.3507 0.9843 0.2992, -0.3507 0.9843 0.0433, -0.3559 0.9836 0.2992, -0.378 0.9811 0.0433, -0.3668 0.9824 0.2992, -0.378 0.9811 0.2992, -0.3887 0.9772 0.2992, -0.4037 0.9717 0.0433, -0.3995 0.9732 0.2992, -0.4178 0.9624 0.2992, -0.4086 0.9685 0.2992, -0.4037 0.9717 0.2992, 0.4193 0.9614 0.2992, 0.4037 0.9717 0.0433, 0.4102 0.9674 0.2992, 0.3897 0.9768 0.2992, 0.4005 0.9729 0.2992, 0.4037 0.9717 0.2992, 0.3507 0.9843 0.2992, 0.3613 0.983 0.2992, 0.3507 0.9843 0.0433, 0.3724 0.9817 0.2992, 0.378 0.9811 0.0433, 0.378 0.9811 0.2992, 0.3789 0.9807 0.2992, 0.9843 0.6693 0.2992, 0.9843 0.6693 0.0706, 0.982 0.6864 0.2992, 0.9802 0.6999 0.0706, 0.9684 0.7283 0.0706, 0.9771 0.7073 0.2992, 0.9802 0.6999 0.2992, 0.9497 0.7528 0.0706, 0.9535 0.7478 0.2992, 0.9684 0.7283 0.2992, 0.9252 0.7716 0.0706, 0.9368 0.7627 0.2992, 0.9497 0.7528 0.2992, 0.8967 0.7834 0.0706, 0.8983 0.7827 0.2992, 0.912 0.777 0.2992, 0.9199 0.7738 0.2992, 0.9252 0.7716 0.2992, 0.8661 0.7874 0.2992, 0.8753 0.7862 0.2992, 0.8661 0.7874 0.0706, 0.886 0.7848 0.2992, 0.8967 0.7834 0.2992, 0.8989 -0.7825 0.2992, 0.8967 -0.7834 0.2992, 0.8967 -0.7834 0.0706, 0.8761 -0.7861 0.2992, 0.8867 -0.7847 0.2992, 0.9252 -0.7716 0.0706, 0.9252 -0.7716 0.2992, 0.9178 -0.7746 0.2992, 0.9029 -0.7808 0.2992, 0.9337 -0.7651 0.2992, 0.9497 -0.7528 0.0706, 0.9497 -0.7528 0.2992, 0.9503 -0.7519 0.2992, 0.9684 -0.7283 0.0706, 0.9642 -0.7338 0.2992, 0.9802 -0.6999 0.0706, 0.9746 -0.7134 0.2992, 0.9684 -0.7283 0.2992, 0.9843 -0.6693 0.2992, 0.9838 -0.6729 0.2992, 0.9843 -0.6693 0.0706, 0.9812 -0.6926 0.2992, 0.9802 -0.6999 0.2992, 0.5997 -0.8116 0.0654, 0.6668 -0.7875 0.1594, 0.6508 -0.7896 0.2992, 0.6471 -0.7899 0.2992, 0.6455 -0.7905 0.2992, 0.6534 -0.7888 0.1528, 0.6127 -0.8038 0.2992, 0.616 -0.8012 0.103, 0.6172 -0.8009 0.2992, 0.6171 -0.8006 0.1055, 0.6193 -0.7995 0.1106, 0.6312 -0.7954 0.2992, 0.6405 -0.7915 0.1424, 0.6454 -0.7904 0.1464, 0.6287 -0.7953 0.128, 0.6196 -0.7994 0.2992, 0.3507 -0.9843 0.2992, 0.3507 -0.9843 0.0433, 0.3559 -0.9836 0.2992, 0.378 -0.9811 0.0433, 0.3668 -0.9824 0.2992, 0.378 -0.9811 0.2992, 0.3887 -0.9772 0.2992, 0.4037 -0.9717 0.0433, 0.3995 -0.9732 0.2992, 0.4178 -0.9624 0.2992, 0.4086 -0.9685 0.2992, 0.4037 -0.9717 0.2992, -0.6125 -0.8035 0.2992, -0.6171 -0.8007 0.1057, -0.6029 -0.8092 0.0729, -0.5997 -0.8116 0.0654, -0.6451 -0.7903 0.1467, -0.6336 -0.7936 0.1347, -0.6171 -0.8008 0.2992, -0.6236 -0.7974 0.1196, -0.6155 -0.8014 0.2992, -0.6193 -0.7995 0.1106, -0.6508 -0.7899 0.2992, -0.6581 -0.7881 0.1555, -0.6454 -0.7906 0.2992, -0.6454 -0.7903 0.1468, -0.6427 -0.791 0.2992, -0.6312 -0.7954 0.2992, -0.4193 -0.9614 0.2992, -0.4037 -0.9717 0.0433, -0.4102 -0.9674 0.2992, -0.3897 -0.9768 0.2992, -0.4005 -0.9729 0.2992, -0.4037 -0.9717 0.2992, -0.3507 -0.9843 0.2992, -0.3613 -0.983 0.2992, -0.3507 -0.9843 0.0433, -0.3724 -0.9817 0.2992, -0.378 -0.9811 0.0433, -0.378 -0.9811 0.2992, -0.3789 -0.9807 0.2992, -0.8989 0.7825 0.2992, -0.8967 0.7834 0.2992, -0.8967 0.7834 0.0706, -0.8661 0.7874 0.2992, -0.8661 0.7874 0.0706, -0.8761 0.7861 0.2992, -0.8867 0.7847 0.2992, -0.9252 0.7716 0.0706, -0.9252 0.7716 0.2992, -0.9178 0.7746 0.2992, -0.9029 0.7808 0.2992, -0.9337 0.7651 0.2992, -0.9497 0.7528 0.0706, -0.9497 0.7528 0.2992, -0.9503 0.7519 0.2992, -0.9684 0.7283 0.0706, -0.9642 0.7338 0.2992, -0.9802 0.6999 0.0706, -0.9746 0.7134 0.2992, -0.9684 0.7283 0.2992, -0.9843 0.6693 0.2992, -0.9838 0.6729 0.2992, -0.9843 0.6693 0.0706, -0.9812 0.6926 0.2992, -0.9802 0.6999 0.2992, -0.9843 -0.6693 0.2992, -0.9843 -0.6693 0.0706, -0.982 -0.6864 0.2992, -0.9802 -0.6999 0.0706, -0.9684 -0.7283 0.0706, -0.9771 -0.7073 0.2992, -0.9802 -0.6999 0.2992, -0.9497 -0.7528 0.0706, -0.9535 -0.7478 0.2992, -0.9684 -0.7283 0.2992, -0.9252 -0.7716 0.0706, -0.9368 -0.7627 0.2992, -0.9497 -0.7528 0.2992, -0.8967 -0.7834 0.0706, -0.8983 -0.7827 0.2992, -0.912 -0.777 0.2992, -0.9199 -0.7738 0.2992, -0.9252 -0.7716 0.2992, -0.8753 -0.7862 0.2992, -0.886 -0.7848 0.2992, -0.8967 -0.7834 0.2992, 0.3507 -0.9449 0.0039, -0.3507 -0.9449 0.0039, 0.4013 -0.9265 0.0039, 0.3861 -0.9365 0.0039, 0.3689 -0.9428 0.0039, -0.3689 -0.9428 0.0039, -0.3861 -0.9365 0.0039, -0.4013 -0.9265 0.0039, 0.5502 -0.8272 0.0236, 0.5375 -0.8122 0.0039, -0.5375 -0.8122 0.0039, -0.5502 -0.8272 0.0236, -0.7632 -0.7795 0.125, -0.7926 -0.7795 0.094, -0.7926 0.7795 0.094, -0.7983 0.7874 0.0995, -0.7632 0.7795 0.125, -0.7689 0.7874 0.1304, 0.6076 0.7874 0.0503, 0.5997 0.8116 0.0654, 0.6029 0.8092 0.0728, 0.6193 0.7995 0.1106, 0.625 0.7874 0.1039, 0.6197 0.7874 0.0875, -0.625 0.7874 0.1039, -0.6193 0.7995 0.1106, -0.616 0.8011 0.103, -0.6129 0.7874 0.0667, -0.5997 0.8116 0.0654, -0.6076 0.7874 0.0503, 0.5988 0.7868 0.0326, 0.5987 0.7874 0.0331, 0.6024 0.7874 0.0394, 0.6036 0.7874 0.0417, 0.5975 0.8133 0.0614, 0.6057 0.7874 0.0458, -0.5975 0.8133 0.0614, -0.5987 0.7874 0.0331, -0.5988 0.7868 0.0326, -0.6024 0.7874 0.0394, -0.6034 0.7874 0.0413, -0.6036 0.7874 0.0417, 0.5502 0.8272 0.0236, 0.5971 0.786 0.0292, 0.5873 0.8057 0.0355, 0.5884 0.8209 0.0517, 0.5758 0.8123 0.029, 0.5633 0.8196 0.025, 0.5643 0.8411 0.0433, 0.5719 0.8347 0.0446, 0.5759 0.8314 0.0453, 0.5805 0.8275 0.0474, -0.5753 0.8319 0.0451, -0.5719 0.8347 0.0446, -0.5633 0.8196 0.025, -0.5971 0.786 0.0292, -0.5873 0.8057 0.0355, -0.5758 0.8123 0.029, -0.5502 0.8272 0.0236, -0.5805 0.8275 0.0475, -0.5867 0.8223 0.0503, -0.5884 0.8209 0.0517, 0.4013 0.9265 0.0039, -0.4013 0.9265 0.0039, 0.3507 0.9449 0.0039, 0.3689 0.9428 0.0039, 0.3861 0.9365 0.0039, -0.3861 0.9365 0.0039, -0.3689 0.9428 0.0039, -0.3507 0.9449 0.0039, -0.3507 0.9449 0.0039
            ]
        }
        coordIndex [
            0,1,2,-1,2,1,3,-1,2,3,4,-1,3,5,4,-1,4,5,6,-1,4,6,7,-1,7,6,8,-1,7,8,9,-1,10,11,8,-1,8,11,12,-1,8,12,9,-1,13,14,15,-1,16,17,18,-1,18,17,19,-1,18,19,20,-1,20,19,21,-1,19,22,21,-1,21,22,23,-1,21,23,15,-1,15,23,24,-1,15,24,13,-1,25,26,27,-1,28,29,30,-1,30,29,31,-1,30,31,32,-1,32,31,33,-1,27,34,35,-1,35,34,36,-1,35,36,33,-1,33,36,37,-1,33,37,32,-1,35,38,27,-1,27,38,39,-1,27,39,40,-1,40,41,27,-1,27,41,42,-1,27,42,25,-1,43,44,45,-1,46,47,48,-1,48,47,49,-1,48,49,50,-1,50,49,51,-1,49,52,51,-1,51,52,53,-1,51,53,45,-1,45,53,54,-1,45,54,43,-1,55,56,57,-1,57,56,58,-1,57,58,59,-1,58,60,59,-1,59,60,61,-1,59,61,62,-1,62,61,63,-1,62,63,64,-1,65,66,63,-1,63,66,67,-1,63,67,64,-1,68,69,70,-1,71,72,73,-1,73,72,74,-1,73,74,75,-1,75,74,76,-1,75,76,77,-1,70,78,68,-1,68,78,79,-1,68,79,71,-1,71,79,80,-1,71,80,72,-1,81,82,76,-1,76,82,83,-1,83,84,76,-1,76,84,85,-1,76,85,77,-1,86,87,88,-1,88,89,86,-1,86,89,90,-1,86,90,91,-1,91,92,86,-1,86,92,93,-1,86,93,94,-1,94,93,95,-1,94,95,96,-1,96,97,94,-1,94,97,98,-1,94,98,99,-1,99,100,94,-1,94,100,101,-1,94,101,102,-1,103,104,105,-1,105,106,103,-1,103,106,107,-1,103,107,108,-1,108,109,103,-1,103,109,110,-1,103,110,111,-1,111,110,112,-1,111,112,113,-1,113,114,111,-1,111,114,115,-1,111,115,116,-1,116,117,111,-1,111,117,118,-1,111,118,119,-1,120,121,122,-1,122,123,120,-1,120,123,124,-1,120,124,125,-1,125,126,120,-1,120,126,127,-1,120,127,128,-1,128,127,129,-1,128,129,130,-1,130,131,128,-1,128,131,132,-1,128,132,133,-1,133,134,128,-1,128,134,135,-1,128,135,136,-1,137,138,139,-1,139,140,137,-1,137,140,141,-1,137,141,142,-1,142,143,137,-1,137,143,144,-1,137,144,145,-1,145,144,146,-1,145,146,147,-1,147,148,145,-1,145,148,149,-1,145,149,150,-1,150,151,145,-1,145,151,152,-1,145,152,153,-1,154,104,103,-1,155,156,157,-1,155,157,103,-1,103,157,158,-1,103,158,154,-1,159,160,161,-1,161,160,162,-1,162,163,161,-1,161,163,164,-1,161,164,155,-1,155,164,165,-1,155,165,156,-1,166,167,168,-1,166,168,161,-1,161,168,169,-1,161,169,159,-1,170,171,172,-1,111,119,173,-1,111,173,174,-1,174,173,175,-1,174,175,176,-1,176,177,174,-1,174,177,178,-1,174,178,179,-1,179,178,180,-1,179,180,181,-1,181,182,179,-1,179,182,183,-1,179,183,172,-1,172,183,184,-1,172,184,170,-1,185,121,120,-1,186,187,188,-1,186,188,120,-1,120,188,189,-1,120,189,185,-1,190,191,192,-1,192,191,193,-1,193,194,192,-1,192,194,195,-1,192,195,186,-1,186,195,196,-1,186,196,187,-1,197,198,199,-1,197,199,192,-1,192,199,200,-1,192,200,190,-1,201,202,203,-1,128,136,204,-1,128,204,205,-1,205,204,206,-1,205,206,207,-1,207,208,205,-1,205,208,209,-1,205,209,210,-1,210,209,211,-1,210,211,212,-1,212,213,210,-1,210,213,214,-1,210,214,203,-1,203,214,215,-1,203,215,201,-1,216,217,218,-1,145,153,219,-1,145,219,220,-1,220,219,221,-1,220,221,222,-1,222,223,220,-1,220,223,224,-1,220,224,225,-1,225,224,226,-1,225,226,227,-1,227,228,225,-1,225,228,229,-1,225,229,218,-1,218,229,230,-1,218,230,216,-1,231,87,86,-1,232,233,234,-1,232,234,86,-1,86,234,235,-1,86,235,231,-1,236,237,238,-1,238,237,239,-1,239,240,238,-1,238,240,241,-1,238,241,232,-1,232,241,242,-1,232,242,233,-1,243,244,245,-1,243,245,238,-1,238,245,246,-1,238,246,236,-1,247,248,249,-1,249,248,94,-1,249,94,250,-1,250,94,102,-1,251,252,253,-1,253,252,248,-1,253,248,254,-1,254,248,247,-1,255,256,257,-1,257,256,252,-1,257,252,258,-1,258,252,251,-1,259,260,261,-1,261,260,256,-1,261,256,262,-1,262,256,255,-1,263,138,137,-1,264,265,266,-1,264,266,137,-1,137,266,267,-1,137,267,263,-1,268,269,270,-1,270,269,271,-1,271,272,270,-1,270,272,273,-1,270,273,264,-1,264,273,274,-1,264,274,265,-1,275,276,277,-1,275,277,270,-1,270,277,278,-1,270,278,268,-1,279,128,280,-1,279,280,281,-1,281,280,282,-1,281,282,283,-1,282,284,283,-1,283,284,285,-1,283,285,286,-1,285,287,286,-1,286,287,203,-1,286,203,288,-1,275,289,203,-1,203,289,288,-1,290,120,279,-1,279,120,128,-1,289,275,270,-1,289,270,291,-1,291,270,264,-1,291,264,292,-1,292,264,137,-1,292,137,293,-1,294,197,192,-1,294,192,295,-1,295,192,186,-1,295,186,296,-1,296,186,120,-1,296,120,290,-1,145,297,137,-1,137,297,293,-1,298,172,294,-1,294,172,197,-1,297,145,220,-1,297,220,299,-1,299,220,225,-1,299,225,300,-1,300,225,218,-1,300,218,301,-1,302,111,174,-1,302,174,303,-1,303,174,179,-1,303,179,304,-1,304,179,172,-1,304,172,298,-1,243,305,218,-1,218,305,301,-1,306,103,302,-1,302,103,111,-1,305,243,238,-1,305,238,307,-1,307,238,232,-1,307,232,308,-1,308,232,86,-1,308,86,309,-1,310,166,161,-1,310,161,311,-1,311,161,155,-1,311,155,312,-1,312,155,103,-1,312,103,306,-1,94,313,86,-1,86,313,309,-1,314,260,310,-1,310,260,166,-1,313,94,248,-1,313,248,315,-1,315,248,252,-1,315,252,316,-1,316,252,256,-1,316,256,317,-1,317,256,260,-1,317,260,314,-1,318,319,320,-1,320,319,321,-1,320,321,322,-1,322,321,323,-1,324,325,326,-1,326,325,327,-1,325,328,327,-1,327,328,329,-1,327,329,330,-1,330,329,331,-1,330,331,318,-1,318,331,332,-1,318,332,319,-1,333,334,335,-1,335,334,336,-1,326,337,324,-1,324,337,334,-1,324,334,338,-1,338,334,333,-1,339,340,341,-1,341,340,342,-1,341,342,343,-1,343,342,344,-1,343,344,345,-1,345,344,346,-1,345,346,347,-1,346,348,347,-1,347,348,349,-1,347,349,350,-1,350,349,351,-1,350,351,352,-1,351,353,352,-1,352,353,354,-1,352,354,355,-1,355,354,356,-1,355,356,357,-1,358,359,360,-1,360,359,361,-1,360,361,362,-1,362,361,363,-1,363,361,364,-1,364,361,365,-1,364,365,366,-1,44,367,45,-1,45,367,368,-1,45,368,365,-1,365,368,369,-1,365,369,366,-1,0,2,370,-1,370,2,371,-1,370,371,372,-1,373,374,371,-1,371,374,375,-1,371,375,372,-1,376,377,378,-1,378,377,379,-1,378,379,380,-1,380,379,381,-1,380,381,371,-1,371,381,382,-1,371,382,373,-1,383,384,385,-1,385,384,386,-1,387,388,386,-1,386,388,389,-1,386,389,385,-1,390,391,387,-1,387,391,392,-1,387,392,388,-1,393,394,390,-1,390,394,395,-1,390,395,391,-1,396,397,393,-1,393,397,398,-1,398,399,393,-1,393,399,400,-1,393,400,394,-1,401,402,403,-1,403,402,404,-1,403,404,396,-1,396,404,405,-1,396,405,397,-1,406,407,408,-1,27,26,409,-1,409,26,408,-1,409,408,410,-1,410,408,407,-1,411,412,413,-1,411,413,408,-1,408,413,414,-1,408,414,406,-1,412,411,415,-1,415,411,416,-1,415,416,417,-1,417,416,418,-1,418,416,419,-1,418,419,420,-1,421,422,419,-1,419,422,423,-1,419,423,420,-1,424,425,426,-1,426,425,427,-1,426,427,421,-1,421,427,428,-1,421,428,422,-1,17,16,429,-1,29,28,430,-1,430,28,431,-1,431,432,430,-1,430,432,433,-1,430,433,434,-1,17,429,435,-1,435,429,436,-1,435,436,437,-1,437,436,438,-1,437,438,439,-1,440,441,433,-1,433,441,442,-1,433,442,434,-1,439,443,437,-1,437,443,441,-1,437,441,444,-1,444,441,440,-1,445,446,447,-1,447,446,448,-1,447,448,449,-1,449,448,450,-1,450,448,451,-1,451,448,452,-1,451,452,453,-1,14,454,15,-1,15,454,455,-1,15,455,452,-1,452,455,456,-1,452,456,453,-1,65,457,458,-1,458,459,65,-1,65,459,460,-1,65,460,66,-1,461,462,463,-1,463,462,464,-1,457,465,458,-1,458,465,463,-1,458,463,466,-1,466,463,464,-1,70,69,467,-1,467,69,468,-1,467,468,469,-1,469,468,470,-1,469,470,471,-1,471,470,461,-1,471,461,472,-1,472,461,463,-1,55,57,473,-1,473,57,474,-1,473,474,475,-1,476,477,474,-1,474,477,478,-1,474,478,475,-1,479,480,481,-1,481,480,482,-1,481,482,483,-1,483,482,484,-1,483,484,474,-1,474,484,485,-1,474,485,476,-1,486,487,488,-1,489,490,491,-1,491,490,488,-1,491,488,492,-1,492,488,487,-1,493,494,495,-1,493,495,488,-1,488,495,496,-1,488,496,486,-1,494,493,497,-1,497,493,498,-1,497,498,499,-1,499,498,500,-1,500,498,501,-1,500,501,502,-1,503,504,501,-1,501,504,505,-1,501,505,502,-1,506,507,508,-1,508,507,509,-1,508,509,503,-1,503,509,510,-1,503,510,504,-1,511,512,513,-1,513,512,514,-1,515,516,514,-1,514,516,517,-1,514,517,513,-1,518,519,515,-1,515,519,520,-1,515,520,516,-1,521,522,518,-1,518,522,523,-1,518,523,519,-1,524,525,521,-1,521,525,526,-1,526,527,521,-1,521,527,528,-1,521,528,522,-1,76,529,81,-1,81,529,530,-1,81,530,524,-1,524,530,531,-1,524,531,525,-1,532,446,533,-1,533,446,481,-1,534,15,452,-1,534,452,535,-1,535,452,448,-1,535,448,536,-1,536,448,446,-1,536,446,532,-1,533,481,483,-1,533,483,537,-1,537,483,474,-1,537,474,538,-1,538,474,57,-1,538,57,539,-1,21,15,540,-1,540,15,534,-1,540,534,541,-1,542,539,543,-1,543,539,57,-1,543,57,59,-1,544,75,545,-1,545,75,77,-1,546,547,548,-1,548,547,549,-1,550,551,552,-1,553,554,552,-1,552,554,555,-1,552,555,550,-1,556,557,558,-1,556,558,559,-1,559,558,560,-1,559,560,561,-1,562,563,564,-1,564,563,11,-1,564,11,565,-1,565,11,566,-1,565,566,567,-1,567,566,551,-1,567,551,550,-1,561,560,568,-1,569,570,571,-1,569,571,46,-1,46,571,572,-1,46,572,568,-1,568,572,573,-1,568,573,561,-1,342,340,574,-1,562,575,576,-1,575,357,576,-1,576,357,356,-1,576,356,354,-1,577,11,576,-1,576,11,563,-1,576,563,562,-1,354,353,576,-1,576,353,351,-1,576,351,578,-1,351,349,578,-1,578,349,348,-1,578,348,579,-1,579,348,346,-1,579,346,344,-1,4,580,574,-1,574,580,579,-1,574,579,342,-1,342,579,344,-1,580,581,579,-1,579,581,582,-1,579,582,578,-1,578,582,583,-1,578,583,576,-1,576,583,12,-1,576,12,577,-1,584,585,586,-1,335,336,587,-1,588,338,333,-1,570,569,587,-1,587,569,588,-1,587,588,335,-1,335,588,333,-1,329,589,331,-1,331,589,586,-1,331,586,332,-1,332,586,319,-1,590,323,321,-1,329,328,589,-1,589,328,325,-1,589,325,588,-1,588,325,324,-1,588,324,338,-1,585,51,586,-1,586,51,590,-1,586,590,319,-1,319,590,321,-1,584,586,591,-1,591,586,589,-1,591,589,592,-1,592,589,588,-1,592,588,593,-1,593,588,569,-1,593,569,46,-1,340,594,574,-1,574,594,2,-1,574,2,4,-1,51,45,590,-1,590,45,595,-1,590,595,323,-1,596,378,380,-1,596,380,597,-1,597,380,371,-1,597,371,598,-1,598,371,2,-1,598,2,594,-1,595,45,365,-1,595,365,599,-1,599,365,361,-1,599,361,600,-1,600,361,359,-1,600,359,601,-1,601,359,596,-1,596,359,378,-1,
        ]
    }
}
Shape{
    appearance Appearance {
        material  Material 	{
            diffuseColor 0.2235294117647059 0.2235294117647059 0.2235294117647059
            specularColor 0.11372549019607843 0.11372549019607843 0.11372549019607843
            ambientIntensity 0.2
            transparency 0
            shininess 0.5
        }
    }
    geometry IndexedFaceSet {
        ccw TRUE
        solid FALSE
        coord DEF co Coordinate {
            point [
                -0.7155 0.1969 0.6632, -0.7134 0.1969 0.6728, -0.7129 0.2234 0.6731, -0.7343 0.1969 0.5873, -0.7277 0.1969 0.6057, -0.7271 0.2254 0.6059, -0.7648 0.1969 0.5153, -0.7511 0.1969 0.5413, -0.7505 0.2277 0.5414, -0.8699 0.2756 0.3755, -0.8707 0.2362 0.3758, -0.8231 0.2332 0.4252, -0.9125 0.6319 0.3228, -0.9843 0.6693 0.2992, -0.9843 0.6255 0.2992, -0.846 0.5956 0.3597, -0.9142 0.5923 0.3251, -0.6495 0.4545 0.7793, -0.6632 0.4413 0.6934, -0.6604 0.4306 0.7744, -0.6732 0.4165 0.6906, -0.6703 0.4061 0.7691, -0.6823 0.3909 0.6875, -0.6792 0.3811 0.7637, -0.9843 0.5805 0.2992, -0.9161 0.5514 0.3271, -0.9843 0.5347 0.2992, -0.9179 0.5095 0.3288, -0.9843 0.4881 0.2992, -0.9196 0.4667 0.3302, -0.9843 0.4408 0.2992, -0.9211 0.4231 0.3313, -0.7867 0.5615 0.409, -0.8497 0.56 0.3634, -0.8534 0.523 0.3665, -0.8571 0.4849 0.369, -0.8605 0.4458 0.3711, -0.8635 0.4058 0.3727, -0.8643 0.3935 0.3731, -0.7363 0.5305 0.4691, -0.7924 0.5295 0.413, -0.798 0.4961 0.4163, -0.8034 0.4615 0.4189, -0.8083 0.4259 0.4209, -0.8127 0.3893 0.4224, -0.8139 0.378 0.4228, -0.8173 0.3419 0.4238, -0.6797 0.3793 0.7634, -0.6903 0.3646 0.6843, -0.6869 0.3557 0.7585, -0.6972 0.3377 0.6812, -0.6935 0.3299 0.7537, -0.6991 0.3295 0.6803, -0.6952 0.322 0.7524, -0.7043 0.303 0.6778, -0.7001 0.2968 0.7485, -0.6965 0.5036 0.5383, -0.7439 0.5017 0.4725, -0.7512 0.4714 0.4752, -0.758 0.44 0.4772, -0.7643 0.4074 0.4786, -0.7698 0.3739 0.4795, -0.7713 0.3636 0.4797, -0.7756 0.3304 0.4802, -0.7789 0.2971 0.4805, -0.9237 0.3245 0.3329, -0.9843 0.3342 0.2992, -0.9843 0.2884 0.2992, -0.6682 0.4816 0.6146, -0.7055 0.4773 0.5404, -0.7142 0.4496 0.5417, -0.7222 0.4207 0.5424, -0.7295 0.3908 0.5427, -0.7358 0.36 0.5426, -0.7376 0.3505 0.5425, -0.7424 0.32 0.5422, -0.7462 0.2893 0.5419, -0.7489 0.2586 0.5416, -0.6524 0.4651 0.6958, -0.6784 0.457 0.6147, -0.688 0.4311 0.6142, -0.6967 0.4042 0.6131, -0.7046 0.3764 0.6118, -0.7114 0.3478 0.6103, -0.7133 0.339 0.6099, -0.7185 0.3108 0.6085, -0.7225 0.2824 0.6074, -0.7254 0.2539 0.6065, -0.9244 0.2819 0.3333, -0.9843 0.2426 0.2992, -0.9248 0.2394 0.3335, -0.9843 0.1969 0.2992, -0.9249 0.1969 0.3336, -0.9172 0.1969 0.3396, -0.871 0.1969 0.3759, -0.8574 0.1969 0.39, -0.8234 0.1969 0.4252, -0.8062 0.1969 0.449, -0.9843 0.3802 0.2992, -0.9227 0.3671 0.3323, -0.8686 0.3149 0.3749, -0.8219 0.2695 0.4249, -0.7827 0.2304 0.4807, -0.7832 0.1969 0.4807, -0.9843 0.4263 0.2992, -0.9215 0.4098 0.3316, -0.8667 0.3542 0.3742, -0.82 0.3057 0.4245, -0.7813 0.2638 0.4806, -0.7112 0.25 0.6741, -0.7083 0.2765 0.6756, -0.7013 0.2892 0.7475, -0.7039 0.2718 0.7453, -0.7065 0.2468 0.743, -0.7081 0.2218 0.7416, -0.7087 0.1969 0.7411, -0.7087 -0.1969 0.7411, -0.7134 -0.1969 0.6728, -0.7155 -0.1969 0.6632, -0.7277 -0.1969 0.6057, -0.7343 -0.1969 0.5873, -0.7511 -0.1969 0.5413, -0.7648 -0.1969 0.5153, -0.7832 -0.1969 0.4807, -0.8062 -0.1969 0.449, -0.8234 -0.1969 0.4252, -0.8574 -0.1969 0.39, -0.871 -0.1969 0.3759, -0.9172 -0.1969 0.3396, -0.9249 -0.1969 0.3336, -0.9843 -0.1969 0.2992, -0.7013 -0.2892 0.7475, -0.7028 -0.2799 0.7462, -0.7071 -0.285 0.6763, -0.8233 -0.2155 0.4252, -0.9843 -0.2203 0.2992, -0.9249 -0.2186 0.3336, -0.8709 -0.217 0.3758, -0.7509 -0.2127 0.5413, -0.7275 -0.2115 0.6058, -0.7085 -0.2096 0.7413, -0.7133 -0.2105 0.6728, -0.7075 -0.2345 0.7422, -0.7121 -0.2369 0.6735, -0.7053 -0.2595 0.7441, -0.7098 -0.2635 0.6748, -0.7264 -0.2399 0.6061, -0.7241 -0.2684 0.6069, -0.7498 -0.2434 0.5414, -0.7831 -0.214 0.4807, -0.6987 -0.3049 0.7496, -0.7027 -0.3115 0.6785, -0.7213 -0.2915 0.6077, -0.7477 -0.2742 0.5417, -0.7821 -0.2474 0.4807, -0.6935 -0.3299 0.7537, -0.6972 -0.3377 0.6812, -0.7169 -0.3198 0.6089, -0.7451 -0.2992 0.542, -0.7802 -0.2808 0.4806, -0.8226 -0.2517 0.4251, -0.8704 -0.2562 0.3756, -0.821 -0.2879 0.4247, -0.7779 -0.3079 0.4804, -0.741 -0.3298 0.5423, -0.7114 -0.3478 0.6103, -0.6906 -0.3637 0.6842, -0.6797 -0.3796 0.7634, -0.6798 -0.3793 0.7634, -0.6871 -0.3548 0.7584, -0.9843 -0.2659 0.2992, -0.9843 -0.3117 0.2992, -0.9246 -0.261 0.3334, -0.9241 -0.3035 0.3331, -0.8693 -0.2956 0.3752, -0.868 -0.3276 0.3747, -0.8192 -0.3174 0.4243, -0.8163 -0.3535 0.4235, -0.7743 -0.3411 0.4801, -0.7698 -0.3739 0.4795, -0.7358 -0.36 0.5426, -0.7297 -0.3897 0.5427, -0.7049 -0.3754 0.6118, -0.6973 -0.4025 0.6131, -0.6828 -0.3893 0.6873, -0.674 -0.4145 0.6904, -0.9843 -0.349 0.2992, -0.9234 -0.3382 0.3327, -0.866 -0.3669 0.3739, -0.8127 -0.3893 0.4224, -0.7645 -0.4062 0.4786, -0.7227 -0.4189 0.5425, -0.6887 -0.429 0.6141, -0.6641 -0.4391 0.6932, -0.9125 -0.6319 0.3228, -0.9144 -0.5887 0.3253, -0.9843 -0.6693 0.2992, -0.9843 -0.6215 0.2992, -0.9843 -0.5769 0.2992, -0.9162 -0.5481 0.3273, -0.85 -0.5568 0.3637, -0.846 -0.5956 0.3597, -0.9843 -0.5319 0.2992, -0.918 -0.5069 0.3289, -0.8537 -0.52 0.3667, -0.7929 -0.5266 0.4133, -0.7867 -0.5615 0.409, -0.9843 -0.4865 0.2992, -0.9196 -0.4652 0.3302, -0.8573 -0.4825 0.3692, -0.7984 -0.4934 0.4165, -0.7445 -0.4991 0.4728, -0.7363 -0.5305 0.4691, -0.9843 -0.4408 0.2992, -0.9211 -0.4231 0.3313, -0.8606 -0.4444 0.3711, -0.8037 -0.4594 0.419, -0.7517 -0.469 0.4754, -0.7063 -0.4749 0.5405, -0.6965 -0.5036 0.5383, -0.9843 -0.395 0.2992, -0.9224 -0.3808 0.3321, -0.8635 -0.4058 0.3727, -0.8085 -0.4246 0.421, -0.7584 -0.438 0.4773, -0.7148 -0.4473 0.5418, -0.6793 -0.4547 0.6147, -0.6682 -0.4816 0.6146, -0.6524 -0.4651 0.6958, -0.6711 -0.4042 0.7687, -0.6613 -0.4285 0.7739, -0.6495 -0.4545 0.7793, -0.5357 -0.6144 0.7588, -0.5385 -0.6116 0.7608, -0.5564 -0.6028 0.6831, -0.8967 -0.7834 0.2992, -0.886 -0.7848 0.2992, -0.8262 -0.7369 0.3249, -0.9252 -0.7716 0.2992, -0.9199 -0.7738 0.2992, -0.8551 -0.7257 0.3226, -0.9497 -0.7528 0.2992, -0.9368 -0.7627 0.2992, -0.87 -0.7157 0.3216, -0.9802 -0.6999 0.2992, -0.9771 -0.7073 0.2992, -0.9059 -0.6656 0.3211, -0.9109 -0.647 0.3219, -0.982 -0.6864 0.2992, -0.6357 -0.4965 0.6983, -0.6449 -0.4798 0.6974, -0.6619 -0.4947 0.6151, -0.6256 -0.5135 0.6987, -0.6538 -0.51 0.6152, -0.6913 -0.5158 0.5379, -0.6148 -0.5301 0.6985, -0.6445 -0.5257 0.6152, -0.6842 -0.5304 0.5373, -0.7323 -0.5425 0.468, -0.6442 -0.4649 0.7811, -0.6409 -0.4715 0.7822, -0.6306 -0.4904 0.7841, -0.6193 -0.5091 0.7848, -0.6074 -0.5275 0.7844, -0.5959 -0.544 0.783, -0.5948 -0.5454 0.7829, -0.6036 -0.5461 0.6978, -0.6345 -0.5411 0.6152, -0.6756 -0.5455 0.5369, -0.7261 -0.557 0.4669, -0.7836 -0.5739 0.4075, -0.5817 -0.5627 0.7801, -0.5921 -0.5612 0.6962, -0.624 -0.5555 0.6152, -0.6659 -0.5601 0.5371, -0.7179 -0.5722 0.4663, -0.7781 -0.5891 0.4062, -0.8437 -0.6091 0.3583, -0.5755 -0.5704 0.7782, -0.5868 -0.5679 0.6951, -0.6136 -0.5688 0.6148, -0.6557 -0.5735 0.5377, -0.708 -0.5866 0.4666, -0.7699 -0.605 0.4056, -0.8387 -0.6257 0.3571, -0.5632 -0.585 0.7737, -0.5764 -0.5804 0.6922, -0.6089 -0.5745 0.6144, -0.6456 -0.5852 0.5382, -0.6975 -0.5993 0.4676, -0.7596 -0.6198 0.4059, -0.8303 -0.6428 0.3565, -0.5508 -0.5987 0.7679, -0.5663 -0.592 0.6882, -0.5998 -0.585 0.6129, -0.641 -0.5901 0.5384, -0.687 -0.6099 0.4689, -0.7482 -0.6324 0.407, -0.8191 -0.6586 0.3568, -0.897 -0.6846 0.3207, -0.9684 -0.7283 0.2992, -0.8753 -0.7862 0.2992, -0.8172 -0.7386 0.3257, -0.7609 -0.696 0.3638, -0.8983 -0.7827 0.2992, -0.8365 -0.7339 0.324, -0.7686 -0.6934 0.3628, -0.708 -0.6604 0.4124, -0.912 -0.777 0.2992, -0.8485 -0.7291 0.3231, -0.7774 -0.6898 0.3616, -0.7149 -0.6566 0.4118, -0.6599 -0.6326 0.4703, -0.7877 -0.6847 0.3602, -0.7227 -0.6519 0.4108, -0.6666 -0.6273 0.4706, -0.6179 -0.6134 0.5359, -0.7934 -0.6812 0.3594, -0.7318 -0.646 0.4094, -0.674 -0.6213 0.4702, -0.625 -0.6065 0.5375, -0.5831 -0.6034 0.6074, -0.9535 -0.7478 0.2992, -0.8845 -0.7018 0.3209, -0.8063 -0.6715 0.3579, -0.7368 -0.6422 0.4086, -0.6824 -0.6141 0.4694, -0.6327 -0.5988 0.5383, -0.5913 -0.5946 0.6107, -0.5261 -0.6238 0.7523, -0.5465 -0.6131 0.6768, -0.5751 -0.6118 0.6032, -0.6112 -0.62 0.5335, -0.6538 -0.6374 0.4694, -0.7019 -0.6636 0.4125, -0.7543 -0.698 0.3645, -0.8095 -0.7396 0.3264, -0.8661 -0.7874 0.2992, -0.4516 0.6914 0.6159, -0.462 0.6812 0.6347, -0.4598 0.6806 0.6495, -0.457 0.7087 0.5423, -0.4807 0.6919 0.5413, -0.4741 0.6871 0.5674, -0.4717 0.6857 0.5796, -0.466 0.6824 0.6081, -0.465 0.6821 0.6147, -0.4848 0.6951 0.5254, -0.4947 0.7158 0.4717, -0.4953 0.7042 0.4906, -0.5014 0.71 0.4735, -0.5207 0.7293 0.4245, -0.5091 0.7174 0.4522, -0.502 0.7106 0.4718, -0.5431 0.7536 0.3787, -0.5394 0.7495 0.3851, -0.5153 0.748 0.4072, -0.5286 0.7377 0.4074, -0.5235 0.7323 0.4178, -0.5752 0.7907 0.3259, -0.5682 0.7824 0.3368, -0.5418 0.7875 0.3493, -0.5599 0.7728 0.3495, -0.5567 0.769 0.3544, -0.4043 0.8949 0.3485, -0.4266 0.9566 0.2992, -0.4404 0.9451 0.2992, -0.3875 0.8406 0.4077, -0.4173 0.8851 0.3486, -0.433 0.7249 0.5439, -0.4297 0.7057 0.6186, -0.4082 0.7403 0.546, -0.407 0.7192 0.622, -0.3826 0.7548 0.5484, -0.3836 0.732 0.6262, -0.3738 0.7369 0.6281, -0.382 0.7252 0.7089, -0.3862 0.723 0.7076, -0.3909 0.7206 0.7062, -0.4124 0.7089 0.7, -0.4329 0.6965 0.6951, -0.4527 0.6834 0.6913, -0.4556 0.6815 0.6909, -0.474 0.9168 0.2992, -0.4491 0.8609 0.3489, -0.5074 0.8889 0.2992, -0.4803 0.8366 0.3491, -0.5404 0.8611 0.2992, -0.5112 0.8122 0.3492, -0.5734 0.8335 0.2992, -0.5954 0.815 0.2992, -0.4872 0.7699 0.4074, -0.4586 0.7912 0.4075, -0.4295 0.812 0.4077, -0.3997 0.8325 0.4077, -0.3766 0.7954 0.4754, -0.469 0.7351 0.4722, -0.4427 0.7536 0.473, -0.4157 0.7715 0.4739, -0.3881 0.7887 0.475, -0.372 0.7605 0.5495, -0.4841 0.6945 0.5277, -0.7826 -0.7421 0.3284, -0.8356 -0.7874 0.2992, -0.8037 -0.7874 0.2992, -0.7245 -0.7481 0.3312, -0.7703 -0.7874 0.2992, -0.7355 -0.7874 0.2992, -0.4784 -0.6708 0.6312, -0.497 -0.6567 0.6451, -0.5255 -0.6529 0.5831, -0.5415 -0.6905 0.4712, -0.539 -0.6892 0.4756, -0.5499 -0.6926 0.4604, -0.4579 -0.6806 0.6828, -0.4556 -0.6815 0.6909, -0.4652 -0.6745 0.7, -0.4738 -0.6747 0.6275, -0.472 -0.6753 0.6338, -0.5063 -0.6667 0.5733, -0.4957 -0.675 0.5675, -0.4918 -0.6748 0.578, -0.4757 -0.674 0.6209, -0.5381 -0.6699 0.5174, -0.5204 -0.6812 0.5114, -0.5149 -0.6795 0.5233, -0.5013 -0.6753 0.5526, -0.5766 -0.7107 0.4131, -0.5704 -0.7065 0.4221, -0.5847 -0.7068 0.4133, -0.5623 -0.7011 0.4339, -0.5477 -0.6937 0.46, -0.601 -0.7271 0.3774, -0.6218 -0.728 0.3705, -0.6021 -0.728 0.3761, -0.6384 -0.7574 0.3323, -0.6378 -0.7569 0.3328, -0.6602 -0.755 0.3323, -0.6359 -0.7553 0.3352, -0.6068 -0.7318 0.3704, -0.6713 -0.7874 0.2992, -0.6991 -0.7874 0.2992, -0.6931 -0.7515 0.332, -0.6516 -0.7213 0.3709, -0.6114 -0.6974 0.4153, -0.5734 -0.6802 0.4644, -0.5278 -0.6835 0.4956, -0.5586 -0.657 0.5235, -0.5959 -0.6688 0.4675, -0.6365 -0.6883 0.4162, -0.6796 -0.7149 0.3704, -0.4739 -0.6682 0.7083, -0.4921 -0.6539 0.7246, -0.7543 -0.745 0.33, -0.7061 -0.7088 0.3692, -0.6599 -0.6795 0.416, -0.6167 -0.6579 0.4694, -0.5776 -0.6443 0.5283, -0.5433 -0.639 0.5913, -0.5146 -0.6423 0.6573, -0.5095 -0.6391 0.7393, -0.531 -0.6278 0.6678, -0.5598 -0.6253 0.598, -0.5951 -0.6319 0.5316, -0.636 -0.6473 0.47, -0.6816 -0.6713 0.4148, -0.7309 -0.7031 0.3672, -0.4037 0.9717 0.2992, -0.4086 0.9685 0.2992, -0.3863 0.9057 0.3487, -0.3006 0.7584 0.7191, -0.2922 0.7612 0.7187, -0.2975 0.767 0.6354, -0.3349 0.9212 0.3486, -0.3298 0.9217 0.3485, -0.3559 0.9836 0.2992, -0.3507 0.9843 0.2992, -0.2543 0.7715 0.713, -0.245 0.7736 0.7107, -0.2655 0.776 0.6311, -0.2577 0.7779 0.6294, -0.2733 0.7667 0.7165, -0.2815 0.7717 0.6338, -0.2796 0.7939 0.5516, -0.2729 0.7955 0.5504, -0.2932 0.7903 0.5534, -0.2962 0.8247 0.4766, -0.2904 0.826 0.4759, -0.311 0.755 0.7195, -0.3135 0.7617 0.6359, -0.3069 0.7862 0.5544, -0.3081 0.8217 0.4776, -0.3148 0.8675 0.4083, -0.3095 0.8684 0.408, -0.3298 0.7482 0.7189, -0.3294 0.7559 0.6355, -0.3206 0.7817 0.5548, -0.3201 0.8183 0.4782, -0.3257 0.8653 0.4088, -0.3466 0.7414 0.717, -0.3438 0.7503 0.6341, -0.3342 0.7768 0.5545, -0.3321 0.8145 0.4785, -0.3367 0.8624 0.409, -0.3455 0.9196 0.3487, -0.3668 0.9824 0.2992, -0.4178 0.9624 0.2992, -0.3957 0.9005 0.3486, -0.378 0.8458 0.4084, -0.3995 0.9732 0.2992, -0.3772 0.91 0.3488, -0.3681 0.8508 0.4088, -0.3658 0.8007 0.4768, -0.3887 0.9772 0.2992, -0.3668 0.914 0.3488, -0.3584 0.8549 0.409, -0.3546 0.8057 0.4778, -0.3594 0.7664 0.5519, -0.378 0.9811 0.2992, -0.3561 0.9172 0.3488, -0.3476 0.859 0.4091, -0.344 0.8101 0.4783, -0.3465 0.7719 0.5536, -0.359 0.7437 0.6316, -0.3645 0.7335 0.7137, -0.6155 -0.8014 0.2992, -0.6125 -0.8035 0.2992, -0.5833 -0.7712 0.3366, -0.4856 -0.6957 0.5224, -0.4848 -0.6951 0.5254, -0.4993 -0.6854 0.5256, -0.4807 -0.692 0.5414, -0.4751 -0.6877 0.5633, -0.4813 -0.6788 0.5797, -0.4719 -0.6858 0.5791, -0.4718 -0.6858 0.5796, -0.4665 -0.6827 0.6054, -0.4651 -0.6822 0.6148, -0.4667 -0.6776 0.6348, -0.462 -0.6812 0.6347, -0.46 -0.6806 0.6481, -0.526 -0.7349 0.4124, -0.5208 -0.7294 0.4246, -0.532 -0.7207 0.4247, -0.5106 -0.7189 0.4484, -0.5105 -0.7028 0.4738, -0.5682 -0.7824 0.3368, -0.5628 -0.776 0.3447, -0.56 -0.7728 0.3495, -0.5564 -0.7436 0.3787, -0.5436 -0.7542 0.3773, -0.543 -0.7535 0.3786, -0.5285 -0.7377 0.4073, -0.6427 -0.791 0.2992, -0.6312 -0.7954 0.2992, -0.5999 -0.7631 0.3364, -0.6171 -0.8008 0.2992, -0.5443 -0.714 0.4244, -0.5204 -0.6971 0.4735, -0.6175 -0.7577 0.3359, -0.5862 -0.7309 0.3775, -0.5832 -0.8002 0.3149, -0.5954 -0.815 0.2992, -0.502 -0.7105 0.4717, -0.5013 -0.7099 0.4735, -0.4979 -0.7066 0.4827, -0.5709 -0.7361 0.3784, -0.6454 -0.7906 0.2992, -0.6508 -0.7899 0.2992, -0.2105 0.78 0.7027, -0.1963 0.7822 0.6999, -0.2045 0.7874 0.622, -0.1331 0.9271 0.3494, -0.1181 0.9272 0.3494, -0.1345 0.9843 0.2992, -0.1181 0.9843 0.2992, -0.1271 0.7873 0.693, -0.1181 0.7874 0.6929, -0.128 0.7932 0.6172, -0.1181 0.7933 0.6172, -0.1501 0.7865 0.6941, -0.1534 0.7923 0.618, -0.1291 0.8106 0.5432, -0.1181 0.8107 0.5432, -0.1731 0.7848 0.6964, -0.1789 0.7904 0.6196, -0.1574 0.8098 0.5437, -0.1303 0.8393 0.4728, -0.1181 0.8394 0.4728, -0.1857 0.8078 0.5447, -0.1618 0.8385 0.4731, -0.1317 0.8784 0.4077, -0.1181 0.8785 0.4077, -0.2197 0.7786 0.7045, -0.23 0.7834 0.6252, -0.214 0.8049 0.5461, -0.1933 0.8368 0.4735, -0.1665 0.8778 0.4077, -0.3043 0.9843 0.2992, -0.3472 0.9843 0.2992, -0.2877 0.9236 0.3489, -0.3267 0.9218 0.3486, -0.3067 0.8687 0.408, -0.2615 0.9843 0.2992, -0.2489 0.925 0.3491, -0.2716 0.872 0.408, -0.2878 0.8263 0.4758, -0.219 0.9843 0.2992, -0.2101 0.9261 0.3492, -0.2365 0.8746 0.4079, -0.2564 0.8307 0.475, -0.2707 0.7959 0.5502, -0.1767 0.9843 0.2992, -0.1716 0.9268 0.3493, -0.2015 0.8766 0.4078, -0.2248 0.8342 0.4742, -0.2424 0.8009 0.548, -0.2556 0.7783 0.6291, -0.2431 0.774 0.7102, -0.3862 -0.723 0.7076, -0.3889 -0.7217 0.7068, -0.3814 -0.7331 0.6266, -0.5362 -0.7921 0.3493, -0.5674 -0.8385 0.2992, -0.5102 -0.752 0.4072, -0.49 -0.7194 0.4718, -0.4762 -0.6949 0.5414, -0.4481 -0.6937 0.6163, -0.4496 -0.6856 0.6918, -0.4532 -0.7114 0.5425, -0.4301 -0.6983 0.6957, -0.4266 -0.7076 0.619, -0.4099 -0.7103 0.7007, -0.4043 -0.7208 0.6225, -0.4295 -0.7271 0.5442, -0.4648 -0.7381 0.4723, -0.47 -0.9202 0.2992, -0.4372 -0.9477 0.2992, -0.4453 -0.8638 0.3489, -0.4144 -0.8873 0.3486, -0.3969 -0.8343 0.4077, -0.5027 -0.8928 0.2992, -0.476 -0.84 0.3491, -0.4259 -0.8145 0.4077, -0.3854 -0.7902 0.4751, -0.5351 -0.8656 0.2992, -0.5063 -0.8161 0.3492, -0.4545 -0.7941 0.4075, -0.4124 -0.7736 0.474, -0.3802 -0.7562 0.5487, -0.4826 -0.7733 0.4074, -0.4389 -0.7562 0.4731, -0.4052 -0.742 0.5463, -0.382 -0.7252 0.7089, -0.3738 -0.7369 0.6281, -0.372 -0.7605 0.5495, -0.3766 -0.7954 0.4754, -0.3875 -0.8406 0.4077, -0.4043 -0.8949 0.3485, -0.4266 -0.9566 0.2992, 0.1181 0.9843 0.2992, 0.1181 0.9272 0.3494, 0.1181 0.8785 0.4077, 0.1181 0.8394 0.4728, 0.1181 0.8107 0.5432, 0.1181 0.7933 0.6172, 0.1181 0.7874 0.6929, -0.378 -0.9811 0.2992, -0.3724 -0.9817 0.2992, -0.3508 -0.9185 0.3487, -0.3006 -0.7584 0.7191, -0.3129 -0.7544 0.7195, -0.3151 -0.7612 0.6359, -0.4037 -0.9717 0.2992, -0.4005 -0.9729 0.2992, -0.3781 -0.9096 0.3488, -0.3972 -0.8996 0.3486, -0.4193 -0.9614 0.2992, -0.3675 -0.7322 0.713, -0.3615 -0.7426 0.6311, -0.3497 -0.7401 0.7166, -0.3464 -0.7492 0.6338, -0.3616 -0.7654 0.5516, -0.3315 -0.7475 0.7187, -0.3309 -0.7554 0.6354, -0.3487 -0.771 0.5534, -0.3677 -0.7998 0.4766, -0.3355 -0.7763 0.5544, -0.3566 -0.8049 0.4776, -0.3797 -0.845 0.4083, -0.294 -0.7606 0.7189, -0.299 -0.7665 0.6355, -0.3219 -0.7812 0.5548, -0.3451 -0.8097 0.4783, -0.3698 -0.85 0.4088, -0.2828 -0.764 0.7178, -0.2896 -0.7694 0.6347, -0.3082 -0.7858 0.5545, -0.3333 -0.814 0.4785, -0.3594 -0.8545 0.409, -0.3879 -0.9048 0.3487, -0.4102 -0.9674 0.2992, -0.3613 -0.983 0.2992, -0.3402 -0.9205 0.3487, -0.3203 -0.8665 0.4085, -0.3789 -0.9807 0.2992, -0.3571 -0.9169 0.3488, -0.3312 -0.8639 0.4089, -0.3022 -0.8233 0.4772, -0.3897 -0.9768 0.2992, -0.3678 -0.9136 0.3488, -0.3377 -0.8621 0.409, -0.3142 -0.8201 0.478, -0.2865 -0.7921 0.5526, -0.3487 -0.8586 0.4091, -0.3212 -0.818 0.4783, -0.3001 -0.7883 0.554, -0.2736 -0.7739 0.6326, -0.2639 -0.7691 0.7149, -0.245 -0.7736 0.7107, -0.2577 -0.7779 0.6294, -0.2729 -0.7955 0.5504, -0.2904 -0.826 0.4759, -0.3095 -0.8684 0.408, -0.3298 -0.9217 0.3485, -0.3507 -0.9843 0.2992, 0.3031 0.923 0.3488, 0.3298 0.9217 0.3485, 0.3212 0.9843 0.2992, 0.3507 0.9843 0.2992, 0.2105 0.78 0.7027, 0.2289 0.7769 0.7066, 0.2401 0.7815 0.6267, 0.245 0.7736 0.7107, 0.2577 0.7779 0.6294, 0.205 0.781 0.7015, 0.214 0.7861 0.6231, 0.2535 0.7991 0.5488, 0.2729 0.7955 0.5504, 0.1813 0.784 0.6975, 0.1879 0.7895 0.6204, 0.2246 0.8036 0.5468, 0.2688 0.8291 0.4753, 0.2904 0.826 0.4759, 0.1577 0.7861 0.6947, 0.1619 0.7918 0.6184, 0.1957 0.8069 0.5452, 0.2366 0.833 0.4745, 0.2854 0.8708 0.408, 0.3095 0.8684 0.408, 0.1907 0.9843 0.2992, 0.1601 0.9843 0.2992, 0.1843 0.9266 0.3493, 0.1564 0.927 0.3493, 0.1528 0.8781 0.4077, 0.234 0.9843 0.2992, 0.2238 0.9258 0.3492, 0.1781 0.8775 0.4078, 0.1494 0.8389 0.473, 0.2774 0.9843 0.2992, 0.2633 0.9246 0.349, 0.2138 0.8759 0.4079, 0.1722 0.838 0.4732, 0.1463 0.8102 0.5435, 0.2496 0.8737 0.408, 0.2044 0.836 0.4737, 0.1668 0.8092 0.544, 0.1434 0.7928 0.6176, 0.141 0.787 0.6935, -0.3031 -0.923 0.3488, -0.3212 -0.9843 0.2992, -0.2105 -0.78 0.7027, -0.2289 -0.7769 0.7066, -0.2401 -0.7815 0.6267, -0.205 -0.781 0.7015, -0.214 -0.7861 0.6231, -0.2535 -0.7991 0.5488, -0.1813 -0.784 0.6975, -0.1879 -0.7895 0.6204, -0.2246 -0.8036 0.5468, -0.2688 -0.8291 0.4753, -0.1577 -0.7861 0.6947, -0.1619 -0.7918 0.6184, -0.1957 -0.8069 0.5452, -0.2366 -0.833 0.4745, -0.2854 -0.8708 0.408, -0.1907 -0.9843 0.2992, -0.1601 -0.9843 0.2992, -0.1843 -0.9266 0.3493, -0.1564 -0.927 0.3493, -0.1528 -0.8781 0.4077, -0.234 -0.9843 0.2992, -0.2238 -0.9258 0.3492, -0.1781 -0.8775 0.4078, -0.1494 -0.8389 0.473, -0.2774 -0.9843 0.2992, -0.2633 -0.9246 0.349, -0.2138 -0.8759 0.4079, -0.1722 -0.838 0.4732, -0.1463 -0.8102 0.5435, -0.2496 -0.8737 0.408, -0.2044 -0.836 0.4737, -0.1668 -0.8092 0.544, -0.1434 -0.7928 0.6176, -0.141 -0.787 0.6935, -0.1181 -0.7874 0.6929, -0.1181 -0.7933 0.6172, -0.1181 -0.8107 0.5432, -0.1181 -0.8394 0.4728, -0.1181 -0.8785 0.4077, -0.1181 -0.9272 0.3494, -0.1181 -0.9843 0.2992, 0.378 0.9811 0.2992, 0.3724 0.9817 0.2992, 0.3508 0.9185 0.3487, 0.3006 0.7584 0.7191, 0.3129 0.7544 0.7195, 0.3151 0.7612 0.6359, 0.4037 0.9717 0.2992, 0.4005 0.9729 0.2992, 0.3781 0.9096 0.3488, 0.3972 0.8996 0.3486, 0.4043 0.8949 0.3485, 0.4193 0.9614 0.2992, 0.4266 0.9566 0.2992, 0.3675 0.7322 0.713, 0.382 0.7252 0.7089, 0.3615 0.7426 0.6311, 0.3738 0.7369 0.6281, 0.3497 0.7401 0.7166, 0.3464 0.7492 0.6338, 0.3616 0.7654 0.5516, 0.372 0.7605 0.5495, 0.3315 0.7475 0.7187, 0.3309 0.7554 0.6354, 0.3487 0.771 0.5534, 0.3677 0.7998 0.4766, 0.3766 0.7954 0.4754, 0.3355 0.7763 0.5544, 0.3566 0.8049 0.4776, 0.3797 0.845 0.4083, 0.3875 0.8406 0.4077, 0.294 0.7606 0.7189, 0.299 0.7665 0.6355, 0.3219 0.7812 0.5548, 0.3451 0.8097 0.4783, 0.3698 0.85 0.4088, 0.2828 0.764 0.7178, 0.2896 0.7694 0.6347, 0.3082 0.7858 0.5545, 0.3333 0.814 0.4785, 0.3594 0.8545 0.409, 0.3879 0.9048 0.3487, 0.4102 0.9674 0.2992, 0.3613 0.983 0.2992, 0.3402 0.9205 0.3487, 0.3203 0.8665 0.4085, 0.3789 0.9807 0.2992, 0.3571 0.9169 0.3488, 0.3312 0.8639 0.4089, 0.3022 0.8233 0.4772, 0.3897 0.9768 0.2992, 0.3678 0.9136 0.3488, 0.3377 0.8621 0.409, 0.3142 0.8201 0.478, 0.2865 0.7921 0.5526, 0.3487 0.8586 0.4091, 0.3212 0.818 0.4783, 0.3001 0.7883 0.554, 0.2736 0.7739 0.6326, 0.2639 0.7691 0.7149, 0.1181 -0.9843 0.2992, 0.1181 -0.9272 0.3494, 0.1181 -0.8785 0.4077, 0.1181 -0.8394 0.4728, 0.1181 -0.8107 0.5432, 0.1181 -0.7933 0.6172, 0.1181 -0.7874 0.6929, 0.3862 0.723 0.7076, 0.3889 0.7217 0.7068, 0.3814 0.7331 0.6266, 0.4619 0.681 0.6347, 0.4656 0.6828 0.6149, 0.4481 0.6937 0.6163, 0.5435 0.7543 0.3793, 0.5599 0.7728 0.3494, 0.5362 0.7921 0.3493, 0.5954 0.815 0.2992, 0.5674 0.8385 0.2992, 0.5683 0.7827 0.3372, 0.561 0.7739 0.3475, 0.5211 0.73 0.425, 0.5286 0.7377 0.4074, 0.5102 0.752 0.4072, 0.5303 0.7395 0.4033, 0.5015 0.7101 0.4736, 0.502 0.7106 0.4718, 0.49 0.7194 0.4718, 0.5042 0.7125 0.4652, 0.4829 0.6935 0.5321, 0.485 0.6954 0.5256, 0.4762 0.6949 0.5414, 0.4722 0.6862 0.5785, 0.4746 0.6874 0.5654, 0.4806 0.6918 0.5413, 0.4496 0.6856 0.6918, 0.4556 0.6815 0.6909, 0.4615 0.6808 0.6369, 0.472 0.6861 0.5797, 0.4532 0.7114 0.5425, 0.4301 0.6983 0.6957, 0.4266 0.7076 0.619, 0.4099 0.7103 0.7007, 0.4043 0.7208 0.6225, 0.4295 0.7271 0.5442, 0.4648 0.7381 0.4723, 0.47 0.9202 0.2992, 0.4372 0.9477 0.2992, 0.4453 0.8638 0.3489, 0.4144 0.8873 0.3486, 0.3969 0.8343 0.4077, 0.5027 0.8928 0.2992, 0.476 0.84 0.3491, 0.4259 0.8145 0.4077, 0.3854 0.7902 0.4751, 0.5351 0.8656 0.2992, 0.5063 0.8161 0.3492, 0.4545 0.7941 0.4075, 0.4124 0.7736 0.474, 0.3802 0.7562 0.5487, 0.4826 0.7733 0.4074, 0.4389 0.7562 0.4731, 0.4052 0.742 0.5463, 0.2105 -0.78 0.7027, 0.1963 -0.7822 0.6999, 0.2045 -0.7874 0.622, 0.1331 -0.9271 0.3494, 0.1345 -0.9843 0.2992, 0.1271 -0.7873 0.693, 0.128 -0.7932 0.6172, 0.1501 -0.7865 0.6941, 0.1534 -0.7923 0.618, 0.1291 -0.8106 0.5432, 0.1731 -0.7848 0.6964, 0.1789 -0.7904 0.6196, 0.1574 -0.8098 0.5437, 0.1303 -0.8393 0.4728, 0.1857 -0.8078 0.5447, 0.1618 -0.8385 0.4731, 0.1317 -0.8784 0.4077, 0.2197 -0.7786 0.7045, 0.23 -0.7834 0.6252, 0.214 -0.8049 0.5461, 0.1933 -0.8368 0.4735, 0.1665 -0.8778 0.4077, 0.3043 -0.9843 0.2992, 0.3472 -0.9843 0.2992, 0.2877 -0.9236 0.3489, 0.3267 -0.9218 0.3486, 0.3067 -0.8687 0.408, 0.2615 -0.9843 0.2992, 0.2489 -0.925 0.3491, 0.2716 -0.872 0.408, 0.2878 -0.8263 0.4758, 0.219 -0.9843 0.2992, 0.2101 -0.9261 0.3492, 0.2365 -0.8746 0.4079, 0.2564 -0.8307 0.475, 0.2707 -0.7959 0.5502, 0.1767 -0.9843 0.2992, 0.1716 -0.9268 0.3493, 0.2015 -0.8766 0.4078, 0.2248 -0.8342 0.4742, 0.2424 -0.8009 0.548, 0.2556 -0.7783 0.6291, 0.2431 -0.774 0.7102, 0.245 -0.7736 0.7107, 0.2577 -0.7779 0.6294, 0.2729 -0.7955 0.5504, 0.2904 -0.826 0.4759, 0.3095 -0.8684 0.408, 0.3298 -0.9217 0.3485, 0.3507 -0.9843 0.2992, 0.4037 -0.9717 0.2992, 0.4086 -0.9685 0.2992, 0.3863 -0.9057 0.3487, 0.3006 -0.7584 0.7191, 0.2922 -0.7612 0.7187, 0.2975 -0.767 0.6354, 0.3349 -0.9212 0.3486, 0.3559 -0.9836 0.2992, 0.2543 -0.7715 0.713, 0.2655 -0.776 0.6311, 0.2733 -0.7667 0.7165, 0.2815 -0.7717 0.6338, 0.2796 -0.7939 0.5516, 0.2932 -0.7903 0.5534, 0.2962 -0.8247 0.4766, 0.311 -0.755 0.7195, 0.3135 -0.7617 0.6359, 0.3069 -0.7862 0.5544, 0.3081 -0.8217 0.4776, 0.3148 -0.8675 0.4083, 0.3298 -0.7482 0.7189, 0.3294 -0.7559 0.6355, 0.3206 -0.7817 0.5548, 0.3201 -0.8183 0.4782, 0.3257 -0.8653 0.4088, 0.3466 -0.7414 0.717, 0.3438 -0.7503 0.6341, 0.3342 -0.7768 0.5545, 0.3321 -0.8145 0.4785, 0.3367 -0.8624 0.409, 0.3455 -0.9196 0.3487, 0.3668 -0.9824 0.2992, 0.4178 -0.9624 0.2992, 0.3957 -0.9005 0.3486, 0.378 -0.8458 0.4084, 0.3995 -0.9732 0.2992, 0.3772 -0.91 0.3488, 0.3681 -0.8508 0.4088, 0.3658 -0.8007 0.4768, 0.3887 -0.9772 0.2992, 0.3668 -0.914 0.3488, 0.3584 -0.8549 0.409, 0.3546 -0.8057 0.4778, 0.3594 -0.7664 0.5519, 0.378 -0.9811 0.2992, 0.3561 -0.9172 0.3488, 0.3476 -0.859 0.4091, 0.344 -0.8101 0.4783, 0.3465 -0.7719 0.5536, 0.359 -0.7437 0.6316, 0.3645 -0.7335 0.7137, 0.382 -0.7252 0.7089, 0.3738 -0.7369 0.6281, 0.372 -0.7605 0.5495, 0.3766 -0.7954 0.4754, 0.3875 -0.8406 0.4077, 0.4043 -0.8949 0.3485, 0.4266 -0.9566 0.2992, 0.4723 -0.6865 0.5798, 0.4651 -0.6821 0.6148, 0.4516 -0.6914 0.6159, 0.4645 -0.6817 0.6174, 0.4624 -0.6817 0.6348, 0.4793 -0.6907 0.5457, 0.457 -0.7087 0.5423, 0.4804 -0.6916 0.5419, 0.4804 -0.6918 0.5412, 0.4805 -0.6917 0.5412, 0.485 -0.6952 0.5245, 0.5433 -0.754 0.379, 0.5289 -0.7383 0.4078, 0.5153 -0.748 0.4072, 0.5206 -0.7292 0.4244, 0.5201 -0.7286 0.4256, 0.507 -0.7153 0.4576, 0.4947 -0.7158 0.4717, 0.5023 -0.711 0.472, 0.5017 -0.7105 0.4737, 0.5685 -0.783 0.3374, 0.5603 -0.7734 0.3501, 0.5418 -0.7875 0.3493, 0.5488 -0.7599 0.368, 0.5734 -0.8335 0.2992, 0.5954 -0.815 0.2992, 0.582 -0.7987 0.3166, 0.4404 -0.9451 0.2992, 0.4173 -0.8851 0.3486, 0.433 -0.7249 0.5439, 0.4297 -0.7057 0.6186, 0.4082 -0.7403 0.546, 0.407 -0.7192 0.622, 0.3826 -0.7548 0.5484, 0.3836 -0.732 0.6262, 0.3862 -0.723 0.7076, 0.3909 -0.7206 0.7062, 0.4124 -0.7089 0.7, 0.4329 -0.6965 0.6951, 0.4527 -0.6834 0.6913, 0.4556 -0.6815 0.6909, 0.474 -0.9168 0.2992, 0.4491 -0.8609 0.3489, 0.5074 -0.8889 0.2992, 0.4803 -0.8366 0.3491, 0.5404 -0.8611 0.2992, 0.5112 -0.8122 0.3492, 0.4872 -0.7699 0.4074, 0.4586 -0.7912 0.4075, 0.4295 -0.812 0.4077, 0.3997 -0.8325 0.4077, 0.469 -0.7351 0.4722, 0.4427 -0.7536 0.473, 0.4157 -0.7715 0.4739, 0.3881 -0.7887 0.475, 0.5204 -0.6971 0.4735, 0.4667 -0.6776 0.6348, 0.6471 -0.7899 0.2992, 0.6508 -0.7896 0.2992, 0.6175 -0.7577 0.3359, 0.5743 -0.7085 0.4152, 0.5703 -0.706 0.4217, 0.557 -0.7091 0.4234, 0.5473 -0.6929 0.4596, 0.5411 -0.6897 0.4708, 0.5306 -0.6927 0.4725, 0.4717 -0.675 0.6338, 0.4653 -0.6765 0.6543, 0.4577 -0.6804 0.6827, 0.4993 -0.6854 0.5256, 0.5146 -0.6789 0.5231, 0.5042 -0.6759 0.5459, 0.4813 -0.6788 0.5797, 0.4955 -0.6745 0.5674, 0.4912 -0.6738 0.5778, 0.4898 -0.6736 0.5812, 0.4762 -0.6739 0.6193, 0.4736 -0.6745 0.6275, 0.5443 -0.714 0.4244, 0.5541 -0.6963 0.4476, 0.6385 -0.7575 0.3324, 0.636 -0.7554 0.3353, 0.6188 -0.7409 0.3549, 0.5862 -0.7309 0.3775, 0.5762 -0.7098 0.4125, 0.6068 -0.7317 0.3703, 0.6022 -0.7281 0.3762, 0.5961 -0.7234 0.3841, 0.6455 -0.7905 0.2992, 0.5709 -0.7361 0.3784, 0.5999 -0.7631 0.3364, 0.5833 -0.7712 0.3366, 0.5564 -0.7436 0.3787, 0.6127 -0.8038 0.2992, 0.6713 -0.7874 0.2992, 0.6658 -0.7822 0.3043, 0.6424 -0.7608 0.328, 0.5201 -0.6806 0.5111, 0.5193 -0.6803 0.5127, 0.5381 -0.6882 0.4761, 0.5354 -0.6868 0.481, 0.6172 -0.8009 0.2992, 0.6196 -0.7994 0.2992, 0.6312 -0.7954 0.2992, 0.7013 0.2892 0.7475, 0.7028 0.2799 0.7462, 0.7071 0.285 0.6763, 0.8062 0.1969 0.449, 0.8234 0.1969 0.4252, 0.8233 0.2155 0.4252, 0.9843 0.1969 0.2992, 0.9843 0.2203 0.2992, 0.9249 0.1969 0.3336, 0.9249 0.2186 0.3336, 0.9172 0.1969 0.3396, 0.8574 0.1969 0.39, 0.871 0.1969 0.3759, 0.8709 0.217 0.3758, 0.7509 0.2127 0.5413, 0.7511 0.1969 0.5413, 0.7648 0.1969 0.5153, 0.7275 0.2115 0.6058, 0.7277 0.1969 0.6057, 0.7343 0.1969 0.5873, 0.7085 0.2096 0.7413, 0.7087 0.1969 0.7411, 0.7133 0.2105 0.6728, 0.7134 0.1969 0.6728, 0.7155 0.1969 0.6632, 0.7075 0.2345 0.7422, 0.7121 0.2369 0.6735, 0.7053 0.2595 0.7441, 0.7098 0.2635 0.6748, 0.7264 0.2399 0.6061, 0.7241 0.2684 0.6069, 0.7498 0.2434 0.5414, 0.7831 0.214 0.4807, 0.7832 0.1969 0.4807, 0.6987 0.3049 0.7496, 0.7027 0.3115 0.6785, 0.7213 0.2915 0.6077, 0.7477 0.2742 0.5417, 0.7821 0.2474 0.4807, 0.6935 0.3299 0.7537, 0.6972 0.3377 0.6812, 0.7169 0.3198 0.6089, 0.7451 0.2992 0.542, 0.7802 0.2808 0.4806, 0.8226 0.2517 0.4251, 0.8704 0.2562 0.3756, 0.821 0.2879 0.4247, 0.7779 0.3079 0.4804, 0.741 0.3298 0.5423, 0.7114 0.3478 0.6103, 0.6906 0.3637 0.6842, 0.6797 0.3796 0.7634, 0.6798 0.3793 0.7634, 0.6871 0.3548 0.7584, 0.9843 0.2659 0.2992, 0.9843 0.3117 0.2992, 0.9246 0.261 0.3334, 0.9241 0.3035 0.3331, 0.8693 0.2956 0.3752, 0.868 0.3276 0.3747, 0.8192 0.3174 0.4243, 0.8163 0.3535 0.4235, 0.7743 0.3411 0.4801, 0.7698 0.3739 0.4795, 0.7358 0.36 0.5426, 0.7297 0.3897 0.5427, 0.7049 0.3754 0.6118, 0.6973 0.4025 0.6131, 0.6828 0.3893 0.6873, 0.674 0.4145 0.6904, 0.9843 0.349 0.2992, 0.9234 0.3382 0.3327, 0.866 0.3669 0.3739, 0.8127 0.3893 0.4224, 0.7645 0.4062 0.4786, 0.7227 0.4189 0.5425, 0.6887 0.429 0.6141, 0.6641 0.4391 0.6932, 0.9125 0.6319 0.3228, 0.9144 0.5887 0.3253, 0.9843 0.6693 0.2992, 0.9843 0.6215 0.2992, 0.9843 0.5769 0.2992, 0.9162 0.5481 0.3273, 0.85 0.5568 0.3637, 0.846 0.5956 0.3597, 0.9843 0.5319 0.2992, 0.918 0.5069 0.3289, 0.8537 0.52 0.3667, 0.7929 0.5266 0.4133, 0.7867 0.5615 0.409, 0.9843 0.4865 0.2992, 0.9196 0.4652 0.3302, 0.8573 0.4825 0.3692, 0.7984 0.4934 0.4165, 0.7445 0.4991 0.4728, 0.7363 0.5305 0.4691, 0.9843 0.4408 0.2992, 0.9211 0.4231 0.3313, 0.8606 0.4444 0.3711, 0.8037 0.4594 0.419, 0.7517 0.469 0.4754, 0.7063 0.4749 0.5405, 0.6965 0.5036 0.5383, 0.9843 0.395 0.2992, 0.9224 0.3808 0.3321, 0.8635 0.4058 0.3727, 0.8085 0.4246 0.421, 0.7584 0.438 0.4773, 0.7148 0.4473 0.5418, 0.6793 0.4547 0.6147, 0.6682 0.4816 0.6146, 0.6524 0.4651 0.6958, 0.6711 0.4042 0.7687, 0.6613 0.4285 0.7739, 0.6495 0.4545 0.7793, 0.531 -0.6278 0.6678, 0.5095 -0.6391 0.7393, 0.4921 -0.6539 0.7246, 0.6991 -0.7874 0.2992, 0.6602 -0.755 0.3323, 0.6218 -0.728 0.3705, 0.5847 -0.7068 0.4133, 0.5493 -0.6916 0.4599, 0.5381 -0.6699 0.5174, 0.5063 -0.6667 0.5733, 0.5734 -0.6802 0.4644, 0.4784 -0.6708 0.6312, 0.4652 -0.6745 0.7, 0.497 -0.6567 0.6451, 0.4739 -0.6682 0.7083, 0.7355 -0.7874 0.2992, 0.6114 -0.6974 0.4153, 0.6516 -0.7213 0.3709, 0.6931 -0.7515 0.332, 0.7703 -0.7874 0.2992, 0.5255 -0.6529 0.5831, 0.5586 -0.657 0.5235, 0.5959 -0.6688 0.4675, 0.6365 -0.6883 0.4162, 0.6796 -0.7149 0.3704, 0.7245 -0.7481 0.3312, 0.8037 -0.7874 0.2992, 0.5146 -0.6423 0.6573, 0.5433 -0.639 0.5913, 0.5776 -0.6443 0.5283, 0.6167 -0.6579 0.4694, 0.6599 -0.6795 0.416, 0.7061 -0.7088 0.3692, 0.7543 -0.745 0.33, 0.8356 -0.7874 0.2992, 0.7826 -0.7421 0.3284, 0.7309 -0.7031 0.3672, 0.6816 -0.6713 0.4148, 0.636 -0.6473 0.47, 0.5951 -0.6319 0.5316, 0.5598 -0.6253 0.598, 0.5261 -0.6238 0.7523, 0.5465 -0.6131 0.6768, 0.5751 -0.6118 0.6032, 0.6112 -0.62 0.5335, 0.6538 -0.6374 0.4694, 0.7019 -0.6636 0.4125, 0.7543 -0.698 0.3645, 0.8095 -0.7396 0.3264, 0.8661 -0.7874 0.2992, 0.7087 -0.1969 0.7411, 0.7134 -0.1969 0.6728, 0.7155 -0.1969 0.6632, 0.7277 -0.1969 0.6057, 0.7343 -0.1969 0.5873, 0.7511 -0.1969 0.5413, 0.7648 -0.1969 0.5153, 0.7832 -0.1969 0.4807, 0.8062 -0.1969 0.449, 0.8234 -0.1969 0.4252, 0.8574 -0.1969 0.39, 0.871 -0.1969 0.3759, 0.9172 -0.1969 0.3396, 0.9249 -0.1969 0.3336, 0.9843 -0.1969 0.2992, 0.6442 -0.4649 0.781, 0.6379 -0.4772 0.7829, 0.6422 -0.4848 0.6977, 0.9802 -0.6999 0.2992, 0.9812 -0.6926 0.2992, 0.9098 -0.6525 0.3216, 0.9684 -0.7283 0.2992, 0.9746 -0.7134 0.2992, 0.9038 -0.671 0.3209, 0.9497 -0.7528 0.2992, 0.9503 -0.7519 0.2992, 0.8814 -0.7053 0.321, 0.9252 -0.7716 0.2992, 0.9337 -0.7651 0.2992, 0.8673 -0.7178 0.3217, 0.8967 -0.7834 0.2992, 0.8989 -0.7825 0.2992, 0.837 -0.7337 0.324, 0.567 -0.5912 0.6885, 0.5571 -0.602 0.6835, 0.5837 -0.6028 0.6077, 0.8867 -0.7847 0.2992, 0.5769 -0.5798 0.6923, 0.5918 -0.594 0.6108, 0.6184 -0.6129 0.536, 0.58 -0.5761 0.6933, 0.6002 -0.5845 0.613, 0.6255 -0.606 0.5375, 0.6604 -0.6322 0.4703, 0.5907 -0.563 0.6959, 0.6029 -0.5814 0.6135, 0.633 -0.5984 0.5383, 0.667 -0.627 0.4706, 0.7085 -0.6601 0.4124, 0.6015 -0.5489 0.6975, 0.6123 -0.5703 0.6147, 0.6355 -0.5959 0.5384, 0.6744 -0.621 0.4702, 0.7153 -0.6563 0.4118, 0.7615 -0.6959 0.3637, 0.5357 -0.6144 0.7588, 0.5394 -0.6107 0.7614, 0.5516 -0.5979 0.7683, 0.5637 -0.5844 0.7739, 0.5675 -0.58 0.7754, 0.5801 -0.5647 0.7796, 0.5925 -0.5486 0.7825, 0.5958 -0.5439 0.783, 0.6046 -0.5316 0.7842, 0.6123 -0.5338 0.6984, 0.6221 -0.558 0.6151, 0.6443 -0.5865 0.5383, 0.6769 -0.6189 0.47, 0.7231 -0.6517 0.4107, 0.7691 -0.6932 0.3628, 0.8178 -0.7385 0.3257, 0.6163 -0.5139 0.7848, 0.6229 -0.5178 0.6987, 0.6322 -0.5444 0.6152, 0.6538 -0.5757 0.5378, 0.6858 -0.6111 0.469, 0.7258 -0.65 0.4103, 0.7779 -0.6896 0.3615, 0.8268 -0.7367 0.3249, 0.6275 -0.4957 0.7844, 0.6329 -0.5014 0.6985, 0.642 -0.5297 0.6152, 0.6636 -0.5633 0.5372, 0.6955 -0.6014 0.4678, 0.7354 -0.6433 0.4089, 0.7809 -0.6882 0.3611, 0.8761 -0.7861 0.2992, 0.6512 -0.5145 0.6152, 0.6732 -0.5494 0.5369, 0.7057 -0.5897 0.4668, 0.7461 -0.6343 0.4073, 0.7918 -0.6822 0.3596, 0.8405 -0.7325 0.3237, 0.9029 -0.7808 0.2992, 0.9838 -0.6729 0.2992, 0.9123 -0.6351 0.3226, 0.8456 -0.5984 0.3594, 0.8425 -0.6139 0.3579, 0.7861 -0.5641 0.4086, 0.9642 -0.7338 0.2992, 0.8941 -0.6893 0.3207, 0.8366 -0.6306 0.3568, 0.7822 -0.5783 0.4071, 0.7355 -0.5331 0.4689, 0.8276 -0.6471 0.3565, 0.776 -0.5936 0.4059, 0.7306 -0.5468 0.4676, 0.6954 -0.5063 0.5382, 0.8163 -0.6618 0.357, 0.7675 -0.609 0.4056, 0.7239 -0.5613 0.4666, 0.6893 -0.5201 0.5377, 0.6669 -0.4845 0.6148, 0.9178 -0.7746 0.2992, 0.8533 -0.7266 0.3227, 0.8039 -0.6735 0.3581, 0.7571 -0.6228 0.4061, 0.7154 -0.576 0.4663, 0.6819 -0.5347 0.5371, 0.6595 -0.4993 0.6152, 0.6508 -0.4683 0.6962, 0.6476 -0.4583 0.7801, 0.6495 -0.4545 0.7793, 0.6524 -0.4651 0.6958, 0.6682 -0.4816 0.6146, 0.6965 -0.5036 0.5383, 0.7363 -0.5305 0.4691, 0.7867 -0.5615 0.409, 0.846 -0.5956 0.3597, 0.9125 -0.6319 0.3228, 0.9843 -0.6693 0.2992, 0.7129 -0.2234 0.6731, 0.7271 -0.2254 0.6059, 0.7505 -0.2277 0.5414, 0.8699 -0.2756 0.3755, 0.8707 -0.2362 0.3758, 0.8231 -0.2332 0.4252, 0.9843 -0.6255 0.2992, 0.9142 -0.5923 0.3251, 0.6632 -0.4413 0.6934, 0.6604 -0.4306 0.7744, 0.6732 -0.4165 0.6906, 0.6703 -0.4061 0.7691, 0.6823 -0.3909 0.6875, 0.6792 -0.3811 0.7637, 0.9843 -0.5805 0.2992, 0.9161 -0.5514 0.3271, 0.9843 -0.5347 0.2992, 0.9179 -0.5095 0.3288, 0.9843 -0.4881 0.2992, 0.9196 -0.4667 0.3302, 0.9843 -0.4408 0.2992, 0.9211 -0.4231 0.3313, 0.8497 -0.56 0.3634, 0.8534 -0.523 0.3665, 0.8571 -0.4849 0.369, 0.8605 -0.4458 0.3711, 0.8635 -0.4058 0.3727, 0.8643 -0.3935 0.3731, 0.7924 -0.5295 0.413, 0.798 -0.4961 0.4163, 0.8034 -0.4615 0.4189, 0.8083 -0.4259 0.4209, 0.8127 -0.3893 0.4224, 0.8139 -0.378 0.4228, 0.8173 -0.3419 0.4238, 0.6797 -0.3793 0.7634, 0.6903 -0.3646 0.6843, 0.6869 -0.3557 0.7585, 0.6972 -0.3377 0.6812, 0.6935 -0.3299 0.7537, 0.6991 -0.3295 0.6803, 0.6952 -0.322 0.7524, 0.7043 -0.303 0.6778, 0.7001 -0.2968 0.7485, 0.7439 -0.5017 0.4725, 0.7512 -0.4714 0.4752, 0.758 -0.44 0.4772, 0.7643 -0.4074 0.4786, 0.7698 -0.3739 0.4795, 0.7713 -0.3636 0.4797, 0.7756 -0.3304 0.4802, 0.7789 -0.2971 0.4805, 0.9237 -0.3245 0.3329, 0.9843 -0.3342 0.2992, 0.9843 -0.2884 0.2992, 0.7055 -0.4773 0.5404, 0.7142 -0.4496 0.5417, 0.7222 -0.4207 0.5424, 0.7295 -0.3908 0.5427, 0.7358 -0.36 0.5426, 0.7376 -0.3505 0.5425, 0.7424 -0.32 0.5422, 0.7462 -0.2893 0.5419, 0.7489 -0.2586 0.5416, 0.6784 -0.457 0.6147, 0.688 -0.4311 0.6142, 0.6967 -0.4042 0.6131, 0.7046 -0.3764 0.6118, 0.7114 -0.3478 0.6103, 0.7133 -0.339 0.6099, 0.7185 -0.3108 0.6085, 0.7225 -0.2824 0.6074, 0.7254 -0.2539 0.6065, 0.9244 -0.2819 0.3333, 0.9843 -0.2426 0.2992, 0.9248 -0.2394 0.3335, 0.9843 -0.3802 0.2992, 0.9227 -0.3671 0.3323, 0.8686 -0.3149 0.3749, 0.8219 -0.2695 0.4249, 0.7827 -0.2304 0.4807, 0.9843 -0.4263 0.2992, 0.9215 -0.4098 0.3316, 0.8667 -0.3542 0.3742, 0.82 -0.3057 0.4245, 0.7813 -0.2638 0.4806, 0.7112 -0.25 0.6741, 0.7083 -0.2765 0.6756, 0.7013 -0.2892 0.7475, 0.7039 -0.2718 0.7453, 0.7065 -0.2468 0.743, 0.7081 -0.2218 0.7416, 0.1181 0.7874 0.8898, -0.1181 0.7874 0.8898, 0.1181 0.7933 0.9655, -0.1181 0.7933 0.9655, 0.1181 0.8107 1.0395, -0.1181 0.8107 1.0395, 0.1181 0.8394 1.1098, -0.1181 0.8394 1.1098, 0.1181 0.8785 1.175, -0.1181 0.8785 1.175, 0.1181 0.9272 1.2333, -0.1181 0.9272 1.2333, 0.1181 0.9843 1.2835, -0.1181 0.9843 1.2835, 0.2105 0.78 0.88, 0.1963 0.7822 0.8828, 0.2045 0.7874 0.9606, 0.1331 0.9271 1.2333, 0.1345 0.9843 1.2835, 0.1271 0.7873 0.8897, 0.128 0.7932 0.9655, 0.1501 0.7865 0.8886, 0.1534 0.7923 0.9647, 0.1291 0.8106 1.0394, 0.1731 0.7848 0.8863, 0.1789 0.7904 0.9631, 0.1574 0.8098 1.039, 0.1303 0.8393 1.1098, 0.1857 0.8078 1.038, 0.1618 0.8385 1.1096, 0.1317 0.8784 1.175, 0.2197 0.7786 0.8782, 0.23 0.7834 0.9575, 0.214 0.8049 1.0365, 0.1933 0.8368 1.1092, 0.1665 0.8778 1.1749, 0.3043 0.9843 1.2835, 0.3472 0.9843 1.2835, 0.2877 0.9236 1.2338, 0.3267 0.9218 1.2341, 0.3067 0.8687 1.1747, 0.2615 0.9843 1.2835, 0.2489 0.925 1.2336, 0.2716 0.872 1.1747, 0.2878 0.8263 1.1068, 0.219 0.9843 1.2835, 0.2101 0.9261 1.2334, 0.2365 0.8746 1.1747, 0.2564 0.8307 1.1077, 0.2707 0.7959 1.0325, 0.1767 0.9843 1.2835, 0.1716 0.9268 1.2334, 0.2015 0.8766 1.1748, 0.2248 0.8342 1.1085, 0.2424 0.8009 1.0347, 0.2556 0.7783 0.9536, 0.2431 0.774 0.8725, 0.2454 0.7735 0.8719, 0.2581 0.7778 0.9532, 0.2735 0.7954 1.0322, 0.291 0.8259 1.1068, 0.3102 0.8683 1.1747, 0.3306 0.9216 1.2342, 0.3515 0.9843 1.2835, -0.3031 0.923 1.2339, -0.3306 0.9216 1.2342, -0.3212 0.9843 1.2835, -0.3515 0.9843 1.2835, -0.2105 0.78 0.88, -0.2289 0.7769 0.8761, -0.2401 0.7815 0.956, -0.2454 0.7735 0.8719, -0.2581 0.7778 0.9532, -0.205 0.781 0.8812, -0.214 0.7861 0.9595, -0.2535 0.7991 1.0338, -0.2735 0.7954 1.0322, -0.1813 0.784 0.8852, -0.1879 0.7895 0.9623, -0.2246 0.8036 1.0359, -0.2688 0.8291 1.1074, -0.291 0.8259 1.1068, -0.1577 0.7861 0.8879, -0.1619 0.7918 0.9642, -0.1957 0.8069 1.0375, -0.2366 0.833 1.1082, -0.2854 0.8708 1.1747, -0.3102 0.8683 1.1747, -0.1907 0.9843 1.2835, -0.1601 0.9843 1.2835, -0.1843 0.9266 1.2334, -0.1564 0.927 1.2333, -0.1528 0.8781 1.175, -0.234 0.9843 1.2835, -0.2238 0.9258 1.2335, -0.1781 0.8775 1.1749, -0.1494 0.8389 1.1097, -0.2774 0.9843 1.2835, -0.2633 0.9246 1.2336, -0.2138 0.8759 1.1748, -0.1722 0.838 1.1095, -0.1463 0.8102 1.0392, -0.2496 0.8737 1.1747, -0.2044 0.836 1.1089, -0.1668 0.8092 1.0387, -0.1434 0.7928 0.9651, -0.141 0.787 0.8892, 0.3862 0.723 0.8642, 0.3783 0.727 0.863, 0.3764 0.736 0.9467, 0.45 0.9579 1.2835, 0.4569 0.9525 1.2835, 0.4305 0.8906 1.2341, 0.3006 0.7584 0.8619, 0.2967 0.7597 0.8622, 0.3036 0.7652 0.9462, 0.4025 0.9775 1.2835, 0.4092 0.9748 1.2835, 0.385 0.9112 1.2341, 0.3376 0.921 1.2341, 0.3588 0.9833 1.2835, 0.2549 0.7713 0.8695, 0.2665 0.7757 0.9515, 0.2759 0.7659 0.8652, 0.2851 0.7708 0.9483, 0.281 0.7936 1.0311, 0.2978 0.7892 1.029, 0.2981 0.8244 1.1061, 0.3174 0.7528 0.8605, 0.322 0.7589 0.9449, 0.3147 0.7842 1.0276, 0.3138 0.8207 1.105, 0.3171 0.8673 1.1744, 0.338 0.745 0.8601, 0.3404 0.7519 0.9446, 0.3314 0.7785 1.0269, 0.3296 0.8163 1.1043, 0.3324 0.8644 1.174, 0.3583 0.7364 0.8609, 0.3585 0.7442 0.9452, 0.3481 0.7722 1.0266, 0.3454 0.8112 1.1038, 0.3479 0.8606 1.1737, 0.3532 0.9189 1.2341, 0.3754 0.9811 1.2835, 0.3646 0.7652 1.027, 0.361 0.8053 1.1037, 0.3634 0.8558 1.1736, 0.3691 0.9156 1.2341, 0.3924 0.9789 1.2835, 0.3894 0.7214 0.8647, 0.3862 0.7311 0.948, 0.3809 0.7576 1.028, 0.3765 0.7986 1.1039, 0.3787 0.8501 1.1736, 0.4647 0.9466 1.2835, 0.478 0.9364 1.2835, 0.4383 0.8858 1.2341, 0.4513 0.8767 1.2341, 0.4295 0.8234 1.1744, 0.4162 0.8316 1.174, 0.4139 0.779 1.1059, 0.4419 0.9612 1.2835, 0.4159 0.8986 1.2341, 0.4083 0.8361 1.1738, 0.3999 0.787 1.1049, 0.4051 0.7449 1.0308, 0.4255 0.968 1.2835, 0.4006 0.9054 1.2341, 0.3937 0.8435 1.1736, 0.3916 0.7913 1.1044, 0.3898 0.7532 1.0288, 0.4032 0.7221 0.951, 0.4084 0.7111 0.8688, 0.4268 0.7003 0.8742, 0.4196 0.7127 0.9549, 0.4198 0.7364 1.0334, 0.4273 0.7707 1.1074, 0.4419 0.8147 1.175, 0.4633 0.8671 1.2342, 0.4907 0.9266 1.2835, -0.3006 0.7584 0.862, -0.3117 0.7548 0.8609, -0.317 0.7607 0.9452, -0.4025 0.9775 1.2835, -0.3874 0.9795 1.2835, -0.3645 0.9167 1.2341, -0.45 0.9579 1.2835, -0.4374 0.9631 1.2835, -0.4117 0.9006 1.2341, -0.3862 0.723 0.8643, -0.3921 0.72 0.8652, -0.3886 0.7298 0.9483, -0.4593 0.8705 1.2342, -0.4633 0.8671 1.2342, -0.4864 0.9299 1.2835, -0.4907 0.9266 1.2835, -0.4205 0.7041 0.8722, -0.4268 0.7003 0.8742, -0.414 0.716 0.9534, -0.4196 0.7127 0.9549, -0.411 0.7096 0.8695, -0.4056 0.7208 0.9515, -0.4148 0.7394 1.0324, -0.4198 0.7364 1.0334, -0.4072 0.7438 1.0311, -0.4228 0.7736 1.1068, -0.4273 0.7707 1.1074, -0.3726 0.7297 0.8622, -0.3713 0.7384 0.9462, -0.3919 0.752 1.029, -0.4158 0.7779 1.1061, -0.4377 0.8177 1.1747, -0.4419 0.8147 1.175, -0.3527 0.7388 0.8605, -0.3535 0.7464 0.9449, -0.3762 0.7599 1.0276, -0.4019 0.7859 1.105, -0.4313 0.8222 1.1744, -0.3324 0.7471 0.8601, -0.3354 0.7538 0.9446, -0.3601 0.7672 1.0269, -0.3873 0.7935 1.1043, -0.4181 0.8305 1.174, -0.4531 0.8754 1.2341, -0.4798 0.935 1.2835, -0.3436 0.774 1.0266, -0.3723 0.8005 1.1038, -0.4042 0.8383 1.1737, -0.4402 0.8845 1.2341, -0.4665 0.9452 1.2835, -0.2906 0.7616 0.863, -0.2982 0.7669 0.9467, -0.3268 0.7802 1.027, -0.3568 0.8069 1.1037, -0.3897 0.8454 1.1736, -0.4264 0.893 1.2341, -0.453 0.9556 1.2835, -0.2873 0.7627 0.8634, -0.2952 0.7678 0.947, -0.3098 0.7857 1.028, -0.341 0.8127 1.1039, -0.3746 0.8518 1.1736, -0.3846 0.9799 1.2835, -0.3678 0.9821 1.2835, -0.3619 0.9173 1.2341, -0.346 0.92 1.2341, -0.3254 0.8658 1.1742, -0.3409 0.8624 1.1739, -0.3066 0.8225 1.1055, -0.4047 0.9766 1.2835, -0.3806 0.9125 1.2341, -0.3434 0.8618 1.1738, -0.3224 0.8184 1.1046, -0.2902 0.7913 1.0299, -0.421 0.9699 1.2835, -0.3964 0.9071 1.2341, -0.3591 0.8572 1.1736, -0.325 0.8177 1.1044, -0.307 0.7866 1.0282, -0.2766 0.7731 0.9496, -0.2663 0.7685 0.867, 0.5958 0.5439 0.8856, 0.591 0.5505 0.8874, 0.6007 0.5477 0.964, 0.5049 0.9124 1.2835, 0.4768 0.855 1.234, 0.43 0.7063 0.957, 0.4363 0.6944 0.8773, 0.4522 0.6915 0.9612, 0.5359 0.8814 1.2835, 0.5063 0.8281 1.2337, 0.5667 0.8507 1.2835, 0.5353 0.8013 1.2336, 0.4548 0.8044 1.175, 0.4826 0.7814 1.1751, 0.5097 0.7581 1.1752, 0.5363 0.7344 1.1754, 0.4394 0.762 1.1079, 0.4654 0.7425 1.1089, 0.4907 0.7223 1.1099, 0.5152 0.7016 1.1106, 0.5391 0.6801 1.1112, 0.431 0.729 1.0346, 0.4552 0.7122 1.037, 0.4785 0.6947 1.0391, 0.501 0.6765 1.0407, 0.5228 0.6575 1.0418, 0.5252 0.6553 1.0419, 0.4735 0.676 0.9647, 0.494 0.6598 0.9673, 0.5138 0.6429 0.969, 0.516 0.6409 0.9692, 0.5343 0.6237 0.9699, 0.5356 0.6144 0.8957, 0.5308 0.6192 0.8958, 0.5143 0.6348 0.8948, 0.5123 0.6366 0.8946, 0.4945 0.6519 0.8921, 0.4759 0.6666 0.8884, 0.4652 0.6745 0.8856, 0.4566 0.6808 0.8834, 0.5467 0.6031 0.8955, 0.5519 0.6058 0.9697, 0.5455 0.6361 1.0423, 0.5418 0.6777 1.1112, 0.5624 0.7102 1.1755, 0.5639 0.7742 1.2335, 0.5972 0.8201 1.2835, 0.5621 0.5863 0.894, 0.5689 0.5872 0.9687, 0.5651 0.6162 1.0422, 0.5642 0.6562 1.1114, 0.5653 0.7074 1.1755, 0.5921 0.747 1.2334, 0.6276 0.7897 1.2835, 0.5768 0.5688 0.8913, 0.5851 0.5678 0.9667, 0.5841 0.5956 1.0416, 0.5861 0.6341 1.1114, 0.5901 0.6834 1.1756, 0.5953 0.7439 1.2334, 0.631 0.7863 1.2835, 0.6023 0.5743 1.0404, 0.6073 0.6114 1.111, 0.6143 0.659 1.1756, 0.6224 0.7173 1.2334, 0.6604 0.7569 1.2835, 0.6047 0.5316 0.8824, 0.6156 0.5268 0.9605, 0.6199 0.5522 1.0387, 0.628 0.588 1.1105, 0.6381 0.6341 1.1755, 0.6492 0.6904 1.2334, 0.6898 0.7275 1.2835, 0.8085 0.6089 1.2835, 0.8385 0.5788 1.2835, 0.7545 0.5795 1.2338, 0.7804 0.551 1.2341, 0.7292 0.5292 1.175, 0.7786 0.6387 1.2835, 0.7284 0.6078 1.2336, 0.7071 0.5561 1.175, 0.6862 0.514 1.1077, 0.7489 0.6685 1.2835, 0.7021 0.6356 1.2335, 0.6845 0.5826 1.1752, 0.6675 0.5393 1.1087, 0.6528 0.506 1.0342, 0.7193 0.698 1.2835, 0.6757 0.6632 1.2334, 0.6615 0.6086 1.1754, 0.648 0.564 1.1097, 0.6367 0.5294 1.0366, 0.6297 0.5052 0.9563, 0.6177 0.5118 0.8763, 0.6216 0.5055 0.8742, 0.634 0.4984 0.9549, 0.6576 0.4985 1.0334, 0.6919 0.5061 1.1074, 0.7359 0.5207 1.175, 0.7884 0.542 1.2342, 0.8479 0.5695 1.2835, -0.4652 0.6745 0.8856, -0.4718 0.6698 0.8874, -0.469 0.6795 0.964, -0.7884 0.542 1.2342, -0.8479 0.5695 1.2835, -0.8337 0.5837 1.2835, -0.7359 0.5207 1.175, -0.7762 0.5556 1.234, -0.6216 0.5055 0.8742, -0.6275 0.5087 0.957, -0.6156 0.515 0.8773, -0.6128 0.531 0.9612, -0.8026 0.6147 1.2835, -0.7494 0.585 1.2337, -0.7719 0.6454 1.2835, -0.7225 0.614 1.2336, -0.6919 0.5061 1.1074, -0.7256 0.5335 1.175, -0.7027 0.5613 1.1751, -0.6794 0.5885 1.1752, -0.6557 0.6151 1.1754, -0.6576 0.4985 1.0334, -0.6833 0.5181 1.1079, -0.6637 0.5441 1.1089, -0.6436 0.5694 1.1099, -0.6228 0.5939 1.1106, -0.6014 0.6179 1.1112, -0.634 0.4984 0.9549, -0.6503 0.5098 1.0346, -0.6335 0.5339 1.037, -0.616 0.5572 1.0391, -0.5978 0.5797 1.0407, -0.5788 0.6015 1.0418, -0.5766 0.6039 1.0419, -0.5973 0.5523 0.9647, -0.5811 0.5728 0.9673, -0.5641 0.5925 0.969, -0.5622 0.5947 0.9692, -0.545 0.613 0.9699, -0.5356 0.6144 0.8957, -0.5405 0.6096 0.8958, -0.556 0.593 0.8948, -0.5578 0.5911 0.8946, -0.5732 0.5732 0.8921, -0.5879 0.5547 0.8884, -0.5958 0.5439 0.8856, -0.602 0.5353 0.8834, -0.5243 0.6255 0.8955, -0.5271 0.6306 0.9697, -0.5574 0.6242 1.0423, -0.5989 0.6205 1.1112, -0.6314 0.6412 1.1755, -0.6955 0.6426 1.2335, -0.7414 0.6759 1.2835, -0.5075 0.6408 0.894, -0.5085 0.6476 0.9687, -0.5375 0.6439 1.0422, -0.5775 0.643 1.1114, -0.6287 0.6441 1.1755, -0.6683 0.6709 1.2334, -0.711 0.7063 1.2835, -0.49 0.6556 0.8913, -0.4891 0.6639 0.9667, -0.5169 0.6628 1.0416, -0.5554 0.6648 1.1114, -0.6047 0.6688 1.1756, -0.6652 0.674 1.2334, -0.7076 0.7098 1.2835, -0.4956 0.6811 1.0404, -0.5326 0.6861 1.111, -0.5803 0.693 1.1756, -0.6385 0.7011 1.2334, -0.6781 0.7392 1.2835, -0.4528 0.6834 0.8824, -0.4481 0.6943 0.9605, -0.4735 0.6986 1.0387, -0.5092 0.7067 1.1105, -0.5553 0.7169 1.1755, -0.6116 0.7279 1.2334, -0.6487 0.7686 1.2835, -0.5301 0.8872 1.2835, -0.5001 0.9172 1.2835, -0.5008 0.8332 1.2338, -0.4722 0.8591 1.2341, -0.4504 0.8079 1.175, -0.56 0.8573 1.2835, -0.529 0.8071 1.2336, -0.4774 0.7858 1.175, -0.4353 0.765 1.1077, -0.5897 0.8276 1.2835, -0.5569 0.7809 1.2335, -0.5039 0.7632 1.1752, -0.4605 0.7462 1.1087, -0.4272 0.7315 1.0342, -0.6193 0.798 1.2835, -0.5844 0.7545 1.2334, -0.5299 0.7403 1.1754, -0.4852 0.7268 1.1097, -0.4507 0.7155 1.0366, -0.4265 0.7085 0.9563, -0.4331 0.6964 0.8763, 0.6797 0.3793 0.862, 0.676 0.3905 0.8609, 0.6819 0.3957 0.9452, 0.8988 0.4812 1.2835, 0.9008 0.4661 1.2835, 0.838 0.4432 1.2341, 0.8791 0.5287 1.2835, 0.8844 0.5161 1.2835, 0.8218 0.4905 1.2341, 0.6442 0.4649 0.8643, 0.6413 0.4708 0.8652, 0.6511 0.4674 0.9483, 0.7917 0.538 1.2342, 0.8512 0.5651 1.2835, 0.6254 0.4993 0.8722, 0.6372 0.4928 0.9534, 0.6309 0.4898 0.8695, 0.6421 0.4843 0.9515, 0.6606 0.4935 1.0324, 0.665 0.4859 1.0311, 0.6949 0.5015 1.1068, 0.651 0.4514 0.8622, 0.6597 0.45 0.9462, 0.6733 0.4707 1.029, 0.6991 0.4946 1.1061, 0.739 0.5165 1.1747, 0.6601 0.4315 0.8605, 0.6677 0.4323 0.9449, 0.6811 0.455 1.0276, 0.7072 0.4806 1.105, 0.7434 0.51 1.1744, 0.6684 0.4112 0.8601, 0.6751 0.4141 0.9446, 0.6884 0.4389 1.0269, 0.7148 0.4661 1.1043, 0.7518 0.4968 1.174, 0.7966 0.5318 1.2341, 0.8562 0.5585 1.2835, 0.6952 0.4224 1.0266, 0.7218 0.451 1.1038, 0.7596 0.4829 1.1737, 0.8058 0.5189 1.2341, 0.8664 0.5453 1.2835, 0.6829 0.3694 0.863, 0.6881 0.3769 0.9467, 0.7014 0.4056 1.027, 0.7282 0.4355 1.1037, 0.7667 0.4684 1.1736, 0.8143 0.5051 1.2341, 0.8768 0.5317 1.2835, 0.6839 0.366 0.8634, 0.6891 0.3739 0.947, 0.707 0.3885 1.028, 0.7339 0.4197 1.1039, 0.773 0.4533 1.1736, 0.9012 0.4634 1.2835, 0.9034 0.4465 1.2835, 0.8385 0.4406 1.2341, 0.8413 0.4248 1.2341, 0.7871 0.4041 1.1742, 0.7837 0.4196 1.1739, 0.7438 0.3853 1.1055, 0.8979 0.4834 1.2835, 0.8338 0.4593 1.2341, 0.783 0.4221 1.1738, 0.7397 0.4011 1.1046, 0.7126 0.3689 1.0299, 0.8911 0.4998 1.2835, 0.8284 0.4752 1.2341, 0.7785 0.4379 1.1736, 0.7389 0.4037 1.1044, 0.7078 0.3858 1.0282, 0.6944 0.3554 0.9496, 0.6898 0.3451 0.867, 0.6948 0.3242 0.8719, 0.699 0.3369 0.9532, 0.7166 0.3522 1.0322, 0.7471 0.3697 1.1068, 0.7896 0.3889 1.1747, 0.8429 0.4093 1.2342, 0.9055 0.4303 1.2835, -0.6443 0.4649 0.8642, -0.6482 0.4571 0.863, -0.6572 0.4551 0.9467, -0.8723 0.5396 1.2835, -0.8687 0.544 1.2835, -0.807 0.5171 1.2341, -0.6797 0.3793 0.8619, -0.681 0.3754 0.8622, -0.6864 0.3823 0.9462, -0.9017 0.4687 1.2835, -0.901 0.4712 1.2835, -0.8369 0.4478 1.2341, -0.8423 0.4163 1.2341, -0.8429 0.4093 1.2342, -0.9048 0.4376 1.2835, -0.9055 0.4303 1.2835, -0.6926 0.3337 0.8695, -0.6948 0.3242 0.8719, -0.697 0.3453 0.9515, -0.699 0.3369 0.9532, -0.6872 0.3546 0.8652, -0.692 0.3638 0.9483, -0.7149 0.3598 1.0311, -0.7166 0.3522 1.0322, -0.7105 0.3766 1.029, -0.7457 0.3768 1.1061, -0.7471 0.3697 1.1068, -0.674 0.3962 0.8605, -0.6801 0.4008 0.9449, -0.7055 0.3934 1.0276, -0.742 0.3925 1.105, -0.7886 0.3958 1.1744, -0.7896 0.3889 1.1747, -0.6662 0.4167 0.8601, -0.6731 0.4191 0.9446, -0.6998 0.4102 1.0269, -0.7376 0.4083 1.1043, -0.7856 0.4111 1.174, -0.6576 0.437 0.8609, -0.6655 0.4372 0.9452, -0.6934 0.4269 1.0266, -0.7324 0.4241 1.1038, -0.7818 0.4266 1.1737, -0.8402 0.432 1.2341, -0.9032 0.4543 1.2835, -0.6865 0.4434 1.027, -0.7265 0.4398 1.1037, -0.7771 0.4421 1.1736, -0.6427 0.4681 0.8647, -0.6523 0.465 0.948, -0.6789 0.4596 1.028, -0.7199 0.4552 1.1039, -0.7714 0.4575 1.1736, -0.8324 0.4637 1.2341, -0.8959 0.4879 1.2835, -0.8581 0.557 1.2835, -0.798 0.5301 1.2341, -0.7446 0.5082 1.1744, -0.8742 0.5361 1.2835, -0.8119 0.5093 1.2341, -0.7529 0.4949 1.174, -0.7003 0.4927 1.1059, -0.8826 0.5205 1.2835, -0.8198 0.4946 1.2341, -0.7574 0.4871 1.1738, -0.7083 0.4786 1.1049, -0.6662 0.4838 1.0308, -0.8905 0.5056 1.2835, -0.8267 0.4794 1.2341, -0.7648 0.4725 1.1736, -0.7126 0.4704 1.1044, -0.6744 0.4685 1.0288, -0.6434 0.482 0.951, -0.6324 0.4871 0.8688, 0.8442 0.3818 1.2339, 0.9055 0.3999 1.2835, 0.7013 0.2892 0.88, 0.6982 0.3076 0.8761, 0.7028 0.3189 0.956, 0.7022 0.2838 0.8812, 0.7073 0.2927 0.9595, 0.7204 0.3323 1.0338, 0.7053 0.2601 0.8852, 0.7107 0.2667 0.9623, 0.7248 0.3033 1.0359, 0.7504 0.3475 1.1074, 0.7073 0.2364 0.8879, 0.713 0.2406 0.9642, 0.7282 0.2744 1.0375, 0.7543 0.3153 1.1082, 0.792 0.3642 1.1747, 0.9055 0.2694 1.2835, 0.9055 0.2388 1.2835, 0.8479 0.2631 1.2334, 0.8482 0.2352 1.2333, 0.7994 0.2316 1.175, 0.9055 0.3127 1.2835, 0.847 0.3025 1.2335, 0.7987 0.2569 1.1749, 0.7602 0.2282 1.1097, 0.9055 0.3562 1.2835, 0.8458 0.3421 1.2336, 0.7972 0.2926 1.1748, 0.7593 0.251 1.1095, 0.7315 0.225 1.0392, 0.795 0.3283 1.1747, 0.7573 0.2831 1.1089, 0.7305 0.2455 1.0387, 0.714 0.2222 0.9651, 0.7082 0.2198 0.8892, 0.7087 0.1969 0.8898, 0.7145 0.1969 0.9655, 0.732 0.1969 1.0395, 0.7606 0.1969 1.1098, 0.7997 0.1969 1.175, 0.8484 0.1969 1.2333, 0.9055 0.1969 1.2835, -0.7013 0.2892 0.88, -0.7035 0.2751 0.8828, -0.7087 0.2832 0.9606, -0.8484 0.2118 1.2333, -0.8484 0.1969 1.2333, -0.9055 0.2133 1.2835, -0.9055 0.1969 1.2835, -0.7086 0.2058 0.8897, -0.7087 0.1969 0.8898, -0.7145 0.2067 0.9655, -0.7145 0.1969 0.9655, -0.7078 0.2288 0.8886, -0.7136 0.2322 0.9647, -0.7319 0.2079 1.0394, -0.732 0.1969 1.0395, -0.7061 0.2519 0.8863, -0.7116 0.2577 0.9631, -0.731 0.2361 1.039, -0.7605 0.2091 1.1098, -0.7606 0.1969 1.1098, -0.7291 0.2644 1.038, -0.7598 0.2405 1.1096, -0.7997 0.2104 1.175, -0.7997 0.1969 1.175, -0.6999 0.2984 0.8782, -0.7047 0.3088 0.9575, -0.7262 0.2928 1.0365, -0.7581 0.272 1.1092, -0.7991 0.2453 1.1749, -0.9055 0.383 1.2835, -0.9055 0.426 1.2835, -0.8449 0.3665 1.2338, -0.8431 0.4054 1.2341, -0.79 0.3854 1.1747, -0.9055 0.3403 1.2835, -0.8463 0.3276 1.2336, -0.7932 0.3504 1.1747, -0.7476 0.3666 1.1068, -0.9055 0.2977 1.2835, -0.8474 0.2889 1.2334, -0.7959 0.3152 1.1747, -0.752 0.3351 1.1077, -0.7172 0.3494 1.0325, -0.9055 0.2554 1.2835, -0.8481 0.2503 1.2334, -0.7978 0.2802 1.1748, -0.7555 0.3035 1.1085, -0.7222 0.3211 1.0347, -0.6996 0.3343 0.9536, -0.6953 0.3218 0.8725, 0.7087 -0.1969 0.8898, 0.7145 -0.1969 0.9655, 0.732 -0.1969 1.0395, 0.7606 -0.1969 1.1098, 0.7997 -0.1969 1.175, 0.8484 -0.1969 1.2333, 0.9055 -0.1969 1.2835, -0.7087 -0.1969 0.8898, -0.7145 -0.1969 0.9655, -0.732 -0.1969 1.0395, -0.7606 -0.1969 1.1098, -0.7997 -0.1969 1.175, -0.8484 -0.1969 1.2333, -0.9055 -0.1969 1.2835, 0.7013 -0.2892 0.88, 0.7035 -0.2751 0.8828, 0.7087 -0.2832 0.9606, 0.8484 -0.2118 1.2333, 0.9055 -0.2133 1.2835, 0.7086 -0.2058 0.8897, 0.7145 -0.2067 0.9655, 0.7078 -0.2288 0.8886, 0.7136 -0.2322 0.9647, 0.7319 -0.2079 1.0394, 0.7061 -0.2519 0.8863, 0.7116 -0.2577 0.9631, 0.731 -0.2361 1.039, 0.7605 -0.2091 1.1098, 0.7291 -0.2644 1.038, 0.7598 -0.2405 1.1096, 0.7997 -0.2104 1.175, 0.6999 -0.2984 0.8782, 0.7047 -0.3088 0.9575, 0.7262 -0.2928 1.0365, 0.7581 -0.272 1.1092, 0.7991 -0.2453 1.1749, 0.9055 -0.383 1.2835, 0.9055 -0.426 1.2835, 0.8449 -0.3665 1.2338, 0.8431 -0.4054 1.2341, 0.79 -0.3854 1.1747, 0.9055 -0.3403 1.2835, 0.8463 -0.3276 1.2336, 0.7932 -0.3504 1.1747, 0.7476 -0.3666 1.1068, 0.9055 -0.2977 1.2835, 0.8474 -0.2889 1.2334, 0.7959 -0.3152 1.1747, 0.752 -0.3351 1.1077, 0.7172 -0.3494 1.0325, 0.9055 -0.2554 1.2835, 0.8481 -0.2503 1.2334, 0.7978 -0.2802 1.1748, 0.7555 -0.3035 1.1085, 0.7222 -0.3211 1.0347, 0.6996 -0.3343 0.9536, 0.6953 -0.3218 0.8725, 0.6948 -0.3242 0.8719, 0.699 -0.3369 0.9532, 0.7166 -0.3522 1.0322, 0.7471 -0.3697 1.1068, 0.7896 -0.3889 1.1747, 0.8429 -0.4093 1.2342, 0.9055 -0.4303 1.2835, -0.8442 -0.3818 1.2339, -0.8429 -0.4093 1.2342, -0.9055 -0.3999 1.2835, -0.9055 -0.4303 1.2835, -0.7013 -0.2892 0.88, -0.6982 -0.3076 0.8761, -0.7028 -0.3189 0.956, -0.6948 -0.3242 0.8719, -0.699 -0.3369 0.9532, -0.7022 -0.2838 0.8812, -0.7073 -0.2927 0.9595, -0.7204 -0.3323 1.0338, -0.7166 -0.3522 1.0322, -0.7053 -0.2601 0.8852, -0.7107 -0.2667 0.9623, -0.7248 -0.3033 1.0359, -0.7504 -0.3475 1.1074, -0.7471 -0.3697 1.1068, -0.7073 -0.2364 0.8879, -0.713 -0.2406 0.9642, -0.7282 -0.2744 1.0375, -0.7543 -0.3153 1.1082, -0.792 -0.3642 1.1747, -0.7896 -0.3889 1.1747, -0.9055 -0.2694 1.2835, -0.9055 -0.2388 1.2835, -0.8479 -0.2631 1.2334, -0.8482 -0.2352 1.2333, -0.7994 -0.2316 1.175, -0.9055 -0.3127 1.2835, -0.847 -0.3025 1.2335, -0.7987 -0.2569 1.1749, -0.7602 -0.2282 1.1097, -0.9055 -0.3562 1.2835, -0.8458 -0.3421 1.2336, -0.7972 -0.2926 1.1748, -0.7593 -0.251 1.1095, -0.7315 -0.225 1.0392, -0.795 -0.3283 1.1747, -0.7573 -0.2831 1.1089, -0.7305 -0.2455 1.0387, -0.714 -0.2222 0.9651, -0.7082 -0.2198 0.8892, 0.6443 -0.4649 0.8642, 0.6482 -0.4571 0.863, 0.6572 -0.4551 0.9467, 0.8791 -0.5287 1.2835, 0.8738 -0.5357 1.2835, 0.8119 -0.5093 1.2341, 0.6797 -0.3793 0.8619, 0.681 -0.3754 0.8622, 0.6864 -0.3823 0.9462, 0.8988 -0.4812 1.2835, 0.896 -0.4879 1.2835, 0.8324 -0.4637 1.2341, 0.8423 -0.4163 1.2341, 0.9046 -0.4376 1.2835, 0.6926 -0.3337 0.8695, 0.697 -0.3453 0.9515, 0.6872 -0.3546 0.8652, 0.692 -0.3638 0.9483, 0.7149 -0.3598 1.0311, 0.7105 -0.3766 1.029, 0.7457 -0.3768 1.1061, 0.674 -0.3962 0.8605, 0.6801 -0.4008 0.9449, 0.7055 -0.3934 1.0276, 0.742 -0.3925 1.105, 0.7886 -0.3958 1.1744, 0.6662 -0.4167 0.8601, 0.6731 -0.4191 0.9446, 0.6998 -0.4102 1.0269, 0.7376 -0.4083 1.1043, 0.7856 -0.4111 1.174, 0.6576 -0.437 0.8609, 0.6655 -0.4372 0.9452, 0.6934 -0.4269 1.0266, 0.7324 -0.4241 1.1038, 0.7818 -0.4266 1.1737, 0.8402 -0.432 1.2341, 0.9024 -0.4541 1.2835, 0.6865 -0.4434 1.027, 0.7265 -0.4398 1.1037, 0.7771 -0.4421 1.1736, 0.8369 -0.4478 1.2341, 0.9001 -0.4711 1.2835, 0.6427 -0.4681 0.8647, 0.6523 -0.465 0.948, 0.6789 -0.4596 1.028, 0.7199 -0.4552 1.1039, 0.7714 -0.4575 1.1736, 0.8679 -0.5434 1.2835, 0.8577 -0.5567 1.2835, 0.807 -0.5171 1.2341, 0.798 -0.5301 1.2341, 0.7446 -0.5082 1.1744, 0.7529 -0.4949 1.174, 0.7003 -0.4927 1.1059, 0.8825 -0.5206 1.2835, 0.8198 -0.4946 1.2341, 0.7574 -0.4871 1.1738, 0.7083 -0.4786 1.1049, 0.6662 -0.4838 1.0308, 0.8893 -0.5042 1.2835, 0.8267 -0.4794 1.2341, 0.7648 -0.4725 1.1736, 0.7126 -0.4704 1.1044, 0.6744 -0.4685 1.0288, 0.6434 -0.482 0.951, 0.6324 -0.4871 0.8688, 0.6216 -0.5055 0.8742, 0.634 -0.4984 0.9549, 0.6576 -0.4985 1.0334, 0.6919 -0.5061 1.1074, 0.7359 -0.5207 1.175, 0.7884 -0.542 1.2342, 0.8479 -0.5695 1.2835, -0.6797 -0.3793 0.862, -0.676 -0.3905 0.8609, -0.6819 -0.3957 0.9452, -0.8988 -0.4812 1.2835, -0.9008 -0.4661 1.2835, -0.838 -0.4432 1.2341, -0.8791 -0.5287 1.2835, -0.8844 -0.5161 1.2835, -0.8218 -0.4905 1.2341, -0.6442 -0.4649 0.8643, -0.6413 -0.4708 0.8652, -0.6511 -0.4674 0.9483, -0.7917 -0.538 1.2342, -0.7884 -0.542 1.2342, -0.8512 -0.5651 1.2835, -0.8479 -0.5695 1.2835, -0.6254 -0.4993 0.8722, -0.6216 -0.5055 0.8742, -0.6372 -0.4928 0.9534, -0.634 -0.4984 0.9549, -0.6309 -0.4898 0.8695, -0.6421 -0.4843 0.9515, -0.6606 -0.4935 1.0324, -0.6576 -0.4985 1.0334, -0.665 -0.4859 1.0311, -0.6949 -0.5015 1.1068, -0.6919 -0.5061 1.1074, -0.651 -0.4514 0.8622, -0.6597 -0.45 0.9462, -0.6733 -0.4707 1.029, -0.6991 -0.4946 1.1061, -0.739 -0.5165 1.1747, -0.7359 -0.5207 1.175, -0.6601 -0.4315 0.8605, -0.6677 -0.4323 0.9449, -0.6811 -0.455 1.0276, -0.7072 -0.4806 1.105, -0.7434 -0.51 1.1744, -0.6684 -0.4112 0.8601, -0.6751 -0.4141 0.9446, -0.6884 -0.4389 1.0269, -0.7148 -0.4661 1.1043, -0.7518 -0.4968 1.174, -0.7966 -0.5318 1.2341, -0.8562 -0.5585 1.2835, -0.6952 -0.4224 1.0266, -0.7218 -0.451 1.1038, -0.7596 -0.4829 1.1737, -0.8058 -0.5189 1.2341, -0.8664 -0.5453 1.2835, -0.6829 -0.3694 0.863, -0.6881 -0.3769 0.9467, -0.7014 -0.4056 1.027, -0.7282 -0.4355 1.1037, -0.7667 -0.4684 1.1736, -0.8143 -0.5051 1.2341, -0.8768 -0.5317 1.2835, -0.6839 -0.366 0.8634, -0.6891 -0.3739 0.947, -0.707 -0.3885 1.028, -0.7339 -0.4197 1.1039, -0.773 -0.4533 1.1736, -0.9012 -0.4634 1.2835, -0.9034 -0.4465 1.2835, -0.8385 -0.4406 1.2341, -0.8413 -0.4248 1.2341, -0.7871 -0.4041 1.1742, -0.7837 -0.4196 1.1739, -0.7438 -0.3853 1.1055, -0.8979 -0.4834 1.2835, -0.8338 -0.4593 1.2341, -0.783 -0.4221 1.1738, -0.7397 -0.4011 1.1046, -0.7126 -0.3689 1.0299, -0.8911 -0.4998 1.2835, -0.8284 -0.4752 1.2341, -0.7785 -0.4379 1.1736, -0.7389 -0.4037 1.1044, -0.7078 -0.3858 1.0282, -0.6944 -0.3554 0.9496, -0.6898 -0.3451 0.867, 0.4652 -0.6745 0.8856, 0.4718 -0.6698 0.8874, 0.469 -0.6795 0.964, 0.8337 -0.5837 1.2835, 0.7762 -0.5556 1.234, 0.6275 -0.5087 0.957, 0.6156 -0.515 0.8773, 0.6128 -0.531 0.9612, 0.8026 -0.6147 1.2835, 0.7494 -0.585 1.2337, 0.7719 -0.6454 1.2835, 0.7225 -0.614 1.2336, 0.7256 -0.5335 1.175, 0.7027 -0.5613 1.1751, 0.6794 -0.5885 1.1752, 0.6557 -0.6151 1.1754, 0.6833 -0.5181 1.1079, 0.6637 -0.5441 1.1089, 0.6436 -0.5694 1.1099, 0.6228 -0.5939 1.1106, 0.6014 -0.6179 1.1112, 0.6503 -0.5098 1.0346, 0.6335 -0.5339 1.037, 0.616 -0.5572 1.0391, 0.5978 -0.5797 1.0407, 0.5788 -0.6015 1.0418, 0.5766 -0.6039 1.0419, 0.5973 -0.5523 0.9647, 0.5811 -0.5728 0.9673, 0.5641 -0.5925 0.969, 0.5622 -0.5947 0.9692, 0.545 -0.613 0.9699, 0.5356 -0.6144 0.8957, 0.5405 -0.6096 0.8958, 0.556 -0.593 0.8948, 0.5578 -0.5911 0.8946, 0.5732 -0.5732 0.8921, 0.5879 -0.5547 0.8884, 0.5958 -0.5439 0.8856, 0.602 -0.5353 0.8834, 0.5243 -0.6255 0.8955, 0.5271 -0.6306 0.9697, 0.5574 -0.6242 1.0423, 0.5989 -0.6205 1.1112, 0.6314 -0.6412 1.1755, 0.6955 -0.6426 1.2335, 0.7414 -0.6759 1.2835, 0.5075 -0.6408 0.894, 0.5085 -0.6476 0.9687, 0.5375 -0.6439 1.0422, 0.5775 -0.643 1.1114, 0.6287 -0.6441 1.1755, 0.6683 -0.6709 1.2334, 0.711 -0.7063 1.2835, 0.49 -0.6556 0.8913, 0.4891 -0.6639 0.9667, 0.5169 -0.6628 1.0416, 0.5554 -0.6648 1.1114, 0.6047 -0.6688 1.1756, 0.6652 -0.674 1.2334, 0.7076 -0.7098 1.2835, 0.4956 -0.6811 1.0404, 0.5326 -0.6861 1.111, 0.5803 -0.693 1.1756, 0.6385 -0.7011 1.2334, 0.6781 -0.7392 1.2835, 0.4528 -0.6834 0.8824, 0.4481 -0.6943 0.9605, 0.4735 -0.6986 1.0387, 0.5092 -0.7067 1.1105, 0.5553 -0.7169 1.1755, 0.6116 -0.7279 1.2334, 0.6487 -0.7686 1.2835, 0.5301 -0.8872 1.2835, 0.5001 -0.9172 1.2835, 0.5008 -0.8332 1.2338, 0.4722 -0.8591 1.2341, 0.4504 -0.8079 1.175, 0.56 -0.8573 1.2835, 0.529 -0.8071 1.2336, 0.4774 -0.7858 1.175, 0.4353 -0.765 1.1077, 0.5897 -0.8276 1.2835, 0.5569 -0.7809 1.2335, 0.5039 -0.7632 1.1752, 0.4605 -0.7462 1.1087, 0.4272 -0.7315 1.0342, 0.6193 -0.798 1.2835, 0.5844 -0.7545 1.2334, 0.5299 -0.7403 1.1754, 0.4852 -0.7268 1.1097, 0.4507 -0.7155 1.0366, 0.4265 -0.7085 0.9563, 0.4331 -0.6964 0.8763, 0.4268 -0.7003 0.8742, 0.4196 -0.7127 0.9549, 0.4198 -0.7364 1.0334, 0.4273 -0.7707 1.1074, 0.4419 -0.8147 1.175, 0.4633 -0.8671 1.2342, 0.4907 -0.9266 1.2835, -0.5958 -0.5439 0.8856, -0.591 -0.5505 0.8874, -0.6007 -0.5477 0.964, -0.4633 -0.8671 1.2342, -0.4907 -0.9266 1.2835, -0.5049 -0.9124 1.2835, -0.4419 -0.8147 1.175, -0.4768 -0.855 1.234, -0.4268 -0.7003 0.8742, -0.43 -0.7063 0.957, -0.4363 -0.6944 0.8773, -0.4522 -0.6915 0.9612, -0.5359 -0.8814 1.2835, -0.5063 -0.8281 1.2337, -0.5667 -0.8507 1.2835, -0.5353 -0.8013 1.2336, -0.4273 -0.7707 1.1074, -0.4548 -0.8044 1.175, -0.4826 -0.7814 1.1751, -0.5097 -0.7581 1.1752, -0.5363 -0.7344 1.1754, -0.4198 -0.7364 1.0334, -0.4394 -0.762 1.1079, -0.4654 -0.7425 1.1089, -0.4907 -0.7223 1.1099, -0.5152 -0.7016 1.1106, -0.5391 -0.6801 1.1112, -0.4196 -0.7127 0.9549, -0.431 -0.729 1.0346, -0.4552 -0.7122 1.037, -0.4785 -0.6947 1.0391, -0.501 -0.6765 1.0407, -0.5228 -0.6575 1.0418, -0.5252 -0.6553 1.0419, -0.4735 -0.676 0.9647, -0.494 -0.6598 0.9673, -0.5138 -0.6429 0.969, -0.516 -0.6409 0.9692, -0.5343 -0.6237 0.9699, -0.5356 -0.6144 0.8957, -0.5308 -0.6192 0.8958, -0.5143 -0.6348 0.8948, -0.5123 -0.6366 0.8946, -0.4945 -0.6519 0.8921, -0.4759 -0.6666 0.8884, -0.4652 -0.6745 0.8856, -0.4566 -0.6808 0.8834, -0.5467 -0.6031 0.8955, -0.5519 -0.6058 0.9697, -0.5455 -0.6361 1.0423, -0.5418 -0.6777 1.1112, -0.5624 -0.7102 1.1755, -0.5639 -0.7742 1.2335, -0.5972 -0.8201 1.2835, -0.5621 -0.5863 0.894, -0.5689 -0.5872 0.9687, -0.5651 -0.6162 1.0422, -0.5642 -0.6562 1.1114, -0.5653 -0.7074 1.1755, -0.5921 -0.747 1.2334, -0.6276 -0.7897 1.2835, -0.5768 -0.5688 0.8913, -0.5851 -0.5678 0.9667, -0.5841 -0.5956 1.0416, -0.5861 -0.6341 1.1114, -0.5901 -0.6834 1.1756, -0.5953 -0.7439 1.2334, -0.631 -0.7863 1.2835, -0.6023 -0.5743 1.0404, -0.6073 -0.6114 1.111, -0.6143 -0.659 1.1756, -0.6224 -0.7173 1.2334, -0.6604 -0.7569 1.2835, -0.6047 -0.5316 0.8824, -0.6156 -0.5268 0.9605, -0.6199 -0.5522 1.0387, -0.628 -0.588 1.1105, -0.6381 -0.6341 1.1755, -0.6492 -0.6904 1.2334, -0.6898 -0.7275 1.2835, -0.8085 -0.6089 1.2835, -0.8385 -0.5788 1.2835, -0.7545 -0.5795 1.2338, -0.7804 -0.551 1.2341, -0.7292 -0.5292 1.175, -0.7786 -0.6387 1.2835, -0.7284 -0.6078 1.2336, -0.7071 -0.5561 1.175, -0.6862 -0.514 1.1077, -0.7489 -0.6685 1.2835, -0.7021 -0.6356 1.2335, -0.6845 -0.5826 1.1752, -0.6675 -0.5393 1.1087, -0.6528 -0.506 1.0342, -0.7193 -0.698 1.2835, -0.6757 -0.6632 1.2334, -0.6615 -0.6086 1.1754, -0.648 -0.564 1.1097, -0.6367 -0.5294 1.0366, -0.6297 -0.5052 0.9563, -0.6177 -0.5118 0.8763, 0.3006 -0.7584 0.862, 0.3117 -0.7548 0.8609, 0.317 -0.7607 0.9452, 0.4025 -0.9775 1.2835, 0.3874 -0.9795 1.2835, 0.3645 -0.9167 1.2341, 0.45 -0.9579 1.2835, 0.4374 -0.9631 1.2835, 0.4117 -0.9006 1.2341, 0.3862 -0.723 0.8643, 0.3921 -0.72 0.8652, 0.3886 -0.7298 0.9483, 0.4593 -0.8705 1.2342, 0.4864 -0.9299 1.2835, 0.4205 -0.7041 0.8722, 0.414 -0.716 0.9534, 0.411 -0.7096 0.8695, 0.4056 -0.7208 0.9515, 0.4148 -0.7394 1.0324, 0.4072 -0.7438 1.0311, 0.4228 -0.7736 1.1068, 0.3726 -0.7297 0.8622, 0.3713 -0.7384 0.9462, 0.3919 -0.752 1.029, 0.4158 -0.7779 1.1061, 0.4377 -0.8177 1.1747, 0.3527 -0.7388 0.8605, 0.3535 -0.7464 0.9449, 0.3762 -0.7599 1.0276, 0.4019 -0.7859 1.105, 0.4313 -0.8222 1.1744, 0.3324 -0.7471 0.8601, 0.3354 -0.7538 0.9446, 0.3601 -0.7672 1.0269, 0.3873 -0.7935 1.1043, 0.4181 -0.8305 1.174, 0.4531 -0.8754 1.2341, 0.4798 -0.935 1.2835, 0.3436 -0.774 1.0266, 0.3723 -0.8005 1.1038, 0.4042 -0.8383 1.1737, 0.4402 -0.8845 1.2341, 0.4665 -0.9452 1.2835, 0.2906 -0.7616 0.863, 0.2982 -0.7669 0.9467, 0.3268 -0.7802 1.027, 0.3568 -0.8069 1.1037, 0.3897 -0.8454 1.1736, 0.4264 -0.893 1.2341, 0.453 -0.9556 1.2835, 0.2873 -0.7627 0.8634, 0.2952 -0.7678 0.947, 0.3098 -0.7857 1.028, 0.341 -0.8127 1.1039, 0.3746 -0.8518 1.1736, 0.3846 -0.9799 1.2835, 0.3678 -0.9821 1.2835, 0.3619 -0.9173 1.2341, 0.346 -0.92 1.2341, 0.3254 -0.8658 1.1742, 0.3409 -0.8624 1.1739, 0.3066 -0.8225 1.1055, 0.4047 -0.9766 1.2835, 0.3806 -0.9125 1.2341, 0.3434 -0.8618 1.1738, 0.3224 -0.8184 1.1046, 0.2902 -0.7913 1.0299, 0.421 -0.9699 1.2835, 0.3964 -0.9071 1.2341, 0.3591 -0.8572 1.1736, 0.325 -0.8177 1.1044, 0.307 -0.7866 1.0282, 0.2766 -0.7731 0.9496, 0.2663 -0.7685 0.867, 0.2454 -0.7735 0.8719, 0.2581 -0.7778 0.9532, 0.2735 -0.7954 1.0322, 0.291 -0.8259 1.1068, 0.3102 -0.8683 1.1747, 0.3306 -0.9216 1.2342, 0.3515 -0.9843 1.2835, -0.3862 -0.723 0.8642, -0.3783 -0.727 0.863, -0.3764 -0.736 0.9467, -0.45 -0.9579 1.2835, -0.4569 -0.9525 1.2835, -0.4305 -0.8906 1.2341, -0.3006 -0.7584 0.8619, -0.2967 -0.7597 0.8622, -0.3036 -0.7652 0.9462, -0.4025 -0.9775 1.2835, -0.4092 -0.9748 1.2835, -0.385 -0.9112 1.2341, -0.3376 -0.921 1.2341, -0.3306 -0.9216 1.2342, -0.3588 -0.9833 1.2835, -0.3515 -0.9843 1.2835, -0.2549 -0.7713 0.8695, -0.2454 -0.7735 0.8719, -0.2665 -0.7757 0.9515, -0.2581 -0.7778 0.9532, -0.2759 -0.7659 0.8652, -0.2851 -0.7708 0.9483, -0.281 -0.7936 1.0311, -0.2735 -0.7954 1.0322, -0.2978 -0.7892 1.029, -0.2981 -0.8244 1.1061, -0.291 -0.8259 1.1068, -0.3174 -0.7528 0.8605, -0.322 -0.7589 0.9449, -0.3147 -0.7842 1.0276, -0.3138 -0.8207 1.105, -0.3171 -0.8673 1.1744, -0.3102 -0.8683 1.1747, -0.338 -0.745 0.8601, -0.3404 -0.7519 0.9446, -0.3314 -0.7785 1.0269, -0.3296 -0.8163 1.1043, -0.3324 -0.8644 1.174, -0.3583 -0.7364 0.8609, -0.3585 -0.7442 0.9452, -0.3481 -0.7722 1.0266, -0.3454 -0.8112 1.1038, -0.3479 -0.8606 1.1737, -0.3532 -0.9189 1.2341, -0.3754 -0.9811 1.2835, -0.3646 -0.7652 1.027, -0.361 -0.8053 1.1037, -0.3634 -0.8558 1.1736, -0.3691 -0.9156 1.2341, -0.3924 -0.9789 1.2835, -0.3894 -0.7214 0.8647, -0.3862 -0.7311 0.948, -0.3809 -0.7576 1.028, -0.3765 -0.7986 1.1039, -0.3787 -0.8501 1.1736, -0.4647 -0.9466 1.2835, -0.478 -0.9364 1.2835, -0.4383 -0.8858 1.2341, -0.4513 -0.8767 1.2341, -0.4295 -0.8234 1.1744, -0.4162 -0.8316 1.174, -0.4139 -0.779 1.1059, -0.4419 -0.9612 1.2835, -0.4159 -0.8986 1.2341, -0.4083 -0.8361 1.1738, -0.3999 -0.787 1.1049, -0.4051 -0.7449 1.0308, -0.4255 -0.968 1.2835, -0.4006 -0.9054 1.2341, -0.3937 -0.8435 1.1736, -0.3916 -0.7913 1.1044, -0.3898 -0.7532 1.0288, -0.4032 -0.7221 0.951, -0.4084 -0.7111 0.8688, 0.3031 -0.923 1.2339, 0.3212 -0.9843 1.2835, 0.2105 -0.78 0.88, 0.2289 -0.7769 0.8761, 0.2401 -0.7815 0.956, 0.205 -0.781 0.8812, 0.214 -0.7861 0.9595, 0.2535 -0.7991 1.0338, 0.1813 -0.784 0.8852, 0.1879 -0.7895 0.9623, 0.2246 -0.8036 1.0359, 0.2688 -0.8291 1.1074, 0.1577 -0.7861 0.8879, 0.1619 -0.7918 0.9642, 0.1957 -0.8069 1.0375, 0.2366 -0.833 1.1082, 0.2854 -0.8708 1.1747, 0.1907 -0.9843 1.2835, 0.1601 -0.9843 1.2835, 0.1843 -0.9266 1.2334, 0.1564 -0.927 1.2333, 0.1528 -0.8781 1.175, 0.234 -0.9843 1.2835, 0.2238 -0.9258 1.2335, 0.1781 -0.8775 1.1749, 0.1494 -0.8389 1.1097, 0.2774 -0.9843 1.2835, 0.2633 -0.9246 1.2336, 0.2138 -0.8759 1.1748, 0.1722 -0.838 1.1095, 0.1463 -0.8102 1.0392, 0.2496 -0.8737 1.1747, 0.2044 -0.836 1.1089, 0.1668 -0.8092 1.0387, 0.1434 -0.7928 0.9651, 0.141 -0.787 0.8892, 0.1181 -0.7874 0.8898, 0.1181 -0.7933 0.9655, 0.1181 -0.8107 1.0395, 0.1181 -0.8394 1.1098, 0.1181 -0.8785 1.175, 0.1181 -0.9272 1.2333, 0.1181 -0.9843 1.2835, -0.2105 -0.78 0.88, -0.1963 -0.7822 0.8828, -0.2045 -0.7874 0.9606, -0.1331 -0.9271 1.2333, -0.1181 -0.9272 1.2333, -0.1345 -0.9843 1.2835, -0.1181 -0.9843 1.2835, -0.1271 -0.7873 0.8897, -0.1181 -0.7874 0.8898, -0.128 -0.7932 0.9655, -0.1181 -0.7933 0.9655, -0.1501 -0.7865 0.8886, -0.1534 -0.7923 0.9647, -0.1291 -0.8106 1.0394, -0.1181 -0.8107 1.0395, -0.1731 -0.7848 0.8863, -0.1789 -0.7904 0.9631, -0.1574 -0.8098 1.039, -0.1303 -0.8393 1.1098, -0.1181 -0.8394 1.1098, -0.1857 -0.8078 1.038, -0.1618 -0.8385 1.1096, -0.1317 -0.8784 1.175, -0.1181 -0.8785 1.175, -0.2197 -0.7786 0.8782, -0.23 -0.7834 0.9575, -0.214 -0.8049 1.0365, -0.1933 -0.8368 1.1092, -0.1665 -0.8778 1.1749, -0.3043 -0.9843 1.2835, -0.3472 -0.9843 1.2835, -0.2877 -0.9236 1.2338, -0.3267 -0.9218 1.2341, -0.3067 -0.8687 1.1747, -0.2615 -0.9843 1.2835, -0.2489 -0.925 1.2336, -0.2716 -0.872 1.1747, -0.2878 -0.8263 1.1068, -0.219 -0.9843 1.2835, -0.2101 -0.9261 1.2334, -0.2365 -0.8746 1.1747, -0.2564 -0.8307 1.1077, -0.2707 -0.7959 1.0325, -0.1767 -0.9843 1.2835, -0.1716 -0.9268 1.2334, -0.2015 -0.8766 1.1748, -0.2248 -0.8342 1.1085, -0.2424 -0.8009 1.0347, -0.2556 -0.7783 0.9536, -0.2431 -0.774 0.8725, -0.2431 -0.774 0.8725
            ]
        }
        coordIndex [
            0,1,2,-1,3,4,5,-1,6,7,8,-1,9,10,11,-1,12,13,14,-1,15,12,16,-1,17,18,19,-1,19,18,20,-1,19,20,21,-1,21,20,22,-1,21,22,23,-1,12,14,16,-1,16,14,24,-1,16,24,25,-1,25,24,26,-1,25,26,27,-1,27,26,28,-1,27,28,29,-1,29,28,30,-1,29,30,31,-1,32,15,33,-1,33,15,16,-1,33,16,34,-1,34,16,25,-1,34,25,35,-1,35,25,27,-1,35,27,36,-1,36,27,29,-1,36,29,37,-1,37,29,31,-1,37,31,38,-1,39,32,40,-1,40,32,33,-1,40,33,41,-1,41,33,34,-1,41,34,42,-1,42,34,35,-1,42,35,43,-1,43,35,36,-1,43,36,44,-1,44,36,37,-1,44,37,45,-1,45,37,38,-1,45,38,46,-1,23,22,47,-1,47,22,48,-1,47,48,49,-1,49,48,50,-1,49,50,51,-1,51,50,52,-1,51,52,53,-1,53,52,54,-1,53,54,55,-1,56,39,57,-1,57,39,40,-1,57,40,58,-1,58,40,41,-1,58,41,59,-1,59,41,42,-1,59,42,60,-1,60,42,43,-1,60,43,61,-1,61,43,44,-1,61,44,62,-1,62,44,45,-1,62,45,63,-1,63,45,46,-1,63,46,64,-1,65,66,67,-1,68,56,69,-1,69,56,57,-1,69,57,70,-1,70,57,58,-1,70,58,71,-1,71,58,59,-1,71,59,72,-1,72,59,60,-1,72,60,73,-1,73,60,61,-1,73,61,74,-1,74,61,62,-1,74,62,75,-1,75,62,63,-1,75,63,76,-1,76,63,64,-1,76,64,77,-1,78,68,79,-1,79,68,69,-1,79,69,80,-1,80,69,70,-1,80,70,81,-1,81,70,71,-1,81,71,82,-1,82,71,72,-1,82,72,83,-1,83,72,73,-1,83,73,84,-1,84,73,74,-1,84,74,85,-1,85,74,75,-1,85,75,86,-1,86,75,76,-1,86,76,87,-1,87,76,77,-1,87,77,5,-1,65,67,88,-1,88,67,89,-1,88,89,90,-1,90,89,91,-1,90,91,92,-1,92,93,90,-1,90,93,10,-1,90,10,88,-1,88,10,9,-1,88,9,65,-1,93,94,10,-1,10,94,95,-1,10,95,11,-1,11,95,96,-1,11,96,97,-1,98,66,99,-1,99,66,65,-1,99,65,100,-1,100,65,9,-1,100,9,101,-1,101,9,11,-1,101,11,102,-1,102,11,97,-1,102,97,103,-1,104,98,105,-1,105,98,99,-1,105,99,106,-1,106,99,100,-1,106,100,107,-1,107,100,101,-1,107,101,108,-1,108,101,102,-1,108,102,8,-1,8,102,103,-1,8,103,6,-1,30,104,31,-1,31,104,105,-1,31,105,38,-1,38,105,106,-1,38,106,46,-1,46,106,107,-1,46,107,64,-1,64,107,108,-1,64,108,77,-1,77,108,8,-1,77,8,5,-1,5,8,7,-1,5,7,3,-1,4,0,5,-1,5,0,2,-1,5,2,87,-1,87,2,109,-1,87,109,86,-1,86,109,110,-1,86,110,85,-1,85,110,54,-1,85,54,84,-1,84,54,52,-1,84,52,83,-1,83,52,50,-1,83,50,82,-1,82,50,48,-1,82,48,81,-1,81,48,22,-1,81,22,80,-1,80,22,20,-1,80,20,79,-1,79,20,18,-1,79,18,78,-1,78,18,17,-1,55,54,111,-1,111,54,110,-1,111,110,112,-1,112,110,109,-1,112,109,113,-1,113,109,2,-1,113,2,114,-1,114,2,1,-1,114,1,115,-1,116,115,117,-1,117,115,1,-1,117,1,118,-1,118,1,0,-1,118,0,119,-1,119,0,4,-1,119,4,120,-1,120,4,3,-1,120,3,121,-1,121,3,7,-1,121,7,122,-1,122,7,6,-1,122,6,123,-1,123,6,103,-1,123,103,124,-1,124,103,97,-1,124,97,125,-1,125,97,96,-1,125,96,126,-1,126,96,95,-1,126,95,127,-1,127,95,94,-1,127,94,128,-1,128,94,93,-1,128,93,129,-1,129,93,92,-1,129,92,130,-1,130,92,91,-1,131,132,133,-1,124,125,134,-1,130,135,129,-1,129,135,136,-1,129,136,128,-1,126,127,137,-1,137,127,128,-1,138,121,122,-1,139,119,120,-1,140,116,141,-1,141,116,117,-1,141,117,118,-1,142,140,143,-1,143,140,141,-1,143,141,139,-1,139,141,118,-1,139,118,119,-1,144,142,145,-1,145,142,143,-1,145,143,146,-1,146,143,139,-1,146,139,138,-1,138,139,120,-1,138,120,121,-1,132,144,133,-1,133,144,145,-1,133,145,147,-1,147,145,146,-1,147,146,148,-1,148,146,138,-1,148,138,149,-1,149,138,122,-1,149,122,123,-1,150,131,151,-1,151,131,133,-1,151,133,152,-1,152,133,147,-1,152,147,153,-1,153,147,148,-1,153,148,154,-1,154,148,149,-1,154,149,134,-1,134,149,123,-1,134,123,124,-1,155,150,156,-1,156,150,151,-1,156,151,157,-1,157,151,152,-1,157,152,158,-1,158,152,153,-1,158,153,159,-1,159,153,154,-1,159,154,160,-1,160,154,134,-1,160,134,137,-1,137,134,125,-1,137,125,126,-1,128,136,137,-1,137,136,161,-1,137,161,160,-1,160,161,162,-1,160,162,159,-1,159,162,163,-1,159,163,158,-1,158,163,164,-1,158,164,157,-1,157,164,165,-1,157,165,156,-1,156,165,166,-1,156,166,155,-1,167,168,166,-1,166,168,169,-1,166,169,155,-1,170,171,172,-1,172,171,173,-1,172,173,174,-1,174,173,175,-1,174,175,176,-1,176,175,177,-1,176,177,178,-1,178,177,179,-1,178,179,180,-1,180,179,181,-1,180,181,182,-1,182,181,183,-1,182,183,184,-1,184,183,185,-1,171,186,173,-1,173,186,187,-1,173,187,175,-1,175,187,188,-1,175,188,177,-1,177,188,189,-1,177,189,179,-1,179,189,190,-1,179,190,181,-1,181,190,191,-1,181,191,183,-1,183,191,192,-1,183,192,185,-1,185,192,193,-1,194,195,196,-1,196,195,197,-1,198,197,199,-1,199,197,195,-1,199,195,200,-1,200,195,194,-1,200,194,201,-1,202,198,203,-1,203,198,199,-1,203,199,204,-1,204,199,200,-1,204,200,205,-1,205,200,201,-1,205,201,206,-1,207,202,208,-1,208,202,203,-1,208,203,209,-1,209,203,204,-1,209,204,210,-1,210,204,205,-1,210,205,211,-1,211,205,206,-1,211,206,212,-1,213,207,214,-1,214,207,208,-1,214,208,215,-1,215,208,209,-1,215,209,216,-1,216,209,210,-1,216,210,217,-1,217,210,211,-1,217,211,218,-1,218,211,212,-1,218,212,219,-1,220,213,221,-1,221,213,214,-1,221,214,222,-1,222,214,215,-1,222,215,223,-1,223,215,216,-1,223,216,224,-1,224,216,217,-1,224,217,225,-1,225,217,218,-1,225,218,226,-1,226,218,219,-1,226,219,227,-1,186,220,187,-1,187,220,221,-1,187,221,188,-1,188,221,222,-1,188,222,189,-1,189,222,223,-1,189,223,190,-1,190,223,224,-1,190,224,191,-1,191,224,225,-1,191,225,192,-1,192,225,226,-1,192,226,193,-1,193,226,227,-1,193,227,228,-1,135,170,136,-1,136,170,172,-1,136,172,161,-1,161,172,174,-1,161,174,162,-1,162,174,176,-1,162,176,163,-1,163,176,178,-1,163,178,164,-1,164,178,180,-1,164,180,165,-1,165,180,182,-1,165,182,166,-1,166,182,184,-1,166,184,167,-1,167,184,185,-1,167,185,229,-1,229,185,193,-1,229,193,230,-1,230,193,228,-1,230,228,231,-1,232,233,234,-1,235,236,237,-1,238,239,240,-1,241,242,243,-1,244,245,246,-1,247,194,248,-1,248,194,196,-1,249,250,251,-1,251,250,228,-1,251,228,227,-1,252,249,253,-1,253,249,251,-1,253,251,254,-1,254,251,227,-1,254,227,219,-1,255,252,256,-1,256,252,253,-1,256,253,257,-1,257,253,254,-1,257,254,258,-1,258,254,219,-1,258,219,212,-1,231,228,259,-1,259,228,250,-1,259,250,260,-1,260,250,249,-1,260,249,261,-1,261,249,252,-1,261,252,262,-1,262,252,255,-1,262,255,263,-1,263,255,264,-1,265,264,266,-1,266,264,255,-1,266,255,267,-1,267,255,256,-1,267,256,268,-1,268,256,257,-1,268,257,269,-1,269,257,258,-1,269,258,270,-1,270,258,212,-1,270,212,206,-1,271,265,272,-1,272,265,266,-1,272,266,273,-1,273,266,267,-1,273,267,274,-1,274,267,268,-1,274,268,275,-1,275,268,269,-1,275,269,276,-1,276,269,270,-1,276,270,277,-1,277,270,206,-1,277,206,201,-1,278,271,279,-1,279,271,272,-1,279,272,280,-1,280,272,273,-1,280,273,281,-1,281,273,274,-1,281,274,282,-1,282,274,275,-1,282,275,283,-1,283,275,276,-1,283,276,284,-1,284,276,277,-1,284,277,247,-1,247,277,201,-1,247,201,194,-1,285,278,286,-1,286,278,279,-1,286,279,287,-1,287,279,280,-1,287,280,288,-1,288,280,281,-1,288,281,289,-1,289,281,282,-1,289,282,290,-1,290,282,283,-1,290,283,291,-1,291,283,284,-1,291,284,246,-1,246,284,247,-1,246,247,244,-1,244,247,248,-1,292,285,293,-1,293,285,286,-1,293,286,294,-1,294,286,287,-1,294,287,295,-1,295,287,288,-1,295,288,296,-1,296,288,289,-1,296,289,297,-1,297,289,290,-1,297,290,298,-1,298,290,291,-1,298,291,299,-1,299,291,246,-1,299,246,300,-1,300,246,245,-1,236,301,237,-1,237,301,302,-1,237,302,303,-1,304,235,305,-1,305,235,237,-1,305,237,306,-1,306,237,303,-1,306,303,307,-1,308,304,309,-1,309,304,305,-1,309,305,310,-1,310,305,306,-1,310,306,311,-1,311,306,307,-1,311,307,312,-1,239,308,240,-1,240,308,309,-1,240,309,313,-1,313,309,310,-1,313,310,314,-1,314,310,311,-1,314,311,315,-1,315,311,312,-1,315,312,316,-1,242,238,243,-1,243,238,240,-1,243,240,317,-1,317,240,313,-1,317,313,318,-1,318,313,314,-1,318,314,319,-1,319,314,315,-1,319,315,320,-1,320,315,316,-1,320,316,321,-1,322,241,323,-1,323,241,243,-1,323,243,324,-1,324,243,317,-1,324,317,325,-1,325,317,318,-1,325,318,326,-1,326,318,319,-1,326,319,327,-1,327,319,320,-1,327,320,328,-1,328,320,321,-1,328,321,234,-1,233,292,234,-1,234,292,293,-1,234,293,328,-1,328,293,294,-1,328,294,327,-1,327,294,295,-1,327,295,326,-1,326,295,296,-1,326,296,325,-1,325,296,297,-1,325,297,324,-1,324,297,298,-1,324,298,323,-1,323,298,299,-1,323,299,322,-1,322,299,300,-1,329,232,330,-1,330,232,234,-1,330,234,331,-1,331,234,321,-1,331,321,332,-1,332,321,316,-1,332,316,333,-1,333,316,312,-1,333,312,334,-1,334,312,307,-1,334,307,335,-1,335,307,303,-1,335,303,336,-1,336,303,302,-1,336,302,337,-1,337,302,301,-1,338,339,340,-1,341,342,343,-1,344,345,338,-1,338,345,346,-1,338,346,339,-1,347,348,349,-1,349,348,350,-1,351,352,348,-1,348,352,353,-1,348,353,350,-1,354,355,356,-1,356,355,357,-1,356,357,358,-1,359,360,361,-1,361,360,362,-1,361,362,363,-1,364,365,366,-1,367,364,368,-1,343,344,341,-1,341,344,338,-1,341,338,369,-1,369,338,370,-1,369,370,371,-1,371,370,372,-1,371,372,373,-1,373,372,374,-1,373,374,375,-1,376,375,377,-1,377,375,374,-1,377,374,378,-1,378,374,372,-1,378,372,379,-1,379,372,370,-1,379,370,380,-1,380,370,338,-1,380,338,381,-1,381,338,340,-1,381,340,382,-1,364,366,368,-1,368,366,383,-1,368,383,384,-1,384,383,385,-1,384,385,386,-1,386,385,387,-1,386,387,388,-1,388,387,389,-1,388,389,361,-1,361,389,390,-1,361,390,359,-1,363,354,361,-1,361,354,356,-1,361,356,388,-1,388,356,391,-1,388,391,386,-1,386,391,392,-1,386,392,384,-1,384,392,393,-1,384,393,368,-1,368,393,394,-1,368,394,367,-1,367,394,395,-1,358,351,356,-1,356,351,348,-1,356,348,391,-1,391,348,396,-1,391,396,392,-1,392,396,397,-1,392,397,393,-1,393,397,398,-1,393,398,394,-1,394,398,399,-1,394,399,395,-1,395,399,400,-1,347,401,348,-1,348,401,342,-1,348,342,396,-1,396,342,341,-1,396,341,397,-1,397,341,369,-1,397,369,398,-1,398,369,371,-1,398,371,399,-1,399,371,373,-1,399,373,400,-1,400,373,375,-1,402,403,404,-1,405,406,407,-1,408,409,410,-1,411,412,413,-1,414,415,416,-1,408,417,418,-1,419,420,421,-1,419,421,408,-1,408,421,422,-1,408,422,417,-1,423,424,425,-1,423,425,419,-1,419,425,426,-1,419,426,420,-1,427,428,429,-1,429,428,430,-1,429,430,413,-1,413,430,431,-1,413,431,411,-1,427,429,432,-1,432,429,433,-1,432,433,434,-1,435,436,437,-1,437,436,438,-1,437,438,433,-1,433,438,439,-1,433,439,434,-1,440,435,441,-1,441,435,437,-1,441,437,442,-1,442,437,433,-1,442,433,443,-1,443,433,429,-1,443,429,444,-1,444,429,413,-1,444,413,445,-1,445,413,412,-1,445,412,423,-1,423,412,446,-1,423,446,424,-1,408,410,419,-1,419,410,447,-1,419,447,423,-1,423,447,448,-1,423,448,445,-1,445,448,449,-1,445,449,444,-1,444,449,450,-1,444,450,443,-1,443,450,405,-1,443,405,442,-1,442,405,407,-1,442,407,441,-1,418,414,408,-1,408,414,416,-1,408,416,409,-1,409,416,451,-1,409,451,452,-1,406,405,453,-1,453,405,450,-1,453,450,454,-1,454,450,449,-1,454,449,455,-1,455,449,448,-1,455,448,456,-1,456,448,447,-1,456,447,457,-1,457,447,410,-1,457,410,458,-1,458,410,409,-1,458,409,459,-1,459,409,452,-1,459,452,460,-1,460,461,459,-1,459,461,462,-1,459,462,458,-1,458,462,463,-1,458,463,457,-1,457,463,464,-1,457,464,456,-1,456,464,465,-1,456,465,455,-1,455,465,466,-1,455,466,454,-1,454,466,402,-1,454,402,453,-1,453,402,404,-1,453,404,406,-1,337,403,336,-1,336,403,402,-1,336,402,335,-1,335,402,466,-1,335,466,334,-1,334,466,465,-1,334,465,333,-1,333,465,464,-1,333,464,332,-1,332,464,463,-1,332,463,331,-1,331,463,462,-1,331,462,330,-1,330,462,461,-1,330,461,329,-1,329,461,460,-1,467,468,469,-1,470,471,472,-1,473,474,475,-1,475,474,476,-1,477,478,479,-1,479,478,480,-1,481,477,482,-1,482,477,479,-1,482,479,483,-1,483,479,480,-1,483,480,484,-1,471,481,472,-1,472,481,482,-1,472,482,485,-1,485,482,483,-1,485,483,486,-1,486,483,484,-1,486,484,487,-1,488,470,489,-1,489,470,472,-1,489,472,490,-1,490,472,485,-1,490,485,491,-1,491,485,486,-1,491,486,492,-1,492,486,487,-1,492,487,493,-1,494,488,495,-1,495,488,489,-1,495,489,496,-1,496,489,490,-1,496,490,497,-1,497,490,491,-1,497,491,498,-1,498,491,492,-1,498,492,473,-1,473,492,493,-1,473,493,474,-1,499,494,500,-1,500,494,495,-1,500,495,501,-1,501,495,496,-1,501,496,502,-1,502,496,497,-1,502,497,503,-1,503,497,498,-1,503,498,504,-1,504,498,473,-1,504,473,505,-1,505,473,475,-1,468,506,469,-1,469,506,507,-1,469,507,508,-1,509,467,510,-1,510,467,469,-1,510,469,511,-1,511,469,508,-1,511,508,512,-1,513,509,514,-1,514,509,510,-1,514,510,515,-1,515,510,511,-1,515,511,516,-1,516,511,512,-1,516,512,517,-1,518,513,519,-1,519,513,514,-1,519,514,520,-1,520,514,515,-1,520,515,521,-1,521,515,516,-1,521,516,522,-1,522,516,517,-1,522,517,523,-1,524,499,523,-1,523,499,500,-1,523,500,522,-1,522,500,501,-1,522,501,521,-1,521,501,502,-1,521,502,520,-1,520,502,503,-1,520,503,519,-1,519,503,504,-1,519,504,518,-1,518,504,505,-1,376,524,375,-1,375,524,523,-1,375,523,400,-1,400,523,517,-1,400,517,395,-1,395,517,512,-1,395,512,367,-1,367,512,508,-1,367,508,364,-1,364,508,507,-1,364,507,365,-1,365,507,506,-1,525,526,527,-1,528,529,530,-1,530,529,531,-1,531,532,533,-1,533,532,534,-1,533,534,535,-1,535,536,533,-1,533,536,537,-1,533,537,538,-1,538,537,539,-1,538,539,540,-1,541,542,543,-1,543,542,544,-1,543,544,545,-1,546,547,527,-1,527,547,548,-1,527,548,549,-1,548,550,549,-1,549,550,551,-1,549,551,543,-1,543,551,552,-1,543,552,541,-1,553,554,555,-1,555,554,556,-1,430,557,431,-1,431,557,558,-1,431,558,411,-1,411,558,412,-1,559,560,439,-1,439,438,559,-1,559,438,436,-1,559,436,435,-1,427,432,560,-1,560,432,434,-1,560,434,439,-1,418,538,414,-1,414,538,415,-1,540,415,538,-1,531,533,530,-1,530,533,420,-1,530,420,426,-1,418,417,538,-1,538,417,422,-1,538,422,533,-1,533,422,421,-1,533,421,420,-1,546,527,561,-1,561,527,526,-1,561,526,562,-1,544,563,545,-1,545,563,564,-1,545,564,565,-1,556,525,555,-1,555,525,527,-1,555,527,566,-1,566,527,549,-1,566,549,557,-1,557,549,543,-1,557,543,558,-1,558,543,545,-1,558,545,530,-1,530,545,565,-1,530,565,528,-1,567,559,568,-1,568,559,435,-1,568,435,440,-1,567,553,559,-1,559,553,555,-1,559,555,560,-1,560,555,566,-1,560,566,427,-1,427,566,557,-1,427,557,428,-1,428,557,430,-1,426,425,530,-1,530,425,424,-1,530,424,558,-1,558,424,446,-1,558,446,412,-1,569,570,571,-1,572,573,574,-1,574,573,575,-1,576,577,578,-1,578,577,579,-1,580,576,581,-1,581,576,578,-1,581,578,582,-1,582,578,579,-1,582,579,583,-1,584,580,585,-1,585,580,581,-1,585,581,586,-1,586,581,582,-1,586,582,587,-1,587,582,583,-1,587,583,588,-1,570,584,571,-1,571,584,585,-1,571,585,589,-1,589,585,586,-1,589,586,590,-1,590,586,587,-1,590,587,591,-1,591,587,588,-1,591,588,592,-1,593,569,594,-1,594,569,571,-1,594,571,595,-1,595,571,589,-1,595,589,596,-1,596,589,590,-1,596,590,597,-1,597,590,591,-1,597,591,572,-1,572,591,592,-1,572,592,573,-1,598,599,600,-1,600,599,601,-1,600,601,602,-1,603,598,604,-1,604,598,600,-1,604,600,605,-1,605,600,602,-1,605,602,606,-1,607,603,608,-1,608,603,604,-1,608,604,609,-1,609,604,605,-1,609,605,610,-1,610,605,606,-1,610,606,611,-1,612,607,613,-1,613,607,608,-1,613,608,614,-1,614,608,609,-1,614,609,615,-1,615,609,610,-1,615,610,616,-1,616,610,611,-1,616,611,617,-1,618,593,617,-1,617,593,594,-1,617,594,616,-1,616,594,595,-1,616,595,615,-1,615,595,596,-1,615,596,614,-1,614,596,597,-1,614,597,613,-1,613,597,572,-1,613,572,612,-1,612,572,574,-1,478,618,480,-1,480,618,617,-1,480,617,484,-1,484,617,611,-1,484,611,487,-1,487,611,606,-1,487,606,493,-1,493,606,602,-1,493,602,474,-1,474,602,601,-1,474,601,476,-1,476,601,599,-1,619,620,621,-1,547,546,622,-1,622,546,623,-1,623,546,561,-1,623,561,562,-1,551,550,622,-1,622,550,548,-1,622,548,547,-1,552,624,541,-1,541,624,542,-1,565,564,625,-1,625,564,563,-1,625,563,544,-1,626,529,528,-1,534,532,626,-1,626,532,531,-1,626,531,529,-1,539,537,627,-1,627,537,536,-1,628,415,627,-1,627,415,540,-1,627,540,539,-1,535,534,629,-1,629,534,626,-1,629,626,625,-1,625,626,528,-1,625,528,565,-1,630,628,631,-1,631,628,627,-1,631,627,629,-1,629,627,536,-1,629,536,535,-1,632,630,633,-1,633,630,631,-1,633,631,634,-1,634,631,629,-1,634,629,635,-1,635,629,625,-1,635,625,624,-1,624,625,544,-1,624,544,542,-1,636,637,638,-1,638,637,639,-1,638,639,640,-1,641,636,642,-1,642,636,638,-1,642,638,643,-1,643,638,640,-1,643,640,644,-1,645,641,646,-1,646,641,642,-1,646,642,647,-1,647,642,643,-1,647,643,648,-1,648,643,644,-1,648,644,649,-1,623,645,622,-1,622,645,646,-1,622,646,650,-1,650,646,647,-1,650,647,651,-1,651,647,648,-1,651,648,652,-1,652,648,649,-1,652,649,621,-1,620,632,621,-1,621,632,633,-1,621,633,652,-1,652,633,634,-1,652,634,651,-1,651,634,635,-1,651,635,650,-1,650,635,624,-1,650,624,622,-1,622,624,552,-1,622,552,551,-1,653,619,654,-1,654,619,621,-1,654,621,655,-1,655,621,649,-1,655,649,656,-1,656,649,644,-1,656,644,657,-1,657,644,640,-1,657,640,658,-1,658,640,639,-1,658,639,659,-1,659,639,637,-1,660,575,661,-1,661,575,573,-1,661,573,662,-1,662,573,592,-1,662,592,663,-1,663,592,588,-1,663,588,664,-1,664,588,583,-1,664,583,665,-1,665,583,579,-1,665,579,666,-1,666,579,577,-1,667,668,669,-1,670,671,672,-1,673,674,675,-1,676,658,677,-1,677,658,659,-1,678,653,679,-1,679,653,654,-1,680,678,681,-1,681,678,679,-1,681,679,682,-1,682,679,654,-1,682,654,655,-1,683,680,684,-1,684,680,681,-1,684,681,685,-1,685,681,682,-1,685,682,686,-1,686,682,655,-1,686,655,656,-1,671,683,672,-1,672,683,684,-1,672,684,687,-1,687,684,685,-1,687,685,688,-1,688,685,686,-1,688,686,689,-1,689,686,656,-1,689,656,657,-1,690,670,691,-1,691,670,672,-1,691,672,692,-1,692,672,687,-1,692,687,693,-1,693,687,688,-1,693,688,694,-1,694,688,689,-1,694,689,676,-1,676,689,657,-1,676,657,658,-1,695,690,696,-1,696,690,691,-1,696,691,697,-1,697,691,692,-1,697,692,698,-1,698,692,693,-1,698,693,699,-1,699,693,694,-1,699,694,700,-1,700,694,676,-1,700,676,701,-1,701,676,677,-1,668,702,669,-1,669,702,703,-1,669,703,704,-1,705,667,706,-1,706,667,669,-1,706,669,707,-1,707,669,704,-1,707,704,708,-1,709,705,710,-1,710,705,706,-1,710,706,711,-1,711,706,707,-1,711,707,712,-1,712,707,708,-1,712,708,713,-1,674,709,675,-1,675,709,710,-1,675,710,714,-1,714,710,711,-1,714,711,715,-1,715,711,712,-1,715,712,716,-1,716,712,713,-1,716,713,717,-1,718,695,717,-1,717,695,696,-1,717,696,716,-1,716,696,697,-1,716,697,715,-1,715,697,698,-1,715,698,714,-1,714,698,699,-1,714,699,675,-1,675,699,700,-1,675,700,673,-1,673,700,701,-1,719,718,720,-1,720,718,717,-1,720,717,721,-1,721,717,713,-1,721,713,722,-1,722,713,708,-1,722,708,723,-1,723,708,704,-1,723,704,724,-1,724,704,703,-1,724,703,725,-1,725,703,702,-1,726,727,728,-1,728,727,729,-1,730,731,732,-1,732,731,733,-1,732,733,734,-1,735,730,736,-1,736,730,732,-1,736,732,737,-1,737,732,734,-1,737,734,738,-1,739,735,740,-1,740,735,736,-1,740,736,741,-1,741,736,737,-1,741,737,742,-1,742,737,738,-1,742,738,743,-1,744,739,745,-1,745,739,740,-1,745,740,746,-1,746,740,741,-1,746,741,747,-1,747,741,742,-1,747,742,748,-1,748,742,743,-1,748,743,749,-1,750,751,752,-1,752,751,753,-1,752,753,754,-1,755,750,756,-1,756,750,752,-1,756,752,757,-1,757,752,754,-1,757,754,758,-1,759,755,760,-1,760,755,756,-1,760,756,761,-1,761,756,757,-1,761,757,762,-1,762,757,758,-1,762,758,763,-1,728,759,726,-1,726,759,760,-1,726,760,764,-1,764,760,761,-1,764,761,765,-1,765,761,762,-1,765,762,766,-1,766,762,763,-1,766,763,767,-1,768,744,767,-1,767,744,745,-1,767,745,766,-1,766,745,746,-1,766,746,765,-1,765,746,747,-1,765,747,764,-1,764,747,748,-1,764,748,726,-1,726,748,749,-1,726,749,727,-1,666,768,665,-1,665,768,767,-1,665,767,664,-1,664,767,763,-1,664,763,663,-1,663,763,758,-1,663,758,662,-1,662,758,754,-1,662,754,661,-1,661,754,753,-1,661,753,660,-1,660,753,751,-1,769,724,770,-1,770,724,725,-1,771,772,773,-1,773,772,719,-1,773,719,720,-1,774,771,775,-1,775,771,773,-1,775,773,776,-1,776,773,720,-1,776,720,721,-1,777,774,778,-1,778,774,775,-1,778,775,779,-1,779,775,776,-1,779,776,780,-1,780,776,721,-1,780,721,722,-1,781,777,782,-1,782,777,778,-1,782,778,783,-1,783,778,779,-1,783,779,784,-1,784,779,780,-1,784,780,785,-1,785,780,722,-1,785,722,723,-1,786,787,788,-1,788,787,789,-1,788,789,790,-1,791,786,792,-1,792,786,788,-1,792,788,793,-1,793,788,790,-1,793,790,794,-1,795,791,796,-1,796,791,792,-1,796,792,797,-1,797,792,793,-1,797,793,798,-1,798,793,794,-1,798,794,799,-1,770,795,769,-1,769,795,796,-1,769,796,800,-1,800,796,797,-1,800,797,801,-1,801,797,798,-1,801,798,802,-1,802,798,799,-1,802,799,803,-1,804,781,803,-1,803,781,782,-1,803,782,802,-1,802,782,783,-1,802,783,801,-1,801,783,784,-1,801,784,800,-1,800,784,785,-1,800,785,769,-1,769,785,723,-1,769,723,724,-1,805,804,806,-1,806,804,803,-1,806,803,807,-1,807,803,799,-1,807,799,808,-1,808,799,794,-1,808,794,809,-1,809,794,790,-1,809,790,810,-1,810,790,789,-1,810,789,811,-1,811,789,787,-1,812,813,814,-1,815,816,817,-1,818,819,820,-1,821,822,823,-1,823,822,824,-1,825,826,827,-1,827,826,828,-1,829,825,830,-1,830,825,827,-1,830,827,831,-1,831,827,828,-1,831,828,832,-1,833,829,834,-1,834,829,830,-1,834,830,835,-1,835,830,831,-1,835,831,836,-1,836,831,832,-1,836,832,837,-1,816,833,817,-1,817,833,834,-1,817,834,838,-1,838,834,835,-1,838,835,839,-1,839,835,836,-1,839,836,840,-1,840,836,837,-1,840,837,841,-1,842,815,843,-1,843,815,817,-1,843,817,844,-1,844,817,838,-1,844,838,845,-1,845,838,839,-1,845,839,846,-1,846,839,840,-1,846,840,821,-1,821,840,841,-1,821,841,822,-1,847,842,848,-1,848,842,843,-1,848,843,849,-1,849,843,844,-1,849,844,850,-1,850,844,845,-1,850,845,851,-1,851,845,846,-1,851,846,852,-1,852,846,821,-1,852,821,853,-1,853,821,823,-1,813,854,814,-1,814,854,855,-1,814,855,856,-1,857,812,858,-1,858,812,814,-1,858,814,859,-1,859,814,856,-1,859,856,860,-1,861,857,862,-1,862,857,858,-1,862,858,863,-1,863,858,859,-1,863,859,864,-1,864,859,860,-1,864,860,865,-1,819,861,820,-1,820,861,862,-1,820,862,866,-1,866,862,863,-1,866,863,867,-1,867,863,864,-1,867,864,868,-1,868,864,865,-1,868,865,869,-1,870,847,869,-1,869,847,848,-1,869,848,868,-1,868,848,849,-1,868,849,867,-1,867,849,850,-1,867,850,866,-1,866,850,851,-1,866,851,820,-1,820,851,852,-1,820,852,818,-1,818,852,853,-1,733,870,734,-1,734,870,869,-1,734,869,738,-1,738,869,865,-1,738,865,743,-1,743,865,860,-1,743,860,749,-1,749,860,856,-1,749,856,727,-1,727,856,855,-1,727,855,729,-1,729,855,854,-1,811,871,810,-1,810,871,872,-1,810,872,809,-1,809,872,873,-1,809,873,808,-1,808,873,874,-1,808,874,807,-1,807,874,875,-1,807,875,806,-1,806,875,876,-1,806,876,805,-1,805,876,877,-1,878,879,880,-1,881,882,883,-1,884,885,886,-1,887,888,889,-1,889,888,886,-1,889,886,890,-1,890,886,885,-1,891,892,893,-1,893,892,894,-1,895,896,897,-1,897,896,898,-1,899,900,901,-1,902,903,901,-1,901,903,904,-1,901,904,899,-1,905,906,883,-1,883,906,907,-1,883,907,881,-1,908,902,909,-1,909,902,901,-1,909,901,897,-1,897,901,900,-1,897,900,895,-1,910,905,911,-1,911,905,883,-1,911,883,909,-1,909,883,882,-1,909,882,908,-1,912,910,913,-1,913,910,911,-1,913,911,914,-1,914,911,909,-1,914,909,915,-1,915,909,897,-1,915,897,893,-1,893,897,898,-1,893,898,891,-1,916,917,918,-1,918,917,919,-1,918,919,920,-1,921,916,922,-1,922,916,918,-1,922,918,923,-1,923,918,920,-1,923,920,924,-1,925,921,926,-1,926,921,922,-1,926,922,927,-1,927,922,923,-1,927,923,928,-1,928,923,924,-1,928,924,929,-1,888,925,886,-1,886,925,926,-1,886,926,930,-1,930,926,927,-1,930,927,931,-1,931,927,928,-1,931,928,932,-1,932,928,929,-1,932,929,880,-1,879,912,880,-1,880,912,913,-1,880,913,932,-1,932,913,914,-1,932,914,931,-1,931,914,915,-1,931,915,930,-1,930,915,893,-1,930,893,886,-1,886,893,894,-1,886,894,884,-1,826,878,828,-1,828,878,880,-1,828,880,832,-1,832,880,929,-1,832,929,837,-1,837,929,924,-1,837,924,841,-1,841,924,920,-1,841,920,822,-1,822,920,919,-1,822,919,824,-1,824,919,917,-1,933,934,935,-1,936,872,937,-1,937,872,871,-1,938,877,939,-1,939,877,876,-1,940,938,941,-1,941,938,939,-1,941,939,942,-1,942,939,876,-1,942,876,875,-1,943,940,944,-1,944,940,941,-1,944,941,945,-1,945,941,942,-1,945,942,946,-1,946,942,875,-1,946,875,874,-1,934,943,935,-1,935,943,944,-1,935,944,947,-1,947,944,945,-1,947,945,948,-1,948,945,946,-1,948,946,949,-1,949,946,874,-1,949,874,873,-1,950,933,951,-1,951,933,935,-1,951,935,952,-1,952,935,947,-1,952,947,953,-1,953,947,948,-1,953,948,954,-1,954,948,949,-1,954,949,936,-1,936,949,873,-1,936,873,872,-1,955,956,957,-1,957,956,958,-1,957,958,959,-1,960,955,961,-1,961,955,957,-1,961,957,962,-1,962,957,959,-1,962,959,963,-1,964,960,965,-1,965,960,961,-1,965,961,966,-1,966,961,962,-1,966,962,967,-1,967,962,963,-1,967,963,968,-1,969,964,970,-1,970,964,965,-1,970,965,971,-1,971,965,966,-1,971,966,972,-1,972,966,967,-1,972,967,973,-1,973,967,968,-1,973,968,974,-1,975,950,974,-1,974,950,951,-1,974,951,973,-1,973,951,952,-1,973,952,972,-1,972,952,953,-1,972,953,971,-1,971,953,954,-1,971,954,970,-1,970,954,936,-1,970,936,969,-1,969,936,937,-1,976,975,977,-1,977,975,974,-1,977,974,978,-1,978,974,968,-1,978,968,979,-1,979,968,963,-1,979,963,980,-1,980,963,959,-1,980,959,981,-1,981,959,958,-1,981,958,982,-1,982,958,956,-1,983,984,985,-1,986,987,988,-1,989,981,990,-1,990,981,982,-1,991,976,992,-1,992,976,977,-1,993,991,994,-1,994,991,992,-1,994,992,995,-1,995,992,977,-1,995,977,978,-1,987,993,988,-1,988,993,994,-1,988,994,996,-1,996,994,995,-1,996,995,997,-1,997,995,978,-1,997,978,979,-1,998,986,999,-1,999,986,988,-1,999,988,1000,-1,1000,988,996,-1,1000,996,1001,-1,1001,996,997,-1,1001,997,1002,-1,1002,997,979,-1,1002,979,980,-1,1003,998,1004,-1,1004,998,999,-1,1004,999,1005,-1,1005,999,1000,-1,1005,1000,1006,-1,1006,1000,1001,-1,1006,1001,1007,-1,1007,1001,1002,-1,1007,1002,989,-1,989,1002,980,-1,989,980,981,-1,1008,1003,1009,-1,1009,1003,1004,-1,1009,1004,1010,-1,1010,1004,1005,-1,1010,1005,1011,-1,1011,1005,1006,-1,1011,1006,1012,-1,1012,1006,1007,-1,1012,1007,1013,-1,1013,1007,989,-1,1013,989,1014,-1,1014,989,990,-1,984,1015,985,-1,985,1015,1016,-1,985,1016,1017,-1,1018,983,1019,-1,1019,983,985,-1,1019,985,1020,-1,1020,985,1017,-1,1020,1017,1021,-1,1022,1018,1023,-1,1023,1018,1019,-1,1023,1019,1024,-1,1024,1019,1020,-1,1024,1020,1025,-1,1025,1020,1021,-1,1025,1021,1026,-1,1027,1022,1028,-1,1028,1022,1023,-1,1028,1023,1029,-1,1029,1023,1024,-1,1029,1024,1030,-1,1030,1024,1025,-1,1030,1025,1031,-1,1031,1025,1026,-1,1031,1026,1032,-1,1033,1008,1032,-1,1032,1008,1009,-1,1032,1009,1031,-1,1031,1009,1010,-1,1031,1010,1030,-1,1030,1010,1011,-1,1030,1011,1029,-1,1029,1011,1012,-1,1029,1012,1028,-1,1028,1012,1013,-1,1028,1013,1027,-1,1027,1013,1014,-1,1034,1033,1035,-1,1035,1033,1032,-1,1035,1032,1036,-1,1036,1032,1026,-1,1036,1026,1037,-1,1037,1026,1021,-1,1037,1021,1038,-1,1038,1021,1017,-1,1038,1017,1039,-1,1039,1017,1016,-1,1039,1016,1040,-1,1040,1016,1015,-1,1041,1042,1043,-1,1043,1042,1044,-1,1043,1044,1045,-1,1046,1047,1048,-1,1048,1047,1049,-1,1048,1049,1050,-1,1050,1049,1051,-1,1052,1053,1054,-1,1054,1053,1055,-1,1056,1057,1058,-1,1058,1057,1059,-1,1058,1059,1060,-1,1061,1062,1063,-1,1063,1062,1064,-1,1065,1066,1067,-1,1039,1040,1068,-1,1038,1039,1069,-1,1046,1041,1047,-1,1047,1041,1043,-1,1047,1043,1070,-1,1070,1043,1071,-1,1070,1071,1072,-1,1072,1071,1073,-1,1072,1073,1074,-1,1074,1073,1075,-1,1074,1075,1035,-1,1034,1035,1076,-1,1076,1035,1075,-1,1076,1075,1077,-1,1077,1075,1073,-1,1077,1073,1078,-1,1078,1073,1071,-1,1078,1071,1079,-1,1079,1071,1043,-1,1079,1043,1080,-1,1080,1043,1045,-1,1080,1045,1081,-1,1039,1068,1069,-1,1069,1068,1082,-1,1069,1082,1083,-1,1083,1082,1084,-1,1083,1084,1085,-1,1085,1084,1086,-1,1085,1086,1087,-1,1087,1086,1065,-1,1087,1065,1063,-1,1063,1065,1067,-1,1063,1067,1061,-1,1064,1052,1063,-1,1063,1052,1054,-1,1063,1054,1087,-1,1087,1054,1088,-1,1087,1088,1085,-1,1085,1088,1089,-1,1085,1089,1083,-1,1083,1089,1090,-1,1083,1090,1069,-1,1069,1090,1091,-1,1069,1091,1038,-1,1038,1091,1037,-1,1055,1056,1054,-1,1054,1056,1058,-1,1054,1058,1088,-1,1088,1058,1092,-1,1088,1092,1089,-1,1089,1092,1093,-1,1089,1093,1090,-1,1090,1093,1094,-1,1090,1094,1091,-1,1091,1094,1095,-1,1091,1095,1037,-1,1037,1095,1036,-1,1060,1051,1058,-1,1058,1051,1049,-1,1058,1049,1092,-1,1092,1049,1047,-1,1092,1047,1093,-1,1093,1047,1070,-1,1093,1070,1094,-1,1094,1070,1072,-1,1094,1072,1095,-1,1095,1072,1074,-1,1095,1074,1036,-1,1036,1074,1035,-1,1051,1060,1096,-1,1097,1081,1045,-1,1098,1099,1100,-1,1101,1102,1103,-1,1104,1105,1106,-1,1097,1107,1108,-1,1108,1109,1097,-1,1097,1109,1081,-1,1110,1111,1112,-1,1110,1112,1113,-1,1113,1112,1114,-1,1113,1114,1115,-1,1115,1116,1113,-1,1113,1116,1117,-1,1113,1117,1097,-1,1097,1117,1118,-1,1097,1118,1107,-1,1096,1119,1103,-1,1104,1106,1120,-1,1121,1122,1100,-1,1100,1122,1123,-1,1100,1123,1124,-1,1101,1103,1125,-1,1123,1126,1124,-1,1124,1126,1127,-1,1124,1127,1128,-1,1098,1100,1129,-1,1124,1130,1100,-1,1100,1130,1131,-1,1100,1131,1129,-1,1060,1059,1096,-1,1096,1059,1057,-1,1096,1057,1119,-1,1119,1057,1056,-1,1132,1133,1064,-1,1064,1062,1132,-1,1132,1062,1061,-1,1132,1061,1134,-1,1134,1061,1067,-1,1134,1067,1066,-1,1056,1055,1119,-1,1119,1055,1053,-1,1119,1053,1133,-1,1133,1053,1052,-1,1133,1052,1064,-1,1110,1048,1050,-1,1045,1044,1097,-1,1097,1044,1042,-1,1097,1042,1113,-1,1113,1042,1041,-1,1113,1041,1110,-1,1110,1041,1046,-1,1110,1046,1048,-1,1099,1135,1136,-1,1099,1136,1100,-1,1100,1136,1137,-1,1100,1137,1121,-1,1106,1138,1110,-1,1110,1138,1139,-1,1110,1139,1111,-1,1105,1140,1106,-1,1106,1140,1141,-1,1106,1141,1138,-1,1142,1143,1131,-1,1131,1143,1144,-1,1131,1144,1129,-1,1134,1142,1132,-1,1132,1142,1131,-1,1132,1131,1133,-1,1133,1131,1130,-1,1133,1130,1119,-1,1119,1130,1124,-1,1119,1124,1103,-1,1103,1124,1128,-1,1103,1128,1125,-1,1050,1051,1110,-1,1110,1051,1096,-1,1110,1096,1106,-1,1106,1096,1103,-1,1106,1103,1120,-1,1120,1103,1102,-1,1145,1146,1147,-1,1148,1149,1150,-1,1151,1152,1153,-1,1153,1152,1154,-1,1153,1154,1155,-1,1156,1157,1158,-1,1158,1157,1155,-1,1159,1160,1161,-1,1162,1163,1164,-1,1165,1166,1167,-1,1167,1166,1168,-1,1167,1168,1169,-1,1170,1165,1171,-1,1171,1165,1167,-1,1171,1167,1162,-1,1162,1167,1169,-1,1162,1169,1163,-1,1172,1170,1173,-1,1173,1170,1171,-1,1173,1171,1174,-1,1174,1171,1162,-1,1174,1162,1159,-1,1159,1162,1164,-1,1159,1164,1160,-1,1146,1172,1147,-1,1147,1172,1173,-1,1147,1173,1175,-1,1175,1173,1174,-1,1175,1174,1176,-1,1176,1174,1159,-1,1176,1159,1177,-1,1177,1159,1161,-1,1177,1161,1178,-1,1179,1145,1180,-1,1180,1145,1147,-1,1180,1147,1181,-1,1181,1147,1175,-1,1181,1175,1182,-1,1182,1175,1176,-1,1182,1176,1183,-1,1183,1176,1177,-1,1183,1177,1150,-1,1150,1177,1178,-1,1150,1178,1148,-1,1184,1179,1185,-1,1185,1179,1180,-1,1185,1180,1186,-1,1186,1180,1181,-1,1186,1181,1187,-1,1187,1181,1182,-1,1187,1182,1188,-1,1188,1182,1183,-1,1188,1183,1189,-1,1189,1183,1150,-1,1189,1150,1158,-1,1158,1150,1149,-1,1158,1149,1156,-1,1155,1154,1158,-1,1158,1154,1190,-1,1158,1190,1189,-1,1189,1190,1191,-1,1189,1191,1188,-1,1188,1191,1192,-1,1188,1192,1187,-1,1187,1192,1193,-1,1187,1193,1186,-1,1186,1193,1194,-1,1186,1194,1185,-1,1185,1194,1195,-1,1185,1195,1184,-1,1196,1197,1195,-1,1195,1197,1198,-1,1195,1198,1184,-1,1199,1200,1201,-1,1201,1200,1202,-1,1201,1202,1203,-1,1203,1202,1204,-1,1203,1204,1205,-1,1205,1204,1206,-1,1205,1206,1207,-1,1207,1206,1208,-1,1207,1208,1209,-1,1209,1208,1210,-1,1209,1210,1211,-1,1211,1210,1212,-1,1211,1212,1213,-1,1213,1212,1214,-1,1200,1215,1202,-1,1202,1215,1216,-1,1202,1216,1204,-1,1204,1216,1217,-1,1204,1217,1206,-1,1206,1217,1218,-1,1206,1218,1208,-1,1208,1218,1219,-1,1208,1219,1210,-1,1210,1219,1220,-1,1210,1220,1212,-1,1212,1220,1221,-1,1212,1221,1214,-1,1214,1221,1222,-1,1223,1224,1225,-1,1225,1224,1226,-1,1227,1226,1228,-1,1228,1226,1224,-1,1228,1224,1229,-1,1229,1224,1223,-1,1229,1223,1230,-1,1231,1227,1232,-1,1232,1227,1228,-1,1232,1228,1233,-1,1233,1228,1229,-1,1233,1229,1234,-1,1234,1229,1230,-1,1234,1230,1235,-1,1236,1231,1237,-1,1237,1231,1232,-1,1237,1232,1238,-1,1238,1232,1233,-1,1238,1233,1239,-1,1239,1233,1234,-1,1239,1234,1240,-1,1240,1234,1235,-1,1240,1235,1241,-1,1242,1236,1243,-1,1243,1236,1237,-1,1243,1237,1244,-1,1244,1237,1238,-1,1244,1238,1245,-1,1245,1238,1239,-1,1245,1239,1246,-1,1246,1239,1240,-1,1246,1240,1247,-1,1247,1240,1241,-1,1247,1241,1248,-1,1249,1242,1250,-1,1250,1242,1243,-1,1250,1243,1251,-1,1251,1243,1244,-1,1251,1244,1252,-1,1252,1244,1245,-1,1252,1245,1253,-1,1253,1245,1246,-1,1253,1246,1254,-1,1254,1246,1247,-1,1254,1247,1255,-1,1255,1247,1248,-1,1255,1248,1256,-1,1215,1249,1216,-1,1216,1249,1250,-1,1216,1250,1217,-1,1217,1250,1251,-1,1217,1251,1218,-1,1218,1251,1252,-1,1218,1252,1219,-1,1219,1252,1253,-1,1219,1253,1220,-1,1220,1253,1254,-1,1220,1254,1221,-1,1221,1254,1255,-1,1221,1255,1222,-1,1222,1255,1256,-1,1222,1256,1257,-1,1152,1199,1154,-1,1154,1199,1201,-1,1154,1201,1190,-1,1190,1201,1203,-1,1190,1203,1191,-1,1191,1203,1205,-1,1191,1205,1192,-1,1192,1205,1207,-1,1192,1207,1193,-1,1193,1207,1209,-1,1193,1209,1194,-1,1194,1209,1211,-1,1194,1211,1195,-1,1195,1211,1213,-1,1195,1213,1196,-1,1196,1213,1214,-1,1196,1214,1258,-1,1258,1214,1222,-1,1258,1222,1259,-1,1259,1222,1257,-1,1259,1257,1260,-1,1261,1262,1263,-1,1136,1135,1264,-1,1265,1121,1137,-1,1127,1126,1266,-1,1266,1126,1123,-1,1266,1123,1265,-1,1265,1123,1122,-1,1265,1122,1121,-1,1102,1267,1120,-1,1120,1267,1268,-1,1102,1101,1267,-1,1267,1101,1125,-1,1267,1125,1266,-1,1266,1125,1128,-1,1266,1128,1127,-1,1140,1105,1268,-1,1268,1105,1104,-1,1268,1104,1120,-1,1111,1269,1112,-1,1112,1269,1270,-1,1111,1139,1269,-1,1269,1139,1138,-1,1269,1138,1271,-1,1271,1138,1141,-1,1271,1141,1140,-1,1116,1115,1270,-1,1270,1115,1114,-1,1270,1114,1112,-1,1116,1270,1117,-1,1117,1270,1272,-1,1117,1272,1118,-1,1109,1108,1272,-1,1272,1108,1107,-1,1272,1107,1118,-1,1081,1109,1273,-1,1273,1109,1274,-1,1273,1274,1275,-1,1276,1265,1264,-1,1264,1265,1137,-1,1264,1137,1136,-1,1140,1268,1271,-1,1271,1268,1267,-1,1271,1267,1277,-1,1277,1267,1266,-1,1277,1266,1278,-1,1278,1266,1265,-1,1278,1265,1279,-1,1279,1265,1276,-1,1279,1276,1280,-1,1109,1272,1274,-1,1274,1272,1270,-1,1274,1270,1281,-1,1281,1270,1269,-1,1281,1269,1282,-1,1282,1269,1271,-1,1282,1271,1283,-1,1283,1271,1277,-1,1283,1277,1284,-1,1284,1277,1278,-1,1284,1278,1285,-1,1285,1278,1279,-1,1285,1279,1286,-1,1286,1279,1280,-1,1286,1280,1287,-1,1275,1274,1288,-1,1288,1274,1281,-1,1288,1281,1289,-1,1289,1281,1282,-1,1289,1282,1290,-1,1290,1282,1283,-1,1290,1283,1291,-1,1291,1283,1284,-1,1291,1284,1292,-1,1292,1284,1285,-1,1292,1285,1293,-1,1293,1285,1286,-1,1293,1286,1294,-1,1294,1286,1287,-1,1294,1287,1295,-1,1295,1296,1294,-1,1294,1296,1297,-1,1294,1297,1293,-1,1293,1297,1298,-1,1293,1298,1292,-1,1292,1298,1299,-1,1292,1299,1291,-1,1291,1299,1300,-1,1291,1300,1290,-1,1290,1300,1301,-1,1290,1301,1289,-1,1289,1301,1261,-1,1289,1261,1288,-1,1288,1261,1263,-1,1288,1263,1275,-1,1302,1262,1303,-1,1303,1262,1261,-1,1303,1261,1304,-1,1304,1261,1301,-1,1304,1301,1305,-1,1305,1301,1300,-1,1305,1300,1306,-1,1306,1300,1299,-1,1306,1299,1307,-1,1307,1299,1298,-1,1307,1298,1308,-1,1308,1298,1297,-1,1308,1297,1309,-1,1309,1297,1296,-1,1309,1296,1310,-1,1310,1296,1295,-1,1166,1311,1168,-1,1168,1311,1312,-1,1168,1312,1169,-1,1169,1312,1313,-1,1169,1313,1163,-1,1163,1313,1314,-1,1163,1314,1164,-1,1164,1314,1315,-1,1164,1315,1160,-1,1160,1315,1316,-1,1160,1316,1161,-1,1161,1316,1317,-1,1161,1317,1178,-1,1178,1317,1318,-1,1178,1318,1148,-1,1148,1318,1319,-1,1148,1319,1149,-1,1149,1319,1320,-1,1149,1320,1156,-1,1156,1320,1321,-1,1156,1321,1157,-1,1157,1321,1322,-1,1157,1322,1155,-1,1155,1322,1323,-1,1155,1323,1153,-1,1153,1323,1324,-1,1153,1324,1151,-1,1151,1324,1325,-1,1326,1327,1328,-1,1329,1330,1331,-1,1332,1333,1334,-1,1335,1336,1337,-1,1338,1339,1340,-1,1341,1342,1343,-1,1344,1345,1346,-1,1346,1345,1303,-1,1346,1303,1304,-1,1341,1343,1347,-1,1348,1344,1349,-1,1349,1344,1346,-1,1349,1346,1350,-1,1350,1346,1304,-1,1350,1304,1305,-1,1351,1348,1352,-1,1352,1348,1349,-1,1352,1349,1353,-1,1353,1349,1350,-1,1353,1350,1354,-1,1354,1350,1305,-1,1354,1305,1306,-1,1355,1351,1356,-1,1356,1351,1352,-1,1356,1352,1357,-1,1357,1352,1353,-1,1357,1353,1358,-1,1358,1353,1354,-1,1358,1354,1359,-1,1359,1354,1306,-1,1359,1306,1307,-1,1360,1355,1361,-1,1361,1355,1356,-1,1361,1356,1362,-1,1362,1356,1357,-1,1362,1357,1363,-1,1363,1357,1358,-1,1363,1358,1364,-1,1364,1358,1359,-1,1364,1359,1365,-1,1365,1359,1307,-1,1365,1307,1308,-1,1302,1303,1366,-1,1366,1303,1345,-1,1366,1345,1367,-1,1367,1345,1344,-1,1367,1344,1368,-1,1368,1344,1348,-1,1368,1348,1369,-1,1369,1348,1351,-1,1369,1351,1370,-1,1370,1351,1355,-1,1370,1355,1371,-1,1371,1355,1360,-1,1371,1360,1372,-1,1372,1360,1373,-1,1374,1373,1375,-1,1375,1373,1360,-1,1375,1360,1376,-1,1376,1360,1361,-1,1376,1361,1377,-1,1377,1361,1362,-1,1377,1362,1378,-1,1378,1362,1363,-1,1378,1363,1379,-1,1379,1363,1364,-1,1379,1364,1380,-1,1380,1364,1365,-1,1380,1365,1381,-1,1381,1365,1308,-1,1381,1308,1309,-1,1382,1374,1383,-1,1383,1374,1375,-1,1383,1375,1384,-1,1384,1375,1376,-1,1384,1376,1385,-1,1385,1376,1377,-1,1385,1377,1386,-1,1386,1377,1378,-1,1386,1378,1387,-1,1387,1378,1379,-1,1387,1379,1388,-1,1388,1379,1380,-1,1388,1380,1389,-1,1389,1380,1381,-1,1390,1382,1391,-1,1391,1382,1383,-1,1391,1383,1392,-1,1392,1383,1384,-1,1392,1384,1393,-1,1393,1384,1385,-1,1393,1385,1394,-1,1394,1385,1386,-1,1394,1386,1395,-1,1395,1386,1387,-1,1395,1387,1396,-1,1396,1387,1388,-1,1396,1388,1343,-1,1343,1388,1389,-1,1343,1389,1347,-1,1347,1389,1381,-1,1347,1381,1397,-1,1397,1381,1309,-1,1397,1309,1310,-1,1327,1390,1328,-1,1328,1390,1391,-1,1328,1391,1398,-1,1398,1391,1392,-1,1398,1392,1399,-1,1399,1392,1393,-1,1399,1393,1400,-1,1400,1393,1394,-1,1400,1394,1401,-1,1401,1394,1395,-1,1401,1395,1402,-1,1402,1395,1396,-1,1402,1396,1403,-1,1403,1396,1343,-1,1403,1343,1404,-1,1404,1343,1342,-1,1330,1405,1331,-1,1331,1405,1406,-1,1331,1406,1407,-1,1333,1329,1334,-1,1334,1329,1331,-1,1334,1331,1408,-1,1408,1331,1407,-1,1408,1407,1409,-1,1410,1332,1411,-1,1411,1332,1334,-1,1411,1334,1412,-1,1412,1334,1408,-1,1412,1408,1413,-1,1413,1408,1409,-1,1413,1409,1414,-1,1336,1410,1337,-1,1337,1410,1411,-1,1337,1411,1415,-1,1415,1411,1412,-1,1415,1412,1416,-1,1416,1412,1413,-1,1416,1413,1417,-1,1417,1413,1414,-1,1417,1414,1418,-1,1339,1335,1340,-1,1340,1335,1337,-1,1340,1337,1419,-1,1419,1337,1415,-1,1419,1415,1420,-1,1420,1415,1416,-1,1420,1416,1421,-1,1421,1416,1417,-1,1421,1417,1422,-1,1422,1417,1418,-1,1422,1418,1423,-1,1424,1338,1425,-1,1425,1338,1340,-1,1425,1340,1426,-1,1426,1340,1419,-1,1426,1419,1427,-1,1427,1419,1420,-1,1427,1420,1428,-1,1428,1420,1421,-1,1428,1421,1429,-1,1429,1421,1422,-1,1429,1422,1430,-1,1430,1422,1423,-1,1430,1423,1431,-1,1432,1326,1431,-1,1431,1326,1328,-1,1431,1328,1430,-1,1430,1328,1398,-1,1430,1398,1429,-1,1429,1398,1399,-1,1429,1399,1428,-1,1428,1399,1400,-1,1428,1400,1427,-1,1427,1400,1401,-1,1427,1401,1426,-1,1426,1401,1402,-1,1426,1402,1425,-1,1425,1402,1403,-1,1425,1403,1424,-1,1424,1403,1404,-1,1433,1432,1434,-1,1434,1432,1431,-1,1434,1431,1435,-1,1435,1431,1423,-1,1435,1423,1436,-1,1436,1423,1418,-1,1436,1418,1437,-1,1437,1418,1414,-1,1437,1414,1438,-1,1438,1414,1409,-1,1438,1409,1439,-1,1439,1409,1407,-1,1439,1407,1440,-1,1440,1407,1406,-1,1440,1406,1441,-1,1441,1406,1405,-1,1313,1312,1442,-1,1315,1314,1443,-1,1317,1316,1444,-1,1445,1446,1447,-1,1440,1441,1448,-1,1439,1440,1449,-1,1433,1450,1451,-1,1451,1450,1452,-1,1451,1452,1453,-1,1453,1452,1454,-1,1453,1454,1455,-1,1440,1448,1449,-1,1449,1448,1456,-1,1449,1456,1457,-1,1457,1456,1458,-1,1457,1458,1459,-1,1459,1458,1460,-1,1459,1460,1461,-1,1461,1460,1462,-1,1461,1462,1463,-1,1438,1439,1464,-1,1464,1439,1449,-1,1464,1449,1465,-1,1465,1449,1457,-1,1465,1457,1466,-1,1466,1457,1459,-1,1466,1459,1467,-1,1467,1459,1461,-1,1467,1461,1468,-1,1468,1461,1463,-1,1468,1463,1469,-1,1437,1438,1470,-1,1470,1438,1464,-1,1470,1464,1471,-1,1471,1464,1465,-1,1471,1465,1472,-1,1472,1465,1466,-1,1472,1466,1473,-1,1473,1466,1467,-1,1473,1467,1474,-1,1474,1467,1468,-1,1474,1468,1475,-1,1475,1468,1469,-1,1475,1469,1476,-1,1455,1454,1477,-1,1477,1454,1478,-1,1477,1478,1479,-1,1479,1478,1480,-1,1479,1480,1481,-1,1481,1480,1482,-1,1481,1482,1483,-1,1483,1482,1484,-1,1483,1484,1485,-1,1436,1437,1486,-1,1486,1437,1470,-1,1486,1470,1487,-1,1487,1470,1471,-1,1487,1471,1488,-1,1488,1471,1472,-1,1488,1472,1489,-1,1489,1472,1473,-1,1489,1473,1490,-1,1490,1473,1474,-1,1490,1474,1491,-1,1491,1474,1475,-1,1491,1475,1492,-1,1492,1475,1476,-1,1492,1476,1493,-1,1494,1495,1496,-1,1435,1436,1497,-1,1497,1436,1486,-1,1497,1486,1498,-1,1498,1486,1487,-1,1498,1487,1499,-1,1499,1487,1488,-1,1499,1488,1500,-1,1500,1488,1489,-1,1500,1489,1501,-1,1501,1489,1490,-1,1501,1490,1502,-1,1502,1490,1491,-1,1502,1491,1503,-1,1503,1491,1492,-1,1503,1492,1504,-1,1504,1492,1493,-1,1504,1493,1505,-1,1434,1435,1506,-1,1506,1435,1497,-1,1506,1497,1507,-1,1507,1497,1498,-1,1507,1498,1508,-1,1508,1498,1499,-1,1508,1499,1509,-1,1509,1499,1500,-1,1509,1500,1510,-1,1510,1500,1501,-1,1510,1501,1511,-1,1511,1501,1502,-1,1511,1502,1512,-1,1512,1502,1503,-1,1512,1503,1513,-1,1513,1503,1504,-1,1513,1504,1514,-1,1514,1504,1505,-1,1514,1505,1443,-1,1494,1496,1515,-1,1515,1496,1516,-1,1515,1516,1517,-1,1517,1516,1325,-1,1517,1325,1324,-1,1324,1323,1517,-1,1517,1323,1446,-1,1517,1446,1515,-1,1515,1446,1445,-1,1515,1445,1494,-1,1323,1322,1446,-1,1446,1322,1321,-1,1446,1321,1447,-1,1447,1321,1320,-1,1447,1320,1319,-1,1518,1495,1519,-1,1519,1495,1494,-1,1519,1494,1520,-1,1520,1494,1445,-1,1520,1445,1521,-1,1521,1445,1447,-1,1521,1447,1522,-1,1522,1447,1319,-1,1522,1319,1318,-1,1523,1518,1524,-1,1524,1518,1519,-1,1524,1519,1525,-1,1525,1519,1520,-1,1525,1520,1526,-1,1526,1520,1521,-1,1526,1521,1527,-1,1527,1521,1522,-1,1527,1522,1444,-1,1444,1522,1318,-1,1444,1318,1317,-1,1462,1523,1463,-1,1463,1523,1524,-1,1463,1524,1469,-1,1469,1524,1525,-1,1469,1525,1476,-1,1476,1525,1526,-1,1476,1526,1493,-1,1493,1526,1527,-1,1493,1527,1505,-1,1505,1527,1444,-1,1505,1444,1443,-1,1443,1444,1316,-1,1443,1316,1315,-1,1314,1313,1443,-1,1443,1313,1442,-1,1443,1442,1514,-1,1514,1442,1528,-1,1514,1528,1513,-1,1513,1528,1529,-1,1513,1529,1512,-1,1512,1529,1484,-1,1512,1484,1511,-1,1511,1484,1482,-1,1511,1482,1510,-1,1510,1482,1480,-1,1510,1480,1509,-1,1509,1480,1478,-1,1509,1478,1508,-1,1508,1478,1454,-1,1508,1454,1507,-1,1507,1454,1452,-1,1507,1452,1506,-1,1506,1452,1450,-1,1506,1450,1434,-1,1434,1450,1433,-1,1485,1484,1530,-1,1530,1484,1529,-1,1530,1529,1531,-1,1531,1529,1528,-1,1531,1528,1532,-1,1532,1528,1442,-1,1532,1442,1533,-1,1533,1442,1312,-1,1533,1312,1311,-1,1534,1535,1536,-1,1536,1535,1537,-1,1536,1537,1538,-1,1538,1537,1539,-1,1538,1539,1540,-1,1540,1539,1541,-1,1540,1541,1542,-1,1542,1541,1543,-1,1542,1543,1544,-1,1544,1543,1545,-1,1544,1545,1546,-1,1546,1545,1547,-1,1548,1549,1550,-1,1551,1544,1552,-1,1552,1544,1546,-1,1553,1534,1554,-1,1554,1534,1536,-1,1555,1553,1556,-1,1556,1553,1554,-1,1556,1554,1557,-1,1557,1554,1536,-1,1557,1536,1538,-1,1558,1555,1559,-1,1559,1555,1556,-1,1559,1556,1560,-1,1560,1556,1557,-1,1560,1557,1561,-1,1561,1557,1538,-1,1561,1538,1540,-1,1549,1558,1550,-1,1550,1558,1559,-1,1550,1559,1562,-1,1562,1559,1560,-1,1562,1560,1563,-1,1563,1560,1561,-1,1563,1561,1564,-1,1564,1561,1540,-1,1564,1540,1542,-1,1565,1548,1566,-1,1566,1548,1550,-1,1566,1550,1567,-1,1567,1550,1562,-1,1567,1562,1568,-1,1568,1562,1563,-1,1568,1563,1569,-1,1569,1563,1564,-1,1569,1564,1551,-1,1551,1564,1542,-1,1551,1542,1544,-1,1570,1571,1572,-1,1572,1571,1573,-1,1572,1573,1574,-1,1575,1570,1576,-1,1576,1570,1572,-1,1576,1572,1577,-1,1577,1572,1574,-1,1577,1574,1578,-1,1579,1575,1580,-1,1580,1575,1576,-1,1580,1576,1581,-1,1581,1576,1577,-1,1581,1577,1582,-1,1582,1577,1578,-1,1582,1578,1583,-1,1584,1579,1585,-1,1585,1579,1580,-1,1585,1580,1586,-1,1586,1580,1581,-1,1586,1581,1587,-1,1587,1581,1582,-1,1587,1582,1588,-1,1588,1582,1583,-1,1588,1583,1589,-1,1590,1565,1589,-1,1589,1565,1566,-1,1589,1566,1588,-1,1588,1566,1567,-1,1588,1567,1587,-1,1587,1567,1568,-1,1587,1568,1586,-1,1586,1568,1569,-1,1586,1569,1585,-1,1585,1569,1551,-1,1585,1551,1584,-1,1584,1551,1552,-1,1591,1590,1592,-1,1592,1590,1589,-1,1592,1589,1593,-1,1593,1589,1583,-1,1593,1583,1594,-1,1594,1583,1578,-1,1594,1578,1595,-1,1595,1578,1574,-1,1595,1574,1596,-1,1596,1574,1573,-1,1596,1573,1597,-1,1597,1573,1571,-1,1598,1599,1600,-1,1600,1599,1601,-1,1602,1603,1604,-1,1604,1603,1605,-1,1604,1605,1606,-1,1607,1602,1608,-1,1608,1602,1604,-1,1608,1604,1609,-1,1609,1604,1606,-1,1609,1606,1610,-1,1611,1607,1612,-1,1612,1607,1608,-1,1612,1608,1613,-1,1613,1608,1609,-1,1613,1609,1614,-1,1614,1609,1610,-1,1614,1610,1615,-1,1616,1611,1617,-1,1617,1611,1612,-1,1617,1612,1618,-1,1618,1612,1613,-1,1618,1613,1619,-1,1619,1613,1614,-1,1619,1614,1620,-1,1620,1614,1615,-1,1620,1615,1621,-1,1622,1623,1624,-1,1624,1623,1625,-1,1624,1625,1626,-1,1627,1622,1628,-1,1628,1622,1624,-1,1628,1624,1629,-1,1629,1624,1626,-1,1629,1626,1630,-1,1631,1627,1632,-1,1632,1627,1628,-1,1632,1628,1633,-1,1633,1628,1629,-1,1633,1629,1634,-1,1634,1629,1630,-1,1634,1630,1635,-1,1600,1631,1598,-1,1598,1631,1632,-1,1598,1632,1636,-1,1636,1632,1633,-1,1636,1633,1637,-1,1637,1633,1634,-1,1637,1634,1638,-1,1638,1634,1635,-1,1638,1635,1639,-1,1640,1616,1639,-1,1639,1616,1617,-1,1639,1617,1638,-1,1638,1617,1618,-1,1638,1618,1637,-1,1637,1618,1619,-1,1637,1619,1636,-1,1636,1619,1620,-1,1636,1620,1598,-1,1598,1620,1621,-1,1598,1621,1599,-1,1535,1640,1537,-1,1537,1640,1639,-1,1537,1639,1539,-1,1539,1639,1635,-1,1539,1635,1541,-1,1541,1635,1630,-1,1541,1630,1543,-1,1543,1630,1626,-1,1543,1626,1545,-1,1545,1626,1625,-1,1545,1625,1547,-1,1547,1625,1623,-1,1641,1642,1643,-1,1644,1645,1646,-1,1647,1648,1649,-1,1650,1651,1652,-1,1653,1596,1654,-1,1654,1596,1597,-1,1655,1591,1656,-1,1656,1591,1592,-1,1657,1655,1658,-1,1658,1655,1656,-1,1658,1656,1659,-1,1659,1656,1592,-1,1659,1592,1593,-1,1648,1657,1649,-1,1649,1657,1658,-1,1649,1658,1660,-1,1660,1658,1659,-1,1660,1659,1661,-1,1661,1659,1593,-1,1661,1593,1594,-1,1662,1647,1663,-1,1663,1647,1649,-1,1663,1649,1664,-1,1664,1649,1660,-1,1664,1660,1665,-1,1665,1660,1661,-1,1665,1661,1666,-1,1666,1661,1594,-1,1666,1594,1595,-1,1667,1662,1668,-1,1668,1662,1663,-1,1668,1663,1669,-1,1669,1663,1664,-1,1669,1664,1670,-1,1670,1664,1665,-1,1670,1665,1671,-1,1671,1665,1666,-1,1671,1666,1653,-1,1653,1666,1595,-1,1653,1595,1596,-1,1672,1667,1673,-1,1673,1667,1668,-1,1673,1668,1674,-1,1674,1668,1669,-1,1674,1669,1675,-1,1675,1669,1670,-1,1675,1670,1676,-1,1676,1670,1671,-1,1676,1671,1677,-1,1677,1671,1653,-1,1677,1653,1678,-1,1678,1653,1654,-1,1642,1672,1643,-1,1643,1672,1673,-1,1643,1673,1679,-1,1679,1673,1674,-1,1679,1674,1680,-1,1680,1674,1675,-1,1680,1675,1681,-1,1681,1675,1676,-1,1681,1676,1682,-1,1682,1676,1677,-1,1682,1677,1683,-1,1683,1677,1678,-1,1684,1641,1685,-1,1685,1641,1643,-1,1685,1643,1686,-1,1686,1643,1679,-1,1686,1679,1687,-1,1687,1679,1680,-1,1687,1680,1688,-1,1688,1680,1681,-1,1688,1681,1652,-1,1652,1681,1682,-1,1652,1682,1650,-1,1650,1682,1683,-1,1689,1690,1691,-1,1691,1690,1692,-1,1691,1692,1693,-1,1645,1689,1646,-1,1646,1689,1691,-1,1646,1691,1694,-1,1694,1691,1693,-1,1694,1693,1695,-1,1696,1644,1697,-1,1697,1644,1646,-1,1697,1646,1698,-1,1698,1646,1694,-1,1698,1694,1699,-1,1699,1694,1695,-1,1699,1695,1700,-1,1701,1696,1702,-1,1702,1696,1697,-1,1702,1697,1703,-1,1703,1697,1698,-1,1703,1698,1704,-1,1704,1698,1699,-1,1704,1699,1705,-1,1705,1699,1700,-1,1705,1700,1706,-1,1707,1684,1706,-1,1706,1684,1685,-1,1706,1685,1705,-1,1705,1685,1686,-1,1705,1686,1704,-1,1704,1686,1687,-1,1704,1687,1703,-1,1703,1687,1688,-1,1703,1688,1702,-1,1702,1688,1652,-1,1702,1652,1701,-1,1701,1652,1651,-1,1708,1707,1709,-1,1709,1707,1706,-1,1709,1706,1710,-1,1710,1706,1700,-1,1710,1700,1711,-1,1711,1700,1695,-1,1711,1695,1712,-1,1712,1695,1693,-1,1712,1693,1713,-1,1713,1693,1692,-1,1713,1692,1714,-1,1714,1692,1690,-1,1715,1716,1717,-1,1718,1719,1720,-1,1721,1722,1723,-1,1724,1725,1726,-1,1727,1728,1729,-1,1729,1728,1730,-1,1731,1732,1733,-1,1733,1732,1734,-1,1735,1731,1736,-1,1736,1731,1733,-1,1736,1733,1737,-1,1737,1733,1734,-1,1737,1734,1738,-1,1725,1735,1726,-1,1726,1735,1736,-1,1726,1736,1739,-1,1739,1736,1737,-1,1739,1737,1740,-1,1740,1737,1738,-1,1740,1738,1741,-1,1742,1724,1743,-1,1743,1724,1726,-1,1743,1726,1744,-1,1744,1726,1739,-1,1744,1739,1745,-1,1745,1739,1740,-1,1745,1740,1746,-1,1746,1740,1741,-1,1746,1741,1747,-1,1748,1742,1749,-1,1749,1742,1743,-1,1749,1743,1750,-1,1750,1743,1744,-1,1750,1744,1751,-1,1751,1744,1745,-1,1751,1745,1752,-1,1752,1745,1746,-1,1752,1746,1727,-1,1727,1746,1747,-1,1727,1747,1728,-1,1753,1748,1754,-1,1754,1748,1749,-1,1754,1749,1755,-1,1755,1749,1750,-1,1755,1750,1756,-1,1756,1750,1751,-1,1756,1751,1757,-1,1757,1751,1752,-1,1757,1752,1758,-1,1758,1752,1727,-1,1758,1727,1759,-1,1759,1727,1729,-1,1716,1753,1717,-1,1717,1753,1754,-1,1717,1754,1760,-1,1760,1754,1755,-1,1760,1755,1761,-1,1761,1755,1756,-1,1761,1756,1762,-1,1762,1756,1757,-1,1762,1757,1763,-1,1763,1757,1758,-1,1763,1758,1764,-1,1764,1758,1759,-1,1765,1715,1766,-1,1766,1715,1717,-1,1766,1717,1767,-1,1767,1717,1760,-1,1767,1760,1768,-1,1768,1760,1761,-1,1768,1761,1769,-1,1769,1761,1762,-1,1769,1762,1770,-1,1770,1762,1763,-1,1770,1763,1771,-1,1771,1763,1764,-1,1772,1765,1773,-1,1773,1765,1766,-1,1773,1766,1774,-1,1774,1766,1767,-1,1774,1767,1775,-1,1775,1767,1768,-1,1775,1768,1776,-1,1776,1768,1769,-1,1776,1769,1723,-1,1723,1769,1770,-1,1723,1770,1721,-1,1721,1770,1771,-1,1777,1778,1779,-1,1779,1778,1780,-1,1779,1780,1781,-1,1719,1777,1720,-1,1720,1777,1779,-1,1720,1779,1782,-1,1782,1779,1781,-1,1782,1781,1783,-1,1784,1718,1785,-1,1785,1718,1720,-1,1785,1720,1786,-1,1786,1720,1782,-1,1786,1782,1787,-1,1787,1782,1783,-1,1787,1783,1788,-1,1789,1784,1790,-1,1790,1784,1785,-1,1790,1785,1791,-1,1791,1785,1786,-1,1791,1786,1792,-1,1792,1786,1787,-1,1792,1787,1793,-1,1793,1787,1788,-1,1793,1788,1794,-1,1795,1772,1794,-1,1794,1772,1773,-1,1794,1773,1793,-1,1793,1773,1774,-1,1793,1774,1792,-1,1792,1774,1775,-1,1792,1775,1791,-1,1791,1775,1776,-1,1791,1776,1790,-1,1790,1776,1723,-1,1790,1723,1789,-1,1789,1723,1722,-1,1605,1795,1606,-1,1606,1795,1794,-1,1606,1794,1610,-1,1610,1794,1788,-1,1610,1788,1615,-1,1615,1788,1783,-1,1615,1783,1621,-1,1621,1783,1781,-1,1621,1781,1599,-1,1599,1781,1780,-1,1599,1780,1601,-1,1601,1780,1778,-1,1796,1797,1798,-1,1713,1714,1799,-1,1712,1713,1800,-1,1708,1801,1802,-1,1802,1801,1803,-1,1713,1799,1800,-1,1800,1799,1804,-1,1800,1804,1805,-1,1805,1804,1806,-1,1805,1806,1807,-1,1711,1712,1808,-1,1808,1712,1800,-1,1808,1800,1809,-1,1809,1800,1805,-1,1809,1805,1810,-1,1810,1805,1807,-1,1810,1807,1811,-1,1710,1711,1812,-1,1812,1711,1808,-1,1812,1808,1813,-1,1813,1808,1809,-1,1813,1809,1814,-1,1814,1809,1810,-1,1814,1810,1815,-1,1815,1810,1811,-1,1815,1811,1816,-1,1709,1710,1817,-1,1817,1710,1812,-1,1817,1812,1818,-1,1818,1812,1813,-1,1818,1813,1819,-1,1819,1813,1814,-1,1819,1814,1820,-1,1820,1814,1815,-1,1820,1815,1821,-1,1821,1815,1816,-1,1821,1816,1822,-1,1708,1709,1801,-1,1801,1709,1817,-1,1801,1817,1803,-1,1803,1817,1818,-1,1803,1818,1823,-1,1823,1818,1819,-1,1823,1819,1824,-1,1824,1819,1820,-1,1824,1820,1825,-1,1825,1820,1821,-1,1825,1821,1826,-1,1826,1821,1822,-1,1826,1822,1827,-1,1828,1829,1827,-1,1827,1829,1830,-1,1827,1830,1826,-1,1826,1830,1831,-1,1826,1831,1825,-1,1825,1831,1832,-1,1825,1832,1824,-1,1824,1832,1833,-1,1824,1833,1823,-1,1823,1833,1834,-1,1823,1834,1803,-1,1803,1834,1835,-1,1803,1835,1802,-1,1836,1828,1837,-1,1837,1828,1827,-1,1837,1827,1838,-1,1838,1827,1822,-1,1838,1822,1839,-1,1839,1822,1816,-1,1839,1816,1840,-1,1840,1816,1811,-1,1840,1811,1841,-1,1841,1811,1807,-1,1841,1807,1842,-1,1842,1807,1806,-1,1843,1836,1844,-1,1844,1836,1837,-1,1844,1837,1845,-1,1845,1837,1838,-1,1845,1838,1846,-1,1846,1838,1839,-1,1846,1839,1847,-1,1847,1839,1840,-1,1847,1840,1848,-1,1848,1840,1841,-1,1848,1841,1849,-1,1849,1841,1842,-1,1850,1843,1851,-1,1851,1843,1844,-1,1851,1844,1852,-1,1852,1844,1845,-1,1852,1845,1853,-1,1853,1845,1846,-1,1853,1846,1854,-1,1854,1846,1847,-1,1854,1847,1855,-1,1855,1847,1848,-1,1855,1848,1856,-1,1856,1848,1849,-1,1797,1850,1798,-1,1798,1850,1851,-1,1798,1851,1857,-1,1857,1851,1852,-1,1857,1852,1858,-1,1858,1852,1853,-1,1858,1853,1859,-1,1859,1853,1854,-1,1859,1854,1860,-1,1860,1854,1855,-1,1860,1855,1861,-1,1861,1855,1856,-1,1862,1796,1863,-1,1863,1796,1798,-1,1863,1798,1864,-1,1864,1798,1857,-1,1864,1857,1865,-1,1865,1857,1858,-1,1865,1858,1866,-1,1866,1858,1859,-1,1866,1859,1867,-1,1867,1859,1860,-1,1867,1860,1868,-1,1868,1860,1861,-1,1869,1870,1871,-1,1871,1870,1872,-1,1871,1872,1873,-1,1874,1869,1875,-1,1875,1869,1871,-1,1875,1871,1876,-1,1876,1871,1873,-1,1876,1873,1877,-1,1878,1874,1879,-1,1879,1874,1875,-1,1879,1875,1880,-1,1880,1875,1876,-1,1880,1876,1881,-1,1881,1876,1877,-1,1881,1877,1882,-1,1883,1878,1884,-1,1884,1878,1879,-1,1884,1879,1885,-1,1885,1879,1880,-1,1885,1880,1886,-1,1886,1880,1881,-1,1886,1881,1887,-1,1887,1881,1882,-1,1887,1882,1888,-1,1889,1862,1888,-1,1888,1862,1863,-1,1888,1863,1887,-1,1887,1863,1864,-1,1887,1864,1886,-1,1886,1864,1865,-1,1886,1865,1885,-1,1885,1865,1866,-1,1885,1866,1884,-1,1884,1866,1867,-1,1884,1867,1883,-1,1883,1867,1868,-1,1890,1889,1891,-1,1891,1889,1888,-1,1891,1888,1892,-1,1892,1888,1882,-1,1892,1882,1893,-1,1893,1882,1877,-1,1893,1877,1894,-1,1894,1877,1873,-1,1894,1873,1895,-1,1895,1873,1872,-1,1895,1872,1896,-1,1896,1872,1870,-1,1897,1898,1899,-1,1900,1901,1902,-1,1903,1900,1904,-1,1905,1906,1907,-1,1907,1906,1908,-1,1900,1902,1904,-1,1904,1902,1909,-1,1904,1909,1910,-1,1910,1909,1911,-1,1910,1911,1912,-1,1913,1903,1914,-1,1914,1903,1904,-1,1914,1904,1915,-1,1915,1904,1910,-1,1915,1910,1916,-1,1916,1910,1912,-1,1916,1912,1917,-1,1918,1913,1919,-1,1919,1913,1914,-1,1919,1914,1920,-1,1920,1914,1915,-1,1920,1915,1921,-1,1921,1915,1916,-1,1921,1916,1922,-1,1922,1916,1917,-1,1922,1917,1923,-1,1924,1918,1925,-1,1925,1918,1919,-1,1925,1919,1926,-1,1926,1919,1920,-1,1926,1920,1927,-1,1927,1920,1921,-1,1927,1921,1928,-1,1928,1921,1922,-1,1928,1922,1929,-1,1929,1922,1923,-1,1929,1923,1930,-1,1905,1924,1906,-1,1906,1924,1925,-1,1906,1925,1908,-1,1908,1925,1926,-1,1908,1926,1931,-1,1931,1926,1927,-1,1931,1927,1932,-1,1932,1927,1928,-1,1932,1928,1933,-1,1933,1928,1929,-1,1933,1929,1934,-1,1934,1929,1930,-1,1934,1930,1935,-1,1936,1937,1935,-1,1935,1937,1938,-1,1935,1938,1934,-1,1934,1938,1939,-1,1934,1939,1933,-1,1933,1939,1940,-1,1933,1940,1932,-1,1932,1940,1941,-1,1932,1941,1931,-1,1931,1941,1942,-1,1931,1942,1908,-1,1908,1942,1943,-1,1908,1943,1907,-1,1944,1936,1945,-1,1945,1936,1935,-1,1945,1935,1946,-1,1946,1935,1930,-1,1946,1930,1947,-1,1947,1930,1923,-1,1947,1923,1948,-1,1948,1923,1917,-1,1948,1917,1949,-1,1949,1917,1912,-1,1949,1912,1950,-1,1950,1912,1911,-1,1951,1944,1952,-1,1952,1944,1945,-1,1952,1945,1953,-1,1953,1945,1946,-1,1953,1946,1954,-1,1954,1946,1947,-1,1954,1947,1955,-1,1955,1947,1948,-1,1955,1948,1956,-1,1956,1948,1949,-1,1956,1949,1957,-1,1957,1949,1950,-1,1958,1951,1959,-1,1959,1951,1952,-1,1959,1952,1960,-1,1960,1952,1953,-1,1960,1953,1961,-1,1961,1953,1954,-1,1961,1954,1962,-1,1962,1954,1955,-1,1962,1955,1963,-1,1963,1955,1956,-1,1963,1956,1964,-1,1964,1956,1957,-1,1898,1958,1899,-1,1899,1958,1959,-1,1899,1959,1965,-1,1965,1959,1960,-1,1965,1960,1966,-1,1966,1960,1961,-1,1966,1961,1967,-1,1967,1961,1962,-1,1967,1962,1968,-1,1968,1962,1963,-1,1968,1963,1969,-1,1969,1963,1964,-1,1970,1897,1971,-1,1971,1897,1899,-1,1971,1899,1972,-1,1972,1899,1965,-1,1972,1965,1973,-1,1973,1965,1966,-1,1973,1966,1974,-1,1974,1966,1967,-1,1974,1967,1975,-1,1975,1967,1968,-1,1975,1968,1976,-1,1976,1968,1969,-1,1977,1978,1979,-1,1979,1978,1980,-1,1979,1980,1981,-1,1982,1977,1983,-1,1983,1977,1979,-1,1983,1979,1984,-1,1984,1979,1981,-1,1984,1981,1985,-1,1986,1982,1987,-1,1987,1982,1983,-1,1987,1983,1988,-1,1988,1983,1984,-1,1988,1984,1989,-1,1989,1984,1985,-1,1989,1985,1990,-1,1991,1986,1992,-1,1992,1986,1987,-1,1992,1987,1993,-1,1993,1987,1988,-1,1993,1988,1994,-1,1994,1988,1989,-1,1994,1989,1995,-1,1995,1989,1990,-1,1995,1990,1996,-1,1997,1970,1996,-1,1996,1970,1971,-1,1996,1971,1995,-1,1995,1971,1972,-1,1995,1972,1994,-1,1994,1972,1973,-1,1994,1973,1993,-1,1993,1973,1974,-1,1993,1974,1992,-1,1992,1974,1975,-1,1992,1975,1991,-1,1991,1975,1976,-1,1732,1997,1734,-1,1734,1997,1996,-1,1734,1996,1738,-1,1738,1996,1990,-1,1738,1990,1741,-1,1741,1990,1985,-1,1741,1985,1747,-1,1747,1985,1981,-1,1747,1981,1728,-1,1728,1981,1980,-1,1728,1980,1730,-1,1730,1980,1978,-1,1998,1999,2000,-1,2001,2002,2003,-1,2004,2005,2006,-1,2007,2008,2009,-1,2010,1895,2011,-1,2011,1895,1896,-1,2012,1890,2013,-1,2013,1890,1891,-1,2014,2012,2015,-1,2015,2012,2013,-1,2015,2013,2016,-1,2016,2013,1891,-1,2016,1891,1892,-1,2008,2014,2009,-1,2009,2014,2015,-1,2009,2015,2017,-1,2017,2015,2016,-1,2017,2016,2018,-1,2018,2016,1892,-1,2018,1892,1893,-1,2019,2007,2020,-1,2020,2007,2009,-1,2020,2009,2021,-1,2021,2009,2017,-1,2021,2017,2022,-1,2022,2017,2018,-1,2022,2018,2023,-1,2023,2018,1893,-1,2023,1893,1894,-1,2024,2019,2025,-1,2025,2019,2020,-1,2025,2020,2026,-1,2026,2020,2021,-1,2026,2021,2027,-1,2027,2021,2022,-1,2027,2022,2028,-1,2028,2022,2023,-1,2028,2023,2010,-1,2010,2023,1894,-1,2010,1894,1895,-1,2029,2024,2030,-1,2030,2024,2025,-1,2030,2025,2031,-1,2031,2025,2026,-1,2031,2026,2032,-1,2032,2026,2027,-1,2032,2027,2033,-1,2033,2027,2028,-1,2033,2028,2034,-1,2034,2028,2010,-1,2034,2010,2035,-1,2035,2010,2011,-1,1999,2029,2000,-1,2000,2029,2030,-1,2000,2030,2036,-1,2036,2030,2031,-1,2036,2031,2037,-1,2037,2031,2032,-1,2037,2032,2038,-1,2038,2032,2033,-1,2038,2033,2039,-1,2039,2033,2034,-1,2039,2034,2040,-1,2040,2034,2035,-1,2041,1998,2042,-1,2042,1998,2000,-1,2042,2000,2043,-1,2043,2000,2036,-1,2043,2036,2044,-1,2044,2036,2037,-1,2044,2037,2045,-1,2045,2037,2038,-1,2045,2038,2046,-1,2046,2038,2039,-1,2046,2039,2047,-1,2047,2039,2040,-1,2048,2041,2049,-1,2049,2041,2042,-1,2049,2042,2050,-1,2050,2042,2043,-1,2050,2043,2051,-1,2051,2043,2044,-1,2051,2044,2052,-1,2052,2044,2045,-1,2052,2045,2006,-1,2006,2045,2046,-1,2006,2046,2004,-1,2004,2046,2047,-1,2053,2054,2055,-1,2055,2054,2056,-1,2055,2056,2057,-1,2002,2053,2003,-1,2003,2053,2055,-1,2003,2055,2058,-1,2058,2055,2057,-1,2058,2057,2059,-1,2060,2001,2061,-1,2061,2001,2003,-1,2061,2003,2062,-1,2062,2003,2058,-1,2062,2058,2063,-1,2063,2058,2059,-1,2063,2059,2064,-1,2065,2060,2066,-1,2066,2060,2061,-1,2066,2061,2067,-1,2067,2061,2062,-1,2067,2062,2068,-1,2068,2062,2063,-1,2068,2063,2069,-1,2069,2063,2064,-1,2069,2064,2070,-1,2071,2048,2070,-1,2070,2048,2049,-1,2070,2049,2069,-1,2069,2049,2050,-1,2069,2050,2068,-1,2068,2050,2051,-1,2068,2051,2067,-1,2067,2051,2052,-1,2067,2052,2066,-1,2066,2052,2006,-1,2066,2006,2065,-1,2065,2006,2005,-1,2072,2071,2073,-1,2073,2071,2070,-1,2073,2070,2074,-1,2074,2070,2064,-1,2074,2064,2075,-1,2075,2064,2059,-1,2075,2059,2076,-1,2076,2059,2057,-1,2076,2057,2077,-1,2077,2057,2056,-1,2077,2056,2078,-1,2078,2056,2054,-1,2079,2080,2081,-1,2082,2083,2084,-1,2085,2086,2087,-1,2088,2089,2090,-1,2091,2092,2093,-1,2093,2092,2094,-1,2095,2096,2097,-1,2097,2096,2098,-1,2099,2095,2100,-1,2100,2095,2097,-1,2100,2097,2101,-1,2101,2097,2098,-1,2101,2098,2102,-1,2086,2099,2087,-1,2087,2099,2100,-1,2087,2100,2103,-1,2103,2100,2101,-1,2103,2101,2104,-1,2104,2101,2102,-1,2104,2102,2105,-1,2106,2085,2107,-1,2107,2085,2087,-1,2107,2087,2108,-1,2108,2087,2103,-1,2108,2103,2109,-1,2109,2103,2104,-1,2109,2104,2110,-1,2110,2104,2105,-1,2110,2105,2111,-1,2112,2106,2113,-1,2113,2106,2107,-1,2113,2107,2114,-1,2114,2107,2108,-1,2114,2108,2115,-1,2115,2108,2109,-1,2115,2109,2116,-1,2116,2109,2110,-1,2116,2110,2091,-1,2091,2110,2111,-1,2091,2111,2092,-1,2117,2112,2118,-1,2118,2112,2113,-1,2118,2113,2119,-1,2119,2113,2114,-1,2119,2114,2120,-1,2120,2114,2115,-1,2120,2115,2121,-1,2121,2115,2116,-1,2121,2116,2122,-1,2122,2116,2091,-1,2122,2091,2123,-1,2123,2091,2093,-1,2080,2117,2081,-1,2081,2117,2118,-1,2081,2118,2124,-1,2124,2118,2119,-1,2124,2119,2125,-1,2125,2119,2120,-1,2125,2120,2126,-1,2126,2120,2121,-1,2126,2121,2090,-1,2090,2121,2122,-1,2090,2122,2088,-1,2088,2122,2123,-1,2127,2079,2128,-1,2128,2079,2081,-1,2128,2081,2129,-1,2129,2081,2124,-1,2129,2124,2130,-1,2130,2124,2125,-1,2130,2125,2131,-1,2131,2125,2126,-1,2131,2126,2132,-1,2132,2126,2090,-1,2132,2090,2133,-1,2133,2090,2089,-1,2083,2134,2084,-1,2084,2134,2135,-1,2084,2135,2136,-1,2137,2082,2138,-1,2138,2082,2084,-1,2138,2084,2139,-1,2139,2084,2136,-1,2139,2136,2140,-1,2141,2137,2142,-1,2142,2137,2138,-1,2142,2138,2143,-1,2143,2138,2139,-1,2143,2139,2144,-1,2144,2139,2140,-1,2144,2140,2145,-1,2146,2141,2147,-1,2147,2141,2142,-1,2147,2142,2148,-1,2148,2142,2143,-1,2148,2143,2149,-1,2149,2143,2144,-1,2149,2144,2150,-1,2150,2144,2145,-1,2150,2145,2151,-1,2152,2127,2151,-1,2151,2127,2128,-1,2151,2128,2150,-1,2150,2128,2129,-1,2150,2129,2149,-1,2149,2129,2130,-1,2149,2130,2148,-1,2148,2130,2131,-1,2148,2131,2147,-1,2147,2131,2132,-1,2147,2132,2146,-1,2146,2132,2133,-1,1905,2152,1924,-1,1924,2152,2151,-1,1924,2151,1918,-1,1918,2151,2145,-1,1918,2145,1913,-1,1913,2145,2140,-1,1913,2140,1903,-1,1903,2140,2136,-1,1903,2136,1900,-1,1900,2136,2135,-1,1900,2135,1901,-1,1901,2135,2134,-1,2153,2077,2154,-1,2154,2077,2078,-1,2155,2156,2157,-1,2157,2156,2072,-1,2157,2072,2073,-1,2158,2155,2159,-1,2159,2155,2157,-1,2159,2157,2160,-1,2160,2157,2073,-1,2160,2073,2074,-1,2161,2158,2162,-1,2162,2158,2159,-1,2162,2159,2163,-1,2163,2159,2160,-1,2163,2160,2164,-1,2164,2160,2074,-1,2164,2074,2075,-1,2165,2161,2166,-1,2166,2161,2162,-1,2166,2162,2167,-1,2167,2162,2163,-1,2167,2163,2168,-1,2168,2163,2164,-1,2168,2164,2169,-1,2169,2164,2075,-1,2169,2075,2076,-1,2170,2171,2172,-1,2172,2171,2173,-1,2172,2173,2174,-1,2175,2170,2176,-1,2176,2170,2172,-1,2176,2172,2177,-1,2177,2172,2174,-1,2177,2174,2178,-1,2179,2175,2180,-1,2180,2175,2176,-1,2180,2176,2181,-1,2181,2176,2177,-1,2181,2177,2182,-1,2182,2177,2178,-1,2182,2178,2183,-1,2154,2179,2153,-1,2153,2179,2180,-1,2153,2180,2184,-1,2184,2180,2181,-1,2184,2181,2185,-1,2185,2181,2182,-1,2185,2182,2186,-1,2186,2182,2183,-1,2186,2183,2187,-1,2188,2165,2187,-1,2187,2165,2166,-1,2187,2166,2186,-1,2186,2166,2167,-1,2186,2167,2185,-1,2185,2167,2168,-1,2185,2168,2184,-1,2184,2168,2169,-1,2184,2169,2153,-1,2153,2169,2076,-1,2153,2076,2077,-1,2189,2188,2190,-1,2190,2188,2187,-1,2190,2187,2191,-1,2191,2187,2183,-1,2191,2183,2192,-1,2192,2183,2178,-1,2192,2178,2193,-1,2193,2178,2174,-1,2193,2174,2194,-1,2194,2174,2173,-1,2194,2173,2195,-1,2195,2173,2171,-1,2196,2197,2198,-1,2199,2200,2201,-1,2201,2200,2202,-1,2203,2204,2205,-1,2205,2204,2206,-1,2207,2203,2208,-1,2208,2203,2205,-1,2208,2205,2209,-1,2209,2205,2206,-1,2209,2206,2210,-1,2211,2207,2212,-1,2212,2207,2208,-1,2212,2208,2213,-1,2213,2208,2209,-1,2213,2209,2214,-1,2214,2209,2210,-1,2214,2210,2215,-1,2197,2211,2198,-1,2198,2211,2212,-1,2198,2212,2216,-1,2216,2212,2213,-1,2216,2213,2217,-1,2217,2213,2214,-1,2217,2214,2218,-1,2218,2214,2215,-1,2218,2215,2219,-1,2220,2196,2221,-1,2221,2196,2198,-1,2221,2198,2222,-1,2222,2198,2216,-1,2222,2216,2223,-1,2223,2216,2217,-1,2223,2217,2224,-1,2224,2217,2218,-1,2224,2218,2199,-1,2199,2218,2219,-1,2199,2219,2200,-1,2225,2226,2227,-1,2227,2226,2228,-1,2227,2228,2229,-1,2230,2225,2231,-1,2231,2225,2227,-1,2231,2227,2232,-1,2232,2227,2229,-1,2232,2229,2233,-1,2234,2230,2235,-1,2235,2230,2231,-1,2235,2231,2236,-1,2236,2231,2232,-1,2236,2232,2237,-1,2237,2232,2233,-1,2237,2233,2238,-1,2239,2234,2240,-1,2240,2234,2235,-1,2240,2235,2241,-1,2241,2235,2236,-1,2241,2236,2242,-1,2242,2236,2237,-1,2242,2237,2243,-1,2243,2237,2238,-1,2243,2238,2244,-1,2245,2220,2244,-1,2244,2220,2221,-1,2244,2221,2243,-1,2243,2221,2222,-1,2243,2222,2242,-1,2242,2222,2223,-1,2242,2223,2241,-1,2241,2223,2224,-1,2241,2224,2240,-1,2240,2224,2199,-1,2240,2199,2239,-1,2239,2199,2201,-1,2096,2245,2098,-1,2098,2245,2244,-1,2098,2244,2102,-1,2102,2244,2238,-1,2102,2238,2105,-1,2105,2238,2233,-1,2105,2233,2111,-1,2111,2233,2229,-1,2111,2229,2092,-1,2092,2229,2228,-1,2092,2228,2094,-1,2094,2228,2226,-1,2246,2189,2247,-1,2247,2189,2190,-1,2247,2190,2248,-1,2248,2190,2191,-1,2248,2191,2249,-1,2249,2191,2192,-1,2249,2192,2250,-1,2250,2192,2193,-1,2250,2193,2251,-1,2251,2193,2194,-1,2251,2194,2252,-1,2252,2194,2195,-1,2204,2253,2206,-1,2206,2253,2254,-1,2206,2254,2210,-1,2210,2254,2255,-1,2210,2255,2215,-1,2215,2255,2256,-1,2215,2256,2219,-1,2219,2256,2257,-1,2219,2257,2200,-1,2200,2257,2258,-1,2200,2258,2202,-1,2202,2258,2259,-1,2260,2261,2262,-1,2263,2251,2264,-1,2264,2251,2252,-1,2265,2246,2266,-1,2266,2246,2247,-1,2267,2265,2268,-1,2268,2265,2266,-1,2268,2266,2269,-1,2269,2266,2247,-1,2269,2247,2248,-1,2270,2267,2271,-1,2271,2267,2268,-1,2271,2268,2272,-1,2272,2268,2269,-1,2272,2269,2273,-1,2273,2269,2248,-1,2273,2248,2249,-1,2261,2270,2262,-1,2262,2270,2271,-1,2262,2271,2274,-1,2274,2271,2272,-1,2274,2272,2275,-1,2275,2272,2273,-1,2275,2273,2276,-1,2276,2273,2249,-1,2276,2249,2250,-1,2277,2260,2278,-1,2278,2260,2262,-1,2278,2262,2279,-1,2279,2262,2274,-1,2279,2274,2280,-1,2280,2274,2275,-1,2280,2275,2281,-1,2281,2275,2276,-1,2281,2276,2263,-1,2263,2276,2250,-1,2263,2250,2251,-1,2282,2283,2284,-1,2284,2283,2285,-1,2284,2285,2286,-1,2287,2282,2288,-1,2288,2282,2284,-1,2288,2284,2289,-1,2289,2284,2286,-1,2289,2286,2290,-1,2291,2287,2292,-1,2292,2287,2288,-1,2292,2288,2293,-1,2293,2288,2289,-1,2293,2289,2294,-1,2294,2289,2290,-1,2294,2290,2295,-1,2296,2291,2297,-1,2297,2291,2292,-1,2297,2292,2298,-1,2298,2292,2293,-1,2298,2293,2299,-1,2299,2293,2294,-1,2299,2294,2300,-1,2300,2294,2295,-1,2300,2295,2301,-1,2302,2277,2301,-1,2301,2277,2278,-1,2301,2278,2300,-1,2300,2278,2279,-1,2300,2279,2299,-1,2299,2279,2280,-1,2299,2280,2298,-1,2298,2280,2281,-1,2298,2281,2297,-1,2297,2281,2263,-1,2297,2263,2296,-1,2296,2263,2264,-1,2303,2302,2304,-1,2304,2302,2301,-1,2304,2301,2305,-1,2305,2301,2295,-1,2305,2295,2306,-1,2306,2295,2290,-1,2306,2290,2307,-1,2307,2290,2286,-1,2307,2286,2308,-1,2308,2286,2285,-1,2308,2285,2309,-1,2309,2285,2283,-1,2310,2311,2312,-1,2312,2311,2313,-1,2314,2315,2316,-1,2316,2315,2317,-1,2316,2317,2318,-1,2319,2314,2320,-1,2320,2314,2316,-1,2320,2316,2321,-1,2321,2316,2318,-1,2321,2318,2322,-1,2323,2319,2324,-1,2324,2319,2320,-1,2324,2320,2325,-1,2325,2320,2321,-1,2325,2321,2326,-1,2326,2321,2322,-1,2326,2322,2327,-1,2328,2323,2329,-1,2329,2323,2324,-1,2329,2324,2330,-1,2330,2324,2325,-1,2330,2325,2331,-1,2331,2325,2326,-1,2331,2326,2332,-1,2332,2326,2327,-1,2332,2327,2333,-1,2334,2335,2336,-1,2336,2335,2337,-1,2336,2337,2338,-1,2339,2334,2340,-1,2340,2334,2336,-1,2340,2336,2341,-1,2341,2336,2338,-1,2341,2338,2342,-1,2343,2339,2344,-1,2344,2339,2340,-1,2344,2340,2345,-1,2345,2340,2341,-1,2345,2341,2346,-1,2346,2341,2342,-1,2346,2342,2347,-1,2312,2343,2310,-1,2310,2343,2344,-1,2310,2344,2348,-1,2348,2344,2345,-1,2348,2345,2349,-1,2349,2345,2346,-1,2349,2346,2350,-1,2350,2346,2347,-1,2350,2347,2351,-1,2352,2328,2351,-1,2351,2328,2329,-1,2351,2329,2350,-1,2350,2329,2330,-1,2350,2330,2349,-1,2349,2330,2331,-1,2349,2331,2348,-1,2348,2331,2332,-1,2348,2332,2310,-1,2310,2332,2333,-1,2310,2333,2311,-1,2253,2352,2254,-1,2254,2352,2351,-1,2254,2351,2255,-1,2255,2351,2347,-1,2255,2347,2256,-1,2256,2347,2342,-1,2256,2342,2257,-1,2257,2342,2338,-1,2257,2338,2258,-1,2258,2338,2337,-1,2258,2337,2259,-1,2259,2337,2335,-1,2353,2354,2355,-1,2356,2357,2358,-1,2359,2360,2361,-1,2362,2363,2364,-1,2365,2308,2366,-1,2366,2308,2309,-1,2367,2303,2368,-1,2368,2303,2304,-1,2369,2367,2370,-1,2370,2367,2368,-1,2370,2368,2371,-1,2371,2368,2304,-1,2371,2304,2305,-1,2360,2369,2361,-1,2361,2369,2370,-1,2361,2370,2372,-1,2372,2370,2371,-1,2372,2371,2373,-1,2373,2371,2305,-1,2373,2305,2306,-1,2374,2359,2375,-1,2375,2359,2361,-1,2375,2361,2376,-1,2376,2361,2372,-1,2376,2372,2377,-1,2377,2372,2373,-1,2377,2373,2378,-1,2378,2373,2306,-1,2378,2306,2307,-1,2379,2374,2380,-1,2380,2374,2375,-1,2380,2375,2381,-1,2381,2375,2376,-1,2381,2376,2382,-1,2382,2376,2377,-1,2382,2377,2383,-1,2383,2377,2378,-1,2383,2378,2365,-1,2365,2378,2307,-1,2365,2307,2308,-1,2384,2379,2385,-1,2385,2379,2380,-1,2385,2380,2386,-1,2386,2380,2381,-1,2386,2381,2387,-1,2387,2381,2382,-1,2387,2382,2388,-1,2388,2382,2383,-1,2388,2383,2389,-1,2389,2383,2365,-1,2389,2365,2390,-1,2390,2365,2366,-1,2354,2384,2355,-1,2355,2384,2385,-1,2355,2385,2391,-1,2391,2385,2386,-1,2391,2386,2392,-1,2392,2386,2387,-1,2392,2387,2393,-1,2393,2387,2388,-1,2393,2388,2394,-1,2394,2388,2389,-1,2394,2389,2395,-1,2395,2389,2390,-1,2396,2353,2397,-1,2397,2353,2355,-1,2397,2355,2398,-1,2398,2355,2391,-1,2398,2391,2399,-1,2399,2391,2392,-1,2399,2392,2400,-1,2400,2392,2393,-1,2400,2393,2364,-1,2364,2393,2394,-1,2364,2394,2362,-1,2362,2394,2395,-1,2401,2402,2403,-1,2403,2402,2404,-1,2403,2404,2405,-1,2357,2401,2358,-1,2358,2401,2403,-1,2358,2403,2406,-1,2406,2403,2405,-1,2406,2405,2407,-1,2408,2356,2409,-1,2409,2356,2358,-1,2409,2358,2410,-1,2410,2358,2406,-1,2410,2406,2411,-1,2411,2406,2407,-1,2411,2407,2412,-1,2413,2408,2414,-1,2414,2408,2409,-1,2414,2409,2415,-1,2415,2409,2410,-1,2415,2410,2416,-1,2416,2410,2411,-1,2416,2411,2417,-1,2417,2411,2412,-1,2417,2412,2418,-1,2419,2396,2418,-1,2418,2396,2397,-1,2418,2397,2417,-1,2417,2397,2398,-1,2417,2398,2416,-1,2416,2398,2399,-1,2416,2399,2415,-1,2415,2399,2400,-1,2415,2400,2414,-1,2414,2400,2364,-1,2414,2364,2413,-1,2413,2364,2363,-1,2420,2419,2421,-1,2421,2419,2418,-1,2421,2418,2422,-1,2422,2418,2412,-1,2422,2412,2423,-1,2423,2412,2407,-1,2423,2407,2424,-1,2424,2407,2405,-1,2424,2405,2425,-1,2425,2405,2404,-1,2425,2404,2426,-1,2426,2404,2402,-1,2427,2428,2429,-1,2430,2431,2432,-1,2433,2434,2435,-1,2436,2437,2438,-1,2439,2440,2441,-1,2441,2440,2442,-1,2443,2444,2445,-1,2445,2444,2446,-1,2447,2443,2448,-1,2448,2443,2445,-1,2448,2445,2449,-1,2449,2445,2446,-1,2449,2446,2450,-1,2437,2447,2438,-1,2438,2447,2448,-1,2438,2448,2451,-1,2451,2448,2449,-1,2451,2449,2452,-1,2452,2449,2450,-1,2452,2450,2453,-1,2454,2436,2455,-1,2455,2436,2438,-1,2455,2438,2456,-1,2456,2438,2451,-1,2456,2451,2457,-1,2457,2451,2452,-1,2457,2452,2458,-1,2458,2452,2453,-1,2458,2453,2459,-1,2460,2454,2461,-1,2461,2454,2455,-1,2461,2455,2462,-1,2462,2455,2456,-1,2462,2456,2463,-1,2463,2456,2457,-1,2463,2457,2464,-1,2464,2457,2458,-1,2464,2458,2439,-1,2439,2458,2459,-1,2439,2459,2440,-1,2465,2460,2466,-1,2466,2460,2461,-1,2466,2461,2467,-1,2467,2461,2462,-1,2467,2462,2468,-1,2468,2462,2463,-1,2468,2463,2469,-1,2469,2463,2464,-1,2469,2464,2470,-1,2470,2464,2439,-1,2470,2439,2471,-1,2471,2439,2441,-1,2428,2465,2429,-1,2429,2465,2466,-1,2429,2466,2472,-1,2472,2466,2467,-1,2472,2467,2473,-1,2473,2467,2468,-1,2473,2468,2474,-1,2474,2468,2469,-1,2474,2469,2475,-1,2475,2469,2470,-1,2475,2470,2476,-1,2476,2470,2471,-1,2477,2427,2478,-1,2478,2427,2429,-1,2478,2429,2479,-1,2479,2429,2472,-1,2479,2472,2480,-1,2480,2472,2473,-1,2480,2473,2481,-1,2481,2473,2474,-1,2481,2474,2482,-1,2482,2474,2475,-1,2482,2475,2483,-1,2483,2475,2476,-1,2484,2477,2485,-1,2485,2477,2478,-1,2485,2478,2486,-1,2486,2478,2479,-1,2486,2479,2487,-1,2487,2479,2480,-1,2487,2480,2488,-1,2488,2480,2481,-1,2488,2481,2435,-1,2435,2481,2482,-1,2435,2482,2433,-1,2433,2482,2483,-1,2489,2490,2491,-1,2491,2490,2492,-1,2491,2492,2493,-1,2431,2489,2432,-1,2432,2489,2491,-1,2432,2491,2494,-1,2494,2491,2493,-1,2494,2493,2495,-1,2496,2430,2497,-1,2497,2430,2432,-1,2497,2432,2498,-1,2498,2432,2494,-1,2498,2494,2499,-1,2499,2494,2495,-1,2499,2495,2500,-1,2501,2496,2502,-1,2502,2496,2497,-1,2502,2497,2503,-1,2503,2497,2498,-1,2503,2498,2504,-1,2504,2498,2499,-1,2504,2499,2505,-1,2505,2499,2500,-1,2505,2500,2506,-1,2507,2484,2506,-1,2506,2484,2485,-1,2506,2485,2505,-1,2505,2485,2486,-1,2505,2486,2504,-1,2504,2486,2487,-1,2504,2487,2503,-1,2503,2487,2488,-1,2503,2488,2502,-1,2502,2488,2435,-1,2502,2435,2501,-1,2501,2435,2434,-1,2317,2507,2318,-1,2318,2507,2506,-1,2318,2506,2322,-1,2322,2506,2500,-1,2322,2500,2327,-1,2327,2500,2495,-1,2327,2495,2333,-1,2333,2495,2493,-1,2333,2493,2311,-1,2311,2493,2492,-1,2311,2492,2313,-1,2313,2492,2490,-1,2508,2509,2510,-1,2425,2426,2511,-1,2424,2425,2512,-1,2420,2513,2514,-1,2514,2513,2515,-1,2425,2511,2512,-1,2512,2511,2516,-1,2512,2516,2517,-1,2517,2516,2518,-1,2517,2518,2519,-1,2423,2424,2520,-1,2520,2424,2512,-1,2520,2512,2521,-1,2521,2512,2517,-1,2521,2517,2522,-1,2522,2517,2519,-1,2522,2519,2523,-1,2422,2423,2524,-1,2524,2423,2520,-1,2524,2520,2525,-1,2525,2520,2521,-1,2525,2521,2526,-1,2526,2521,2522,-1,2526,2522,2527,-1,2527,2522,2523,-1,2527,2523,2528,-1,2421,2422,2529,-1,2529,2422,2524,-1,2529,2524,2530,-1,2530,2524,2525,-1,2530,2525,2531,-1,2531,2525,2526,-1,2531,2526,2532,-1,2532,2526,2527,-1,2532,2527,2533,-1,2533,2527,2528,-1,2533,2528,2534,-1,2420,2421,2513,-1,2513,2421,2529,-1,2513,2529,2515,-1,2515,2529,2530,-1,2515,2530,2535,-1,2535,2530,2531,-1,2535,2531,2536,-1,2536,2531,2532,-1,2536,2532,2537,-1,2537,2532,2533,-1,2537,2533,2538,-1,2538,2533,2534,-1,2538,2534,2539,-1,2540,2541,2539,-1,2539,2541,2542,-1,2539,2542,2538,-1,2538,2542,2543,-1,2538,2543,2537,-1,2537,2543,2544,-1,2537,2544,2536,-1,2536,2544,2545,-1,2536,2545,2535,-1,2535,2545,2546,-1,2535,2546,2515,-1,2515,2546,2547,-1,2515,2547,2514,-1,2548,2540,2549,-1,2549,2540,2539,-1,2549,2539,2550,-1,2550,2539,2534,-1,2550,2534,2551,-1,2551,2534,2528,-1,2551,2528,2552,-1,2552,2528,2523,-1,2552,2523,2553,-1,2553,2523,2519,-1,2553,2519,2554,-1,2554,2519,2518,-1,2555,2548,2556,-1,2556,2548,2549,-1,2556,2549,2557,-1,2557,2549,2550,-1,2557,2550,2558,-1,2558,2550,2551,-1,2558,2551,2559,-1,2559,2551,2552,-1,2559,2552,2560,-1,2560,2552,2553,-1,2560,2553,2561,-1,2561,2553,2554,-1,2562,2555,2563,-1,2563,2555,2556,-1,2563,2556,2564,-1,2564,2556,2557,-1,2564,2557,2565,-1,2565,2557,2558,-1,2565,2558,2566,-1,2566,2558,2559,-1,2566,2559,2567,-1,2567,2559,2560,-1,2567,2560,2568,-1,2568,2560,2561,-1,2509,2562,2510,-1,2510,2562,2563,-1,2510,2563,2569,-1,2569,2563,2564,-1,2569,2564,2570,-1,2570,2564,2565,-1,2570,2565,2571,-1,2571,2565,2566,-1,2571,2566,2572,-1,2572,2566,2567,-1,2572,2567,2573,-1,2573,2567,2568,-1,2574,2508,2575,-1,2575,2508,2510,-1,2575,2510,2576,-1,2576,2510,2569,-1,2576,2569,2577,-1,2577,2569,2570,-1,2577,2570,2578,-1,2578,2570,2571,-1,2578,2571,2579,-1,2579,2571,2572,-1,2579,2572,2580,-1,2580,2572,2573,-1,2581,2582,2583,-1,2583,2582,2584,-1,2583,2584,2585,-1,2586,2581,2587,-1,2587,2581,2583,-1,2587,2583,2588,-1,2588,2583,2585,-1,2588,2585,2589,-1,2590,2586,2591,-1,2591,2586,2587,-1,2591,2587,2592,-1,2592,2587,2588,-1,2592,2588,2593,-1,2593,2588,2589,-1,2593,2589,2594,-1,2595,2590,2596,-1,2596,2590,2591,-1,2596,2591,2597,-1,2597,2591,2592,-1,2597,2592,2598,-1,2598,2592,2593,-1,2598,2593,2599,-1,2599,2593,2594,-1,2599,2594,2600,-1,2601,2574,2600,-1,2600,2574,2575,-1,2600,2575,2599,-1,2599,2575,2576,-1,2599,2576,2598,-1,2598,2576,2577,-1,2598,2577,2597,-1,2597,2577,2578,-1,2597,2578,2596,-1,2596,2578,2579,-1,2596,2579,2595,-1,2595,2579,2580,-1,2602,2601,2603,-1,2603,2601,2600,-1,2603,2600,2604,-1,2604,2600,2594,-1,2604,2594,2605,-1,2605,2594,2589,-1,2605,2589,2606,-1,2606,2589,2585,-1,2606,2585,2607,-1,2607,2585,2584,-1,2607,2584,2608,-1,2608,2584,2582,-1,2609,2610,2611,-1,2612,2613,2614,-1,2615,2612,2616,-1,2617,2618,2619,-1,2619,2618,2620,-1,2612,2614,2616,-1,2616,2614,2621,-1,2616,2621,2622,-1,2622,2621,2623,-1,2622,2623,2624,-1,2625,2615,2626,-1,2626,2615,2616,-1,2626,2616,2627,-1,2627,2616,2622,-1,2627,2622,2628,-1,2628,2622,2624,-1,2628,2624,2629,-1,2630,2625,2631,-1,2631,2625,2626,-1,2631,2626,2632,-1,2632,2626,2627,-1,2632,2627,2633,-1,2633,2627,2628,-1,2633,2628,2634,-1,2634,2628,2629,-1,2634,2629,2635,-1,2636,2630,2637,-1,2637,2630,2631,-1,2637,2631,2638,-1,2638,2631,2632,-1,2638,2632,2639,-1,2639,2632,2633,-1,2639,2633,2640,-1,2640,2633,2634,-1,2640,2634,2641,-1,2641,2634,2635,-1,2641,2635,2642,-1,2617,2636,2618,-1,2618,2636,2637,-1,2618,2637,2620,-1,2620,2637,2638,-1,2620,2638,2643,-1,2643,2638,2639,-1,2643,2639,2644,-1,2644,2639,2640,-1,2644,2640,2645,-1,2645,2640,2641,-1,2645,2641,2646,-1,2646,2641,2642,-1,2646,2642,2647,-1,2648,2649,2647,-1,2647,2649,2650,-1,2647,2650,2646,-1,2646,2650,2651,-1,2646,2651,2645,-1,2645,2651,2652,-1,2645,2652,2644,-1,2644,2652,2653,-1,2644,2653,2643,-1,2643,2653,2654,-1,2643,2654,2620,-1,2620,2654,2655,-1,2620,2655,2619,-1,2656,2648,2657,-1,2657,2648,2647,-1,2657,2647,2658,-1,2658,2647,2642,-1,2658,2642,2659,-1,2659,2642,2635,-1,2659,2635,2660,-1,2660,2635,2629,-1,2660,2629,2661,-1,2661,2629,2624,-1,2661,2624,2662,-1,2662,2624,2623,-1,2663,2656,2664,-1,2664,2656,2657,-1,2664,2657,2665,-1,2665,2657,2658,-1,2665,2658,2666,-1,2666,2658,2659,-1,2666,2659,2667,-1,2667,2659,2660,-1,2667,2660,2668,-1,2668,2660,2661,-1,2668,2661,2669,-1,2669,2661,2662,-1,2670,2663,2671,-1,2671,2663,2664,-1,2671,2664,2672,-1,2672,2664,2665,-1,2672,2665,2673,-1,2673,2665,2666,-1,2673,2666,2674,-1,2674,2666,2667,-1,2674,2667,2675,-1,2675,2667,2668,-1,2675,2668,2676,-1,2676,2668,2669,-1,2610,2670,2611,-1,2611,2670,2671,-1,2611,2671,2677,-1,2677,2671,2672,-1,2677,2672,2678,-1,2678,2672,2673,-1,2678,2673,2679,-1,2679,2673,2674,-1,2679,2674,2680,-1,2680,2674,2675,-1,2680,2675,2681,-1,2681,2675,2676,-1,2682,2609,2683,-1,2683,2609,2611,-1,2683,2611,2684,-1,2684,2611,2677,-1,2684,2677,2685,-1,2685,2677,2678,-1,2685,2678,2686,-1,2686,2678,2679,-1,2686,2679,2687,-1,2687,2679,2680,-1,2687,2680,2688,-1,2688,2680,2681,-1,2689,2690,2691,-1,2691,2690,2692,-1,2691,2692,2693,-1,2694,2689,2695,-1,2695,2689,2691,-1,2695,2691,2696,-1,2696,2691,2693,-1,2696,2693,2697,-1,2698,2694,2699,-1,2699,2694,2695,-1,2699,2695,2700,-1,2700,2695,2696,-1,2700,2696,2701,-1,2701,2696,2697,-1,2701,2697,2702,-1,2703,2698,2704,-1,2704,2698,2699,-1,2704,2699,2705,-1,2705,2699,2700,-1,2705,2700,2706,-1,2706,2700,2701,-1,2706,2701,2707,-1,2707,2701,2702,-1,2707,2702,2708,-1,2709,2682,2708,-1,2708,2682,2683,-1,2708,2683,2707,-1,2707,2683,2684,-1,2707,2684,2706,-1,2706,2684,2685,-1,2706,2685,2705,-1,2705,2685,2686,-1,2705,2686,2704,-1,2704,2686,2687,-1,2704,2687,2703,-1,2703,2687,2688,-1,2444,2709,2446,-1,2446,2709,2708,-1,2446,2708,2450,-1,2450,2708,2702,-1,2450,2702,2453,-1,2453,2702,2697,-1,2453,2697,2459,-1,2459,2697,2693,-1,2459,2693,2440,-1,2440,2693,2692,-1,2440,2692,2442,-1,2442,2692,2690,-1,2710,2711,2712,-1,2713,2714,2715,-1,2716,2717,2718,-1,2719,2720,2721,-1,2722,2607,2723,-1,2723,2607,2608,-1,2724,2602,2725,-1,2725,2602,2603,-1,2726,2724,2727,-1,2727,2724,2725,-1,2727,2725,2728,-1,2728,2725,2603,-1,2728,2603,2604,-1,2720,2726,2721,-1,2721,2726,2727,-1,2721,2727,2729,-1,2729,2727,2728,-1,2729,2728,2730,-1,2730,2728,2604,-1,2730,2604,2605,-1,2731,2719,2732,-1,2732,2719,2721,-1,2732,2721,2733,-1,2733,2721,2729,-1,2733,2729,2734,-1,2734,2729,2730,-1,2734,2730,2735,-1,2735,2730,2605,-1,2735,2605,2606,-1,2736,2731,2737,-1,2737,2731,2732,-1,2737,2732,2738,-1,2738,2732,2733,-1,2738,2733,2739,-1,2739,2733,2734,-1,2739,2734,2740,-1,2740,2734,2735,-1,2740,2735,2722,-1,2722,2735,2606,-1,2722,2606,2607,-1,2741,2736,2742,-1,2742,2736,2737,-1,2742,2737,2743,-1,2743,2737,2738,-1,2743,2738,2744,-1,2744,2738,2739,-1,2744,2739,2745,-1,2745,2739,2740,-1,2745,2740,2746,-1,2746,2740,2722,-1,2746,2722,2747,-1,2747,2722,2723,-1,2711,2741,2712,-1,2712,2741,2742,-1,2712,2742,2748,-1,2748,2742,2743,-1,2748,2743,2749,-1,2749,2743,2744,-1,2749,2744,2750,-1,2750,2744,2745,-1,2750,2745,2751,-1,2751,2745,2746,-1,2751,2746,2752,-1,2752,2746,2747,-1,2753,2710,2754,-1,2754,2710,2712,-1,2754,2712,2755,-1,2755,2712,2748,-1,2755,2748,2756,-1,2756,2748,2749,-1,2756,2749,2757,-1,2757,2749,2750,-1,2757,2750,2758,-1,2758,2750,2751,-1,2758,2751,2759,-1,2759,2751,2752,-1,2760,2753,2761,-1,2761,2753,2754,-1,2761,2754,2762,-1,2762,2754,2755,-1,2762,2755,2763,-1,2763,2755,2756,-1,2763,2756,2764,-1,2764,2756,2757,-1,2764,2757,2718,-1,2718,2757,2758,-1,2718,2758,2716,-1,2716,2758,2759,-1,2765,2766,2767,-1,2767,2766,2768,-1,2767,2768,2769,-1,2714,2765,2715,-1,2715,2765,2767,-1,2715,2767,2770,-1,2770,2767,2769,-1,2770,2769,2771,-1,2772,2713,2773,-1,2773,2713,2715,-1,2773,2715,2774,-1,2774,2715,2770,-1,2774,2770,2775,-1,2775,2770,2771,-1,2775,2771,2776,-1,2777,2772,2778,-1,2778,2772,2773,-1,2778,2773,2779,-1,2779,2773,2774,-1,2779,2774,2780,-1,2780,2774,2775,-1,2780,2775,2781,-1,2781,2775,2776,-1,2781,2776,2782,-1,2783,2760,2782,-1,2782,2760,2761,-1,2782,2761,2781,-1,2781,2761,2762,-1,2781,2762,2780,-1,2780,2762,2763,-1,2780,2763,2779,-1,2779,2763,2764,-1,2779,2764,2778,-1,2778,2764,2718,-1,2778,2718,2777,-1,2777,2718,2717,-1,2784,2783,2785,-1,2785,2783,2782,-1,2785,2782,2786,-1,2786,2782,2776,-1,2786,2776,2787,-1,2787,2776,2771,-1,2787,2771,2788,-1,2788,2771,2769,-1,2788,2769,2789,-1,2789,2769,2768,-1,2789,2768,2790,-1,2790,2768,2766,-1,2791,2792,2793,-1,2794,2795,2796,-1,2797,2798,2799,-1,2800,2801,2802,-1,2803,2804,2805,-1,2805,2804,2806,-1,2807,2808,2809,-1,2809,2808,2810,-1,2811,2807,2812,-1,2812,2807,2809,-1,2812,2809,2813,-1,2813,2809,2810,-1,2813,2810,2814,-1,2798,2811,2799,-1,2799,2811,2812,-1,2799,2812,2815,-1,2815,2812,2813,-1,2815,2813,2816,-1,2816,2813,2814,-1,2816,2814,2817,-1,2818,2797,2819,-1,2819,2797,2799,-1,2819,2799,2820,-1,2820,2799,2815,-1,2820,2815,2821,-1,2821,2815,2816,-1,2821,2816,2822,-1,2822,2816,2817,-1,2822,2817,2823,-1,2824,2818,2825,-1,2825,2818,2819,-1,2825,2819,2826,-1,2826,2819,2820,-1,2826,2820,2827,-1,2827,2820,2821,-1,2827,2821,2828,-1,2828,2821,2822,-1,2828,2822,2803,-1,2803,2822,2823,-1,2803,2823,2804,-1,2829,2824,2830,-1,2830,2824,2825,-1,2830,2825,2831,-1,2831,2825,2826,-1,2831,2826,2832,-1,2832,2826,2827,-1,2832,2827,2833,-1,2833,2827,2828,-1,2833,2828,2834,-1,2834,2828,2803,-1,2834,2803,2835,-1,2835,2803,2805,-1,2792,2829,2793,-1,2793,2829,2830,-1,2793,2830,2836,-1,2836,2830,2831,-1,2836,2831,2837,-1,2837,2831,2832,-1,2837,2832,2838,-1,2838,2832,2833,-1,2838,2833,2839,-1,2839,2833,2834,-1,2839,2834,2840,-1,2840,2834,2835,-1,2841,2791,2842,-1,2842,2791,2793,-1,2842,2793,2843,-1,2843,2793,2836,-1,2843,2836,2844,-1,2844,2836,2837,-1,2844,2837,2845,-1,2845,2837,2838,-1,2845,2838,2802,-1,2802,2838,2839,-1,2802,2839,2800,-1,2800,2839,2840,-1,2846,2847,2848,-1,2848,2847,2849,-1,2848,2849,2850,-1,2795,2846,2796,-1,2796,2846,2848,-1,2796,2848,2851,-1,2851,2848,2850,-1,2851,2850,2852,-1,2853,2794,2854,-1,2854,2794,2796,-1,2854,2796,2855,-1,2855,2796,2851,-1,2855,2851,2856,-1,2856,2851,2852,-1,2856,2852,2857,-1,2858,2853,2859,-1,2859,2853,2854,-1,2859,2854,2860,-1,2860,2854,2855,-1,2860,2855,2861,-1,2861,2855,2856,-1,2861,2856,2862,-1,2862,2856,2857,-1,2862,2857,2863,-1,2864,2841,2863,-1,2863,2841,2842,-1,2863,2842,2862,-1,2862,2842,2843,-1,2862,2843,2861,-1,2861,2843,2844,-1,2861,2844,2860,-1,2860,2844,2845,-1,2860,2845,2859,-1,2859,2845,2802,-1,2859,2802,2858,-1,2858,2802,2801,-1,2617,2864,2636,-1,2636,2864,2863,-1,2636,2863,2630,-1,2630,2863,2857,-1,2630,2857,2625,-1,2625,2857,2852,-1,2625,2852,2615,-1,2615,2852,2850,-1,2615,2850,2612,-1,2612,2850,2849,-1,2612,2849,2613,-1,2613,2849,2847,-1,2865,2789,2866,-1,2866,2789,2790,-1,2867,2868,2869,-1,2869,2868,2784,-1,2869,2784,2785,-1,2870,2867,2871,-1,2871,2867,2869,-1,2871,2869,2872,-1,2872,2869,2785,-1,2872,2785,2786,-1,2873,2870,2874,-1,2874,2870,2871,-1,2874,2871,2875,-1,2875,2871,2872,-1,2875,2872,2876,-1,2876,2872,2786,-1,2876,2786,2787,-1,2877,2873,2878,-1,2878,2873,2874,-1,2878,2874,2879,-1,2879,2874,2875,-1,2879,2875,2880,-1,2880,2875,2876,-1,2880,2876,2881,-1,2881,2876,2787,-1,2881,2787,2788,-1,2882,2883,2884,-1,2884,2883,2885,-1,2884,2885,2886,-1,2887,2882,2888,-1,2888,2882,2884,-1,2888,2884,2889,-1,2889,2884,2886,-1,2889,2886,2890,-1,2891,2887,2892,-1,2892,2887,2888,-1,2892,2888,2893,-1,2893,2888,2889,-1,2893,2889,2894,-1,2894,2889,2890,-1,2894,2890,2895,-1,2866,2891,2865,-1,2865,2891,2892,-1,2865,2892,2896,-1,2896,2892,2893,-1,2896,2893,2897,-1,2897,2893,2894,-1,2897,2894,2898,-1,2898,2894,2895,-1,2898,2895,2899,-1,2900,2877,2899,-1,2899,2877,2878,-1,2899,2878,2898,-1,2898,2878,2879,-1,2898,2879,2897,-1,2897,2879,2880,-1,2897,2880,2896,-1,2896,2880,2881,-1,2896,2881,2865,-1,2865,2881,2788,-1,2865,2788,2789,-1,2901,2900,2902,-1,2902,2900,2899,-1,2902,2899,2903,-1,2903,2899,2895,-1,2903,2895,2904,-1,2904,2895,2890,-1,2904,2890,2905,-1,2905,2890,2886,-1,2905,2886,2906,-1,2906,2886,2885,-1,2906,2885,2907,-1,2907,2885,2883,-1,2908,2909,2910,-1,2911,2912,2913,-1,2913,2912,2914,-1,2915,2916,2917,-1,2917,2916,2918,-1,2919,2915,2920,-1,2920,2915,2917,-1,2920,2917,2921,-1,2921,2917,2918,-1,2921,2918,2922,-1,2923,2919,2924,-1,2924,2919,2920,-1,2924,2920,2925,-1,2925,2920,2921,-1,2925,2921,2926,-1,2926,2921,2922,-1,2926,2922,2927,-1,2909,2923,2910,-1,2910,2923,2924,-1,2910,2924,2928,-1,2928,2924,2925,-1,2928,2925,2929,-1,2929,2925,2926,-1,2929,2926,2930,-1,2930,2926,2927,-1,2930,2927,2931,-1,2932,2908,2933,-1,2933,2908,2910,-1,2933,2910,2934,-1,2934,2910,2928,-1,2934,2928,2935,-1,2935,2928,2929,-1,2935,2929,2936,-1,2936,2929,2930,-1,2936,2930,2911,-1,2911,2930,2931,-1,2911,2931,2912,-1,2937,2938,2939,-1,2939,2938,2940,-1,2939,2940,2941,-1,2942,2937,2943,-1,2943,2937,2939,-1,2943,2939,2944,-1,2944,2939,2941,-1,2944,2941,2945,-1,2946,2942,2947,-1,2947,2942,2943,-1,2947,2943,2948,-1,2948,2943,2944,-1,2948,2944,2949,-1,2949,2944,2945,-1,2949,2945,2950,-1,2951,2946,2952,-1,2952,2946,2947,-1,2952,2947,2953,-1,2953,2947,2948,-1,2953,2948,2954,-1,2954,2948,2949,-1,2954,2949,2955,-1,2955,2949,2950,-1,2955,2950,2956,-1,2957,2932,2956,-1,2956,2932,2933,-1,2956,2933,2955,-1,2955,2933,2934,-1,2955,2934,2954,-1,2954,2934,2935,-1,2954,2935,2953,-1,2953,2935,2936,-1,2953,2936,2952,-1,2952,2936,2911,-1,2952,2911,2951,-1,2951,2911,2913,-1,2808,2957,2810,-1,2810,2957,2956,-1,2810,2956,2814,-1,2814,2956,2950,-1,2814,2950,2817,-1,2817,2950,2945,-1,2817,2945,2823,-1,2823,2945,2941,-1,2823,2941,2804,-1,2804,2941,2940,-1,2804,2940,2806,-1,2806,2940,2938,-1,2916,2901,2918,-1,2918,2901,2902,-1,2918,2902,2922,-1,2922,2902,2903,-1,2922,2903,2927,-1,2927,2903,2904,-1,2927,2904,2931,-1,2931,2904,2905,-1,2931,2905,2912,-1,2912,2905,2906,-1,2912,2906,2914,-1,2914,2906,2907,-1,
        ]
    }
}
Shape{
    appearance Appearance {
        material  Material 	{
            diffuseColor 0.8509803921568627 0.8509803921568627 0.8509803921568627
            specularColor 0.4235294117647059 0.4235294117647059 0.4235294117647059
            ambientIntensity 0.2
            transparency 0
            shininess 0.5
        }
    }
    geometry IndexedFaceSet {
        ccw TRUE
        solid FALSE
        coord DEF co Coordinate {
            point [
                -0.4921 0.748 -0.0, -0.4921 0.7582 0.0013, -0.4921 0.7652 0.0039, -0.4921 -0.748 -0.0, -0.4921 -0.7652 0.0039, -0.4921 -0.7582 0.0013, -0.8656 -0.7874 0.0627, -0.8661 -0.7874 0.0627, -0.8661 -0.7874 0.0394, -0.6034 -0.7874 0.0413, -0.808 -0.7874 0.0807, -0.6024 -0.7874 0.0394, -0.8259 -0.7874 0.0709, -0.8453 -0.7874 0.0647, -0.6036 -0.7874 0.0417, -0.6076 -0.7874 0.0503, -0.7926 -0.7874 0.094, -0.6129 -0.7874 0.0667, -0.625 -0.7874 0.1039, -0.6251 -0.7874 0.1043, -0.6264 -0.7874 0.1073, -0.7632 -0.7874 0.125, -0.7219 -0.7874 0.1508, -0.6449 -0.7874 0.1356, -0.6978 -0.7874 0.1551, -0.6585 -0.7874 0.1467, -0.6733 -0.7874 0.1533, -0.6325 -0.7874 0.1192, -0.7442 -0.7874 0.1405, -0.8656 -0.7795 0.0627, -0.8453 -0.7795 0.0647, -0.8259 -0.7795 0.0709, -0.808 -0.7795 0.0807, -0.7926 -0.7795 0.094, -0.7632 -0.7795 0.125, -0.7506 -0.7795 0.1361, -0.7439 -0.7795 0.14, -0.7319 -0.7795 0.147, -0.7217 -0.7795 0.1502, -0.6733 -0.7795 0.1533, -0.6896 -0.7795 0.1552, -0.6977 -0.7795 0.1545, -0.7112 -0.7795 0.1535, -0.6445 -0.782 0.1347, -0.6451 -0.7819 0.1354, -0.6577 -0.78 0.146, -0.6586 -0.7799 0.1466, -0.6601 -0.7798 0.1476, -0.6652 -0.7797 0.1498, -0.6729 -0.7795 0.1531, -0.6521 -0.7806 0.1422, -0.6334 -0.7846 0.1205, -0.6345 -0.7842 0.1225, -0.6409 -0.7826 0.1312, -0.6327 -0.7848 0.1191, -0.6264 -0.7868 0.1073, -0.8661 0.748 0.0, -0.8661 -0.748 0.0, -0.9003 -0.7402 0.0, -0.9152 -0.7309 0.0, -0.9277 -0.7184 0.0, -0.9429 0.6868 0.0, -0.9371 0.7035 0.0, -0.9371 -0.7035 0.0, -0.8837 -0.7461 0.0, -0.9429 -0.6868 0.0, -0.9449 -0.6693 0.0, -0.9449 0.6693 0.0, -0.9277 0.7184 0.0, -0.9152 0.7309 0.0, -0.9003 0.7402 0.0, -0.8837 0.7461 0.0, -0.9843 -0.6693 0.0394, -0.9843 -0.6693 0.0627, -0.9843 0.6693 0.0394, -0.9843 0.6693 0.0627, -0.8656 0.7795 0.0627, -0.8656 0.7874 0.0627, -0.8661 0.7795 0.0627, -0.8661 0.7874 0.0627, -0.8947 0.7758 0.0627, -0.8967 0.7834 0.0627, -0.9213 0.7648 0.0627, -0.9252 0.7716 0.0627, -0.9441 0.7472 0.0627, -0.9497 0.7528 0.0627, -0.9616 0.7244 0.0627, -0.9684 0.7283 0.0627, -0.9726 0.6978 0.0627, -0.9802 0.6999 0.0627, -0.9764 0.6693 0.0627, -0.9764 -0.6693 0.0627, -0.9726 -0.6978 0.0627, -0.9802 -0.6999 0.0627, -0.9616 -0.7244 0.0627, -0.9684 -0.7283 0.0627, -0.9441 -0.7472 0.0627, -0.9497 -0.7528 0.0627, -0.9213 -0.7648 0.0627, -0.9252 -0.7716 0.0627, -0.8947 -0.7758 0.0627, -0.8967 -0.7834 0.0627, -0.8661 -0.7795 0.0627, -0.8453 0.7874 0.0647, -0.8453 0.7795 0.0647, -0.8259 0.7874 0.0709, -0.8259 0.7795 0.0709, -0.808 0.7874 0.0807, -0.808 0.7795 0.0807, -0.7926 0.7874 0.094, -0.7926 0.7795 0.094, -0.7632 0.7874 0.125, -0.7632 0.7795 0.125, -0.6251 0.7874 0.1043, -0.6264 0.7874 0.1073, -0.6264 0.7868 0.1073, 0.4921 -0.748 0.0, 0.4921 -0.7582 0.0013, 0.4921 -0.7652 0.0039, 0.4921 0.748 0.0, 0.4921 0.7652 0.0039, 0.4921 0.7582 0.0013, 0.6036 -0.7874 0.0417, 0.6024 -0.7874 0.0394, 0.808 -0.7874 0.0807, 0.8661 -0.7874 0.0627, 0.8656 -0.7874 0.0627, 0.8661 -0.7874 0.0394, 0.8453 -0.7874 0.0647, 0.8259 -0.7874 0.0709, 0.625 -0.7874 0.1039, 0.6197 -0.7874 0.0875, 0.7926 -0.7874 0.094, 0.6076 -0.7874 0.0503, 0.6057 -0.7874 0.0458, 0.6506 -0.7874 0.141, 0.7632 -0.7874 0.125, 0.6631 -0.7874 0.1492, 0.7442 -0.7874 0.1405, 0.7219 -0.7874 0.1508, 0.6978 -0.7874 0.1551, 0.6733 -0.7874 0.1533, 0.6386 -0.7874 0.1284, 0.6264 -0.7874 0.1073, 0.6251 -0.7874 0.1043, 0.7926 -0.7795 0.094, 0.808 -0.7795 0.0807, 0.8259 -0.7795 0.0709, 0.8453 -0.7795 0.0647, 0.8656 -0.7795 0.0627, 0.6733 -0.7795 0.1533, 0.6896 -0.7795 0.1552, 0.6977 -0.7795 0.1545, 0.7112 -0.7795 0.1535, 0.7217 -0.7795 0.1502, 0.7632 -0.7795 0.125, 0.7506 -0.7795 0.1361, 0.7439 -0.7795 0.14, 0.7319 -0.7795 0.147, 0.6264 -0.7868 0.1073, 0.6663 -0.7794 0.1506, 0.6652 -0.7795 0.15, 0.6729 -0.7795 0.1531, 0.6335 -0.7846 0.1205, 0.6351 -0.7841 0.1234, 0.6508 -0.7809 0.1408, 0.6446 -0.7818 0.1354, 0.6443 -0.7819 0.135, 0.6389 -0.7832 0.1282, 0.6632 -0.7796 0.1489, 0.6579 -0.7801 0.1459, 0.6542 -0.7804 0.1438, 0.6264 0.7868 0.1073, 0.6264 0.7874 0.1073, 0.6251 0.7874 0.1043, 0.7926 0.7874 0.094, 0.7632 0.7874 0.125, 0.7926 0.7795 0.094, 0.7632 0.7795 0.125, 0.808 0.7874 0.0807, 0.808 0.7795 0.0807, 0.8259 0.7874 0.0709, 0.8259 0.7795 0.0709, 0.8453 0.7874 0.0647, 0.8453 0.7795 0.0647, 0.8656 0.7874 0.0627, 0.8656 0.7795 0.0627, 0.8661 -0.7795 0.0627, 0.8947 -0.7758 0.0627, 0.8967 -0.7834 0.0627, 0.9213 -0.7648 0.0627, 0.9252 -0.7716 0.0627, 0.9441 -0.7472 0.0627, 0.9497 -0.7528 0.0627, 0.9616 -0.7244 0.0627, 0.9684 -0.7283 0.0627, 0.9726 -0.6978 0.0627, 0.9802 -0.6999 0.0627, 0.9764 -0.6693 0.0627, 0.9843 -0.6693 0.0627, 0.9764 0.6693 0.0627, 0.9843 0.6693 0.0627, 0.9726 0.6978 0.0627, 0.9802 0.6999 0.0627, 0.9616 0.7244 0.0627, 0.9684 0.7283 0.0627, 0.9441 0.7472 0.0627, 0.9497 0.7528 0.0627, 0.9213 0.7648 0.0627, 0.9252 0.7716 0.0627, 0.8947 0.7758 0.0627, 0.8967 0.7834 0.0627, 0.8661 0.7795 0.0627, 0.8661 0.7874 0.0627, 0.9843 0.6693 0.0394, 0.9843 -0.6693 0.0394, 0.8661 -0.748 0.0, 0.8661 0.748 0.0, 0.9449 0.6693 0.0, 0.8837 0.7461 0.0, 0.9449 -0.6693 0.0, 0.8837 -0.7461 0.0, 0.9003 0.7402 0.0, 0.9152 0.7309 0.0, 0.9429 0.6868 0.0, 0.9277 0.7184 0.0, 0.9371 0.7035 0.0, 0.9277 -0.7184 0.0, 0.9152 -0.7309 0.0, 0.9371 -0.7035 0.0, 0.9429 -0.6868 0.0, 0.9003 -0.7402 0.0, 0.8661 0.7874 0.0394, 0.8924 0.7844 0.0394, 0.8966 0.783 0.0394, 0.9174 0.7757 0.0394, 0.9248 0.771 0.0394, 0.9398 0.7616 0.0394, 0.9491 0.7523 0.0394, 0.9585 0.7429 0.0394, 0.9679 0.728 0.0394, 0.9726 0.7205 0.0394, 0.9798 0.6997 0.0394, 0.9813 0.6956 0.0394, 0.8924 -0.7844 0.0394, 0.8966 -0.783 0.0394, 0.9174 -0.7757 0.0394, 0.9248 -0.771 0.0394, 0.9398 -0.7616 0.0394, 0.9491 -0.7523 0.0394, 0.9585 -0.7429 0.0394, 0.9679 -0.728 0.0394, 0.9726 -0.7205 0.0394, 0.9813 -0.6956 0.0394, 0.9798 -0.6997 0.0394, -0.8661 0.7874 0.0394, -0.8924 0.7844 0.0394, -0.8966 0.783 0.0394, -0.9174 0.7757 0.0394, -0.9248 0.771 0.0394, -0.9398 0.7616 0.0394, -0.9491 0.7523 0.0394, -0.9585 0.7429 0.0394, -0.9679 0.728 0.0394, -0.9726 0.7205 0.0394, -0.9813 0.6956 0.0394, -0.9798 0.6997 0.0394, -0.8924 -0.7844 0.0394, -0.8966 -0.783 0.0394, -0.9174 -0.7757 0.0394, -0.9248 -0.771 0.0394, -0.9398 -0.7616 0.0394, -0.9491 -0.7523 0.0394, -0.9585 -0.7429 0.0394, -0.9679 -0.728 0.0394, -0.9726 -0.7205 0.0394, -0.9798 -0.6997 0.0394, -0.9813 -0.6956 0.0394, 0.5967 -0.7859 0.0285, 0.5864 -0.7821 0.0197, 0.8661 -0.7821 0.0197, 0.5375 -0.7652 0.0039, 0.8661 -0.7582 0.0013, 0.8661 -0.7677 0.0053, 0.5524 -0.7677 0.0053, 0.5524 -0.7677 0.0053, 0.5451 -0.7659 0.0043, 0.8661 -0.7759 0.0115, 0.5856 -0.7818 0.0193, 0.5724 -0.7759 0.0115, 0.5697 -0.7748 0.0107, 0.5971 -0.786 0.0292, 0.8661 -0.7861 0.0292, 0.5988 -0.7868 0.0326, 0.9551 -0.6693 0.0013, 0.9528 -0.6891 0.0013, 0.9646 -0.6693 0.0053, 0.9621 -0.6912 0.0053, 0.9727 -0.6693 0.0115, 0.97 -0.693 0.0115, 0.979 -0.6693 0.0197, 0.9761 -0.6944 0.0197, 0.9829 -0.6693 0.0292, 0.98 -0.6953 0.0292, 0.9713 -0.72 0.0292, 0.9574 -0.7421 0.0292, 0.9389 -0.7606 0.0292, 0.9168 -0.7745 0.0292, 0.8921 -0.7831 0.0292, 0.9678 -0.7182 0.0197, 0.9544 -0.7396 0.0197, 0.9365 -0.7575 0.0197, 0.9151 -0.771 0.0197, 0.8912 -0.7793 0.0197, 0.9622 -0.7155 0.0115, 0.9495 -0.7357 0.0115, 0.9326 -0.7526 0.0115, 0.9124 -0.7653 0.0115, 0.8899 -0.7732 0.0115, 0.9548 -0.712 0.0053, 0.9431 -0.7307 0.0053, 0.9275 -0.7462 0.0053, 0.9088 -0.758 0.0053, 0.888 -0.7652 0.0053, 0.9463 -0.7079 0.0013, 0.9357 -0.7247 0.0013, 0.9216 -0.7388 0.0013, 0.9047 -0.7494 0.0013, 0.8859 -0.756 0.0013, 0.9829 0.6693 0.0292, 0.979 0.6693 0.0197, 0.9727 0.6693 0.0115, 0.9646 0.6693 0.0053, 0.9551 0.6693 0.0013, 0.8661 0.7582 0.0013, 0.8859 0.756 0.0013, 0.8661 0.7677 0.0053, 0.888 0.7652 0.0053, 0.8661 0.7759 0.0115, 0.8899 0.7732 0.0115, 0.8661 0.7821 0.0197, 0.8912 0.7793 0.0197, 0.8661 0.7861 0.0292, 0.8921 0.7831 0.0292, 0.9168 0.7745 0.0292, 0.9389 0.7606 0.0292, 0.9574 0.7421 0.0292, 0.9713 0.72 0.0292, 0.98 0.6953 0.0292, 0.9151 0.771 0.0197, 0.9365 0.7575 0.0197, 0.9544 0.7396 0.0197, 0.9678 0.7182 0.0197, 0.9761 0.6944 0.0197, 0.9124 0.7653 0.0115, 0.9326 0.7526 0.0115, 0.9495 0.7357 0.0115, 0.9622 0.7155 0.0115, 0.97 0.693 0.0115, 0.9088 0.758 0.0053, 0.9275 0.7462 0.0053, 0.9431 0.7307 0.0053, 0.9548 0.712 0.0053, 0.9621 0.6912 0.0053, 0.9047 0.7494 0.0013, 0.9216 0.7388 0.0013, 0.9357 0.7247 0.0013, 0.9463 0.7079 0.0013, 0.9528 0.6891 0.0013, 0.6024 0.7874 0.0394, 0.5988 0.7868 0.0326, 0.5967 0.7859 0.0285, 0.5971 0.786 0.0292, 0.5857 0.7818 0.0192, 0.5863 0.7821 0.0197, 0.5698 0.7747 0.0104, 0.5721 0.7757 0.0117, 0.5375 0.7652 0.0039, 0.5451 0.7659 0.0043, 0.5524 0.7677 0.0053, 0.5524 0.7677 0.0053, -0.5988 -0.7868 0.0326, -0.8661 -0.7861 0.0292, -0.8661 -0.7821 0.0197, -0.5967 -0.7859 0.0285, -0.5971 -0.786 0.0292, -0.8661 -0.7759 0.0115, -0.5857 -0.7818 0.0192, -0.5863 -0.7821 0.0197, -0.8661 -0.7677 0.0053, -0.5698 -0.7747 0.0104, -0.5721 -0.7757 0.0117, -0.5375 -0.7652 0.0039, -0.5451 -0.7659 0.0043, -0.8661 -0.7582 0.0013, -0.5524 -0.7677 0.0053, -0.5524 -0.7677 0.0053, -0.8859 -0.756 0.0013, -0.888 -0.7652 0.0053, -0.8899 -0.7732 0.0115, -0.8912 -0.7793 0.0197, -0.8921 -0.7831 0.0292, -0.9168 -0.7745 0.0292, -0.9389 -0.7606 0.0292, -0.9574 -0.7421 0.0292, -0.9713 -0.72 0.0292, -0.98 -0.6953 0.0292, -0.9829 -0.6693 0.0292, -0.9151 -0.771 0.0197, -0.9365 -0.7575 0.0197, -0.9544 -0.7396 0.0197, -0.9678 -0.7182 0.0197, -0.9761 -0.6944 0.0197, -0.979 -0.6693 0.0197, -0.9124 -0.7653 0.0115, -0.9326 -0.7526 0.0115, -0.9495 -0.7357 0.0115, -0.9622 -0.7155 0.0115, -0.97 -0.693 0.0115, -0.9727 -0.6693 0.0115, -0.9088 -0.758 0.0053, -0.9275 -0.7462 0.0053, -0.9431 -0.7307 0.0053, -0.9548 -0.712 0.0053, -0.9621 -0.6912 0.0053, -0.9646 -0.6693 0.0053, -0.9047 -0.7494 0.0013, -0.9216 -0.7388 0.0013, -0.9357 -0.7247 0.0013, -0.9463 -0.7079 0.0013, -0.9528 -0.6891 0.0013, -0.9551 -0.6693 0.0013, -0.9551 0.6693 0.0013, -0.9646 0.6693 0.0053, -0.9727 0.6693 0.0115, -0.979 0.6693 0.0197, -0.9829 0.6693 0.0292, -0.9528 0.6891 0.0013, -0.9621 0.6912 0.0053, -0.97 0.693 0.0115, -0.9761 0.6944 0.0197, -0.98 0.6953 0.0292, -0.9713 0.72 0.0292, -0.9574 0.7421 0.0292, -0.9389 0.7606 0.0292, -0.9168 0.7745 0.0292, -0.8921 0.7831 0.0292, -0.8661 0.7861 0.0292, -0.9678 0.7182 0.0197, -0.9544 0.7396 0.0197, -0.9365 0.7575 0.0197, -0.9151 0.771 0.0197, -0.8912 0.7793 0.0197, -0.8661 0.7821 0.0197, -0.9622 0.7155 0.0115, -0.9495 0.7357 0.0115, -0.9326 0.7526 0.0115, -0.9124 0.7653 0.0115, -0.8899 0.7732 0.0115, -0.8661 0.7759 0.0115, -0.9548 0.712 0.0053, -0.9431 0.7307 0.0053, -0.9275 0.7462 0.0053, -0.9088 0.758 0.0053, -0.888 0.7652 0.0053, -0.8661 0.7677 0.0053, -0.9463 0.7079 0.0013, -0.9357 0.7247 0.0013, -0.9216 0.7388 0.0013, -0.9047 0.7494 0.0013, -0.8859 0.756 0.0013, -0.8661 0.7582 0.0013, -0.5967 0.7859 0.0285, -0.5864 0.7821 0.0197, -0.5375 0.7652 0.0039, -0.5524 0.7677 0.0053, -0.5524 0.7677 0.0053, -0.5451 0.7659 0.0043, -0.5856 0.7818 0.0193, -0.5724 0.7759 0.0115, -0.5697 0.7748 0.0107, -0.5971 0.786 0.0292, -0.5988 0.7868 0.0326, -0.6024 0.7874 0.0394, -0.6024 0.7874 0.0394
            ]
        }
        coordIndex [
            0,1,2,-1,0,2,3,-1,3,2,4,-1,3,4,5,-1,6,7,8,-1,9,10,11,-1,11,10,12,-1,11,12,8,-1,8,12,13,-1,8,13,6,-1,9,14,10,-1,10,14,15,-1,10,15,16,-1,16,15,17,-1,16,17,18,-1,18,19,16,-1,16,19,20,-1,16,20,21,-1,22,23,24,-1,24,23,25,-1,24,25,26,-1,20,27,21,-1,21,27,23,-1,21,23,28,-1,28,23,22,-1,29,6,30,-1,30,6,13,-1,30,13,31,-1,31,13,12,-1,31,12,32,-1,32,12,10,-1,32,10,33,-1,33,10,16,-1,16,21,33,-1,33,21,34,-1,34,21,35,-1,35,21,28,-1,35,28,36,-1,36,28,37,-1,37,28,22,-1,37,22,38,-1,24,26,39,-1,39,40,24,-1,24,40,41,-1,24,41,22,-1,22,41,42,-1,22,42,38,-1,43,44,23,-1,45,46,25,-1,46,47,25,-1,25,47,48,-1,25,48,26,-1,26,48,49,-1,26,49,39,-1,23,44,25,-1,25,44,50,-1,25,50,45,-1,27,51,52,-1,27,52,23,-1,23,52,53,-1,23,53,43,-1,51,27,54,-1,54,27,20,-1,54,20,55,-1,55,20,19,-1,0,3,56,-1,56,3,57,-1,58,59,60,-1,61,62,56,-1,63,57,60,-1,60,57,64,-1,60,64,58,-1,63,65,57,-1,57,65,66,-1,57,66,56,-1,56,66,67,-1,56,67,61,-1,62,68,69,-1,69,70,62,-1,62,70,71,-1,62,71,56,-1,72,73,74,-1,74,73,75,-1,76,77,78,-1,78,77,79,-1,78,79,80,-1,80,79,81,-1,80,81,82,-1,82,81,83,-1,82,83,84,-1,84,83,85,-1,84,85,86,-1,86,85,87,-1,86,87,88,-1,88,87,89,-1,88,89,90,-1,90,89,75,-1,90,75,91,-1,91,75,73,-1,91,73,92,-1,92,73,93,-1,92,93,94,-1,94,93,95,-1,94,95,96,-1,96,95,97,-1,96,97,98,-1,98,97,99,-1,98,99,100,-1,100,99,101,-1,100,101,102,-1,102,101,7,-1,102,7,29,-1,29,7,6,-1,77,76,103,-1,103,76,104,-1,103,104,105,-1,105,104,106,-1,105,106,107,-1,107,106,108,-1,107,108,109,-1,109,108,110,-1,111,109,112,-1,112,109,110,-1,113,114,115,-1,116,117,118,-1,116,118,119,-1,119,118,120,-1,119,120,121,-1,122,123,124,-1,125,126,127,-1,127,126,128,-1,127,128,123,-1,123,128,129,-1,123,129,124,-1,130,131,132,-1,132,131,133,-1,132,133,124,-1,124,133,134,-1,124,134,122,-1,135,136,137,-1,137,136,138,-1,138,139,137,-1,137,139,140,-1,137,140,141,-1,135,142,136,-1,136,142,143,-1,136,143,132,-1,132,143,144,-1,132,144,130,-1,145,132,146,-1,146,132,124,-1,146,124,147,-1,147,124,129,-1,147,129,148,-1,148,129,128,-1,148,128,149,-1,149,128,126,-1,150,141,151,-1,151,141,140,-1,151,140,152,-1,152,140,153,-1,153,140,139,-1,153,139,154,-1,138,136,155,-1,155,156,138,-1,138,156,157,-1,138,157,139,-1,139,157,158,-1,139,158,154,-1,136,132,155,-1,155,132,145,-1,144,143,159,-1,160,161,137,-1,160,137,162,-1,162,137,141,-1,162,141,150,-1,159,143,163,-1,163,143,142,-1,163,142,164,-1,165,166,135,-1,135,166,167,-1,135,167,142,-1,142,167,168,-1,142,168,164,-1,161,169,137,-1,137,169,170,-1,137,170,135,-1,135,170,171,-1,135,171,165,-1,172,173,174,-1,175,176,177,-1,177,176,178,-1,175,177,179,-1,179,177,180,-1,179,180,181,-1,181,180,182,-1,181,182,183,-1,183,182,184,-1,183,184,185,-1,185,184,186,-1,149,126,187,-1,187,126,125,-1,187,125,188,-1,188,125,189,-1,188,189,190,-1,190,189,191,-1,190,191,192,-1,192,191,193,-1,192,193,194,-1,194,193,195,-1,194,195,196,-1,196,195,197,-1,196,197,198,-1,198,197,199,-1,198,199,200,-1,200,199,201,-1,200,201,202,-1,202,201,203,-1,202,203,204,-1,204,203,205,-1,204,205,206,-1,206,205,207,-1,206,207,208,-1,208,207,209,-1,208,209,210,-1,210,209,211,-1,210,211,212,-1,212,211,213,-1,212,213,186,-1,186,213,185,-1,214,201,215,-1,215,201,199,-1,116,119,216,-1,216,119,217,-1,218,217,219,-1,217,218,216,-1,216,218,220,-1,216,220,221,-1,219,222,218,-1,218,222,223,-1,218,223,224,-1,224,223,225,-1,224,225,226,-1,227,228,229,-1,229,228,230,-1,230,228,220,-1,220,228,231,-1,220,231,221,-1,232,213,233,-1,233,213,211,-1,233,211,234,-1,234,211,235,-1,235,211,209,-1,235,209,236,-1,236,209,237,-1,237,209,207,-1,237,207,238,-1,238,207,239,-1,239,207,205,-1,239,205,240,-1,240,205,241,-1,241,205,203,-1,241,203,242,-1,242,203,243,-1,243,203,201,-1,243,201,214,-1,127,244,125,-1,125,244,189,-1,244,245,189,-1,189,245,246,-1,189,246,191,-1,246,247,191,-1,191,247,248,-1,191,248,193,-1,248,249,193,-1,193,249,250,-1,193,250,195,-1,250,251,195,-1,195,251,252,-1,195,252,197,-1,215,199,253,-1,253,199,197,-1,253,197,254,-1,254,197,252,-1,255,256,79,-1,79,256,81,-1,256,257,81,-1,81,257,258,-1,81,258,83,-1,258,259,83,-1,83,259,260,-1,83,260,85,-1,260,261,85,-1,85,261,262,-1,85,262,87,-1,262,263,87,-1,87,263,264,-1,87,264,89,-1,74,75,265,-1,265,75,89,-1,265,89,266,-1,266,89,264,-1,8,7,267,-1,267,7,101,-1,267,101,268,-1,268,101,269,-1,269,101,99,-1,269,99,270,-1,270,99,271,-1,271,99,97,-1,271,97,272,-1,272,97,273,-1,273,97,95,-1,273,95,274,-1,274,95,275,-1,275,95,93,-1,275,93,276,-1,276,93,277,-1,277,93,73,-1,277,73,72,-1,278,279,280,-1,281,118,117,-1,282,283,284,-1,284,285,282,-1,282,285,286,-1,282,286,281,-1,280,279,287,-1,279,288,287,-1,287,288,289,-1,287,289,283,-1,283,289,290,-1,283,290,284,-1,278,280,291,-1,291,280,292,-1,291,292,293,-1,293,292,127,-1,293,127,123,-1,281,117,282,-1,282,117,116,-1,282,116,216,-1,220,294,295,-1,294,296,297,-1,296,298,299,-1,298,300,301,-1,300,302,303,-1,302,215,253,-1,302,253,303,-1,303,253,254,-1,303,254,304,-1,254,252,304,-1,304,252,251,-1,304,251,305,-1,251,250,305,-1,305,250,249,-1,305,249,306,-1,306,249,248,-1,306,248,307,-1,307,248,247,-1,247,246,307,-1,307,246,245,-1,307,245,308,-1,245,244,308,-1,308,244,127,-1,308,127,292,-1,300,303,301,-1,301,303,304,-1,301,304,309,-1,309,304,305,-1,309,305,310,-1,310,305,306,-1,310,306,311,-1,311,306,307,-1,311,307,312,-1,312,307,308,-1,312,308,313,-1,313,308,292,-1,313,292,280,-1,298,301,299,-1,299,301,309,-1,299,309,314,-1,314,309,310,-1,314,310,315,-1,315,310,311,-1,315,311,316,-1,316,311,312,-1,316,312,317,-1,317,312,313,-1,317,313,318,-1,318,313,280,-1,318,280,287,-1,296,299,297,-1,297,299,314,-1,297,314,319,-1,319,314,315,-1,319,315,320,-1,320,315,316,-1,320,316,321,-1,321,316,317,-1,321,317,322,-1,322,317,318,-1,322,318,323,-1,323,318,287,-1,323,287,283,-1,294,297,295,-1,295,297,319,-1,295,319,324,-1,324,319,320,-1,324,320,325,-1,325,320,321,-1,325,321,326,-1,326,321,322,-1,326,322,327,-1,327,322,323,-1,327,323,328,-1,328,323,283,-1,328,283,282,-1,220,295,230,-1,230,295,324,-1,230,324,229,-1,229,324,325,-1,229,325,227,-1,227,325,326,-1,227,326,228,-1,228,326,327,-1,228,327,231,-1,231,327,328,-1,231,328,221,-1,221,328,282,-1,221,282,216,-1,214,215,302,-1,214,302,329,-1,329,302,300,-1,329,300,330,-1,330,300,298,-1,330,298,331,-1,331,298,296,-1,331,296,332,-1,332,296,294,-1,332,294,333,-1,333,294,220,-1,333,220,218,-1,217,334,335,-1,334,336,337,-1,336,338,339,-1,338,340,341,-1,340,342,343,-1,342,232,233,-1,342,233,343,-1,343,233,234,-1,343,234,344,-1,234,235,344,-1,344,235,236,-1,344,236,345,-1,236,237,345,-1,345,237,238,-1,345,238,346,-1,346,238,239,-1,346,239,347,-1,347,239,240,-1,240,241,347,-1,347,241,242,-1,347,242,348,-1,242,243,348,-1,348,243,214,-1,348,214,329,-1,340,343,341,-1,341,343,344,-1,341,344,349,-1,349,344,345,-1,349,345,350,-1,350,345,346,-1,350,346,351,-1,351,346,347,-1,351,347,352,-1,352,347,348,-1,352,348,353,-1,353,348,329,-1,353,329,330,-1,338,341,339,-1,339,341,349,-1,339,349,354,-1,354,349,350,-1,354,350,355,-1,355,350,351,-1,355,351,356,-1,356,351,352,-1,356,352,357,-1,357,352,353,-1,357,353,358,-1,358,353,330,-1,358,330,331,-1,336,339,337,-1,337,339,354,-1,337,354,359,-1,359,354,355,-1,359,355,360,-1,360,355,356,-1,360,356,361,-1,361,356,357,-1,361,357,362,-1,362,357,358,-1,362,358,363,-1,363,358,331,-1,363,331,332,-1,334,337,335,-1,335,337,359,-1,335,359,364,-1,364,359,360,-1,364,360,365,-1,365,360,361,-1,365,361,366,-1,366,361,362,-1,366,362,367,-1,367,362,363,-1,367,363,368,-1,368,363,332,-1,368,332,333,-1,217,335,219,-1,219,335,364,-1,219,364,222,-1,222,364,365,-1,222,365,223,-1,223,365,366,-1,223,366,225,-1,225,366,367,-1,225,367,226,-1,226,367,368,-1,226,368,224,-1,224,368,333,-1,224,333,218,-1,369,232,370,-1,370,232,342,-1,340,371,342,-1,342,371,372,-1,342,372,370,-1,338,373,340,-1,340,373,374,-1,340,374,371,-1,336,375,338,-1,338,375,376,-1,338,376,373,-1,121,120,377,-1,377,378,334,-1,334,378,379,-1,334,379,336,-1,336,379,380,-1,336,380,375,-1,377,334,121,-1,121,334,217,-1,121,217,119,-1,11,8,381,-1,381,8,382,-1,383,384,382,-1,382,384,385,-1,382,385,381,-1,386,387,383,-1,383,387,388,-1,383,388,384,-1,389,390,386,-1,386,390,391,-1,386,391,387,-1,5,4,392,-1,392,393,394,-1,394,393,395,-1,394,395,389,-1,389,395,396,-1,389,396,390,-1,392,394,5,-1,5,394,57,-1,5,57,3,-1,57,394,397,-1,394,389,398,-1,389,386,399,-1,386,383,400,-1,383,382,401,-1,382,8,267,-1,382,267,401,-1,401,267,268,-1,401,268,402,-1,268,269,402,-1,402,269,270,-1,402,270,403,-1,403,270,271,-1,403,271,404,-1,271,272,404,-1,404,272,273,-1,404,273,405,-1,405,273,274,-1,274,275,405,-1,405,275,276,-1,405,276,406,-1,276,277,406,-1,406,277,72,-1,406,72,407,-1,383,401,400,-1,400,401,402,-1,400,402,408,-1,408,402,403,-1,408,403,409,-1,409,403,404,-1,409,404,410,-1,410,404,405,-1,410,405,411,-1,411,405,406,-1,411,406,412,-1,412,406,407,-1,412,407,413,-1,386,400,399,-1,399,400,408,-1,399,408,414,-1,414,408,409,-1,414,409,415,-1,415,409,410,-1,415,410,416,-1,416,410,411,-1,416,411,417,-1,417,411,412,-1,417,412,418,-1,418,412,413,-1,418,413,419,-1,389,399,398,-1,398,399,414,-1,398,414,420,-1,420,414,415,-1,420,415,421,-1,421,415,416,-1,421,416,422,-1,422,416,417,-1,422,417,423,-1,423,417,418,-1,423,418,424,-1,424,418,419,-1,424,419,425,-1,394,398,397,-1,397,398,420,-1,397,420,426,-1,426,420,421,-1,426,421,427,-1,427,421,422,-1,427,422,428,-1,428,422,423,-1,428,423,429,-1,429,423,424,-1,429,424,430,-1,430,424,425,-1,430,425,431,-1,57,397,64,-1,64,397,426,-1,64,426,58,-1,58,426,427,-1,58,427,59,-1,59,427,428,-1,59,428,60,-1,60,428,429,-1,60,429,63,-1,63,429,430,-1,63,430,65,-1,65,430,431,-1,65,431,66,-1,67,66,431,-1,67,431,432,-1,432,431,425,-1,432,425,433,-1,433,425,419,-1,433,419,434,-1,434,419,413,-1,434,413,435,-1,435,413,407,-1,435,407,436,-1,436,407,72,-1,436,72,74,-1,67,432,437,-1,432,433,438,-1,433,434,439,-1,434,435,440,-1,435,436,441,-1,436,74,265,-1,436,265,441,-1,441,265,266,-1,441,266,442,-1,266,264,442,-1,442,264,263,-1,442,263,443,-1,443,263,262,-1,443,262,444,-1,262,261,444,-1,444,261,260,-1,444,260,445,-1,445,260,259,-1,259,258,445,-1,445,258,257,-1,445,257,446,-1,257,256,446,-1,446,256,255,-1,446,255,447,-1,435,441,440,-1,440,441,442,-1,440,442,448,-1,448,442,443,-1,448,443,449,-1,449,443,444,-1,449,444,450,-1,450,444,445,-1,450,445,451,-1,451,445,446,-1,451,446,452,-1,452,446,447,-1,452,447,453,-1,434,440,439,-1,439,440,448,-1,439,448,454,-1,454,448,449,-1,454,449,455,-1,455,449,450,-1,455,450,456,-1,456,450,451,-1,456,451,457,-1,457,451,452,-1,457,452,458,-1,458,452,453,-1,458,453,459,-1,433,439,438,-1,438,439,454,-1,438,454,460,-1,460,454,455,-1,460,455,461,-1,461,455,456,-1,461,456,462,-1,462,456,457,-1,462,457,463,-1,463,457,458,-1,463,458,464,-1,464,458,459,-1,464,459,465,-1,432,438,437,-1,437,438,460,-1,437,460,466,-1,466,460,461,-1,466,461,467,-1,467,461,462,-1,467,462,468,-1,468,462,463,-1,468,463,469,-1,469,463,464,-1,469,464,470,-1,470,464,465,-1,470,465,471,-1,67,437,61,-1,61,437,466,-1,61,466,62,-1,62,466,467,-1,62,467,68,-1,68,467,468,-1,68,468,69,-1,69,468,469,-1,69,469,70,-1,70,469,470,-1,70,470,71,-1,71,470,471,-1,71,471,56,-1,472,473,453,-1,474,2,1,-1,471,465,475,-1,475,476,471,-1,471,476,477,-1,471,477,474,-1,453,473,459,-1,473,478,459,-1,459,478,479,-1,459,479,465,-1,465,479,480,-1,465,480,475,-1,472,453,481,-1,481,453,447,-1,481,447,482,-1,482,447,255,-1,482,255,483,-1,474,1,471,-1,471,1,0,-1,471,0,56,-1,
        ]
    }
}
Shape{
    appearance Appearance {
        material  Material 	{
            diffuseColor 0.5372549019607843 0.34901960784313724 0.33725490196078434
            specularColor 0.3764705882352941 0.24313725490196078 0.23529411764705882
            ambientIntensity 0.2
            transparency 0
            shininess 0.5
        }
    }
    geometry IndexedFaceSet {
        ccw TRUE
        solid FALSE
        coord DEF co Coordinate {
            point [
                0.7252 0.7874 0.2831, 0.7252 0.7874 0.1847, 0.7308 0.7923 0.2831, 0.7332 0.7949 0.1847, 0.7337 0.7961 0.2831, 0.7339 0.796 0.1847, 0.7384 0.8024 0.2831, 0.74 0.8053 0.1847, 0.7401 0.8065 0.2831, 0.7403 0.8064 0.1847, 0.7432 0.814 0.2831, 0.7439 0.817 0.1847, 0.7438 0.8181 0.2831, 0.744 0.818 0.1847, 0.7449 0.8266 0.2831, 0.7448 0.8294 0.1847, 0.7445 0.8302 0.2831, 0.7447 0.8303 0.1847, 0.7434 0.8391 0.2831, 0.7426 0.8416 0.1847, 0.7421 0.8422 0.2831, 0.7423 0.8423 0.1847, 0.7386 0.8508 0.2831, 0.7374 0.8528 0.1847, 0.7369 0.8532 0.2831, 0.7371 0.8533 0.1847, 0.7311 0.861 0.2831, 0.7296 0.8624 0.1847, 0.7291 0.8625 0.2831, 0.7292 0.8627 0.1847, 0.7212 0.8688 0.2831, 0.7196 0.8698 0.1847, 0.7193 0.8697 0.2831, 0.7193 0.8699 0.1847, 0.7097 0.874 0.2831, 0.7081 0.8744 0.1847, 0.7079 0.8742 0.2831, 0.708 0.8744 0.1847, 0.6972 0.876 0.2831, 0.6958 0.876 0.1847, 0.6958 0.8758 0.2831, 0.6846 0.8747 0.2831, 0.6836 0.8745 0.1847, 0.6837 0.8744 0.2831, 0.6728 0.8703 0.2831, 0.6835 0.8744 0.1847, 0.6722 0.87 0.1847, 0.6623 0.8629 0.2831, 0.6625 0.8631 0.2831, 0.6723 0.87 0.2831, 0.672 0.8699 0.1847, 0.6623 0.8628 0.1847, 0.6544 0.8535 0.2831, 0.666 0.7875 0.1847, 0.666 0.7875 0.2831, 0.6581 0.795 0.1847, 0.6585 0.7945 0.2831, 0.6574 0.7961 0.1847, 0.6574 0.7962 0.2831, 0.6514 0.8055 0.1847, 0.6516 0.805 0.2831, 0.651 0.8066 0.1847, 0.651 0.8066 0.2831, 0.6474 0.8172 0.1847, 0.6475 0.817 0.2831, 0.6474 0.8182 0.1847, 0.6474 0.8182 0.2831, 0.6466 0.8296 0.1847, 0.6466 0.8296 0.2831, 0.6467 0.8304 0.1847, 0.6467 0.8304 0.2831, 0.6488 0.8418 0.1847, 0.6489 0.842 0.2831, 0.6491 0.8424 0.1847, 0.6491 0.8424 0.2831, 0.6541 0.853 0.1847, 0.6543 0.8534 0.2831, 0.6544 0.8535 0.1847, 0.662 0.8626 0.1847, 0.662 0.7878 0.2992, 0.6631 0.7857 0.3011, 0.6585 0.7899 0.3033, 0.6653 0.7817 0.3048, 0.666 0.7788 0.3076, 0.6585 0.7844 0.3121, 0.6665 0.7771 0.3093, 0.6663 0.7731 0.3133, 0.6585 0.777 0.3194, 0.6596 0.7605 0.3269, 0.6575 0.7574 0.3304, 0.6516 0.7607 0.3387, 0.7246 0.7628 0.3191, 0.7239 0.7646 0.3176, 0.7308 0.7672 0.323, 0.7234 0.7776 0.3071, 0.7236 0.7779 0.3069, 0.7308 0.7826 0.3107, 0.7254 0.7874 0.2864, 0.729 0.7874 0.2992, 0.7269 0.7874 0.2922, 0.7308 0.7912 0.2929, 0.7257 0.7874 0.2885, 0.7226 0.7684 0.3146, 0.7223 0.7713 0.3123, 0.7308 0.7756 0.3177, 0.7225 0.7742 0.3099, 0.728 0.757 0.3235, 0.7308 0.7522 0.3271, 0.7308 0.7579 0.3262, 0.7309 0.7521 0.3272, 0.7384 0.7601 0.3361, 0.7334 0.748 0.3302, 0.6511 0.748 0.341, 0.6476 0.748 0.3517, 0.6514 0.7485 0.3405, 0.6475 0.7634 0.3503, 0.6518 0.749 0.3399, 0.6538 0.7519 0.3366, 0.6646 0.7876 0.2922, 0.6657 0.7875 0.2873, 0.6649 0.7876 0.2913, 0.6585 0.7933 0.2934, 0.6516 0.8036 0.2958, 0.6475 0.8153 0.2984, 0.6466 0.8275 0.3012, 0.6475 0.748 0.3521, 0.6466 0.748 0.3641, 0.6466 0.7662 0.3626, 0.6489 0.8396 0.304, 0.6466 0.748 0.3647, 0.6488 0.748 0.3764, 0.6489 0.7689 0.3747, 0.6543 0.8508 0.3065, 0.6489 0.748 0.3771, 0.654 0.748 0.3878, 0.6543 0.7715 0.3858, 0.6625 0.8602 0.3087, 0.6543 0.748 0.3885, 0.6619 0.748 0.3974, 0.6625 0.7736 0.3953, 0.6728 0.8673 0.3103, 0.6625 0.748 0.3981, 0.6719 0.748 0.4048, 0.6728 0.7752 0.4023, 0.6846 0.8715 0.3113, 0.6728 0.748 0.4054, 0.6835 0.748 0.4094, 0.6846 0.7762 0.4066, 0.6972 0.8728 0.3116, 0.6846 0.748 0.4098, 0.6959 0.748 0.4109, 0.6972 0.7765 0.4078, 0.7097 0.8708 0.3111, 0.6972 0.748 0.411, 0.7082 0.748 0.4093, 0.7097 0.7761 0.4059, 0.7212 0.8658 0.31, 0.7097 0.748 0.409, 0.7198 0.748 0.4046, 0.7212 0.7749 0.4009, 0.7311 0.8581 0.3082, 0.7212 0.748 0.4039, 0.7297 0.748 0.3971, 0.7311 0.7732 0.3932, 0.7386 0.8482 0.306, 0.7311 0.748 0.396, 0.7375 0.748 0.3874, 0.7386 0.7709 0.3833, 0.7434 0.8368 0.3034, 0.7386 0.748 0.3859, 0.7426 0.748 0.376, 0.7434 0.7683 0.3719, 0.7449 0.8246 0.3006, 0.7434 0.748 0.3742, 0.7446 0.748 0.3638, 0.7449 0.7655 0.3597, 0.7432 0.8124 0.2978, 0.7449 0.748 0.3616, 0.7435 0.748 0.3514, 0.7432 0.7627 0.3474, 0.7384 0.801 0.2952, 0.7432 0.748 0.3491, 0.7394 0.748 0.3397, 0.7384 0.748 0.3374, 0.6516 0.7994 0.3078, 0.6475 0.8102 0.313, 0.6466 0.8215 0.3185, 0.6489 0.8327 0.3239, 0.6543 0.843 0.3288, 0.6625 0.8517 0.333, 0.6728 0.8582 0.3362, 0.6846 0.8622 0.3381, 0.6972 0.8633 0.3386, 0.7097 0.8615 0.3377, 0.7212 0.8569 0.3355, 0.7311 0.8498 0.3321, 0.7386 0.8406 0.3277, 0.7434 0.8301 0.3226, 0.7449 0.8188 0.3172, 0.7432 0.8075 0.3117, 0.7384 0.797 0.3067, 0.7308 0.7879 0.3023, 0.7279 0.7853 0.3009, 0.6516 0.7926 0.3186, 0.6475 0.8019 0.3261, 0.6466 0.8118 0.3339, 0.6489 0.8215 0.3417, 0.6543 0.8304 0.3488, 0.6625 0.838 0.3548, 0.6728 0.8436 0.3594, 0.6846 0.8471 0.3621, 0.6972 0.8481 0.3629, 0.7097 0.8465 0.3616, 0.7212 0.8425 0.3584, 0.7311 0.8363 0.3535, 0.7386 0.8284 0.3472, 0.7434 0.8192 0.3399, 0.7449 0.8094 0.3321, 0.7432 0.7996 0.3243, 0.7384 0.7905 0.317, 0.6516 0.7836 0.3277, 0.6475 0.791 0.337, 0.6466 0.7989 0.3469, 0.6489 0.8066 0.3566, 0.6543 0.8137 0.3655, 0.6625 0.8198 0.373, 0.6728 0.8243 0.3787, 0.6846 0.827 0.3822, 0.6972 0.8278 0.3831, 0.7097 0.8265 0.3816, 0.7212 0.8234 0.3776, 0.7311 0.8184 0.3714, 0.7386 0.8121 0.3635, 0.7434 0.8048 0.3543, 0.7449 0.797 0.3445, 0.7432 0.7892 0.3347, 0.7384 0.7819 0.3256, 0.6637 0.7664 0.3202, 0.6585 0.7682 0.325, 0.6516 0.7728 0.3345, 0.6475 0.7779 0.3452, 0.6466 0.7834 0.3566, 0.6489 0.7888 0.3678, 0.6543 0.7938 0.378, 0.6625 0.7979 0.3867, 0.6728 0.8011 0.3933, 0.6846 0.803 0.3972, 0.6972 0.8035 0.3984, 0.7097 0.8027 0.3966, 0.7212 0.8004 0.3919, 0.7311 0.797 0.3848, 0.7386 0.7926 0.3757, 0.7434 0.7875 0.3651, 0.7449 0.7821 0.3538, 0.7432 0.7767 0.3426, 0.7384 0.7716 0.332, 0.6634 0.766 0.3207, 0.6477 0.739 0.3517, 0.6489 0.7172 0.3764, 0.6542 0.706 0.3877, 0.704 0.6649 0.4103, 0.7082 0.6639 0.4092, 0.6835 0.6756 0.4094, 0.6862 0.674 0.4098, 0.6932 0.6696 0.411, 0.6959 0.6683 0.411, 0.6969 0.6678 0.411, 0.6822 0.6764 0.4092, 0.6719 0.6847 0.4049, 0.6717 0.6848 0.4048, 0.6707 0.6859 0.4041, 0.6621 0.6946 0.3978, 0.6618 0.695 0.3975, 0.6576 0.7006 0.3927, 0.6558 0.703 0.3906, 0.6498 0.7141 0.3796, 0.6469 0.7282 0.3641, 0.6476 0.7211 0.3722, 0.6482 0.7192 0.3743, 0.6485 0.7184 0.3751, 0.6465 0.7322 0.3597, 0.6473 0.738 0.3528, 0.7363 0.7423 0.3344, 0.7387 0.7375 0.3379, 0.743 0.7231 0.3483, 0.74 0.733 0.3411, 0.7394 0.735 0.3396, 0.7442 0.7125 0.3562, 0.7435 0.719 0.3514, 0.7409 0.6819 0.3807, 0.7422 0.685 0.3779, 0.7427 0.6872 0.3761, 0.7436 0.6906 0.3733, 0.7446 0.7026 0.3638, 0.7449 0.7061 0.361, 0.7331 0.6686 0.3935, 0.7361 0.6717 0.39, 0.7375 0.6738 0.3878, 0.7377 0.6742 0.3875, 0.7236 0.6629 0.4024, 0.7258 0.6637 0.4007, 0.7288 0.6649 0.3982, 0.7299 0.6656 0.3973, 0.7305 0.666 0.3966, 0.712 0.6629 0.4082, 0.7124 0.6628 0.4081, 0.7141 0.6625 0.4075, 0.7198 0.6623 0.4047, 0.7202 0.6623 0.4045, 0.6652 0.7876 0.1778, 0.7329 0.7874 0.1603, 0.7332 0.7908 0.1655, 0.7301 0.7874 0.1665, 0.7386 0.7846 0.1437, 0.736 0.7814 0.1471, 0.7361 0.7795 0.145, 0.7449 0.7874 0.1156, 0.7449 0.7874 0.1152, 0.7448 0.7882 0.1139, 0.6514 0.7861 0.1417, 0.6514 0.7862 0.1418, 0.6512 0.7865 0.1415, 0.6505 0.7874 0.1403, 0.6508 0.7874 0.1411, 0.6474 0.8038 0.1438, 0.6514 0.7943 0.1507, 0.6466 0.8022 0.1237, 0.6465 0.7874 0.1152, 0.6474 0.794 0.133, 0.6476 0.7874 0.1278, 0.6477 0.7874 0.1291, 0.6466 0.7883 0.1137, 0.6466 0.7874 0.1133, 0.6465 0.7874 0.1147, 0.6471 0.7874 0.1079, 0.6488 0.7943 0.1031, 0.6492 0.7874 0.0998, 0.6504 0.7874 0.095, 0.6541 0.7998 0.0934, 0.6539 0.7874 0.0876, 0.6611 0.7874 0.078, 0.662 0.8045 0.085, 0.662 0.7874 0.0772, 0.6662 0.7874 0.0733, 0.672 0.8081 0.0787, 0.6721 0.7874 0.0696, 0.6758 0.7874 0.0673, 0.6835 0.8104 0.0747, 0.6811 0.7874 0.0653, 0.6958 0.8112 0.0734, 0.692 0.7874 0.0631, 0.6835 0.7874 0.0648, 0.7081 0.8104 0.0748, 0.697 0.7874 0.0629, 0.6958 0.7874 0.063, 0.7225 0.7874 0.0713, 0.7195 0.7874 0.0697, 0.7196 0.8081 0.0788, 0.7125 0.7874 0.066, 0.708 0.7874 0.0646, 0.7261 0.7874 0.074, 0.7296 0.8045 0.0851, 0.7294 0.7874 0.0775, 0.7374 0.7997 0.0935, 0.7367 0.7874 0.0862, 0.7343 0.7874 0.0827, 0.7426 0.7942 0.1033, 0.742 0.7874 0.0979, 0.7373 0.7874 0.0876, 0.7447 0.7874 0.1136, 0.7432 0.7874 0.1018, 0.7426 0.7874 0.0998, 0.7448 0.7874 0.1199, 0.7448 0.8021 0.1239, 0.7435 0.7874 0.1282, 0.7439 0.7939 0.1331, 0.7423 0.7874 0.1354, 0.7409 0.7874 0.1403, 0.74 0.7942 0.1508, 0.74 0.7873 0.143, 0.74 0.7874 0.143, 0.7439 0.8037 0.1439, 0.7349 0.7874 0.1556, 0.7356 0.7874 0.154, 0.7276 0.7874 0.1724, 0.7332 0.7939 0.1749, 0.7264 0.7874 0.1762, 0.7262 0.7874 0.1769, 0.661 0.7879 0.1665, 0.6631 0.7877 0.1711, 0.6581 0.794 0.1748, 0.6647 0.7876 0.1762, 0.6582 0.7882 0.1605, 0.6581 0.7909 0.1654, 0.657 0.7883 0.1579, 0.6514 0.8004 0.1612, 0.6557 0.7884 0.155, 0.6551 0.7885 0.1539, 0.6549 0.7821 0.1464, 0.6549 0.782 0.1462, 0.6544 0.7804 0.144, 0.6514 0.8042 0.1726, 0.6474 0.8157 0.1702, 0.6466 0.8278 0.1676, 0.6488 0.8397 0.165, 0.6541 0.8507 0.1627, 0.662 0.86 0.1607, 0.672 0.8672 0.1592, 0.6835 0.8716 0.1582, 0.6958 0.8731 0.1579, 0.7081 0.8716 0.1582, 0.7196 0.8671 0.1592, 0.7296 0.8599 0.1607, 0.7374 0.8505 0.1627, 0.7426 0.8395 0.1651, 0.6488 0.8103 0.1146, 0.6541 0.8178 0.1062, 0.662 0.8242 0.0991, 0.672 0.829 0.0936, 0.6835 0.832 0.0902, 0.6958 0.8331 0.0891, 0.7081 0.832 0.0902, 0.7196 0.8289 0.0937, 0.7296 0.8241 0.0992, 0.7374 0.8177 0.1064, 0.7426 0.8102 0.1148, 0.7448 0.8276 0.1676, 0.6466 0.8138 0.1364, 0.6488 0.8236 0.1292, 0.6541 0.8327 0.1226, 0.662 0.8404 0.1169, 0.672 0.8463 0.1126, 0.6835 0.85 0.1099, 0.6958 0.8512 0.109, 0.7081 0.8499 0.1099, 0.7196 0.8462 0.1127, 0.7296 0.8403 0.117, 0.7374 0.8325 0.1227, 0.7426 0.8235 0.1293, 0.7448 0.8136 0.1366, 0.7439 0.8155 0.1702, 0.6474 0.8111 0.1563, 0.6466 0.8224 0.1513, 0.6488 0.8336 0.1463, 0.6541 0.8438 0.1417, 0.662 0.8525 0.1378, 0.672 0.8592 0.1348, 0.6835 0.8634 0.1329, 0.6958 0.8648 0.1323, 0.7081 0.8633 0.1329, 0.7196 0.8591 0.1348, 0.7296 0.8524 0.1378, 0.7374 0.8437 0.1417, 0.7426 0.8334 0.1464, 0.7448 0.8223 0.1514, 0.7439 0.811 0.1564, 0.74 0.8003 0.1612, 0.74 0.804 0.1727, -0.666 0.7875 0.2831, -0.666 0.7875 0.1847, -0.6585 0.7945 0.2831, -0.6581 0.795 0.1847, -0.6574 0.7962 0.2831, -0.6574 0.7961 0.1847, -0.6515 0.8051 0.2831, -0.6514 0.8055 0.1847, -0.651 0.8066 0.2831, -0.651 0.8066 0.1847, -0.6475 0.817 0.2831, -0.6474 0.8172 0.1847, -0.6474 0.8182 0.2831, -0.6474 0.8182 0.1847, -0.6466 0.8296 0.2831, -0.6466 0.8296 0.1847, -0.6467 0.8304 0.2831, -0.6467 0.8304 0.1847, -0.6489 0.842 0.2831, -0.6488 0.8418 0.1847, -0.6491 0.8424 0.2831, -0.6491 0.8424 0.1847, -0.6543 0.8534 0.2831, -0.6541 0.853 0.1847, -0.6544 0.8535 0.2831, -0.6544 0.8535 0.1847, -0.662 0.8626 0.1847, -0.6623 0.8629 0.2831, -0.6623 0.8628 0.1847, -0.6625 0.8631 0.2831, -0.672 0.8699 0.1847, -0.6723 0.87 0.2831, -0.6722 0.87 0.1847, -0.6728 0.8703 0.2831, -0.6835 0.8744 0.1847, -0.6837 0.8744 0.2831, -0.6836 0.8745 0.1847, -0.6847 0.8747 0.2831, -0.6958 0.876 0.1847, -0.6958 0.8758 0.2831, -0.6972 0.876 0.2831, -0.708 0.8744 0.1847, -0.7079 0.8742 0.2831, -0.7097 0.874 0.2831, -0.7081 0.8744 0.1847, -0.7193 0.8697 0.2831, -0.7193 0.8699 0.1847, -0.7212 0.8688 0.2831, -0.7196 0.8698 0.1847, -0.7291 0.8625 0.2831, -0.7292 0.8627 0.1847, -0.7311 0.861 0.2831, -0.7296 0.8624 0.1847, -0.7369 0.8532 0.2831, -0.7371 0.8533 0.1847, -0.7386 0.8508 0.2831, -0.7374 0.8528 0.1847, -0.7421 0.8422 0.2831, -0.7423 0.8423 0.1847, -0.7433 0.8391 0.2831, -0.7426 0.8416 0.1847, -0.7445 0.8302 0.2831, -0.7447 0.8303 0.1847, -0.7449 0.8266 0.2831, -0.7448 0.8294 0.1847, -0.7438 0.8181 0.2831, -0.744 0.818 0.1847, -0.7432 0.8141 0.2831, -0.7439 0.817 0.1847, -0.7401 0.8065 0.2831, -0.7403 0.8064 0.1847, -0.7384 0.8024 0.2831, -0.74 0.8053 0.1847, -0.7337 0.7961 0.2831, -0.7339 0.796 0.1847, -0.7332 0.7949 0.1847, -0.7308 0.7923 0.2831, -0.7252 0.7874 0.1847, -0.7252 0.7874 0.2831, -0.7402 0.6792 0.3829, -0.7376 0.6743 0.3875, -0.7386 0.748 0.3859, -0.7436 0.7203 0.3504, -0.7437 0.719 0.3514, -0.7435 0.748 0.3514, -0.7449 0.748 0.3616, -0.7442 0.7125 0.3562, -0.7447 0.748 0.3638, -0.7395 0.735 0.3396, -0.74 0.7341 0.3403, -0.7432 0.748 0.3491, -0.7402 0.7331 0.341, -0.7394 0.748 0.3397, -0.7384 0.748 0.3374, -0.7361 0.7422 0.3344, -0.7334 0.748 0.3302, -0.6485 0.7184 0.3751, -0.6482 0.7192 0.3742, -0.6488 0.748 0.3764, -0.6475 0.7215 0.3717, -0.6466 0.748 0.3647, -0.6469 0.7282 0.3641, -0.6466 0.748 0.3641, -0.6466 0.7324 0.3594, -0.6475 0.748 0.3521, -0.6477 0.739 0.3517, -0.6476 0.748 0.3517, -0.6481 0.741 0.3493, -0.6511 0.748 0.341, -0.6489 0.7172 0.3764, -0.6489 0.748 0.3771, -0.6498 0.7141 0.3797, -0.654 0.748 0.3878, -0.6542 0.706 0.3876, -0.6543 0.748 0.3885, -0.6558 0.7029 0.3907, -0.6619 0.748 0.3974, -0.6576 0.7006 0.3927, -0.6719 0.748 0.4048, -0.6707 0.6858 0.4041, -0.6625 0.748 0.3982, -0.6618 0.695 0.3975, -0.6615 0.6953 0.3972, -0.6938 0.6693 0.411, -0.6885 0.6723 0.4105, -0.6959 0.748 0.4109, -0.6861 0.6739 0.4099, -0.6847 0.748 0.4098, -0.6836 0.6757 0.4092, -0.6835 0.748 0.4094, -0.677 0.6803 0.4074, -0.6728 0.748 0.4054, -0.6719 0.6847 0.4049, -0.6715 0.685 0.4047, -0.6959 0.6684 0.4109, -0.6972 0.748 0.411, -0.704 0.6649 0.4103, -0.7082 0.748 0.4093, -0.7055 0.6645 0.4101, -0.7082 0.6638 0.4093, -0.7097 0.748 0.409, -0.7128 0.6628 0.4079, -0.7198 0.748 0.4046, -0.7138 0.6626 0.4076, -0.7261 0.6636 0.4006, -0.7227 0.6627 0.403, -0.7212 0.748 0.4039, -0.7198 0.6625 0.4046, -0.7167 0.6623 0.4063, -0.7367 0.6726 0.389, -0.7321 0.6674 0.3948, -0.7311 0.748 0.396, -0.7316 0.6669 0.3955, -0.7309 0.6663 0.3962, -0.7297 0.748 0.3971, -0.7298 0.6657 0.3972, -0.7283 0.6648 0.3986, -0.7375 0.748 0.3874, -0.7449 0.7045 0.3622, -0.7447 0.7025 0.3638, -0.7433 0.748 0.3742, -0.7436 0.6906 0.3733, -0.7426 0.748 0.376, -0.7426 0.6873 0.376, -0.7408 0.6813 0.3811, -0.7232 0.7663 0.3163, -0.7241 0.7645 0.3177, -0.7308 0.7672 0.323, -0.7309 0.7521 0.3272, -0.6621 0.764 0.3227, -0.6633 0.766 0.3206, -0.6585 0.7682 0.325, -0.6646 0.7682 0.3184, -0.6662 0.7725 0.3139, -0.6585 0.777 0.3195, -0.6665 0.7771 0.3093, -0.666 0.7788 0.3076, -0.6585 0.7844 0.3121, -0.6653 0.7817 0.3048, -0.6631 0.7857 0.3011, -0.6585 0.7899 0.3033, -0.6657 0.7875 0.2873, -0.662 0.7878 0.2992, -0.6646 0.7876 0.2922, -0.6585 0.7934 0.2935, -0.6648 0.7876 0.2914, -0.6592 0.7599 0.3275, -0.6515 0.7728 0.3345, -0.6578 0.7577 0.3299, -0.6515 0.7607 0.3387, -0.6516 0.7488 0.3401, -0.6538 0.7519 0.3366, -0.6513 0.7484 0.3406, -0.6475 0.7634 0.3504, -0.7384 0.7601 0.3361, -0.7308 0.7522 0.3272, -0.7308 0.7579 0.3263, -0.7283 0.7568 0.3236, -0.7234 0.7776 0.3071, -0.7225 0.7742 0.3099, -0.7308 0.7756 0.3177, -0.7223 0.7713 0.3123, -0.7223 0.7713 0.3123, -0.7277 0.7853 0.3009, -0.725 0.781 0.3043, -0.7308 0.7826 0.3107, -0.7262 0.7874 0.2909, -0.7266 0.7874 0.2921, -0.7308 0.7912 0.293, -0.7276 0.7874 0.2953, -0.7384 0.801 0.2952, -0.7432 0.8124 0.2978, -0.7432 0.7627 0.3475, -0.7449 0.8246 0.3006, -0.7449 0.7655 0.3597, -0.7433 0.8368 0.3034, -0.7433 0.7683 0.3719, -0.7386 0.8482 0.306, -0.7386 0.7709 0.3833, -0.7311 0.8581 0.3082, -0.7311 0.7732 0.3932, -0.7212 0.8658 0.31, -0.7212 0.7749 0.4009, -0.7097 0.8708 0.3111, -0.7097 0.7761 0.4059, -0.6972 0.8728 0.3116, -0.6972 0.7765 0.4078, -0.6847 0.8716 0.3113, -0.6847 0.7762 0.4066, -0.6728 0.8673 0.3103, -0.6728 0.7752 0.4023, -0.6625 0.8602 0.3087, -0.6625 0.7736 0.3953, -0.6543 0.7715 0.3859, -0.6543 0.8508 0.3066, -0.6489 0.8397 0.304, -0.6489 0.7689 0.3747, -0.6466 0.8276 0.3013, -0.6466 0.7662 0.3626, -0.6475 0.8153 0.2985, -0.6515 0.8036 0.2958, -0.7384 0.7716 0.3321, -0.7432 0.7767 0.3426, -0.7449 0.7821 0.3539, -0.7433 0.7875 0.3651, -0.7386 0.7926 0.3757, -0.7311 0.797 0.3848, -0.7212 0.8004 0.3919, -0.7097 0.8027 0.3966, -0.6972 0.8035 0.3984, -0.6847 0.803 0.3973, -0.6728 0.8011 0.3933, -0.6625 0.798 0.3868, -0.6543 0.7938 0.3781, -0.6489 0.7888 0.3678, -0.6466 0.7834 0.3566, -0.6475 0.778 0.3453, -0.729 0.7874 0.2992, -0.7308 0.7879 0.3023, -0.7384 0.797 0.3067, -0.7432 0.8075 0.3117, -0.7449 0.8188 0.3172, -0.7433 0.8301 0.3226, -0.7386 0.8406 0.3277, -0.7311 0.8498 0.3321, -0.7212 0.8569 0.3355, -0.7097 0.8615 0.3377, -0.6972 0.8633 0.3386, -0.6847 0.8622 0.3381, -0.6728 0.8582 0.3362, -0.6625 0.8517 0.333, -0.6543 0.843 0.3288, -0.6489 0.8327 0.3239, -0.6466 0.8215 0.3185, -0.6475 0.8102 0.313, -0.6515 0.7994 0.3078, -0.7384 0.7905 0.317, -0.7432 0.7996 0.3243, -0.7449 0.8094 0.3321, -0.7433 0.8192 0.3399, -0.7386 0.8284 0.3472, -0.7311 0.8363 0.3535, -0.7212 0.8425 0.3584, -0.7097 0.8465 0.3616, -0.6972 0.8481 0.3629, -0.6847 0.8471 0.3621, -0.6728 0.8437 0.3594, -0.6625 0.838 0.3548, -0.6543 0.8304 0.3488, -0.6489 0.8215 0.3417, -0.6466 0.8118 0.334, -0.6475 0.802 0.3261, -0.6515 0.7926 0.3187, -0.7384 0.7819 0.3256, -0.7432 0.7892 0.3347, -0.7449 0.797 0.3445, -0.7433 0.8048 0.3543, -0.7386 0.8121 0.3635, -0.7311 0.8184 0.3714, -0.7212 0.8234 0.3775, -0.7097 0.8265 0.3815, -0.6972 0.8278 0.3831, -0.6847 0.827 0.3822, -0.6728 0.8243 0.3787, -0.6625 0.8198 0.3731, -0.6543 0.8138 0.3655, -0.6489 0.8066 0.3566, -0.6466 0.7989 0.3469, -0.6475 0.791 0.337, -0.6515 0.7836 0.3277, -0.7257 0.7874 0.1792, -0.6585 0.7882 0.1613, -0.6581 0.7909 0.1654, -0.6608 0.7879 0.1662, -0.6508 0.7874 0.1411, -0.6505 0.7874 0.1404, -0.6474 0.794 0.133, -0.6465 0.7874 0.1156, -0.6465 0.7874 0.1152, -0.6466 0.7883 0.1137, -0.7361 0.7795 0.145, -0.736 0.7814 0.1471, -0.7386 0.7846 0.1437, -0.7356 0.7874 0.154, -0.74 0.7942 0.1508, -0.74 0.7873 0.143, -0.7439 0.8037 0.1439, -0.7408 0.7874 0.1401, -0.74 0.7874 0.143, -0.7448 0.8021 0.1239, -0.7449 0.7874 0.1152, -0.7439 0.7939 0.1331, -0.7438 0.7874 0.1281, -0.7438 0.7874 0.1291, -0.7448 0.7882 0.1139, -0.7448 0.7874 0.1135, -0.7449 0.7874 0.1147, -0.7443 0.7874 0.1079, -0.7426 0.7942 0.1033, -0.7423 0.7874 0.1, -0.741 0.7874 0.095, -0.7374 0.7997 0.0935, -0.7375 0.7874 0.0876, -0.7303 0.7874 0.078, -0.7296 0.8045 0.0851, -0.7296 0.7874 0.0773, -0.7252 0.7874 0.0733, -0.7196 0.8081 0.0788, -0.7195 0.7874 0.0697, -0.7156 0.7874 0.0673, -0.7081 0.8104 0.0748, -0.7103 0.7874 0.0653, -0.6958 0.8112 0.0734, -0.6994 0.7874 0.0631, -0.7081 0.7874 0.0648, -0.6835 0.8104 0.0747, -0.6944 0.7874 0.0629, -0.6958 0.7874 0.063, -0.6689 0.7874 0.0713, -0.6721 0.7874 0.0696, -0.672 0.8081 0.0787, -0.6789 0.7874 0.066, -0.6834 0.7874 0.0646, -0.6653 0.7874 0.074, -0.662 0.8045 0.085, -0.6622 0.7874 0.0774, -0.6541 0.7998 0.0934, -0.6548 0.7874 0.0862, -0.6572 0.7874 0.0827, -0.6488 0.7943 0.1031, -0.6494 0.7874 0.0979, -0.6542 0.7874 0.0874, -0.6468 0.7874 0.1134, -0.6482 0.7874 0.1018, -0.6489 0.7874 0.0996, -0.6466 0.7874 0.1199, -0.6466 0.8022 0.1237, -0.6479 0.7874 0.128, -0.649 0.7874 0.1353, -0.6547 0.7822 0.1463, -0.6514 0.7862 0.1418, -0.6553 0.7862 0.1513, -0.6514 0.7943 0.1507, -0.6551 0.7885 0.1539, -0.6556 0.7885 0.1548, -0.6636 0.7877 0.1724, -0.6581 0.794 0.1748, -0.6647 0.7876 0.1762, -0.6651 0.7876 0.1773, -0.73 0.7874 0.1668, -0.7272 0.7874 0.1735, -0.7332 0.7939 0.1749, -0.7265 0.7874 0.1762, -0.7323 0.7874 0.1611, -0.7332 0.7908 0.1655, -0.7331 0.7874 0.1594, -0.74 0.8003 0.1612, -0.7348 0.7874 0.1557, -0.74 0.804 0.1727, -0.7439 0.8155 0.1702, -0.7448 0.8276 0.1676, -0.7426 0.8395 0.1651, -0.7374 0.8505 0.1627, -0.7296 0.8599 0.1607, -0.7196 0.8671 0.1592, -0.7081 0.8716 0.1582, -0.6958 0.8731 0.1579, -0.6835 0.8716 0.1582, -0.672 0.8672 0.1592, -0.662 0.86 0.1607, -0.6541 0.8507 0.1627, -0.6488 0.8397 0.165, -0.7426 0.8102 0.1148, -0.7374 0.8177 0.1064, -0.7296 0.8241 0.0992, -0.7196 0.8289 0.0937, -0.7081 0.832 0.0902, -0.6958 0.8331 0.0891, -0.6835 0.832 0.0902, -0.672 0.829 0.0936, -0.662 0.8242 0.0991, -0.6541 0.8178 0.1062, -0.6488 0.8103 0.1146, -0.6466 0.8278 0.1676, -0.7448 0.8136 0.1366, -0.7426 0.8235 0.1293, -0.7374 0.8325 0.1227, -0.7296 0.8403 0.117, -0.7196 0.8462 0.1127, -0.7081 0.8499 0.1099, -0.6958 0.8512 0.109, -0.6835 0.85 0.1099, -0.672 0.8463 0.1126, -0.662 0.8404 0.1169, -0.6541 0.8327 0.1226, -0.6488 0.8236 0.1292, -0.6466 0.8138 0.1364, -0.6474 0.8038 0.1438, -0.6512 0.7865 0.1415, -0.6514 0.7861 0.1417, -0.6544 0.7804 0.144, -0.6474 0.8157 0.1702, -0.7439 0.811 0.1564, -0.7448 0.8223 0.1514, -0.7426 0.8334 0.1464, -0.7374 0.8437 0.1417, -0.7296 0.8524 0.1378, -0.7196 0.8591 0.1348, -0.7081 0.8633 0.1329, -0.6958 0.8648 0.1323, -0.6835 0.8634 0.1329, -0.672 0.8592 0.1348, -0.662 0.8525 0.1378, -0.6541 0.8438 0.1417, -0.6488 0.8336 0.1463, -0.6466 0.8224 0.1513, -0.6474 0.8111 0.1563, -0.6514 0.8004 0.1612, -0.6514 0.8042 0.1726, -0.6514 0.8042 0.1726
            ]
        }
        coordIndex [
            0,1,2,-1,2,1,3,-1,2,3,4,-1,4,3,5,-1,4,5,6,-1,6,5,7,-1,6,7,8,-1,8,7,9,-1,8,9,10,-1,10,9,11,-1,10,11,12,-1,12,11,13,-1,12,13,14,-1,14,13,15,-1,14,15,16,-1,16,15,17,-1,16,17,18,-1,18,17,19,-1,18,19,20,-1,20,19,21,-1,20,21,22,-1,22,21,23,-1,22,23,24,-1,24,23,25,-1,24,25,26,-1,26,25,27,-1,26,27,28,-1,28,27,29,-1,28,29,30,-1,30,29,31,-1,30,31,32,-1,32,31,33,-1,32,33,34,-1,34,33,35,-1,34,35,36,-1,36,35,37,-1,36,37,38,-1,38,37,39,-1,38,39,40,-1,40,39,41,-1,41,39,42,-1,41,42,43,-1,43,42,44,-1,44,42,45,-1,44,45,46,-1,47,48,46,-1,46,48,49,-1,46,49,44,-1,46,50,47,-1,47,50,51,-1,47,51,52,-1,53,54,55,-1,55,54,56,-1,55,56,57,-1,57,56,58,-1,57,58,59,-1,59,58,60,-1,59,60,61,-1,61,60,62,-1,61,62,63,-1,63,62,64,-1,63,64,65,-1,65,64,66,-1,65,66,67,-1,67,66,68,-1,67,68,69,-1,69,68,70,-1,69,70,71,-1,71,70,72,-1,71,72,73,-1,73,72,74,-1,73,74,75,-1,75,74,76,-1,75,76,77,-1,77,76,52,-1,77,52,78,-1,78,52,51,-1,79,80,81,-1,82,83,84,-1,85,86,87,-1,88,89,90,-1,91,92,93,-1,94,95,96,-1,97,0,2,-1,98,99,100,-1,100,99,101,-1,102,103,104,-1,104,103,105,-1,91,93,106,-1,107,108,109,-1,109,108,110,-1,109,110,111,-1,112,113,114,-1,114,113,115,-1,114,115,116,-1,116,115,90,-1,116,90,117,-1,117,90,89,-1,79,81,118,-1,56,54,119,-1,119,120,56,-1,56,120,121,-1,56,121,58,-1,58,121,122,-1,123,62,122,-1,122,62,60,-1,122,60,58,-1,124,66,123,-1,123,66,64,-1,123,64,62,-1,113,125,115,-1,115,125,126,-1,115,126,127,-1,128,70,124,-1,124,70,68,-1,124,68,66,-1,126,129,127,-1,127,129,130,-1,127,130,131,-1,52,76,132,-1,132,76,74,-1,132,74,128,-1,128,74,72,-1,128,72,70,-1,130,133,131,-1,131,133,134,-1,131,134,135,-1,52,132,47,-1,47,132,136,-1,47,136,48,-1,134,137,135,-1,135,137,138,-1,135,138,139,-1,48,136,49,-1,49,136,140,-1,49,140,44,-1,138,141,139,-1,139,141,142,-1,139,142,143,-1,44,140,43,-1,43,140,144,-1,43,144,41,-1,142,145,143,-1,143,145,146,-1,143,146,147,-1,41,144,40,-1,40,144,148,-1,40,148,38,-1,146,149,147,-1,147,149,150,-1,147,150,151,-1,38,148,36,-1,36,148,152,-1,36,152,34,-1,150,153,151,-1,151,153,154,-1,151,154,155,-1,34,152,32,-1,32,152,156,-1,32,156,30,-1,154,157,155,-1,155,157,158,-1,155,158,159,-1,30,156,28,-1,28,156,160,-1,28,160,26,-1,158,161,159,-1,159,161,162,-1,159,162,163,-1,26,160,24,-1,24,160,164,-1,24,164,22,-1,162,165,163,-1,163,165,166,-1,163,166,167,-1,22,164,20,-1,20,164,168,-1,20,168,18,-1,166,169,167,-1,167,169,170,-1,167,170,171,-1,18,168,16,-1,16,168,172,-1,16,172,14,-1,170,173,171,-1,171,173,174,-1,171,174,175,-1,14,172,12,-1,12,172,176,-1,12,176,10,-1,174,177,175,-1,175,177,178,-1,175,178,179,-1,10,176,8,-1,8,176,180,-1,8,180,6,-1,178,181,179,-1,179,181,182,-1,179,182,110,-1,110,182,183,-1,110,183,111,-1,6,180,4,-1,4,180,100,-1,4,100,2,-1,2,100,101,-1,2,101,97,-1,120,118,121,-1,121,118,81,-1,121,81,122,-1,122,81,184,-1,122,184,123,-1,123,184,185,-1,123,185,124,-1,124,185,186,-1,124,186,128,-1,128,186,187,-1,128,187,132,-1,132,187,188,-1,132,188,136,-1,136,188,189,-1,136,189,140,-1,140,189,190,-1,140,190,144,-1,144,190,191,-1,144,191,148,-1,148,191,192,-1,148,192,152,-1,152,192,193,-1,152,193,156,-1,156,193,194,-1,156,194,160,-1,160,194,195,-1,160,195,164,-1,164,195,196,-1,164,196,168,-1,168,196,197,-1,168,197,172,-1,172,197,198,-1,172,198,176,-1,176,198,199,-1,176,199,180,-1,180,199,200,-1,180,200,100,-1,100,200,201,-1,100,201,98,-1,98,201,202,-1,80,82,81,-1,81,82,84,-1,81,84,184,-1,184,84,203,-1,184,203,185,-1,185,203,204,-1,185,204,186,-1,186,204,205,-1,186,205,187,-1,187,205,206,-1,187,206,188,-1,188,206,207,-1,188,207,189,-1,189,207,208,-1,189,208,190,-1,190,208,209,-1,190,209,191,-1,191,209,210,-1,191,210,192,-1,192,210,211,-1,192,211,193,-1,193,211,212,-1,193,212,194,-1,194,212,213,-1,194,213,195,-1,195,213,214,-1,195,214,196,-1,196,214,215,-1,196,215,197,-1,197,215,216,-1,197,216,198,-1,198,216,217,-1,198,217,199,-1,199,217,218,-1,199,218,200,-1,200,218,219,-1,200,219,201,-1,201,219,96,-1,201,96,202,-1,202,96,95,-1,83,85,84,-1,84,85,87,-1,84,87,203,-1,203,87,220,-1,203,220,204,-1,204,220,221,-1,204,221,205,-1,205,221,222,-1,205,222,206,-1,206,222,223,-1,206,223,207,-1,207,223,224,-1,207,224,208,-1,208,224,225,-1,208,225,209,-1,209,225,226,-1,209,226,210,-1,210,226,227,-1,210,227,211,-1,211,227,228,-1,211,228,212,-1,212,228,229,-1,212,229,213,-1,213,229,230,-1,213,230,214,-1,214,230,231,-1,214,231,215,-1,215,231,232,-1,215,232,216,-1,216,232,233,-1,216,233,217,-1,217,233,234,-1,217,234,218,-1,218,234,235,-1,218,235,219,-1,219,235,236,-1,219,236,96,-1,96,236,104,-1,96,104,94,-1,94,104,105,-1,86,237,87,-1,87,237,238,-1,87,238,220,-1,220,238,239,-1,220,239,221,-1,221,239,240,-1,221,240,222,-1,222,240,241,-1,222,241,223,-1,223,241,242,-1,223,242,224,-1,224,242,243,-1,224,243,225,-1,225,243,244,-1,225,244,226,-1,226,244,245,-1,226,245,227,-1,227,245,246,-1,227,246,228,-1,228,246,247,-1,228,247,229,-1,229,247,248,-1,229,248,230,-1,230,248,249,-1,230,249,231,-1,231,249,250,-1,231,250,232,-1,232,250,251,-1,232,251,233,-1,233,251,252,-1,233,252,234,-1,234,252,253,-1,234,253,235,-1,235,253,254,-1,235,254,236,-1,236,254,255,-1,236,255,104,-1,104,255,93,-1,104,93,102,-1,102,93,92,-1,237,256,238,-1,238,256,88,-1,238,88,239,-1,239,88,90,-1,239,90,240,-1,240,90,115,-1,240,115,241,-1,241,115,127,-1,241,127,242,-1,242,127,131,-1,242,131,243,-1,243,131,135,-1,243,135,244,-1,244,135,139,-1,244,139,245,-1,245,139,143,-1,245,143,246,-1,246,143,147,-1,246,147,247,-1,247,147,151,-1,247,151,248,-1,248,151,155,-1,248,155,249,-1,249,155,159,-1,249,159,250,-1,250,159,163,-1,250,163,251,-1,251,163,167,-1,251,167,252,-1,252,167,171,-1,252,171,253,-1,253,171,175,-1,253,175,254,-1,254,175,179,-1,254,179,255,-1,255,179,110,-1,255,110,93,-1,93,110,108,-1,93,108,106,-1,106,108,107,-1,257,113,112,-1,133,130,258,-1,137,134,259,-1,153,260,154,-1,154,260,261,-1,154,261,157,-1,262,263,150,-1,263,264,150,-1,150,264,265,-1,150,265,153,-1,153,265,266,-1,153,266,260,-1,150,149,262,-1,262,149,146,-1,262,146,267,-1,267,146,268,-1,146,145,268,-1,268,145,142,-1,268,142,269,-1,269,142,270,-1,270,142,271,-1,271,142,141,-1,271,141,272,-1,272,141,138,-1,272,138,273,-1,137,259,138,-1,138,259,274,-1,138,274,273,-1,133,258,134,-1,134,258,275,-1,134,275,259,-1,276,277,130,-1,277,278,130,-1,130,278,279,-1,130,279,258,-1,130,129,276,-1,276,129,126,-1,276,126,280,-1,280,126,281,-1,281,126,257,-1,257,126,125,-1,257,125,113,-1,111,183,282,-1,282,183,182,-1,282,182,283,-1,178,284,181,-1,181,284,285,-1,181,285,182,-1,182,285,286,-1,182,286,283,-1,177,287,178,-1,178,287,288,-1,178,288,284,-1,166,289,169,-1,169,289,290,-1,169,290,170,-1,170,290,291,-1,170,291,173,-1,173,291,292,-1,173,292,174,-1,174,292,293,-1,174,293,177,-1,177,293,294,-1,177,294,287,-1,295,296,165,-1,165,296,297,-1,165,297,166,-1,166,297,298,-1,166,298,289,-1,299,300,161,-1,161,300,301,-1,161,301,162,-1,162,301,302,-1,162,302,165,-1,165,302,303,-1,165,303,295,-1,157,261,158,-1,158,261,304,-1,158,304,305,-1,305,306,158,-1,158,306,307,-1,158,307,161,-1,161,307,308,-1,161,308,299,-1,309,53,55,-1,310,311,312,-1,313,314,315,-1,316,317,318,-1,319,320,321,-1,322,323,324,-1,321,320,323,-1,323,320,325,-1,323,325,324,-1,326,327,328,-1,328,327,329,-1,328,329,330,-1,331,332,333,-1,332,331,334,-1,334,331,335,-1,334,335,336,-1,336,335,337,-1,337,335,338,-1,337,338,339,-1,339,338,340,-1,340,338,341,-1,340,341,342,-1,342,341,343,-1,343,341,344,-1,343,344,345,-1,345,344,346,-1,346,344,347,-1,346,347,348,-1,349,350,347,-1,347,350,351,-1,347,351,348,-1,352,353,349,-1,349,353,354,-1,349,354,350,-1,355,356,357,-1,357,356,358,-1,357,358,352,-1,352,358,359,-1,352,359,353,-1,355,357,360,-1,360,357,361,-1,360,361,362,-1,363,364,361,-1,361,364,365,-1,361,365,362,-1,366,367,363,-1,363,367,368,-1,363,368,364,-1,317,369,318,-1,318,369,370,-1,318,370,366,-1,366,370,371,-1,366,371,367,-1,372,373,374,-1,374,373,375,-1,374,375,376,-1,376,375,377,-1,378,379,380,-1,378,380,381,-1,378,382,383,-1,379,378,313,-1,313,378,383,-1,313,383,314,-1,312,311,384,-1,384,311,385,-1,384,385,386,-1,386,385,387,-1,387,385,3,-1,387,3,1,-1,388,389,390,-1,390,389,391,-1,390,391,309,-1,392,393,394,-1,394,393,395,-1,394,395,396,-1,397,325,398,-1,398,325,320,-1,398,320,399,-1,399,320,319,-1,399,319,400,-1,309,55,390,-1,390,55,57,-1,390,57,401,-1,57,59,401,-1,401,59,61,-1,401,61,402,-1,61,63,402,-1,402,63,65,-1,402,65,403,-1,65,67,403,-1,403,67,69,-1,403,69,404,-1,69,71,404,-1,404,71,73,-1,404,73,405,-1,73,75,405,-1,405,75,77,-1,405,77,406,-1,77,78,406,-1,406,78,51,-1,406,51,407,-1,51,50,407,-1,407,50,46,-1,407,46,408,-1,46,45,408,-1,408,45,42,-1,408,42,409,-1,42,39,409,-1,409,39,37,-1,409,37,410,-1,37,35,410,-1,410,35,33,-1,410,33,411,-1,33,31,411,-1,411,31,29,-1,411,29,412,-1,29,27,412,-1,412,27,25,-1,412,25,413,-1,25,23,413,-1,413,23,21,-1,413,21,414,-1,333,327,331,-1,331,327,326,-1,331,326,335,-1,335,326,415,-1,335,415,338,-1,338,415,416,-1,338,416,341,-1,341,416,417,-1,341,417,344,-1,344,417,418,-1,344,418,347,-1,347,418,419,-1,347,419,349,-1,349,419,420,-1,349,420,352,-1,352,420,421,-1,352,421,357,-1,357,421,422,-1,357,422,361,-1,361,422,423,-1,361,423,363,-1,363,423,424,-1,363,424,366,-1,366,424,425,-1,366,425,318,-1,318,425,373,-1,318,373,316,-1,316,373,372,-1,21,19,414,-1,414,19,17,-1,414,17,426,-1,330,322,328,-1,328,322,324,-1,328,324,326,-1,326,324,427,-1,326,427,415,-1,415,427,428,-1,415,428,416,-1,416,428,429,-1,416,429,417,-1,417,429,430,-1,417,430,418,-1,418,430,431,-1,418,431,419,-1,419,431,432,-1,419,432,420,-1,420,432,433,-1,420,433,421,-1,421,433,434,-1,421,434,422,-1,422,434,435,-1,422,435,423,-1,423,435,436,-1,423,436,424,-1,424,436,437,-1,424,437,425,-1,425,437,438,-1,425,438,373,-1,373,438,439,-1,373,439,375,-1,375,439,381,-1,375,381,377,-1,377,381,380,-1,17,15,426,-1,426,15,13,-1,426,13,440,-1,397,396,325,-1,325,396,395,-1,325,395,324,-1,324,395,441,-1,324,441,427,-1,427,441,442,-1,427,442,428,-1,428,442,443,-1,428,443,429,-1,429,443,444,-1,429,444,430,-1,430,444,445,-1,430,445,431,-1,431,445,446,-1,431,446,432,-1,432,446,447,-1,432,447,433,-1,433,447,448,-1,433,448,434,-1,434,448,449,-1,434,449,435,-1,435,449,450,-1,435,450,436,-1,436,450,451,-1,436,451,437,-1,437,451,452,-1,437,452,438,-1,438,452,453,-1,438,453,439,-1,439,453,454,-1,439,454,381,-1,381,454,455,-1,381,455,378,-1,378,455,456,-1,392,388,393,-1,393,388,390,-1,393,390,395,-1,395,390,401,-1,395,401,441,-1,441,401,402,-1,441,402,442,-1,442,402,403,-1,442,403,443,-1,443,403,404,-1,443,404,444,-1,444,404,405,-1,444,405,445,-1,445,405,406,-1,445,406,446,-1,446,406,407,-1,446,407,447,-1,447,407,408,-1,447,408,448,-1,448,408,409,-1,448,409,449,-1,449,409,410,-1,449,410,450,-1,450,410,411,-1,450,411,451,-1,451,411,412,-1,451,412,452,-1,452,412,413,-1,452,413,453,-1,453,413,414,-1,453,414,454,-1,454,414,426,-1,454,426,455,-1,455,426,440,-1,455,440,456,-1,456,440,457,-1,13,11,440,-1,440,11,9,-1,440,9,457,-1,457,9,7,-1,457,7,5,-1,382,378,310,-1,310,378,456,-1,310,456,311,-1,311,456,457,-1,311,457,385,-1,385,457,5,-1,385,5,3,-1,458,459,460,-1,460,459,461,-1,460,461,462,-1,462,461,463,-1,462,463,464,-1,464,463,465,-1,464,465,466,-1,466,465,467,-1,466,467,468,-1,468,467,469,-1,468,469,470,-1,470,469,471,-1,470,471,472,-1,472,471,473,-1,472,473,474,-1,474,473,475,-1,474,475,476,-1,476,475,477,-1,476,477,478,-1,478,477,479,-1,478,479,480,-1,480,479,481,-1,480,481,482,-1,481,483,482,-1,482,483,484,-1,482,484,485,-1,485,484,486,-1,485,486,487,-1,487,486,488,-1,487,488,489,-1,489,488,490,-1,489,490,491,-1,491,490,492,-1,491,492,493,-1,493,492,494,-1,493,494,495,-1,495,494,496,-1,495,496,497,-1,497,496,498,-1,498,496,499,-1,498,499,500,-1,500,499,501,-1,501,499,502,-1,501,502,503,-1,503,502,504,-1,503,504,505,-1,505,504,506,-1,505,506,507,-1,507,506,508,-1,507,508,509,-1,509,508,510,-1,509,510,511,-1,511,510,512,-1,511,512,513,-1,513,512,514,-1,513,514,515,-1,515,514,516,-1,515,516,517,-1,517,516,518,-1,517,518,519,-1,519,518,520,-1,519,520,521,-1,521,520,522,-1,521,522,523,-1,523,522,524,-1,523,524,525,-1,525,524,526,-1,525,526,527,-1,527,526,528,-1,527,528,529,-1,529,528,530,-1,529,530,531,-1,530,532,531,-1,531,532,533,-1,531,533,534,-1,534,533,535,-1,534,535,536,-1,537,538,539,-1,540,541,542,-1,542,541,543,-1,543,541,544,-1,543,544,545,-1,546,547,548,-1,548,547,542,-1,542,547,549,-1,542,549,540,-1,548,550,546,-1,546,550,551,-1,546,551,552,-1,552,551,553,-1,554,555,556,-1,556,555,557,-1,556,557,558,-1,558,557,559,-1,558,559,560,-1,560,559,561,-1,560,561,562,-1,562,561,563,-1,562,563,564,-1,564,563,565,-1,564,565,566,-1,554,556,567,-1,567,556,568,-1,567,568,569,-1,569,568,570,-1,569,570,571,-1,571,570,572,-1,571,572,573,-1,573,572,574,-1,573,574,575,-1,576,577,578,-1,578,577,579,-1,578,579,574,-1,574,579,580,-1,574,580,575,-1,581,582,583,-1,583,582,584,-1,583,584,585,-1,585,584,586,-1,585,586,587,-1,587,586,588,-1,587,588,589,-1,589,588,590,-1,589,590,576,-1,576,590,591,-1,576,591,577,-1,581,583,592,-1,592,583,593,-1,592,593,594,-1,594,593,595,-1,594,595,596,-1,596,595,597,-1,597,595,598,-1,597,598,599,-1,599,598,600,-1,599,600,601,-1,602,603,604,-1,604,603,605,-1,604,605,600,-1,600,605,606,-1,600,606,601,-1,607,608,609,-1,608,610,609,-1,609,610,611,-1,609,611,612,-1,612,611,613,-1,612,613,604,-1,604,613,614,-1,604,614,602,-1,607,609,538,-1,538,609,615,-1,538,615,539,-1,544,616,545,-1,545,616,617,-1,545,617,618,-1,618,617,619,-1,618,619,620,-1,620,619,621,-1,620,621,539,-1,539,621,622,-1,539,622,537,-1,623,624,625,-1,626,553,551,-1,627,628,629,-1,630,631,632,-1,633,634,635,-1,636,637,638,-1,639,458,460,-1,640,641,642,-1,642,641,643,-1,627,629,644,-1,644,629,645,-1,644,645,646,-1,647,648,649,-1,564,566,650,-1,648,647,650,-1,650,647,651,-1,650,651,564,-1,626,652,653,-1,653,652,654,-1,653,654,655,-1,656,657,658,-1,658,657,659,-1,658,659,660,-1,661,662,663,-1,664,665,666,-1,666,665,667,-1,536,664,534,-1,534,664,666,-1,534,666,531,-1,531,666,668,-1,669,527,668,-1,668,527,529,-1,668,529,531,-1,626,551,652,-1,652,551,550,-1,652,550,670,-1,671,523,669,-1,669,523,525,-1,669,525,527,-1,550,548,670,-1,670,548,542,-1,670,542,672,-1,673,519,671,-1,671,519,521,-1,671,521,523,-1,542,543,672,-1,672,543,545,-1,672,545,674,-1,675,515,673,-1,673,515,517,-1,673,517,519,-1,545,618,674,-1,674,618,620,-1,674,620,676,-1,677,511,675,-1,675,511,513,-1,675,513,515,-1,620,539,676,-1,676,539,615,-1,676,615,678,-1,679,507,677,-1,677,507,509,-1,677,509,511,-1,615,609,678,-1,678,609,612,-1,678,612,680,-1,681,503,679,-1,679,503,505,-1,679,505,507,-1,612,604,680,-1,680,604,600,-1,680,600,682,-1,683,500,681,-1,681,500,501,-1,681,501,503,-1,600,598,682,-1,682,598,595,-1,682,595,684,-1,685,497,683,-1,683,497,498,-1,683,498,500,-1,595,593,684,-1,684,593,583,-1,684,583,686,-1,687,493,685,-1,685,493,495,-1,685,495,497,-1,583,585,686,-1,686,585,587,-1,686,587,688,-1,689,489,687,-1,687,489,491,-1,687,491,493,-1,587,589,688,-1,688,589,576,-1,688,576,690,-1,482,485,689,-1,689,485,487,-1,689,487,489,-1,576,578,690,-1,690,578,574,-1,690,574,691,-1,482,689,480,-1,480,689,692,-1,480,692,478,-1,478,692,693,-1,478,693,476,-1,574,572,691,-1,691,572,570,-1,691,570,694,-1,476,693,474,-1,474,693,695,-1,474,695,472,-1,570,568,694,-1,694,568,556,-1,694,556,696,-1,472,695,470,-1,470,695,697,-1,470,697,468,-1,556,558,696,-1,696,558,560,-1,696,560,651,-1,651,560,562,-1,651,562,564,-1,468,697,466,-1,466,697,698,-1,466,698,464,-1,624,655,625,-1,625,655,654,-1,625,654,699,-1,699,654,652,-1,699,652,700,-1,700,652,670,-1,700,670,701,-1,701,670,672,-1,701,672,702,-1,702,672,674,-1,702,674,703,-1,703,674,676,-1,703,676,704,-1,704,676,678,-1,704,678,705,-1,705,678,680,-1,705,680,706,-1,706,680,682,-1,706,682,707,-1,707,682,684,-1,707,684,708,-1,708,684,686,-1,708,686,709,-1,709,686,688,-1,709,688,710,-1,710,688,690,-1,710,690,711,-1,711,690,691,-1,711,691,712,-1,712,691,694,-1,712,694,713,-1,713,694,696,-1,713,696,714,-1,714,696,651,-1,714,651,645,-1,645,651,647,-1,645,647,646,-1,646,647,649,-1,464,698,462,-1,462,698,642,-1,462,642,460,-1,460,642,643,-1,460,643,639,-1,667,715,666,-1,666,715,716,-1,666,716,668,-1,668,716,717,-1,668,717,669,-1,669,717,718,-1,669,718,671,-1,671,718,719,-1,671,719,673,-1,673,719,720,-1,673,720,675,-1,675,720,721,-1,675,721,677,-1,677,721,722,-1,677,722,679,-1,679,722,723,-1,679,723,681,-1,681,723,724,-1,681,724,683,-1,683,724,725,-1,683,725,685,-1,685,725,726,-1,685,726,687,-1,687,726,727,-1,687,727,689,-1,689,727,728,-1,689,728,692,-1,692,728,729,-1,692,729,693,-1,693,729,730,-1,693,730,695,-1,695,730,731,-1,695,731,697,-1,697,731,732,-1,697,732,698,-1,698,732,733,-1,698,733,642,-1,642,733,638,-1,642,638,640,-1,640,638,637,-1,715,661,716,-1,716,661,663,-1,716,663,717,-1,717,663,734,-1,717,734,718,-1,718,734,735,-1,718,735,719,-1,719,735,736,-1,719,736,720,-1,720,736,737,-1,720,737,721,-1,721,737,738,-1,721,738,722,-1,722,738,739,-1,722,739,723,-1,723,739,740,-1,723,740,724,-1,724,740,741,-1,724,741,725,-1,725,741,742,-1,725,742,726,-1,726,742,743,-1,726,743,727,-1,727,743,744,-1,727,744,728,-1,728,744,745,-1,728,745,729,-1,729,745,746,-1,729,746,730,-1,730,746,747,-1,730,747,731,-1,731,747,748,-1,731,748,732,-1,732,748,749,-1,732,749,733,-1,733,749,750,-1,733,750,638,-1,638,750,635,-1,638,635,636,-1,636,635,634,-1,662,656,663,-1,663,656,658,-1,663,658,734,-1,734,658,751,-1,734,751,735,-1,735,751,752,-1,735,752,736,-1,736,752,753,-1,736,753,737,-1,737,753,754,-1,737,754,738,-1,738,754,755,-1,738,755,739,-1,739,755,756,-1,739,756,740,-1,740,756,757,-1,740,757,741,-1,741,757,758,-1,741,758,742,-1,742,758,759,-1,742,759,743,-1,743,759,760,-1,743,760,744,-1,744,760,761,-1,744,761,745,-1,745,761,762,-1,745,762,746,-1,746,762,763,-1,746,763,747,-1,747,763,764,-1,747,764,748,-1,748,764,765,-1,748,765,749,-1,749,765,766,-1,749,766,750,-1,750,766,767,-1,750,767,635,-1,635,767,632,-1,635,632,633,-1,633,632,631,-1,660,623,658,-1,658,623,625,-1,658,625,751,-1,751,625,699,-1,751,699,752,-1,752,699,700,-1,752,700,753,-1,753,700,701,-1,753,701,754,-1,754,701,702,-1,754,702,755,-1,755,702,703,-1,755,703,756,-1,756,703,704,-1,756,704,757,-1,757,704,705,-1,757,705,758,-1,758,705,706,-1,758,706,759,-1,759,706,707,-1,759,707,760,-1,760,707,708,-1,760,708,761,-1,761,708,709,-1,761,709,762,-1,762,709,710,-1,762,710,763,-1,763,710,711,-1,763,711,764,-1,764,711,712,-1,764,712,765,-1,765,712,713,-1,765,713,766,-1,766,713,714,-1,766,714,767,-1,767,714,645,-1,767,645,632,-1,632,645,629,-1,632,629,630,-1,630,629,628,-1,768,535,533,-1,769,770,771,-1,772,773,774,-1,775,776,777,-1,778,779,780,-1,779,781,780,-1,780,781,782,-1,780,782,783,-1,784,785,782,-1,782,785,786,-1,782,786,783,-1,787,788,789,-1,789,788,790,-1,789,790,791,-1,792,793,794,-1,793,792,795,-1,795,792,796,-1,795,796,797,-1,797,796,798,-1,798,796,799,-1,798,799,800,-1,800,799,801,-1,801,799,802,-1,801,802,803,-1,803,802,804,-1,804,802,805,-1,804,805,806,-1,806,805,807,-1,807,805,808,-1,807,808,809,-1,810,811,808,-1,808,811,812,-1,808,812,809,-1,813,814,810,-1,810,814,815,-1,810,815,811,-1,816,817,818,-1,818,817,819,-1,818,819,813,-1,813,819,820,-1,813,820,814,-1,816,818,821,-1,821,818,822,-1,821,822,823,-1,824,825,822,-1,822,825,826,-1,822,826,823,-1,827,828,824,-1,824,828,829,-1,824,829,825,-1,776,830,777,-1,777,830,831,-1,777,831,827,-1,827,831,832,-1,827,832,828,-1,833,834,835,-1,835,834,774,-1,835,774,836,-1,836,774,773,-1,837,838,839,-1,839,838,840,-1,839,840,841,-1,841,840,842,-1,771,770,843,-1,843,770,844,-1,843,844,845,-1,845,844,846,-1,846,844,461,-1,846,461,459,-1,847,848,849,-1,849,848,850,-1,849,850,768,-1,851,852,853,-1,853,852,854,-1,853,854,855,-1,768,533,849,-1,849,533,532,-1,849,532,856,-1,532,530,856,-1,856,530,528,-1,856,528,857,-1,528,526,857,-1,857,526,524,-1,857,524,858,-1,524,522,858,-1,858,522,520,-1,858,520,859,-1,520,518,859,-1,859,518,516,-1,859,516,860,-1,516,514,860,-1,860,514,512,-1,860,512,861,-1,512,510,861,-1,861,510,508,-1,861,508,862,-1,508,506,862,-1,862,506,504,-1,862,504,863,-1,504,502,863,-1,863,502,499,-1,863,499,864,-1,499,496,864,-1,864,496,494,-1,864,494,865,-1,494,492,865,-1,865,492,490,-1,865,490,866,-1,490,488,866,-1,866,488,486,-1,866,486,867,-1,486,484,867,-1,867,484,483,-1,867,483,868,-1,483,481,868,-1,868,481,479,-1,868,479,869,-1,794,788,792,-1,792,788,787,-1,792,787,796,-1,796,787,870,-1,796,870,799,-1,799,870,871,-1,799,871,802,-1,802,871,872,-1,802,872,805,-1,805,872,873,-1,805,873,808,-1,808,873,874,-1,808,874,810,-1,810,874,875,-1,810,875,813,-1,813,875,876,-1,813,876,818,-1,818,876,877,-1,818,877,822,-1,822,877,878,-1,822,878,824,-1,824,878,879,-1,824,879,827,-1,827,879,880,-1,827,880,777,-1,777,880,834,-1,777,834,775,-1,775,834,833,-1,479,477,869,-1,869,477,475,-1,869,475,881,-1,791,785,789,-1,789,785,784,-1,789,784,787,-1,787,784,882,-1,787,882,870,-1,870,882,883,-1,870,883,871,-1,871,883,884,-1,871,884,872,-1,872,884,885,-1,872,885,873,-1,873,885,886,-1,873,886,874,-1,874,886,887,-1,874,887,875,-1,875,887,888,-1,875,888,876,-1,876,888,889,-1,876,889,877,-1,877,889,890,-1,877,890,878,-1,878,890,891,-1,878,891,879,-1,879,891,892,-1,879,892,880,-1,880,892,893,-1,880,893,834,-1,834,893,894,-1,834,894,774,-1,774,894,895,-1,774,895,772,-1,772,895,840,-1,772,840,896,-1,896,840,838,-1,896,838,897,-1,897,838,837,-1,897,837,898,-1,475,473,881,-1,881,473,471,-1,881,471,899,-1,781,855,782,-1,782,855,854,-1,782,854,784,-1,784,854,900,-1,784,900,882,-1,882,900,901,-1,882,901,883,-1,883,901,902,-1,883,902,884,-1,884,902,903,-1,884,903,885,-1,885,903,904,-1,885,904,886,-1,886,904,905,-1,886,905,887,-1,887,905,906,-1,887,906,888,-1,888,906,907,-1,888,907,889,-1,889,907,908,-1,889,908,890,-1,890,908,909,-1,890,909,891,-1,891,909,910,-1,891,910,892,-1,892,910,911,-1,892,911,893,-1,893,911,912,-1,893,912,894,-1,894,912,913,-1,894,913,895,-1,895,913,914,-1,895,914,840,-1,840,914,915,-1,851,847,852,-1,852,847,849,-1,852,849,854,-1,854,849,856,-1,854,856,900,-1,900,856,857,-1,900,857,901,-1,901,857,858,-1,901,858,902,-1,902,858,859,-1,902,859,903,-1,903,859,860,-1,903,860,904,-1,904,860,861,-1,904,861,905,-1,905,861,862,-1,905,862,906,-1,906,862,863,-1,906,863,907,-1,907,863,864,-1,907,864,908,-1,908,864,865,-1,908,865,909,-1,909,865,866,-1,909,866,910,-1,910,866,867,-1,910,867,911,-1,911,867,868,-1,911,868,912,-1,912,868,869,-1,912,869,913,-1,913,869,881,-1,913,881,914,-1,914,881,899,-1,914,899,915,-1,915,899,916,-1,471,469,899,-1,899,469,467,-1,899,467,916,-1,916,467,465,-1,916,465,463,-1,842,840,769,-1,769,840,915,-1,769,915,770,-1,770,915,916,-1,770,916,844,-1,844,916,463,-1,844,463,461,-1,
        ]
    }
}
Shape{
    appearance Appearance {
        material  Material 	{
            diffuseColor 1.0 1.0 1.0
            specularColor 0.5019607843137255 0.5019607843137255 0.5019607843137255
            ambientIntensity 0.2
            transparency 0
            shininess 0.5
        }
    }
    geometry IndexedFaceSet {
        ccw TRUE
        solid FALSE
        coord DEF co Coordinate {
            point [
                -0.0482 0.9843 0.1876, -0.0481 0.9843 0.1817, -0.0482 0.9843 0.1876, -0.0481 0.9843 0.1817, -0.0275 0.9843 0.1878, -0.0275 0.9843 0.1878, -0.0278 0.9843 0.2339, -0.0278 0.9843 0.2339, -0.0278 0.9843 0.2336, -0.0211 0.9843 0.2339, -0.0211 0.9843 0.2339, -0.0207 0.9843 0.1819, -0.0207 0.9843 0.1819, -0.0211 0.9843 0.2336, -0.0892 0.9843 0.1835, -0.0892 0.9843 0.1835, -0.0884 0.9843 0.1831, -0.0748 0.9843 0.1806, -0.0748 0.9843 0.1806, -0.0764 0.9843 0.1808, -0.0828 0.9843 0.1813, -0.0828 0.9843 0.1813, -0.087 0.9843 0.1827, -0.0884 0.9843 0.1831, -0.0893 0.9843 0.19, -0.0893 0.9843 0.19, -0.087 0.9843 0.189, -0.0841 0.9843 0.1877, -0.0841 0.9843 0.1877, -0.0783 0.9843 0.1867, -0.0783 0.9843 0.1867, -0.0758 0.9843 0.1866, -0.0758 0.9843 0.1866, -0.0713 0.9843 0.1871, -0.0713 0.9843 0.1871, -0.0674 0.9843 0.1884, -0.0674 0.9843 0.1884, -0.0639 0.9843 0.1908, -0.0639 0.9843 0.1908, -0.0625 0.9843 0.1922, -0.0625 0.9843 0.1922, -0.0601 0.9843 0.1955, -0.0601 0.9843 0.1955, -0.0584 0.9843 0.1996, -0.0584 0.9843 0.1996, -0.0576 0.9843 0.2047, -0.0576 0.9843 0.2047, -0.0575 0.9843 0.2071, -0.0575 0.9843 0.2071, -0.0584 0.9843 0.2142, -0.0584 0.9843 0.2142, -0.0602 0.9843 0.2187, -0.0602 0.9843 0.2187, -0.0627 0.9843 0.2223, -0.0627 0.9843 0.2223, -0.0631 0.9843 0.2227, -0.0631 0.9843 0.2227, -0.0663 0.9843 0.2254, -0.0663 0.9843 0.2254, -0.0704 0.9843 0.2273, -0.0704 0.9843 0.2273, -0.0749 0.9843 0.2282, -0.0749 0.9843 0.2282, -0.0773 0.9843 0.2283, -0.0773 0.9843 0.2283, -0.0895 0.9843 0.2252, -0.0895 0.9843 0.2252, -0.089 0.9843 0.2255, -0.0837 0.9843 0.2275, -0.0837 0.9843 0.2275, -0.087 0.9843 0.2262, -0.089 0.9843 0.2255, -0.0896 0.9843 0.2322, -0.0896 0.9843 0.2322, -0.0847 0.9843 0.2336, -0.0841 0.9843 0.2338, -0.087 0.9843 0.233, -0.0841 0.9843 0.2338, -0.0773 0.9843 0.2344, -0.0773 0.9843 0.2344, -0.0698 0.9843 0.2335, -0.0706 0.9843 0.2336, -0.0698 0.9843 0.2335, -0.0643 0.9843 0.2315, -0.0643 0.9843 0.2315, -0.0594 0.9843 0.2281, -0.0594 0.9843 0.2281, -0.0581 0.9843 0.2269, -0.0581 0.9843 0.2269, -0.0543 0.9843 0.222, -0.0543 0.9843 0.222, -0.0524 0.9843 0.2176, -0.0518 0.9843 0.2162, -0.0518 0.9843 0.2162, -0.0506 0.9843 0.2094, -0.0506 0.9843 0.2094, -0.0504 0.9843 0.2067, -0.0504 0.9843 0.2067, -0.0514 0.9843 0.1982, -0.0514 0.9843 0.1982, -0.0524 0.9843 0.1956, -0.0535 0.9843 0.1928, -0.0535 0.9843 0.1928, -0.0566 0.9843 0.1883, -0.0566 0.9843 0.1883, -0.057 0.9843 0.1878, -0.057 0.9843 0.1878, -0.0728 0.9843 0.1808, -0.0707 0.9843 0.1809, -0.0707 0.9843 0.1809, -0.0652 0.9843 0.1823, -0.0652 0.9843 0.1823, -0.0604 0.9843 0.1848, -0.0604 0.9843 0.1848, -0.1277 0.9843 0.1871, -0.1276 0.9843 0.1811, -0.1277 0.9843 0.1871, -0.1276 0.9843 0.1811, -0.1064 0.9843 0.1872, -0.1064 0.9843 0.1872, -0.12 0.9843 0.1871, -0.1065 0.9843 0.2047, -0.1065 0.9843 0.2047, -0.1251 0.9843 0.2046, -0.1251 0.9843 0.2046, -0.12 0.9843 0.2046, -0.1252 0.9843 0.2105, -0.1252 0.9843 0.2105, -0.1066 0.9843 0.2107, -0.1066 0.9843 0.2107, -0.12 0.9843 0.2106, -0.1067 0.9843 0.2273, -0.1067 0.9843 0.2273, -0.1268 0.9843 0.2272, -0.1268 0.9843 0.2272, -0.12 0.9843 0.2272, -0.1268 0.9843 0.2332, -0.1268 0.9843 0.2332, -0.1 0.9843 0.2334, -0.1 0.9843 0.2334, -0.12 0.9843 0.2332, -0.0996 0.9843 0.1813, -0.0996 0.9843 0.1813, -0.12 0.9843 0.1812, -0.172 0.9843 0.1881, -0.1667 0.9843 0.1916, -0.1666 0.9843 0.1842, -0.1633 0.9843 0.1893, -0.1606 0.9843 0.182, -0.159 0.9843 0.1877, -0.1518 0.9843 0.1809, -0.1518 0.9843 0.1869, -0.1375 0.9843 0.181, -0.1442 0.9843 0.1869, -0.1378 0.9843 0.2331, -0.1445 0.9843 0.2271, -0.1527 0.9843 0.233, -0.1524 0.9843 0.227, -0.1529 0.9843 0.227, -0.1606 0.9843 0.2321, -0.1595 0.9843 0.2261, -0.1669 0.9843 0.2297, -0.1639 0.9843 0.2244, -0.1723 0.9843 0.226, -0.1674 0.9843 0.222, -0.1741 0.9843 0.2241, -0.1688 0.9843 0.2205, -0.1773 0.9843 0.2196, -0.1708 0.9843 0.2176, -0.1792 0.9843 0.2146, -0.1722 0.9843 0.2138, -0.18 0.9843 0.2074, -0.173 0.9843 0.2073, -0.1799 0.9843 0.2041, -0.1727 0.9843 0.2038, -0.1785 0.9843 0.198, -0.1717 0.9843 0.1991, -0.1759 0.9843 0.1927, -0.1698 0.9843 0.1952, -0.1673 0.9843 0.1922, -0.1518 0.9843 0.1809, -0.1375 0.9843 0.181, -0.1606 0.9843 0.182, -0.1666 0.9843 0.1842, -0.172 0.9843 0.1881, -0.1759 0.9843 0.1927, -0.1785 0.9843 0.198, -0.1799 0.9843 0.2041, -0.18 0.9843 0.2074, -0.1792 0.9843 0.2146, -0.1773 0.9843 0.2196, -0.1741 0.9843 0.2241, -0.1723 0.9843 0.226, -0.1669 0.9843 0.2297, -0.1606 0.9843 0.2321, -0.1527 0.9843 0.233, -0.1378 0.9843 0.2331, -0.1524 0.9843 0.227, -0.1445 0.9843 0.2271, -0.1442 0.9843 0.1869, -0.1518 0.9843 0.1869, -0.1673 0.9843 0.1922, -0.1667 0.9843 0.1916, -0.1633 0.9843 0.1893, -0.159 0.9843 0.1877, -0.173 0.9843 0.2073, -0.1727 0.9843 0.2038, -0.1717 0.9843 0.1991, -0.1698 0.9843 0.1952, -0.1674 0.9843 0.222, -0.1688 0.9843 0.2205, -0.1708 0.9843 0.2176, -0.1722 0.9843 0.2138, -0.1529 0.9843 0.227, -0.1595 0.9843 0.2261, -0.1639 0.9843 0.2244, -0.1639 0.9843 0.2244
            ]
        }
        coordIndex [
            0,1,2,-1,2,1,3,-1,4,0,5,-1,5,0,2,-1,6,7,8,-1,8,7,4,-1,8,4,5,-1,9,7,10,-1,10,7,6,-1,11,12,13,-1,13,12,9,-1,13,9,10,-1,1,12,3,-1,3,12,11,-1,7,9,4,-1,4,9,12,-1,4,12,0,-1,0,12,1,-1,14,15,16,-1,17,18,19,-1,17,19,20,-1,19,21,20,-1,20,21,22,-1,20,22,16,-1,16,22,23,-1,16,23,14,-1,24,15,25,-1,25,15,14,-1,24,25,26,-1,24,26,27,-1,26,28,27,-1,27,28,29,-1,27,29,30,-1,30,29,31,-1,30,31,32,-1,32,31,33,-1,32,33,34,-1,34,33,35,-1,34,35,36,-1,36,35,37,-1,36,37,38,-1,38,37,39,-1,38,39,40,-1,40,39,41,-1,40,41,42,-1,42,41,43,-1,42,43,44,-1,44,43,45,-1,44,45,46,-1,46,45,47,-1,46,47,48,-1,48,47,49,-1,48,49,50,-1,50,49,51,-1,50,51,52,-1,52,51,53,-1,52,53,54,-1,54,53,55,-1,54,55,56,-1,56,55,57,-1,56,57,58,-1,58,57,59,-1,58,59,60,-1,60,59,61,-1,60,61,62,-1,62,61,63,-1,62,63,64,-1,65,66,67,-1,64,63,68,-1,64,68,69,-1,69,68,70,-1,69,70,67,-1,67,70,71,-1,67,71,65,-1,72,66,73,-1,73,66,65,-1,74,75,76,-1,76,75,72,-1,76,72,73,-1,74,77,75,-1,75,77,78,-1,75,78,79,-1,80,79,81,-1,81,79,78,-1,81,82,80,-1,80,82,83,-1,80,83,84,-1,84,83,85,-1,84,85,86,-1,86,85,87,-1,86,87,88,-1,88,87,89,-1,88,89,90,-1,90,89,91,-1,90,91,92,-1,91,93,92,-1,92,93,94,-1,92,94,95,-1,95,94,96,-1,95,96,97,-1,97,96,98,-1,97,98,99,-1,99,98,100,-1,99,100,101,-1,100,102,101,-1,101,102,103,-1,101,103,104,-1,104,103,105,-1,104,105,106,-1,18,17,107,-1,107,17,108,-1,107,108,109,-1,109,108,110,-1,109,110,111,-1,111,110,112,-1,111,112,113,-1,113,112,106,-1,113,106,105,-1,50,52,90,-1,90,52,88,-1,97,48,95,-1,95,48,50,-1,95,50,92,-1,92,50,90,-1,52,54,88,-1,88,54,56,-1,88,56,86,-1,86,56,58,-1,86,58,84,-1,84,58,80,-1,80,58,60,-1,80,60,79,-1,15,24,16,-1,16,24,27,-1,16,27,20,-1,20,27,30,-1,20,30,17,-1,17,30,32,-1,17,32,108,-1,108,32,34,-1,108,34,110,-1,110,34,36,-1,110,36,112,-1,112,36,38,-1,112,38,106,-1,106,38,40,-1,106,40,104,-1,104,40,42,-1,104,42,101,-1,101,42,99,-1,99,42,44,-1,99,44,97,-1,97,44,46,-1,97,46,48,-1,60,62,79,-1,79,62,64,-1,79,64,75,-1,75,64,69,-1,75,69,72,-1,72,69,67,-1,72,67,66,-1,114,115,116,-1,116,115,117,-1,118,119,120,-1,120,119,114,-1,120,114,116,-1,121,119,122,-1,122,119,118,-1,123,124,125,-1,125,124,121,-1,125,121,122,-1,126,124,127,-1,127,124,123,-1,128,129,130,-1,130,129,126,-1,130,126,127,-1,131,129,132,-1,132,129,128,-1,133,134,135,-1,135,134,131,-1,135,131,132,-1,136,134,137,-1,137,134,133,-1,138,139,140,-1,140,139,136,-1,140,136,137,-1,141,139,142,-1,142,139,138,-1,117,115,143,-1,143,115,141,-1,143,141,142,-1,134,136,131,-1,131,136,139,-1,131,139,129,-1,115,114,141,-1,141,114,119,-1,141,119,121,-1,124,126,121,-1,121,126,129,-1,121,129,141,-1,141,129,139,-1,144,145,146,-1,146,145,147,-1,146,147,148,-1,148,147,149,-1,148,149,150,-1,150,149,151,-1,150,151,152,-1,152,151,153,-1,152,153,154,-1,154,153,155,-1,154,155,156,-1,155,157,156,-1,156,157,158,-1,156,158,159,-1,159,158,160,-1,159,160,161,-1,161,160,162,-1,161,162,163,-1,163,162,164,-1,163,164,165,-1,165,164,166,-1,165,166,167,-1,167,166,168,-1,167,168,169,-1,169,168,170,-1,169,170,171,-1,171,170,172,-1,171,172,173,-1,173,172,174,-1,173,174,175,-1,175,174,176,-1,175,176,177,-1,177,176,178,-1,177,178,144,-1,144,178,179,-1,144,179,145,-1,150,152,180,-1,180,152,181,-1,150,180,182,-1,150,182,148,-1,148,182,183,-1,148,183,146,-1,146,183,184,-1,146,184,144,-1,144,184,185,-1,144,185,177,-1,177,185,186,-1,177,186,175,-1,175,186,187,-1,175,187,173,-1,173,187,188,-1,173,188,171,-1,171,188,189,-1,171,189,169,-1,169,189,190,-1,169,190,167,-1,167,190,191,-1,167,191,165,-1,165,191,192,-1,165,192,163,-1,163,192,193,-1,163,193,161,-1,161,193,194,-1,161,194,159,-1,159,194,195,-1,159,195,156,-1,154,156,196,-1,196,156,195,-1,152,154,181,-1,181,154,196,-1,157,155,197,-1,197,155,198,-1,155,153,198,-1,198,153,199,-1,153,151,199,-1,199,151,200,-1,179,201,202,-1,179,202,145,-1,145,202,203,-1,145,203,147,-1,147,203,204,-1,147,204,149,-1,149,204,200,-1,149,200,151,-1,172,205,206,-1,172,206,174,-1,174,206,207,-1,174,207,176,-1,176,207,208,-1,176,208,178,-1,178,208,201,-1,178,201,179,-1,164,209,210,-1,164,210,166,-1,166,210,211,-1,166,211,168,-1,168,211,212,-1,168,212,170,-1,170,212,205,-1,170,205,172,-1,157,197,213,-1,157,213,158,-1,158,213,214,-1,158,214,160,-1,160,214,215,-1,160,215,162,-1,162,215,209,-1,162,209,164,-1,
        ]
    }
}
Shape{
    appearance Appearance {
        material  Material 	{
            diffuseColor 0.4392156862745098 0.4392156862745098 0.4392156862745098
            specularColor 0.2196078431372549 0.2196078431372549 0.2196078431372549
            ambientIntensity 0.2
            transparency 0
            shininess 0.5
        }
    }
    geometry IndexedFaceSet {
        ccw TRUE
        solid FALSE
        coord DEF co Coordinate {
            point [
                -0.1633 0.9843 0.1893, -0.1667 0.9843 0.1916, -0.1529 0.9843 0.227, -0.1445 0.9843 0.2271, -0.1442 0.9843 0.1869, -0.1524 0.9843 0.227, -0.1518 0.9843 0.1869, -0.159 0.9843 0.1877, -0.1673 0.9843 0.1922, -0.1698 0.9843 0.1952, -0.1717 0.9843 0.1991, -0.173 0.9843 0.2073, -0.1674 0.9843 0.222, -0.1639 0.9843 0.2244, -0.1722 0.9843 0.2138, -0.1708 0.9843 0.2176, -0.1688 0.9843 0.2205, -0.1727 0.9843 0.2038, -0.1595 0.9843 0.2261, -0.1595 0.9843 0.2261
            ]
        }
        coordIndex [
            0,1,2,-1,3,4,5,-1,5,4,6,-1,5,6,2,-1,2,6,7,-1,2,7,0,-1,1,8,2,-1,2,8,9,-1,2,9,10,-1,11,12,13,-1,14,15,11,-1,11,15,16,-1,11,16,12,-1,10,17,2,-1,2,17,11,-1,2,11,18,-1,18,11,13,-1,
        ]
    }
}
Shape{
    appearance Appearance {
        material  Material 	{
            diffuseColor 1.0 1.0 1.0
            specularColor 0.5019607843137255 0.5019607843137255 0.5019607843137255
            ambientIntensity 0.2
            transparency 0
            shininess 0.5
        }
    }
    geometry IndexedFaceSet {
        ccw TRUE
        solid FALSE
        coord DEF co Coordinate {
            point [
                -0.1974 0.9843 0.2007, -0.2054 0.9843 0.2223, -0.2029 0.9843 0.2326, -0.1827 0.9843 0.1807, -0.1902 0.9843 0.1807, -0.1953 0.9843 0.1949, -0.2058 0.9843 0.2239, -0.2062 0.9843 0.226, -0.2101 0.9843 0.2326, -0.2064 0.9843 0.226, -0.2068 0.9843 0.2237, -0.2072 0.9843 0.2223, -0.2149 0.9843 0.2006, -0.2296 0.9843 0.1804, -0.2221 0.9843 0.1804, -0.2169 0.9843 0.1947, -0.2101 0.9843 0.2326, -0.2294 0.9843 0.1808, -0.2296 0.9843 0.1804, -0.2029 0.9843 0.2326, -0.1827 0.9843 0.1808, -0.1827 0.9843 0.1807, -0.1972 0.9843 0.2178, -0.1902 0.9843 0.1807, -0.1953 0.9843 0.1949, -0.1902 0.9843 0.1808, -0.2169 0.9843 0.1947, -0.1972 0.9843 0.1949, -0.2221 0.9843 0.1804, -0.222 0.9843 0.1808, -0.1974 0.9843 0.2007, -0.2149 0.9843 0.2006, -0.2072 0.9843 0.2223, -0.2064 0.9843 0.226, -0.2068 0.9843 0.2237, -0.2062 0.9843 0.226, -0.2054 0.9843 0.2223, -0.2058 0.9843 0.2239, -0.2058 0.9843 0.2239
            ]
        }
        coordIndex [
            0,1,2,-1,3,4,5,-1,1,6,2,-1,2,6,7,-1,2,7,8,-1,8,7,9,-1,8,9,10,-1,10,11,8,-1,8,11,12,-1,8,12,13,-1,14,13,15,-1,15,13,12,-1,15,12,5,-1,5,12,0,-1,5,0,3,-1,3,0,2,-1,16,8,17,-1,17,8,13,-1,17,13,18,-1,2,8,19,-1,19,8,16,-1,20,21,3,-1,20,3,22,-1,22,3,2,-1,22,2,19,-1,4,3,23,-1,23,3,21,-1,24,5,25,-1,25,5,4,-1,25,4,23,-1,26,15,27,-1,27,15,5,-1,27,5,24,-1,28,14,29,-1,29,14,15,-1,29,15,26,-1,13,14,18,-1,18,14,28,-1,0,12,30,-1,30,12,31,-1,12,11,31,-1,31,11,32,-1,9,33,34,-1,9,34,10,-1,10,34,32,-1,10,32,11,-1,9,7,33,-1,33,7,35,-1,1,36,37,-1,1,37,6,-1,6,37,35,-1,6,35,7,-1,1,0,36,-1,36,0,30,-1,
        ]
    }
}
Shape{
    appearance Appearance {
        material  Material 	{
            diffuseColor 0.4392156862745098 0.4392156862745098 0.4392156862745098
            specularColor 0.2196078431372549 0.2196078431372549 0.2196078431372549
            ambientIntensity 0.2
            transparency 0
            shininess 0.5
        }
    }
    geometry IndexedFaceSet {
        ccw TRUE
        solid FALSE
        coord DEF co Coordinate {
            point [
                -0.2064 0.9843 0.226, -0.2062 0.9843 0.226, -0.2068 0.9843 0.2237, -0.2058 0.9843 0.2239, -0.2072 0.9843 0.2223, -0.2054 0.9843 0.2223, -0.2149 0.9843 0.2006, -0.1974 0.9843 0.2007, -0.1974 0.9843 0.2007
            ]
        }
        coordIndex [
            0,1,2,-1,2,1,3,-1,2,3,4,-1,4,3,5,-1,4,5,6,-1,6,5,7,-1,
        ]
    }
}
Shape{
    appearance Appearance {
        material  Material 	{
            diffuseColor 1.0 1.0 1.0
            specularColor 0.5019607843137255 0.5019607843137255 0.5019607843137255
            ambientIntensity 0.2
            transparency 0
            shininess 0.5
        }
    }
    geometry IndexedFaceSet {
        ccw TRUE
        solid FALSE
        coord DEF co Coordinate {
            point [
                -0.0481 0.9843 0.105, -0.0481 0.9843 0.0991, -0.0481 0.9843 0.105, -0.0481 0.9843 0.0991, -0.0269 0.9843 0.1052, -0.0269 0.9843 0.1052, -0.027 0.9843 0.1227, -0.027 0.9843 0.1227, -0.0456 0.9843 0.1226, -0.0456 0.9843 0.1226, -0.0456 0.9843 0.1285, -0.0456 0.9843 0.1285, -0.027 0.9843 0.1287, -0.027 0.9843 0.1287, -0.0272 0.9843 0.1453, -0.0272 0.9843 0.1453, -0.0472 0.9843 0.1452, -0.0472 0.9843 0.1452, -0.0473 0.9843 0.1498, -0.0473 0.9843 0.1512, -0.0473 0.9843 0.1508, -0.0473 0.9843 0.1512, -0.0205 0.9843 0.1514, -0.0205 0.9843 0.1514, -0.0201 0.9843 0.0993, -0.0201 0.9843 0.0993, -0.0205 0.9843 0.1498, -0.0205 0.9843 0.1508, -0.0777 0.9843 0.0989, -0.0842 0.9843 0.0989, -0.0777 0.9843 0.1047, -0.0844 0.9843 0.1228, -0.0691 0.9843 0.1164, -0.0778 0.9843 0.1176, -0.0778 0.9843 0.114, -0.0776 0.9843 0.1047, -0.0741 0.9843 0.1056, -0.0758 0.9843 0.1022, -0.0723 0.9843 0.1044, -0.0592 0.9843 0.1186, -0.0572 0.9843 0.1169, -0.062 0.9843 0.1132, -0.0778 0.9843 0.1136, -0.0773 0.9843 0.1107, -0.0764 0.9843 0.1083, -0.0749 0.9843 0.1064, -0.0582 0.9843 0.1336, -0.0582 0.9843 0.1273, -0.0596 0.9843 0.1344, -0.062 0.9843 0.1298, -0.0644 0.9843 0.1362, -0.0661 0.9843 0.1312, -0.071 0.9843 0.137, -0.0704 0.9843 0.1317, -0.0751 0.9843 0.1366, -0.0726 0.9843 0.1314, -0.0778 0.9843 0.1357, -0.0741 0.9843 0.1309, -0.0799 0.9843 0.1344, -0.0753 0.9843 0.1301, -0.0816 0.9843 0.1328, -0.0762 0.9843 0.1291, -0.0829 0.9843 0.1306, -0.077 0.9843 0.1277, -0.0839 0.9843 0.1276, -0.0776 0.9843 0.1254, -0.0779 0.9843 0.1225, -0.0614 0.9843 0.112, -0.0558 0.9843 0.115, -0.0611 0.9843 0.1105, -0.0668 0.9843 0.1211, -0.0636 0.9843 0.1148, -0.0651 0.9843 0.1155, -0.0623 0.9843 0.1057, -0.0575 0.9843 0.1011, -0.0629 0.9843 0.1052, -0.0597 0.9843 0.0996, -0.0642 0.9843 0.1043, -0.0622 0.9843 0.0986, -0.0656 0.9843 0.1037, -0.0661 0.9843 0.0981, -0.0678 0.9843 0.1034, -0.0699 0.9843 0.0985, -0.0703 0.9843 0.1037, -0.0724 0.9843 0.0996, -0.0736 0.9843 0.1003, -0.0628 0.9843 0.1142, -0.0621 0.9843 0.12, -0.0549 0.9843 0.1127, -0.0544 0.9843 0.11, -0.061 0.9843 0.1095, -0.0544 0.9843 0.109, -0.0612 0.9843 0.108, -0.0547 0.9843 0.106, -0.0616 0.9843 0.1068, -0.0555 0.9843 0.1038, -0.0568 0.9843 0.1018, -0.071 0.9843 0.137, -0.0644 0.9843 0.1362, -0.0596 0.9843 0.1344, -0.0582 0.9843 0.1336, -0.0582 0.9843 0.1273, -0.062 0.9843 0.1298, -0.0661 0.9843 0.1312, -0.0704 0.9843 0.1317, -0.0726 0.9843 0.1314, -0.0741 0.9843 0.1309, -0.0753 0.9843 0.1301, -0.0762 0.9843 0.1291, -0.077 0.9843 0.1277, -0.0776 0.9843 0.1254, -0.0779 0.9843 0.1225, -0.0668 0.9843 0.1211, -0.0621 0.9843 0.12, -0.0592 0.9843 0.1186, -0.0572 0.9843 0.1169, -0.0558 0.9843 0.115, -0.0549 0.9843 0.1127, -0.0544 0.9843 0.11, -0.0544 0.9843 0.109, -0.0547 0.9843 0.106, -0.0555 0.9843 0.1038, -0.0568 0.9843 0.1018, -0.0575 0.9843 0.1011, -0.0597 0.9843 0.0996, -0.0622 0.9843 0.0986, -0.0661 0.9843 0.0981, -0.0699 0.9843 0.0985, -0.0724 0.9843 0.0996, -0.0736 0.9843 0.1003, -0.0758 0.9843 0.1022, -0.0776 0.9843 0.1047, -0.0777 0.9843 0.1047, -0.0777 0.9843 0.0989, -0.0842 0.9843 0.0989, -0.0844 0.9843 0.1228, -0.0839 0.9843 0.1276, -0.0829 0.9843 0.1306, -0.0816 0.9843 0.1328, -0.0799 0.9843 0.1344, -0.0778 0.9843 0.1357, -0.0751 0.9843 0.1366, -0.0628 0.9843 0.1142, -0.0636 0.9843 0.1148, -0.0651 0.9843 0.1155, -0.0691 0.9843 0.1164, -0.061 0.9843 0.1095, -0.0611 0.9843 0.1105, -0.0614 0.9843 0.112, -0.062 0.9843 0.1132, -0.0629 0.9843 0.1052, -0.0623 0.9843 0.1057, -0.0616 0.9843 0.1068, -0.0612 0.9843 0.108, -0.0678 0.9843 0.1034, -0.0656 0.9843 0.1037, -0.0642 0.9843 0.1043, -0.0749 0.9843 0.1064, -0.0741 0.9843 0.1056, -0.0723 0.9843 0.1044, -0.0703 0.9843 0.1037, -0.0778 0.9843 0.114, -0.0778 0.9843 0.1136, -0.0773 0.9843 0.1107, -0.0764 0.9843 0.1083, -0.0778 0.9843 0.1176, -0.0778 0.9843 0.1176
            ]
        }
        coordIndex [
            0,1,2,-1,2,1,3,-1,4,0,5,-1,5,0,2,-1,6,4,7,-1,7,4,5,-1,8,6,9,-1,9,6,7,-1,10,8,11,-1,11,8,9,-1,12,10,13,-1,13,10,11,-1,14,12,15,-1,15,12,13,-1,16,14,17,-1,17,14,15,-1,16,17,18,-1,16,18,19,-1,19,18,20,-1,19,20,21,-1,22,19,23,-1,23,19,21,-1,24,25,26,-1,26,25,22,-1,26,22,27,-1,27,22,23,-1,1,25,3,-1,3,25,24,-1,25,1,0,-1,0,4,25,-1,25,4,6,-1,25,6,22,-1,16,19,14,-1,14,19,22,-1,14,22,12,-1,12,22,6,-1,12,6,10,-1,10,6,8,-1,28,29,30,-1,30,29,31,-1,32,33,31,-1,31,33,34,-1,35,36,37,-1,37,36,38,-1,39,40,41,-1,34,42,31,-1,31,42,43,-1,31,43,30,-1,30,43,44,-1,30,44,35,-1,35,44,45,-1,35,45,36,-1,46,47,48,-1,48,47,49,-1,48,49,50,-1,50,49,51,-1,50,51,52,-1,52,51,53,-1,52,53,54,-1,54,53,55,-1,54,55,56,-1,56,55,57,-1,56,57,58,-1,58,57,59,-1,58,59,60,-1,60,59,61,-1,60,61,62,-1,62,61,63,-1,62,63,64,-1,64,63,65,-1,64,65,31,-1,31,65,66,-1,31,66,32,-1,41,40,67,-1,67,40,68,-1,67,68,69,-1,70,71,66,-1,66,71,72,-1,66,72,32,-1,73,74,75,-1,75,74,76,-1,75,76,77,-1,77,76,78,-1,77,78,79,-1,79,78,80,-1,79,80,81,-1,81,80,82,-1,81,82,83,-1,83,82,84,-1,83,84,38,-1,38,84,85,-1,38,85,37,-1,41,86,39,-1,39,86,71,-1,39,71,87,-1,87,71,70,-1,68,88,69,-1,69,88,89,-1,69,89,90,-1,90,89,91,-1,90,91,92,-1,92,91,93,-1,92,93,94,-1,94,93,95,-1,94,95,73,-1,73,95,96,-1,73,96,74,-1,52,97,98,-1,52,98,50,-1,50,98,99,-1,50,99,48,-1,48,99,100,-1,48,100,46,-1,47,46,101,-1,101,46,100,-1,47,101,102,-1,47,102,49,-1,49,102,103,-1,49,103,51,-1,51,103,104,-1,51,104,53,-1,53,104,105,-1,53,105,55,-1,55,105,106,-1,55,106,57,-1,57,106,107,-1,57,107,59,-1,59,107,108,-1,59,108,61,-1,61,108,109,-1,61,109,63,-1,63,109,110,-1,63,110,65,-1,65,110,111,-1,65,111,66,-1,70,66,112,-1,112,66,111,-1,70,112,113,-1,70,113,87,-1,87,113,114,-1,87,114,39,-1,39,114,115,-1,39,115,40,-1,40,115,116,-1,40,116,68,-1,68,116,117,-1,68,117,88,-1,88,117,118,-1,88,118,89,-1,89,118,119,-1,89,119,91,-1,91,119,120,-1,91,120,93,-1,93,120,121,-1,93,121,95,-1,95,121,122,-1,95,122,96,-1,96,122,123,-1,96,123,74,-1,74,123,124,-1,74,124,76,-1,76,124,125,-1,76,125,78,-1,78,125,126,-1,78,126,80,-1,80,126,127,-1,80,127,82,-1,82,127,128,-1,82,128,84,-1,84,128,129,-1,84,129,85,-1,85,129,130,-1,85,130,37,-1,37,130,131,-1,37,131,35,-1,30,35,132,-1,132,35,131,-1,28,30,133,-1,133,30,132,-1,29,28,134,-1,134,28,133,-1,31,29,135,-1,135,29,134,-1,31,135,136,-1,31,136,64,-1,64,136,137,-1,64,137,62,-1,62,137,138,-1,62,138,60,-1,60,138,139,-1,60,139,58,-1,58,139,140,-1,58,140,56,-1,56,140,141,-1,56,141,54,-1,54,141,97,-1,54,97,52,-1,86,142,143,-1,86,143,71,-1,71,143,144,-1,71,144,72,-1,72,144,145,-1,72,145,32,-1,90,146,147,-1,90,147,69,-1,69,147,148,-1,69,148,67,-1,67,148,149,-1,67,149,41,-1,41,149,142,-1,41,142,86,-1,75,150,151,-1,75,151,73,-1,73,151,152,-1,73,152,94,-1,94,152,153,-1,94,153,92,-1,92,153,146,-1,92,146,90,-1,81,154,155,-1,81,155,79,-1,79,155,156,-1,79,156,77,-1,77,156,150,-1,77,150,75,-1,45,157,158,-1,45,158,36,-1,36,158,159,-1,36,159,38,-1,38,159,160,-1,38,160,83,-1,83,160,154,-1,83,154,81,-1,34,161,162,-1,34,162,42,-1,42,162,163,-1,42,163,43,-1,43,163,164,-1,43,164,44,-1,44,164,157,-1,44,157,45,-1,34,33,161,-1,161,33,165,-1,33,32,165,-1,165,32,145,-1,
        ]
    }
}
Shape{
    appearance Appearance {
        material  Material 	{
            diffuseColor 0.4392156862745098 0.4392156862745098 0.4392156862745098
            specularColor 0.2196078431372549 0.2196078431372549 0.2196078431372549
            ambientIntensity 0.2
            transparency 0
            shininess 0.5
        }
    }
    geometry IndexedFaceSet {
        ccw TRUE
        solid FALSE
        coord DEF co Coordinate {
            point [
                -0.0778 0.9843 0.1136, -0.0778 0.9843 0.114, -0.0628 0.9843 0.1142, -0.0778 0.9843 0.1176, -0.0691 0.9843 0.1164, -0.0651 0.9843 0.1155, -0.0636 0.9843 0.1148, -0.0773 0.9843 0.1107, -0.062 0.9843 0.1132, -0.0764 0.9843 0.1083, -0.0623 0.9843 0.1057, -0.0629 0.9843 0.1052, -0.0741 0.9843 0.1056, -0.0616 0.9843 0.1068, -0.0723 0.9843 0.1044, -0.0703 0.9843 0.1037, -0.0678 0.9843 0.1034, -0.0614 0.9843 0.112, -0.0611 0.9843 0.1105, -0.0749 0.9843 0.1064, -0.061 0.9843 0.1095, -0.0612 0.9843 0.108, -0.0642 0.9843 0.1043, -0.0656 0.9843 0.1037, -0.0656 0.9843 0.1037
            ]
        }
        coordIndex [
            0,1,2,-1,1,3,4,-1,4,5,1,-1,1,5,6,-1,1,6,2,-1,0,2,7,-1,7,2,8,-1,7,8,9,-1,10,11,12,-1,10,12,13,-1,14,12,15,-1,15,12,16,-1,8,17,9,-1,9,17,18,-1,9,18,19,-1,19,18,20,-1,19,20,12,-1,12,20,21,-1,12,21,13,-1,11,22,12,-1,12,22,23,-1,12,23,16,-1,
        ]
    }
}
Shape{
    appearance Appearance {
        material  Material 	{
            diffuseColor 1.0 1.0 1.0
            specularColor 0.5019607843137255 0.5019607843137255 0.5019607843137255
            ambientIntensity 0.2
            transparency 0
            shininess 0.5
        }
    }
    geometry IndexedFaceSet {
        ccw TRUE
        solid FALSE
        coord DEF co Coordinate {
            point [
                -0.0931 0.9843 0.1068, -0.0931 0.9843 0.1068, -0.0957 0.9843 0.1052, -0.1038 0.9843 0.1032, -0.1038 0.9843 0.1032, -0.0998 0.9843 0.1037, -0.0998 0.9843 0.1037, -0.0963 0.9843 0.105, -0.0957 0.9843 0.1052, -0.093 0.9843 0.1001, -0.093 0.9843 0.1001, -0.1031 0.9843 0.0978, -0.1031 0.9843 0.0978, -0.097 0.9843 0.0986, -0.0963 0.9843 0.0989, -0.097 0.9843 0.0986, -0.109 0.9843 0.0985, -0.109 0.9843 0.0985, -0.1124 0.9843 0.0998, -0.1124 0.9843 0.0998, -0.114 0.9843 0.1007, -0.114 0.9843 0.1007, -0.1158 0.9843 0.1023, -0.1158 0.9843 0.1023, -0.1171 0.9843 0.1041, -0.1171 0.9843 0.1041, -0.1179 0.9843 0.1061, -0.1179 0.9843 0.1061, -0.1182 0.9843 0.1087, -0.1182 0.9843 0.1087, -0.118 0.9843 0.1112, -0.118 0.9843 0.1112, -0.1173 0.9843 0.1131, -0.1173 0.9843 0.1131, -0.1161 0.9843 0.1149, -0.1161 0.9843 0.1149, -0.1145 0.9843 0.1163, -0.1145 0.9843 0.1163, -0.1102 0.9843 0.1187, -0.1102 0.9843 0.1187, -0.1077 0.9843 0.1198, -0.1077 0.9843 0.1198, -0.1037 0.9843 0.1216, -0.1037 0.9843 0.1216, -0.1014 0.9843 0.123, -0.1014 0.9843 0.123, -0.1008 0.9843 0.1237, -0.1008 0.9843 0.1237, -0.1003 0.9843 0.1246, -0.1003 0.9843 0.1246, -0.1 0.9843 0.1256, -0.1 0.9843 0.1256, -0.1 0.9843 0.1265, -0.1 0.9843 0.1265, -0.1001 0.9843 0.1275, -0.1001 0.9843 0.1275, -0.1004 0.9843 0.1284, -0.1004 0.9843 0.1284, -0.101 0.9843 0.1292, -0.101 0.9843 0.1292, -0.102 0.9843 0.1301, -0.102 0.9843 0.1301, -0.1035 0.9843 0.1308, -0.1035 0.9843 0.1308, -0.1052 0.9843 0.1313, -0.1052 0.9843 0.1313, -0.1071 0.9843 0.1314, -0.1071 0.9843 0.1314, -0.1113 0.9843 0.1309, -0.1113 0.9843 0.1309, -0.115 0.9843 0.1296, -0.115 0.9843 0.1296, -0.1166 0.9843 0.1287, -0.1166 0.9843 0.1287, -0.1166 0.9843 0.135, -0.1166 0.9843 0.135, -0.1124 0.9843 0.1363, -0.1124 0.9843 0.1363, -0.1078 0.9843 0.1367, -0.1078 0.9843 0.1367, -0.1032 0.9843 0.1363, -0.1032 0.9843 0.1363, -0.0996 0.9843 0.1351, -0.0996 0.9843 0.1351, -0.0975 0.9843 0.1338, -0.0975 0.9843 0.1338, -0.0956 0.9843 0.1321, -0.0963 0.9843 0.1328, -0.0956 0.9843 0.1321, -0.0943 0.9843 0.1304, -0.0943 0.9843 0.1304, -0.0935 0.9843 0.1283, -0.0935 0.9843 0.1283, -0.0933 0.9843 0.1259, -0.0933 0.9843 0.1259, -0.0935 0.9843 0.1234, -0.0935 0.9843 0.1234, -0.0942 0.9843 0.1214, -0.0942 0.9843 0.1214, -0.0951 0.9843 0.12, -0.0951 0.9843 0.12, -0.1031 0.9843 0.1151, -0.1031 0.9843 0.1151, -0.0992 0.9843 0.1169, -0.0961 0.9843 0.1189, -0.0961 0.9843 0.1189, -0.0963 0.9843 0.1188, -0.0992 0.9843 0.1169, -0.1073 0.9843 0.1132, -0.1073 0.9843 0.1132, -0.1099 0.9843 0.1117, -0.1099 0.9843 0.1117, -0.1107 0.9843 0.1108, -0.1107 0.9843 0.1108, -0.1112 0.9843 0.11, -0.1112 0.9843 0.11, -0.1115 0.9843 0.109, -0.1115 0.9843 0.109, -0.1115 0.9843 0.1081, -0.1115 0.9843 0.1081, -0.1114 0.9843 0.1069, -0.1114 0.9843 0.1069, -0.111 0.9843 0.106, -0.111 0.9843 0.106, -0.1105 0.9843 0.1051, -0.1105 0.9843 0.1051, -0.1097 0.9843 0.1045, -0.1097 0.9843 0.1045, -0.1091 0.9843 0.1041, -0.1091 0.9843 0.1041, -0.1074 0.9843 0.1035, -0.1074 0.9843 0.1035, -0.1041 0.9843 0.1032, -0.1041 0.9843 0.1032, -0.1507 0.9843 0.1356, -0.1575 0.9843 0.1355, -0.1507 0.9843 0.1356, -0.1575 0.9843 0.1355, -0.1404 0.9843 0.1076, -0.1404 0.9843 0.1076, -0.1399 0.9843 0.1059, -0.1399 0.9843 0.1059, -0.1395 0.9843 0.1046, -0.1395 0.9843 0.1046, -0.1394 0.9843 0.1046, -0.1394 0.9843 0.1046, -0.1386 0.9843 0.1077, -0.1386 0.9843 0.1077, -0.1291 0.9843 0.1357, -0.1291 0.9843 0.1357, -0.1326 0.9843 0.1254, -0.1218 0.9843 0.1358, -0.1218 0.9843 0.1358, -0.1361 0.9843 0.0986, -0.1361 0.9843 0.0986, -0.1326 0.9843 0.1078, -0.1332 0.9843 0.0918, -0.1332 0.9843 0.0918, -0.1326 0.9843 0.0907, -0.1319 0.9843 0.0895, -0.1319 0.9843 0.0895, -0.1307 0.9843 0.0881, -0.1307 0.9843 0.0881, -0.1295 0.9843 0.0874, -0.1295 0.9843 0.0874, -0.1281 0.9843 0.0868, -0.1281 0.9843 0.0868, -0.1265 0.9843 0.0866, -0.1265 0.9843 0.0866, -0.1241 0.9843 0.087, -0.1241 0.9843 0.087, -0.1228 0.9843 0.0874, -0.1228 0.9843 0.0874, -0.1228 0.9843 0.0816, -0.1228 0.9843 0.0816, -0.1255 0.9843 0.0811, -0.1255 0.9843 0.0811, -0.127 0.9843 0.081, -0.127 0.9843 0.081, -0.1296 0.9843 0.0813, -0.1296 0.9843 0.0813, -0.1322 0.9843 0.0823, -0.1322 0.9843 0.0823, -0.1326 0.9843 0.0826, -0.1345 0.9843 0.0839, -0.1345 0.9843 0.0839, -0.1349 0.9843 0.0843, -0.1349 0.9843 0.0843, -0.1373 0.9843 0.0871, -0.1373 0.9843 0.0871, -0.1403 0.9843 0.0928, -0.1403 0.9843 0.0928, -0.1923 0.9843 0.104, -0.1922 0.9843 0.0981, -0.1923 0.9843 0.104, -0.1922 0.9843 0.0981, -0.171 0.9843 0.1042, -0.171 0.9843 0.1042, -0.1814 0.9843 0.1041, -0.1711 0.9843 0.1217, -0.1711 0.9843 0.1217, -0.1897 0.9843 0.1216, -0.1897 0.9843 0.1216, -0.1814 0.9843 0.1216, -0.1898 0.9843 0.1275, -0.1898 0.9843 0.1275, -0.1712 0.9843 0.1276, -0.1712 0.9843 0.1276, -0.1814 0.9843 0.1276, -0.1713 0.9843 0.1443, -0.1713 0.9843 0.1443, -0.1914 0.9843 0.1442, -0.1914 0.9843 0.1442, -0.1814 0.9843 0.1442, -0.1914 0.9843 0.1501, -0.1914 0.9843 0.1501, -0.1914 0.9843 0.1498, -0.1646 0.9843 0.1503, -0.1646 0.9843 0.1503, -0.1814 0.9843 0.1502, -0.1642 0.9843 0.0983, -0.1642 0.9843 0.0983, -0.1646 0.9843 0.1498, -0.1814 0.9843 0.0982, -0.2366 0.9843 0.1051, -0.2313 0.9843 0.1086, -0.2312 0.9843 0.1012, -0.2279 0.9843 0.1063, -0.2252 0.9843 0.0989, -0.2236 0.9843 0.1047, -0.2164 0.9843 0.0979, -0.2164 0.9843 0.1039, -0.2021 0.9843 0.098, -0.2088 0.9843 0.1039, -0.2024 0.9843 0.1501, -0.2091 0.9843 0.144, -0.2173 0.9843 0.15, -0.217 0.9843 0.144, -0.2174 0.9843 0.144, -0.2252 0.9843 0.149, -0.2241 0.9843 0.1431, -0.2315 0.9843 0.1467, -0.2285 0.9843 0.1413, -0.2369 0.9843 0.1429, -0.232 0.9843 0.139, -0.2387 0.9843 0.1411, -0.2334 0.9843 0.1375, -0.2419 0.9843 0.1366, -0.2354 0.9843 0.1346, -0.2438 0.9843 0.1316, -0.2368 0.9843 0.1308, -0.2446 0.9843 0.1244, -0.2376 0.9843 0.1243, -0.2444 0.9843 0.1211, -0.2373 0.9843 0.1207, -0.2431 0.9843 0.115, -0.2363 0.9843 0.116, -0.2405 0.9843 0.1096, -0.2344 0.9843 0.1122, -0.2319 0.9843 0.1092, -0.2164 0.9843 0.0979, -0.2021 0.9843 0.098, -0.2252 0.9843 0.0989, -0.2312 0.9843 0.1012, -0.2366 0.9843 0.1051, -0.2405 0.9843 0.1096, -0.2431 0.9843 0.115, -0.2444 0.9843 0.1211, -0.2446 0.9843 0.1244, -0.2438 0.9843 0.1316, -0.2419 0.9843 0.1366, -0.2387 0.9843 0.1411, -0.2369 0.9843 0.1429, -0.2173 0.9843 0.15, -0.2183 0.9843 0.1498, -0.2252 0.9843 0.149, -0.2315 0.9843 0.1467, -0.2024 0.9843 0.1501, -0.2024 0.9843 0.1498, -0.217 0.9843 0.144, -0.2091 0.9843 0.144, -0.2088 0.9843 0.1039, -0.2164 0.9843 0.1039, -0.2319 0.9843 0.1092, -0.2313 0.9843 0.1086, -0.2279 0.9843 0.1063, -0.2236 0.9843 0.1047, -0.2376 0.9843 0.1243, -0.2373 0.9843 0.1207, -0.2363 0.9843 0.116, -0.2344 0.9843 0.1122, -0.232 0.9843 0.139, -0.2334 0.9843 0.1375, -0.2354 0.9843 0.1346, -0.2368 0.9843 0.1308, -0.2174 0.9843 0.144, -0.2241 0.9843 0.1431, -0.2285 0.9843 0.1413, -0.2285 0.9843 0.1413
            ]
        }
        coordIndex [
            0,1,2,-1,3,4,5,-1,3,5,6,-1,6,5,7,-1,6,7,2,-1,2,7,8,-1,2,8,0,-1,9,1,10,-1,10,1,0,-1,11,12,13,-1,9,10,14,-1,9,14,13,-1,13,14,15,-1,13,15,11,-1,12,11,16,-1,12,16,17,-1,17,16,18,-1,17,18,19,-1,19,18,20,-1,19,20,21,-1,21,20,22,-1,21,22,23,-1,23,22,24,-1,23,24,25,-1,25,24,26,-1,25,26,27,-1,27,26,28,-1,27,28,29,-1,29,28,30,-1,29,30,31,-1,31,30,32,-1,31,32,33,-1,33,32,34,-1,33,34,35,-1,35,34,36,-1,35,36,37,-1,37,36,38,-1,37,38,39,-1,39,38,40,-1,39,40,41,-1,41,40,42,-1,41,42,43,-1,43,42,44,-1,43,44,45,-1,45,44,46,-1,45,46,47,-1,47,46,48,-1,47,48,49,-1,49,48,50,-1,49,50,51,-1,51,50,52,-1,51,52,53,-1,53,52,54,-1,53,54,55,-1,55,54,56,-1,55,56,57,-1,57,56,58,-1,57,58,59,-1,59,58,60,-1,59,60,61,-1,61,60,62,-1,61,62,63,-1,63,62,64,-1,63,64,65,-1,65,64,66,-1,65,66,67,-1,67,66,68,-1,67,68,69,-1,69,68,70,-1,69,70,71,-1,71,70,72,-1,71,72,73,-1,74,73,75,-1,75,73,72,-1,74,75,76,-1,74,76,77,-1,77,76,78,-1,77,78,79,-1,79,78,80,-1,79,80,81,-1,81,80,82,-1,81,82,83,-1,83,82,84,-1,83,84,85,-1,86,85,87,-1,87,85,84,-1,87,88,86,-1,86,88,89,-1,86,89,90,-1,90,89,91,-1,90,91,92,-1,92,91,93,-1,92,93,94,-1,94,93,95,-1,94,95,96,-1,96,95,97,-1,96,97,98,-1,98,97,99,-1,98,99,100,-1,101,102,103,-1,100,99,104,-1,100,104,105,-1,105,104,106,-1,105,106,103,-1,103,106,107,-1,103,107,101,-1,102,101,108,-1,102,108,109,-1,109,108,110,-1,109,110,111,-1,111,110,112,-1,111,112,113,-1,113,112,114,-1,113,114,115,-1,115,114,116,-1,115,116,117,-1,117,116,118,-1,117,118,119,-1,119,118,120,-1,119,120,121,-1,121,120,122,-1,121,122,123,-1,123,122,124,-1,123,124,125,-1,125,124,126,-1,125,126,127,-1,127,126,128,-1,127,128,129,-1,129,128,130,-1,129,130,131,-1,131,130,132,-1,131,132,133,-1,133,132,4,-1,133,4,3,-1,59,61,83,-1,83,61,81,-1,109,41,102,-1,102,41,43,-1,19,21,125,-1,125,21,23,-1,125,23,123,-1,123,23,25,-1,123,25,121,-1,121,25,27,-1,121,27,119,-1,119,27,29,-1,119,29,117,-1,117,29,31,-1,117,31,115,-1,115,31,33,-1,115,33,113,-1,113,33,35,-1,113,35,111,-1,111,35,37,-1,111,37,109,-1,109,37,39,-1,109,39,41,-1,12,3,13,-1,13,3,6,-1,13,6,9,-1,9,6,2,-1,9,2,1,-1,61,63,81,-1,81,63,65,-1,81,65,79,-1,79,65,67,-1,79,67,77,-1,77,67,69,-1,77,69,74,-1,74,69,71,-1,74,71,73,-1,125,127,19,-1,19,127,129,-1,19,129,17,-1,17,129,131,-1,17,131,12,-1,12,131,133,-1,12,133,3,-1,83,85,59,-1,59,85,86,-1,59,86,57,-1,57,86,90,-1,57,90,55,-1,55,90,92,-1,55,92,53,-1,53,92,94,-1,53,94,51,-1,51,94,96,-1,51,96,49,-1,49,96,98,-1,49,98,47,-1,47,98,100,-1,47,100,45,-1,45,100,105,-1,45,105,43,-1,43,105,103,-1,43,103,102,-1,134,135,136,-1,136,135,137,-1,138,134,139,-1,139,134,136,-1,138,139,140,-1,138,140,141,-1,141,140,142,-1,141,142,143,-1,144,143,145,-1,145,143,142,-1,146,144,147,-1,147,144,145,-1,148,149,150,-1,150,149,146,-1,150,146,147,-1,151,149,152,-1,152,149,148,-1,153,154,155,-1,155,154,151,-1,155,151,152,-1,156,154,157,-1,157,154,153,-1,156,157,158,-1,156,158,159,-1,158,160,159,-1,159,160,161,-1,159,161,162,-1,162,161,163,-1,162,163,164,-1,164,163,165,-1,164,165,166,-1,166,165,167,-1,166,167,168,-1,168,167,169,-1,168,169,170,-1,170,169,171,-1,170,171,172,-1,173,172,174,-1,174,172,171,-1,173,174,175,-1,173,175,176,-1,176,175,177,-1,176,177,178,-1,178,177,179,-1,178,179,180,-1,180,179,181,-1,180,181,182,-1,182,181,183,-1,182,183,184,-1,183,185,184,-1,184,185,186,-1,184,186,187,-1,187,186,188,-1,187,188,189,-1,189,188,190,-1,189,190,191,-1,135,191,137,-1,137,191,190,-1,141,143,191,-1,135,134,191,-1,191,134,138,-1,191,138,141,-1,149,151,146,-1,146,151,154,-1,146,154,144,-1,172,173,170,-1,170,173,176,-1,170,176,168,-1,168,176,178,-1,168,178,166,-1,166,178,180,-1,166,180,164,-1,164,180,182,-1,164,182,162,-1,143,144,191,-1,191,144,154,-1,191,154,189,-1,154,156,189,-1,189,156,159,-1,189,159,187,-1,187,159,162,-1,187,162,184,-1,184,162,182,-1,192,193,194,-1,194,193,195,-1,196,197,198,-1,198,197,192,-1,198,192,194,-1,199,197,200,-1,200,197,196,-1,201,202,203,-1,203,202,199,-1,203,199,200,-1,204,202,205,-1,205,202,201,-1,206,207,208,-1,208,207,204,-1,208,204,205,-1,209,207,210,-1,210,207,206,-1,211,212,213,-1,213,212,209,-1,213,209,210,-1,214,215,216,-1,216,215,212,-1,216,212,211,-1,217,218,219,-1,219,218,215,-1,219,215,214,-1,220,221,222,-1,222,221,218,-1,222,218,217,-1,195,193,223,-1,223,193,221,-1,223,221,220,-1,221,193,192,-1,192,197,221,-1,221,197,199,-1,221,199,218,-1,212,215,209,-1,209,215,218,-1,209,218,207,-1,207,218,199,-1,207,199,204,-1,204,199,202,-1,224,225,226,-1,226,225,227,-1,226,227,228,-1,228,227,229,-1,228,229,230,-1,230,229,231,-1,230,231,232,-1,232,231,233,-1,232,233,234,-1,234,233,235,-1,234,235,236,-1,235,237,236,-1,236,237,238,-1,236,238,239,-1,239,238,240,-1,239,240,241,-1,241,240,242,-1,241,242,243,-1,243,242,244,-1,243,244,245,-1,245,244,246,-1,245,246,247,-1,247,246,248,-1,247,248,249,-1,249,248,250,-1,249,250,251,-1,251,250,252,-1,251,252,253,-1,253,252,254,-1,253,254,255,-1,255,254,256,-1,255,256,257,-1,257,256,258,-1,257,258,224,-1,224,258,259,-1,224,259,225,-1,230,232,260,-1,260,232,261,-1,230,260,262,-1,230,262,228,-1,228,262,263,-1,228,263,226,-1,226,263,264,-1,226,264,224,-1,224,264,265,-1,224,265,257,-1,257,265,266,-1,257,266,255,-1,255,266,267,-1,255,267,253,-1,253,267,268,-1,253,268,251,-1,251,268,269,-1,251,269,249,-1,249,269,270,-1,249,270,247,-1,247,270,271,-1,247,271,245,-1,245,271,272,-1,245,272,243,-1,273,236,274,-1,274,236,239,-1,274,239,275,-1,275,239,241,-1,275,241,276,-1,276,241,243,-1,276,243,272,-1,234,236,277,-1,277,236,273,-1,261,232,278,-1,278,232,234,-1,278,234,277,-1,237,235,279,-1,279,235,280,-1,235,233,280,-1,280,233,281,-1,233,231,281,-1,281,231,282,-1,259,283,284,-1,259,284,225,-1,225,284,285,-1,225,285,227,-1,227,285,286,-1,227,286,229,-1,229,286,282,-1,229,282,231,-1,252,287,288,-1,252,288,254,-1,254,288,289,-1,254,289,256,-1,256,289,290,-1,256,290,258,-1,258,290,283,-1,258,283,259,-1,244,291,292,-1,244,292,246,-1,246,292,293,-1,246,293,248,-1,248,293,294,-1,248,294,250,-1,250,294,287,-1,250,287,252,-1,237,279,295,-1,237,295,238,-1,238,295,296,-1,238,296,240,-1,240,296,297,-1,240,297,242,-1,242,297,291,-1,242,291,244,-1,
        ]
    }
}
Shape{
    appearance Appearance {
        material  Material 	{
            diffuseColor 0.4392156862745098 0.4392156862745098 0.4392156862745098
            specularColor 0.2196078431372549 0.2196078431372549 0.2196078431372549
            ambientIntensity 0.2
            transparency 0
            shininess 0.5
        }
    }
    geometry IndexedFaceSet {
        ccw TRUE
        solid FALSE
        coord DEF co Coordinate {
            point [
                -0.2279 0.9843 0.1063, -0.2313 0.9843 0.1086, -0.2174 0.9843 0.144, -0.2091 0.9843 0.144, -0.2088 0.9843 0.1039, -0.217 0.9843 0.144, -0.2164 0.9843 0.1039, -0.2236 0.9843 0.1047, -0.2319 0.9843 0.1092, -0.2344 0.9843 0.1122, -0.2363 0.9843 0.116, -0.2376 0.9843 0.1243, -0.232 0.9843 0.139, -0.2285 0.9843 0.1413, -0.2368 0.9843 0.1308, -0.2354 0.9843 0.1346, -0.2334 0.9843 0.1375, -0.2373 0.9843 0.1207, -0.2241 0.9843 0.1431, -0.2241 0.9843 0.1431
            ]
        }
        coordIndex [
            0,1,2,-1,3,4,5,-1,5,4,6,-1,5,6,2,-1,2,6,7,-1,2,7,0,-1,1,8,2,-1,2,8,9,-1,2,9,10,-1,11,12,13,-1,14,15,11,-1,11,15,16,-1,11,16,12,-1,10,17,2,-1,2,17,11,-1,2,11,18,-1,18,11,13,-1,
        ]
    }
}
Shape{
    appearance Appearance {
        material  Material 	{
            diffuseColor 1.0 1.0 1.0
            specularColor 0.5019607843137255 0.5019607843137255 0.5019607843137255
            ambientIntensity 0.2
            transparency 0
            shininess 0.5
        }
    }
    geometry IndexedFaceSet {
        ccw TRUE
        solid FALSE
        coord DEF co Coordinate {
            point [
                -0.262 0.9843 0.1177, -0.27 0.9843 0.1393, -0.2675 0.9843 0.1496, -0.2473 0.9843 0.0977, -0.2547 0.9843 0.0977, -0.2598 0.9843 0.1118, -0.2704 0.9843 0.1408, -0.2708 0.9843 0.1429, -0.2747 0.9843 0.1496, -0.271 0.9843 0.1429, -0.2714 0.9843 0.1407, -0.2718 0.9843 0.1393, -0.2795 0.9843 0.1176, -0.2941 0.9843 0.0974, -0.2867 0.9843 0.0974, -0.2815 0.9843 0.1117, -0.2747 0.9843 0.1496, -0.2941 0.9843 0.0974, -0.2675 0.9843 0.1496, -0.2473 0.9843 0.0977, -0.2547 0.9843 0.0977, -0.2598 0.9843 0.1118, -0.2815 0.9843 0.1117, -0.2867 0.9843 0.0974, -0.262 0.9843 0.1177, -0.2795 0.9843 0.1176, -0.2718 0.9843 0.1393, -0.271 0.9843 0.1429, -0.2714 0.9843 0.1407, -0.2708 0.9843 0.1429, -0.27 0.9843 0.1393, -0.2704 0.9843 0.1408, -0.2704 0.9843 0.1408
            ]
        }
        coordIndex [
            0,1,2,-1,3,4,5,-1,1,6,2,-1,2,6,7,-1,2,7,8,-1,8,7,9,-1,8,9,10,-1,10,11,8,-1,8,11,12,-1,8,12,13,-1,14,13,15,-1,15,13,12,-1,15,12,5,-1,5,12,0,-1,5,0,3,-1,3,0,2,-1,8,13,16,-1,16,13,17,-1,2,8,18,-1,18,8,16,-1,3,2,19,-1,19,2,18,-1,4,3,20,-1,20,3,19,-1,5,4,21,-1,21,4,20,-1,15,5,22,-1,22,5,21,-1,14,15,23,-1,23,15,22,-1,13,14,17,-1,17,14,23,-1,0,12,24,-1,24,12,25,-1,12,11,25,-1,25,11,26,-1,9,27,28,-1,9,28,10,-1,10,28,26,-1,10,26,11,-1,9,7,27,-1,27,7,29,-1,1,30,31,-1,1,31,6,-1,6,31,29,-1,6,29,7,-1,1,0,30,-1,30,0,24,-1,
        ]
    }
}
Shape{
    appearance Appearance {
        material  Material 	{
            diffuseColor 0.4392156862745098 0.4392156862745098 0.4392156862745098
            specularColor 0.2196078431372549 0.2196078431372549 0.2196078431372549
            ambientIntensity 0.2
            transparency 0
            shininess 0.5
        }
    }
    geometry IndexedFaceSet {
        ccw TRUE
        solid FALSE
        coord DEF co Coordinate {
            point [
                -0.271 0.9843 0.1429, -0.2708 0.9843 0.1429, -0.2714 0.9843 0.1407, -0.2704 0.9843 0.1408, -0.2718 0.9843 0.1393, -0.27 0.9843 0.1393, -0.2795 0.9843 0.1176, -0.262 0.9843 0.1177, -0.262 0.9843 0.1177
            ]
        }
        coordIndex [
            0,1,2,-1,2,1,3,-1,2,3,4,-1,4,3,5,-1,4,5,6,-1,6,5,7,-1,
        ]
    }
}
Shape{
    appearance Appearance {
        material  Material 	{
            diffuseColor 1.0 1.0 1.0
            specularColor 0.5019607843137255 0.5019607843137255 0.5019607843137255
            ambientIntensity 0.2
            transparency 0
            shininess 0.5
        }
    }
    geometry IndexedFaceSet {
        ccw TRUE
        solid FALSE
        coord DEF co Coordinate {
            point [
                0.2098 0.9843 0.0936, 0.2043 0.9843 0.0867, 0.2129 0.9843 0.1263, 0.0892 0.9843 0.1436, 0.1005 0.9843 0.1633, 0.1503 0.9843 0.1377, 0.176 0.9843 0.127, 0.1725 0.9843 0.1258, 0.2189 0.9843 0.1907, 0.2106 0.9843 0.195, 0.2124 0.9843 0.2178, 0.1893 0.9843 0.2187, 0.178 0.9843 0.1916, 0.1723 0.9843 0.2032, 0.2209 0.9843 0.1313, 0.2181 0.9843 0.103, 0.2134 0.9843 0.1015, 0.1978 0.9843 0.2195, 0.1695 0.9843 0.1239, 0.167 0.9843 0.1214, 0.1412 0.9843 0.1166, 0.1653 0.9843 0.1184, 0.1643 0.9843 0.115, 0.1412 0.9843 0.1129, 0.1642 0.9843 0.1114, 0.182 0.9843 0.1268, 0.1868 0.9843 0.1495, 0.1853 0.9843 0.1255, 0.195 0.9843 0.1464, 0.1882 0.9843 0.1235, 0.2026 0.9843 0.1412, 0.1899 0.9843 0.1217, 0.2088 0.9843 0.1342, 0.1918 0.9843 0.1186, 0.1928 0.9843 0.1151, 0.1645 0.9843 0.1479, 0.1734 0.9843 0.1502, 0.1779 0.9843 0.1505, 0.0767 0.9843 0.1801, 0.0738 0.9843 0.1801, 0.0584 0.9843 0.2, 0.0667 0.9843 0.1792, 0.0566 0.9843 0.1993, 0.0603 0.9843 0.1766, 0.0456 0.9843 0.1938, 0.0357 0.9843 0.1852, 0.1817 0.9843 0.2274, 0.1639 0.9843 0.2131, 0.1729 0.9843 0.2348, 0.1539 0.9843 0.2203, 0.1625 0.9843 0.2411, 0.2014 0.9843 0.1971, 0.1976 0.9843 0.1973, 0.1936 0.9843 0.2192, 0.1889 0.9843 0.1961, 0.1807 0.9843 0.193, 0.0361 0.9843 0.1162, 0.0532 0.9843 0.131, 0.0462 0.9843 0.1077, 0.0587 0.9843 0.1266, 0.0576 0.9843 0.1023, 0.0653 0.9843 0.1236, 0.0699 0.9843 0.0998, 0.0719 0.9843 0.1224, 0.0917 0.9843 0.0999, 0.0886 0.9843 0.1225, 0.0938 0.9843 0.1003, 0.1785 0.9843 0.1272, 0.1567 0.9843 0.1437, 0.0546 0.9843 0.1726, 0.0503 0.9843 0.1678, 0.0282 0.9843 0.1747, 0.0469 0.9843 0.1614, 0.0238 0.9843 0.1633, 0.0453 0.9843 0.1543, 0.0222 0.9843 0.1512, 0.0451 0.9843 0.151, 0.0239 0.9843 0.138, 0.046 0.9843 0.1438, 0.0287 0.9843 0.1264, 0.0486 0.9843 0.1373, 0.0527 0.9843 0.1315, 0.0782 0.9843 0.2293, 0.0928 0.9843 0.2124, 0.0656 0.9843 0.2144, 0.0845 0.9843 0.2024, 0.0789 0.9843 0.1904, 0.2337 0.9843 0.1695, 0.258 0.9843 0.1635, 0.2349 0.9843 0.1605, 0.2582 0.9843 0.1599, 0.2345 0.9843 0.1548, 0.2565 0.9843 0.1454, 0.2319 0.9843 0.1457, 0.2513 0.9843 0.1316, 0.2275 0.9843 0.1382, 0.2429 0.9843 0.1195, 0.2314 0.9843 0.1096, 0.1888 0.9843 0.1026, 0.1907 0.9843 0.105, 0.1922 0.9843 0.1081, 0.193 0.9843 0.1115, 0.1452 0.9843 0.2472, 0.1418 0.9843 0.2251, 0.1284 0.9843 0.2489, 0.1282 0.9843 0.2267, 0.111 0.9843 0.2467, 0.1157 0.9843 0.2251, 0.0927 0.9843 0.2395, 0.1041 0.9843 0.2206, 0.0937 0.9843 0.2133, 0.2261 0.9843 0.2125, 0.238 0.9843 0.2044, 0.2253 0.9843 0.185, 0.2405 0.9843 0.202, 0.2305 0.9843 0.1777, 0.2495 0.9843 0.1907, 0.2555 0.9843 0.1774, 0.0905 0.9843 0.1228, 0.0995 0.9843 0.1039, 0.0986 0.9843 0.103, 0.186 0.9843 0.1004, 0.1971 0.9843 0.0812, 0.1826 0.9843 0.0989, 0.1886 0.9843 0.0776, 0.1793 0.9843 0.0983, 0.1799 0.9843 0.0762, 0.1787 0.9843 0.0983, 0.1785 0.9843 0.0761, 0.1751 0.9843 0.0987, 0.1695 0.9843 0.0772, 0.1719 0.9843 0.1, 0.1612 0.9843 0.0803, 0.169 0.9843 0.1019, 0.1538 0.9843 0.0853, 0.1667 0.9843 0.1046, 0.1481 0.9843 0.0917, 0.165 0.9843 0.1078, 0.1437 0.9843 0.0999, 0.1414 0.9843 0.109, 0.0893 0.9843 0.1226, 0.0962 0.9843 0.1013, 0.1024 0.9843 0.1115, 0.102 0.9843 0.1087, 0.1011 0.9843 0.1062, 0.0937 0.9843 0.1225, 0.0962 0.9843 0.1215, 0.1023 0.9843 0.1129, 0.0985 0.9843 0.1199, 0.1001 0.9843 0.1183, 0.1015 0.9843 0.1157, 0.0908 0.9843 0.1229, 0.0222 0.9843 0.1512, 0.0238 0.9843 0.1633, 0.0325 0.9843 0.1808, 0.0248 0.9843 0.1659, 0.0282 0.9843 0.1747, 0.0357 0.9843 0.1852, 0.0456 0.9843 0.1938, 0.0566 0.9843 0.1993, 0.0584 0.9843 0.2, 0.0656 0.9843 0.2144, 0.0782 0.9843 0.2293, 0.1284 0.9843 0.2489, 0.0843 0.9843 0.2336, 0.0927 0.9843 0.2395, 0.0983 0.9843 0.2417, 0.111 0.9843 0.2467, 0.1729 0.9843 0.2348, 0.1452 0.9843 0.2472, 0.1606 0.9843 0.2417, 0.1625 0.9843 0.2411, 0.1893 0.9843 0.2187, 0.1743 0.9843 0.2336, 0.1817 0.9843 0.2274, 0.1936 0.9843 0.2192, 0.1978 0.9843 0.2195, 0.2124 0.9843 0.2178, 0.2261 0.9843 0.2125, 0.238 0.9843 0.2044, 0.2405 0.9843 0.202, 0.2582 0.9843 0.1599, 0.2495 0.9843 0.1907, 0.2539 0.9843 0.1808, 0.2555 0.9843 0.1774, 0.2576 0.9843 0.1659, 0.258 0.9843 0.1635, 0.257 0.9843 0.1498, 0.2571 0.9843 0.1508, 0.2565 0.9843 0.1454, 0.2513 0.9843 0.1316, 0.2429 0.9843 0.1195, 0.2314 0.9843 0.1096, 0.2181 0.9843 0.103, 0.2134 0.9843 0.1015, 0.2098 0.9843 0.0936, 0.2043 0.9843 0.0867, 0.1971 0.9843 0.0812, 0.1886 0.9843 0.0776, 0.1799 0.9843 0.0762, 0.1785 0.9843 0.0761, 0.1695 0.9843 0.0772, 0.1612 0.9843 0.0803, 0.1538 0.9843 0.0853, 0.1481 0.9843 0.0917, 0.1437 0.9843 0.0999, 0.1414 0.9843 0.109, 0.1412 0.9843 0.1129, 0.1412 0.9843 0.1166, 0.0892 0.9843 0.1436, 0.1005 0.9843 0.1633, 0.0934 0.9843 0.1508, 0.0928 0.9843 0.1498, 0.1267 0.9843 0.1498, 0.1503 0.9843 0.1377, 0.1247 0.9843 0.1508, 0.1779 0.9843 0.1505, 0.1567 0.9843 0.1437, 0.1645 0.9843 0.1479, 0.172 0.9843 0.1498, 0.1734 0.9843 0.1502, 0.1836 0.9843 0.1498, 0.1868 0.9843 0.1495, 0.195 0.9843 0.1464, 0.2026 0.9843 0.1412, 0.2088 0.9843 0.1342, 0.2129 0.9843 0.1263, 0.2333 0.9843 0.1508, 0.233 0.9843 0.1498, 0.2319 0.9843 0.1457, 0.2275 0.9843 0.1382, 0.2209 0.9843 0.1313, 0.2345 0.9843 0.1548, 0.2349 0.9843 0.1605, 0.2342 0.9843 0.1659, 0.2337 0.9843 0.1695, 0.2305 0.9843 0.1777, 0.2283 0.9843 0.1808, 0.2253 0.9843 0.185, 0.2189 0.9843 0.1907, 0.2106 0.9843 0.195, 0.2014 0.9843 0.1971, 0.1976 0.9843 0.1973, 0.1889 0.9843 0.1961, 0.1807 0.9843 0.193, 0.178 0.9843 0.1916, 0.1723 0.9843 0.2032, 0.1639 0.9843 0.2131, 0.1539 0.9843 0.2203, 0.1418 0.9843 0.2251, 0.1282 0.9843 0.2267, 0.0767 0.9843 0.1801, 0.0768 0.9843 0.1808, 0.0789 0.9843 0.1904, 0.0845 0.9843 0.2024, 0.0928 0.9843 0.2124, 0.0937 0.9843 0.2133, 0.1041 0.9843 0.2206, 0.1157 0.9843 0.2251, 0.0738 0.9843 0.1801, 0.0667 0.9843 0.1792, 0.0603 0.9843 0.1766, 0.0546 0.9843 0.1726, 0.0503 0.9843 0.1678, 0.0493 0.9843 0.1659, 0.0469 0.9843 0.1614, 0.0453 0.9843 0.1543, 0.0451 0.9843 0.151, 0.0451 0.9843 0.1508, 0.0453 0.9843 0.1498, 0.046 0.9843 0.1438, 0.0486 0.9843 0.1373, 0.0527 0.9843 0.1315, 0.0532 0.9843 0.131, 0.0587 0.9843 0.1266, 0.0653 0.9843 0.1236, 0.0719 0.9843 0.1224, 0.0886 0.9843 0.1225, 0.0893 0.9843 0.1226, 0.0905 0.9843 0.1228, 0.0908 0.9843 0.1229, 0.0937 0.9843 0.1225, 0.0962 0.9843 0.1215, 0.0985 0.9843 0.1199, 0.1001 0.9843 0.1183, 0.1015 0.9843 0.1157, 0.1023 0.9843 0.1129, 0.1024 0.9843 0.1115, 0.102 0.9843 0.1087, 0.1011 0.9843 0.1062, 0.0995 0.9843 0.1039, 0.0986 0.9843 0.103, 0.0962 0.9843 0.1013, 0.0938 0.9843 0.1003, 0.0917 0.9843 0.0999, 0.0699 0.9843 0.0998, 0.0576 0.9843 0.1023, 0.0462 0.9843 0.1077, 0.0361 0.9843 0.1162, 0.0287 0.9843 0.1264, 0.0239 0.9843 0.138, 0.0223 0.9843 0.1498, 0.0222 0.9843 0.1508, 0.1785 0.9843 0.1272, 0.176 0.9843 0.127, 0.1725 0.9843 0.1258, 0.1695 0.9843 0.1239, 0.167 0.9843 0.1214, 0.1653 0.9843 0.1184, 0.1643 0.9843 0.115, 0.1642 0.9843 0.1114, 0.165 0.9843 0.1078, 0.1667 0.9843 0.1046, 0.169 0.9843 0.1019, 0.1719 0.9843 0.1, 0.1751 0.9843 0.0987, 0.1787 0.9843 0.0983, 0.1793 0.9843 0.0983, 0.1826 0.9843 0.0989, 0.186 0.9843 0.1004, 0.1888 0.9843 0.1026, 0.1907 0.9843 0.105, 0.1922 0.9843 0.1081, 0.193 0.9843 0.1115, 0.1928 0.9843 0.1151, 0.1918 0.9843 0.1186, 0.1899 0.9843 0.1217, 0.1882 0.9843 0.1235, 0.1853 0.9843 0.1255, 0.182 0.9843 0.1268, 0.182 0.9843 0.1268
            ]
        }
        coordIndex [
            0,1,2,-1,3,4,5,-1,6,7,3,-1,8,9,10,-1,11,12,13,-1,14,15,2,-1,2,15,16,-1,2,16,0,-1,10,9,17,-1,7,18,3,-1,3,18,19,-1,3,19,20,-1,19,21,20,-1,20,21,22,-1,20,22,23,-1,23,22,24,-1,25,26,27,-1,27,26,28,-1,27,28,29,-1,29,28,30,-1,29,30,31,-1,31,30,32,-1,31,32,33,-1,33,32,2,-1,33,2,34,-1,35,36,25,-1,25,36,37,-1,25,37,26,-1,38,39,40,-1,40,39,41,-1,40,41,42,-1,42,41,43,-1,42,43,44,-1,44,43,45,-1,11,13,46,-1,46,13,47,-1,46,47,48,-1,48,47,49,-1,48,49,50,-1,9,51,17,-1,17,51,52,-1,17,52,53,-1,53,52,54,-1,53,54,11,-1,11,54,55,-1,11,55,12,-1,56,57,58,-1,58,57,59,-1,58,59,60,-1,60,59,61,-1,60,61,62,-1,62,61,63,-1,62,63,64,-1,64,63,65,-1,64,65,66,-1,6,3,67,-1,67,3,5,-1,67,5,25,-1,25,5,68,-1,25,68,35,-1,43,69,45,-1,45,69,70,-1,45,70,71,-1,71,70,72,-1,71,72,73,-1,73,72,74,-1,73,74,75,-1,75,74,76,-1,75,76,77,-1,77,76,78,-1,77,78,79,-1,79,78,80,-1,79,80,56,-1,56,80,81,-1,56,81,57,-1,82,83,84,-1,84,83,85,-1,84,85,40,-1,40,85,86,-1,40,86,38,-1,87,88,89,-1,89,88,90,-1,89,90,91,-1,91,90,92,-1,91,92,93,-1,93,92,94,-1,93,94,95,-1,95,94,96,-1,95,96,14,-1,14,96,97,-1,14,97,15,-1,98,99,1,-1,1,99,100,-1,1,100,2,-1,2,100,101,-1,2,101,34,-1,50,49,102,-1,102,49,103,-1,102,103,104,-1,104,103,105,-1,104,105,106,-1,106,105,107,-1,106,107,108,-1,108,107,109,-1,108,109,82,-1,82,109,110,-1,82,110,83,-1,10,111,8,-1,8,111,112,-1,8,112,113,-1,113,112,114,-1,113,114,115,-1,115,114,116,-1,115,116,87,-1,87,116,117,-1,87,117,88,-1,118,119,120,-1,98,1,121,-1,121,1,122,-1,121,122,123,-1,123,122,124,-1,123,124,125,-1,125,124,126,-1,125,126,127,-1,127,126,128,-1,127,128,129,-1,129,128,130,-1,129,130,131,-1,131,130,132,-1,131,132,133,-1,133,132,134,-1,133,134,135,-1,135,134,136,-1,135,136,137,-1,137,136,138,-1,137,138,24,-1,24,138,139,-1,24,139,23,-1,65,140,66,-1,66,140,118,-1,66,118,141,-1,141,118,120,-1,142,143,118,-1,118,143,144,-1,118,144,119,-1,145,146,147,-1,146,148,147,-1,147,148,149,-1,147,149,150,-1,142,118,147,-1,147,118,151,-1,147,151,145,-1,75,152,153,-1,154,45,71,-1,75,153,73,-1,73,153,155,-1,73,155,71,-1,71,155,156,-1,71,156,154,-1,154,157,45,-1,45,157,158,-1,45,158,44,-1,44,158,159,-1,44,159,42,-1,42,159,160,-1,42,160,40,-1,40,160,161,-1,40,161,84,-1,84,161,162,-1,84,162,82,-1,163,104,106,-1,82,162,164,-1,82,164,108,-1,164,165,108,-1,108,165,166,-1,108,166,106,-1,106,166,167,-1,106,167,163,-1,168,48,50,-1,104,163,169,-1,104,169,102,-1,102,169,170,-1,102,170,50,-1,50,170,171,-1,50,171,168,-1,172,11,46,-1,48,168,173,-1,48,173,46,-1,46,173,174,-1,46,174,172,-1,11,172,175,-1,11,175,53,-1,53,175,176,-1,53,176,17,-1,17,176,177,-1,17,177,10,-1,10,177,178,-1,10,178,111,-1,111,178,179,-1,111,179,112,-1,112,179,180,-1,112,180,114,-1,181,90,88,-1,114,180,182,-1,114,182,116,-1,116,182,183,-1,116,183,117,-1,183,184,117,-1,117,184,185,-1,117,185,88,-1,88,185,186,-1,88,186,181,-1,187,92,188,-1,188,92,90,-1,188,90,181,-1,187,189,92,-1,92,189,190,-1,92,190,94,-1,94,190,191,-1,94,191,96,-1,96,191,192,-1,96,192,97,-1,97,192,193,-1,97,193,15,-1,15,193,194,-1,15,194,16,-1,16,194,195,-1,16,195,0,-1,0,195,196,-1,0,196,1,-1,1,196,197,-1,1,197,122,-1,122,197,198,-1,122,198,124,-1,124,198,199,-1,124,199,126,-1,126,199,200,-1,126,200,128,-1,128,200,201,-1,128,201,130,-1,130,201,202,-1,130,202,132,-1,132,202,203,-1,132,203,134,-1,134,203,204,-1,134,204,136,-1,136,204,205,-1,136,205,138,-1,138,205,206,-1,138,206,139,-1,139,206,207,-1,139,207,23,-1,20,23,208,-1,208,23,207,-1,3,20,209,-1,209,20,208,-1,210,4,211,-1,211,4,3,-1,211,3,212,-1,212,3,209,-1,213,214,5,-1,213,5,215,-1,215,5,4,-1,215,4,210,-1,216,37,36,-1,5,214,217,-1,5,217,68,-1,68,217,218,-1,68,218,35,-1,35,218,219,-1,35,219,36,-1,36,219,220,-1,36,220,216,-1,26,37,221,-1,221,37,216,-1,221,222,26,-1,26,222,223,-1,26,223,28,-1,28,223,224,-1,28,224,30,-1,30,224,225,-1,30,225,32,-1,32,225,226,-1,32,226,2,-1,227,91,228,-1,228,91,93,-1,228,93,229,-1,229,93,95,-1,229,95,230,-1,230,95,14,-1,230,14,231,-1,231,14,2,-1,231,2,226,-1,227,232,91,-1,91,232,233,-1,91,233,89,-1,87,89,234,-1,234,89,233,-1,234,235,87,-1,87,235,236,-1,87,236,115,-1,115,236,237,-1,115,237,113,-1,237,238,113,-1,113,238,239,-1,113,239,8,-1,8,239,240,-1,8,240,9,-1,9,240,241,-1,9,241,51,-1,51,241,242,-1,51,242,52,-1,52,242,243,-1,52,243,54,-1,54,243,244,-1,54,244,55,-1,55,244,245,-1,55,245,12,-1,12,245,246,-1,12,246,13,-1,13,246,247,-1,13,247,47,-1,47,247,248,-1,47,248,49,-1,49,248,249,-1,49,249,103,-1,103,249,250,-1,103,250,105,-1,251,38,252,-1,252,38,86,-1,252,86,253,-1,253,86,85,-1,253,85,254,-1,254,85,83,-1,254,83,255,-1,255,83,110,-1,255,110,256,-1,256,110,109,-1,256,109,257,-1,257,109,107,-1,257,107,258,-1,258,107,105,-1,258,105,250,-1,39,38,259,-1,259,38,251,-1,39,259,260,-1,39,260,41,-1,41,260,261,-1,41,261,43,-1,43,261,262,-1,43,262,69,-1,69,262,263,-1,69,263,70,-1,70,263,264,-1,70,264,72,-1,264,265,72,-1,72,265,266,-1,72,266,74,-1,74,266,267,-1,74,267,76,-1,267,268,76,-1,76,268,269,-1,76,269,78,-1,269,270,78,-1,78,270,271,-1,78,271,80,-1,80,271,272,-1,80,272,81,-1,81,272,273,-1,81,273,57,-1,57,273,274,-1,57,274,59,-1,59,274,275,-1,59,275,61,-1,61,275,276,-1,61,276,63,-1,65,63,277,-1,277,63,276,-1,65,277,278,-1,65,278,140,-1,140,278,279,-1,140,279,118,-1,118,279,280,-1,118,280,151,-1,151,280,281,-1,151,281,145,-1,145,281,282,-1,145,282,146,-1,146,282,283,-1,146,283,148,-1,148,283,284,-1,148,284,149,-1,149,284,285,-1,149,285,150,-1,150,285,286,-1,150,286,147,-1,147,286,287,-1,147,287,142,-1,142,287,288,-1,142,288,143,-1,143,288,289,-1,143,289,144,-1,144,289,290,-1,144,290,119,-1,119,290,291,-1,119,291,120,-1,120,291,292,-1,120,292,141,-1,141,292,293,-1,141,293,66,-1,66,293,294,-1,66,294,64,-1,62,64,295,-1,295,64,294,-1,62,295,296,-1,62,296,60,-1,60,296,297,-1,60,297,58,-1,58,297,298,-1,58,298,56,-1,56,298,299,-1,56,299,79,-1,79,299,300,-1,79,300,77,-1,77,300,301,-1,77,301,75,-1,75,301,302,-1,75,302,152,-1,67,303,304,-1,67,304,6,-1,6,304,305,-1,6,305,7,-1,7,305,306,-1,7,306,18,-1,18,306,307,-1,18,307,19,-1,19,307,308,-1,19,308,21,-1,21,308,309,-1,21,309,22,-1,22,309,310,-1,22,310,24,-1,24,310,311,-1,24,311,137,-1,137,311,312,-1,137,312,135,-1,135,312,313,-1,135,313,133,-1,133,313,314,-1,133,314,131,-1,131,314,315,-1,131,315,129,-1,129,315,316,-1,129,316,127,-1,127,316,317,-1,127,317,125,-1,125,317,318,-1,125,318,123,-1,123,318,319,-1,123,319,121,-1,121,319,320,-1,121,320,98,-1,98,320,321,-1,98,321,99,-1,99,321,322,-1,99,322,100,-1,100,322,323,-1,100,323,101,-1,101,323,324,-1,101,324,34,-1,34,324,325,-1,34,325,33,-1,33,325,326,-1,33,326,31,-1,31,326,327,-1,31,327,29,-1,29,327,328,-1,29,328,27,-1,27,328,329,-1,27,329,25,-1,25,329,303,-1,25,303,67,-1,
        ]
    }
}
Shape{
    appearance Appearance {
        material  Material 	{
            diffuseColor 0.4392156862745098 0.4392156862745098 0.4392156862745098
            specularColor 0.2196078431372549 0.2196078431372549 0.2196078431372549
            ambientIntensity 0.2
            transparency 0
            shininess 0.5
        }
    }
    geometry IndexedFaceSet {
        ccw TRUE
        solid FALSE
        coord DEF co Coordinate {
            point [
                0.182 0.9843 0.1268, 0.1853 0.9843 0.1255, 0.1793 0.9843 0.0983, 0.1882 0.9843 0.1235, 0.1899 0.9843 0.1217, 0.176 0.9843 0.127, 0.1787 0.9843 0.0983, 0.1751 0.9843 0.0987, 0.1785 0.9843 0.1272, 0.1922 0.9843 0.1081, 0.1907 0.9843 0.105, 0.1888 0.9843 0.1026, 0.169 0.9843 0.1019, 0.167 0.9843 0.1214, 0.1695 0.9843 0.1239, 0.1918 0.9843 0.1186, 0.1928 0.9843 0.1151, 0.193 0.9843 0.1115, 0.186 0.9843 0.1004, 0.1826 0.9843 0.0989, 0.1719 0.9843 0.1, 0.1725 0.9843 0.1258, 0.165 0.9843 0.1078, 0.1642 0.9843 0.1114, 0.1667 0.9843 0.1046, 0.1643 0.9843 0.115, 0.1653 0.9843 0.1184, 0.1653 0.9843 0.1184
            ]
        }
        coordIndex [
            0,1,2,-1,2,1,3,-1,2,3,4,-1,5,6,7,-1,6,5,2,-1,2,5,8,-1,2,8,0,-1,9,10,4,-1,4,10,11,-1,12,13,14,-1,15,16,4,-1,4,16,17,-1,4,17,9,-1,11,18,4,-1,4,18,19,-1,4,19,2,-1,7,20,5,-1,5,20,12,-1,5,12,21,-1,21,12,14,-1,22,23,24,-1,24,23,25,-1,24,25,12,-1,12,25,26,-1,12,26,13,-1,
        ]
    }
}