ISO-10303-21;
HEADER;
FILE_DESCRIPTION (( 'STEP AP214' ),
    '1' );
FILE_NAME ('LFPAK56-5_L4.9-W4.0-H1.0-P1.27-LS6.1-BR.step',
    '2022-05-17T09:53:33',
    ( '' ),
    ( '' ),
    'SwSTEP 2.0',
    'SolidWorks 2020',
    '' );
FILE_SCHEMA (( 'AUTOMOTIVE_DESIGN' ));
ENDSEC;

DATA;
#1 = DIRECTION ( 'NONE',  ( 0.000000000000000000, 0.000000000000000000, -1.000000000000000000 ) ) ;
#2 =( LENGTH_UNIT ( ) NAMED_UNIT ( * ) SI_UNIT ( .MILLI., .METRE. ) );
#3 = STYLED_ITEM ( 'NONE', ( #7334 ), #9072 ) ;
#4 = CARTESIAN_POINT ( 'NONE',  ( 2.909998327955510611, -2.117500000000000160, -0.1499999999999995226 ) ) ;
#5 = MECHANICAL_DESIGN_GEOMETRIC_PRESENTATION_REPRESENTATION (  '', ( #4490 ), #631 ) ;
#6 = VECTOR ( 'NONE', #6731, 1000.000000000000114 ) ;
#7 = FILL_AREA_STYLE_COLOUR ( '', #9328 ) ;
#8 = FILL_AREA_STYLE_COLOUR ( '', #7545 ) ;
#9 =( NAMED_UNIT ( * ) SI_UNIT ( $, .STERADIAN. ) SOLID_ANGLE_UNIT ( ) );
#10 = VECTOR ( 'NONE', #6226, 1000.000000000000000 ) ;
#11 =( GEOMETRIC_REPRESENTATION_CONTEXT ( 3 ) GLOBAL_UNCERTAINTY_ASSIGNED_CONTEXT ( ( #5863 ) ) GLOBAL_UNIT_ASSIGNED_CONTEXT ( ( #7611, #2526, #5428 ) ) REPRESENTATION_CONTEXT ( 'NONE', 'WORKASPACE' ) );
#12 = STYLED_ITEM ( 'NONE', ( #5181 ), #2088 ) ;
#13 = PRESENTATION_STYLE_ASSIGNMENT (( #5958 ) ) ;
#14 = ORIENTED_EDGE ( 'NONE', *, *, #9416, .T. ) ;
#15 = CARTESIAN_POINT ( 'NONE',  ( 2.483214825035667594, -2.189999999999999947, 0.2050386854289297511 ) ) ;
#16 = PRESENTATION_LAYER_ASSIGNMENT (  '', '', ( #7923 ) ) ;
#17 = FACE_OUTER_BOUND ( 'NONE', #211, .T. ) ;
#18 = SURFACE_STYLE_USAGE ( .BOTH. , #3744 ) ;
#19 = ADVANCED_FACE ( 'NONE', ( #7672 ), #8445, .T. ) ;
#20 = CARTESIAN_POINT ( 'NONE',  ( 1.908882089877681265, -0.1298582968395940451, 0.3347052246942044396 ) ) ;
#21 = ORIENTED_EDGE ( 'NONE', *, *, #6805, .T. ) ;
#22 = DIRECTION ( 'NONE',  ( 0.000000000000000000, 1.000000000000000000, 0.000000000000000000 ) ) ;
#23 = SURFACE_STYLE_USAGE ( .BOTH. , #8159 ) ;
#24 = ORIENTED_EDGE ( 'NONE', *, *, #6406, .F. ) ;
#25 = ORIENTED_EDGE ( 'NONE', *, *, #5119, .T. ) ;
#26 = ORIENTED_EDGE ( 'NONE', *, *, #338, .T. ) ;
#27 = ORIENTED_EDGE ( 'NONE', *, *, #8913, .T. ) ;
#28 = CARTESIAN_POINT ( 'NONE',  ( 1.911357824182757570, 0.1451712610385076929, 0.3678203844925673760 ) ) ;
#29 = CARTESIAN_POINT ( 'NONE',  ( 2.461382810556700385, -1.692499999999999893, -0.1143832811983295089 ) ) ;
#30 = DIRECTION ( 'NONE',  ( -1.314184451497581013E-15, 0.000000000000000000, -1.000000000000000000 ) ) ;
#31 = PLANE ( 'NONE',  #8378 ) ;
#32 = CARTESIAN_POINT ( 'NONE',  ( 1.125000000000000222, -1.600000000000000533, -0.000000000000000000 ) ) ;
#33 = DIRECTION ( 'NONE',  ( -0.06818941838404181388, -1.789660620253718485E-17, -0.9976723927324270269 ) ) ;
#34 = LINE ( 'NONE', #2988, #1808 ) ;
#35 = VERTEX_POINT ( 'NONE', #7319 ) ;
#36 = ADVANCED_FACE ( 'NONE', ( #1364 ), #556, .T. ) ;
#37 = DIRECTION ( 'NONE',  ( 0.9284766908852605249, 0.000000000000000000, -0.3713906763541008349 ) ) ;
#38 = DIRECTION ( 'NONE',  ( 1.000000000000000000, 0.000000000000000000, 0.000000000000000000 ) ) ;
#39 = DIRECTION ( 'NONE',  ( 0.000000000000000000, 1.000000000000000000, 0.000000000000000000 ) ) ;
#40 = CARTESIAN_POINT ( 'NONE',  ( 2.483214825035667594, 1.620000000000000107, 0.2050386854289297511 ) ) ;
#41 = CARTESIAN_POINT ( 'NONE',  ( 1.900969829405686706, 0.5185101243728922338, 0.3418503975498891623 ) ) ;
#42 = MECHANICAL_DESIGN_GEOMETRIC_PRESENTATION_REPRESENTATION (  '', ( #5150 ), #8144 ) ;
#43 = CARTESIAN_POINT ( 'NONE',  ( 1.920971133543797116, -0.09870585911182308547, 0.3649278338594917348 ) ) ;
#44 = ORIENTED_EDGE ( 'NONE', *, *, #2315, .T. ) ;
#45 = EDGE_CURVE ( 'NONE', #1079, #6424, #9528, .T. ) ;
#46 = SURFACE_STYLE_FILL_AREA ( #4455 ) ;
#47 = VECTOR ( 'NONE', #5608, 1000.000000000000000 ) ;
#48 = SURFACE_STYLE_FILL_AREA ( #8239 ) ;
#49 = VERTEX_POINT ( 'NONE', #3694 ) ;
#50 = FACE_OUTER_BOUND ( 'NONE', #9541, .T. ) ;
#51 = FILL_AREA_STYLE_COLOUR ( '', #5589 ) ;
#52 = UNCERTAINTY_MEASURE_WITH_UNIT (LENGTH_MEASURE( 1.000000000000000082E-05 ), #1276, 'distance_accuracy_value', 'NONE');
#53 = SURFACE_STYLE_USAGE ( .BOTH. , #7510 ) ;
#54 = EDGE_CURVE ( 'NONE', #1287, #7595, #5818, .T. ) ;
#55 =( GEOMETRIC_REPRESENTATION_CONTEXT ( 3 ) GLOBAL_UNCERTAINTY_ASSIGNED_CONTEXT ( ( #4228 ) ) GLOBAL_UNIT_ASSIGNED_CONTEXT ( ( #8251, #4663, #106 ) ) REPRESENTATION_CONTEXT ( 'NONE', 'WORKASPACE' ) );
#56 = CARTESIAN_POINT ( 'NONE',  ( 2.196345996542119927, 0.9200000000000000400, 0.3194445853922670553 ) ) ;
#57 = ORIENTED_EDGE ( 'NONE', *, *, #6195, .F. ) ;
#58 = FILL_AREA_STYLE_COLOUR ( '', #7846 ) ;
#59 = PRESENTATION_LAYER_ASSIGNMENT (  '', '', ( #4097 ) ) ;
#60 =( NAMED_UNIT ( * ) SI_UNIT ( $, .STERADIAN. ) SOLID_ANGLE_UNIT ( ) );
#61 = ADVANCED_FACE ( 'NONE', ( #5107 ), #3503, .F. ) ;
#62 = CARTESIAN_POINT ( 'NONE',  ( 1.829170475201820301, 0.5219342765702187359, 0.1354261880045509459 ) ) ;
#63 = UNCERTAINTY_MEASURE_WITH_UNIT (LENGTH_MEASURE( 1.000000000000000082E-05 ), #4545, 'distance_accuracy_value', 'NONE');
#64 = DIRECTION ( 'NONE',  ( 0.3481553119113937611, -0.3481553119113941497, 0.8703882797784905367 ) ) ;
#65 =( LENGTH_UNIT ( ) NAMED_UNIT ( * ) SI_UNIT ( .MILLI., .METRE. ) );
#66 = EDGE_CURVE ( 'NONE', #7768, #8537, #4519, .T. ) ;
#67 = CARTESIAN_POINT ( 'NONE',  ( 1.888010124031781256, -0.1522925754920230745, 0.2825253100794518635 ) ) ;
#68 = VERTEX_POINT ( 'NONE', #210 ) ;
#69 = MECHANICAL_DESIGN_GEOMETRIC_PRESENTATION_REPRESENTATION (  '', ( #6258 ), #7345 ) ;
#70 = CARTESIAN_POINT ( 'NONE',  ( 1.921512128245509654, -0.04408653251887353908, 0.3932061446494458656 ) ) ;
#71 = EDGE_CURVE ( 'NONE', #8220, #6742, #3738, .T. ) ;
#72 = CARTESIAN_POINT ( 'NONE',  ( 1.812484027829951438, 0.3877776894142094255, 0.1206358936105506319 ) ) ;
#73 = EDGE_LOOP ( 'NONE', ( #5888, #1666, #5417, #292 ) ) ;
#74 = ORIENTED_EDGE ( 'NONE', *, *, #4991, .T. ) ;
#75 = ORIENTED_EDGE ( 'NONE', *, *, #8058, .T. ) ;
#76 = FACE_OUTER_BOUND ( 'NONE', #6119, .T. ) ;
#77 = VERTEX_POINT ( 'NONE', #56 ) ;
#78 = FILL_AREA_STYLE_COLOUR ( '', #3652 ) ;
#79 = FILL_AREA_STYLE ('',( #3182 ) ) ;
#80 = UNCERTAINTY_MEASURE_WITH_UNIT (LENGTH_MEASURE( 1.000000000000000082E-05 ), #5429, 'distance_accuracy_value', 'NONE');
#81 = PRESENTATION_STYLE_ASSIGNMENT (( #7449 ) ) ;
#82 = CARTESIAN_POINT ( 'NONE',  ( 2.909998327955510611, -2.117500000000000160, -0.1499999999999995226 ) ) ;
#83 = LINE ( 'NONE', #3808, #8635 ) ;
#84 = ORIENTED_EDGE ( 'NONE', *, *, #491, .F. ) ;
#85 = SURFACE_SIDE_STYLE ('',( #3035 ) ) ;
#86 = PRESENTATION_STYLE_ASSIGNMENT (( #3098 ) ) ;
#87 = STYLED_ITEM ( 'NONE', ( #2475 ), #2803 ) ;
#88 = SURFACE_SIDE_STYLE ('',( #8867 ) ) ;
#89 = EDGE_CURVE ( 'NONE', #2346, #1953, #4077, .T. ) ;
#90 = EDGE_CURVE ( 'NONE', #5819, #5437, #5383, .T. ) ;
#91 = DIRECTION ( 'NONE',  ( 0.3713906763541016676, 0.000000000000000000, 0.9284766908852601919 ) ) ;
#92 = ORIENTED_EDGE ( 'NONE', *, *, #9050, .F. ) ;
#93 = PRESENTATION_LAYER_ASSIGNMENT (  '', '', ( #3804 ) ) ;
#94 = CARTESIAN_POINT ( 'NONE',  ( 1.824398056060821949, 0.002145346404361332410, 0.1504209641877259640 ) ) ;
#95 = SURFACE_SIDE_STYLE ('',( #1546 ) ) ;
#96 = FILL_AREA_STYLE ('',( #6102 ) ) ;
#97 = MECHANICAL_DESIGN_GEOMETRIC_PRESENTATION_REPRESENTATION (  '', ( #4584 ), #721 ) ;
#98 = ORIENTED_EDGE ( 'NONE', *, *, #3218, .F. ) ;
#99 = CARTESIAN_POINT ( 'NONE',  ( 1.878521011062878276, 0.5459656908027549216, 0.2857283516928694755 ) ) ;
#100 = FILL_AREA_STYLE ('',( #51 ) ) ;
#101 = PRESENTATION_LAYER_ASSIGNMENT (  '', '', ( #9245 ) ) ;
#102 = CARTESIAN_POINT ( 'NONE',  ( 2.483214825035667594, -0.9200000000000000400, 0.2050386854289296956 ) ) ;
#103 = CARTESIAN_POINT ( 'NONE',  ( 1.125000000000000888, -2.007499999999999396, 3.326939670848419450E-16 ) ) ;
#104 = VECTOR ( 'NONE', #9233, 1000.000000000000227 ) ;
#105 = COLOUR_RGB ( '',1.000000000000000000, 1.000000000000000000, 1.000000000000000000 ) ;
#106 =( NAMED_UNIT ( * ) SI_UNIT ( $, .STERADIAN. ) SOLID_ANGLE_UNIT ( ) );
#107 = CARTESIAN_POINT ( 'NONE',  ( 1.847960035568624315, 0.5237790775136970112, 0.1824000889215601773 ) ) ;
#108 = ORIENTED_EDGE ( 'NONE', *, *, #8240, .F. ) ;
#109 =( GEOMETRIC_REPRESENTATION_CONTEXT ( 3 ) GLOBAL_UNCERTAINTY_ASSIGNED_CONTEXT ( ( #1709 ) ) GLOBAL_UNIT_ASSIGNED_CONTEXT ( ( #4948, #6617, #2164 ) ) REPRESENTATION_CONTEXT ( 'NONE', 'WORKASPACE' ) );
#110 =( GEOMETRIC_REPRESENTATION_CONTEXT ( 3 ) GLOBAL_UNCERTAINTY_ASSIGNED_CONTEXT ( ( #1495 ) ) GLOBAL_UNIT_ASSIGNED_CONTEXT ( ( #2712, #2171, #3350 ) ) REPRESENTATION_CONTEXT ( 'NONE', 'WORKASPACE' ) );
#111 = CARTESIAN_POINT ( 'NONE',  ( 1.812214963113915500, -0.003537706734066100710, 0.1199632318204601200 ) ) ;
#112 = CARTESIAN_POINT ( 'NONE',  ( 1.826550990061470925, -0.3086617772668205917, 0.1558032991893492369 ) ) ;
#113 = AXIS2_PLACEMENT_3D ( 'NONE', #2959, #5051, #1446 ) ;
#114 =( LENGTH_UNIT ( ) NAMED_UNIT ( * ) SI_UNIT ( .MILLI., .METRE. ) );
#115 = SURFACE_SIDE_STYLE ('',( #8260 ) ) ;
#116 = PLANE ( 'NONE',  #5700 ) ;
#117 = FILL_AREA_STYLE ('',( #6115 ) ) ;
#118 = ORIENTED_EDGE ( 'NONE', *, *, #7275, .F. ) ;
#119 = AXIS2_PLACEMENT_3D ( 'NONE', #5653, #2652, #4109 ) ;
#120 = VECTOR ( 'NONE', #5504, 1000.000000000000000 ) ;
#121 = EDGE_CURVE ( 'NONE', #1668, #9164, #1704, .T. ) ;
#122 = AXIS2_PLACEMENT_3D ( 'NONE', #5528, #1936, #6297 ) ;
#123 = CARTESIAN_POINT ( 'NONE',  ( 1.878725357122928541, -0.1522925754920230745, 0.2862392168429928607 ) ) ;
#124 = AXIS2_PLACEMENT_3D ( 'NONE', #895, #6785, #7571 ) ;
#125 = ADVANCED_FACE ( 'NONE', ( #3942 ), #7424, .F. ) ;
#126 =( LENGTH_UNIT ( ) NAMED_UNIT ( * ) SI_UNIT ( .MILLI., .METRE. ) );
#127 = VERTEX_POINT ( 'NONE', #1852 ) ;
#128 = VERTEX_POINT ( 'NONE', #4855 ) ;
#129 = EDGE_LOOP ( 'NONE', ( #6677, #3433, #8082, #704, #5931, #6660, #4536, #1237 ) ) ;
#130 = FILL_AREA_STYLE ('',( #6798 ) ) ;
#131 = ORIENTED_EDGE ( 'NONE', *, *, #1217, .T. ) ;
#132 = DIRECTION ( 'NONE',  ( 0.000000000000000000, -1.000000000000000000, 1.117179326706309062E-16 ) ) ;
#133 = DIRECTION ( 'NONE',  ( 0.000000000000000000, 1.000000000000000000, 0.000000000000000000 ) ) ;
#134 = DIRECTION ( 'NONE',  ( 1.447921622090529492E-16, 1.000000000000000000, -2.498792926766732971E-16 ) ) ;
#135 = SURFACE_STYLE_USAGE ( .BOTH. , #3803 ) ;
#136 = FACE_OUTER_BOUND ( 'NONE', #1492, .T. ) ;
#137 = MECHANICAL_DESIGN_GEOMETRIC_PRESENTATION_REPRESENTATION (  '', ( #4604 ), #2442 ) ;
#138 = DIRECTION ( 'NONE',  ( -0.9284766908852604139, 0.000000000000000000, 0.3713906763541007794 ) ) ;
#139 = LINE ( 'NONE', #4400, #9102 ) ;
#140 = VERTEX_POINT ( 'NONE', #1220 ) ;
#141 = COLOUR_RGB ( '',1.000000000000000000, 1.000000000000000000, 1.000000000000000000 ) ;
#142 = FILL_AREA_STYLE ('',( #5850 ) ) ;
#143 = PRODUCT_CONTEXT ( 'NONE', #8338, 'mechanical' ) ;
#144 = MECHANICAL_DESIGN_GEOMETRIC_PRESENTATION_REPRESENTATION (  '', ( #1339 ), #7242 ) ;
#145 =( NAMED_UNIT ( * ) SI_UNIT ( $, .STERADIAN. ) SOLID_ANGLE_UNIT ( ) );
#146 = CARTESIAN_POINT ( 'NONE',  ( 2.461382810556700385, 1.692499999999999893, -0.1143832811983291758 ) ) ;
#147 = B_SPLINE_SURFACE_WITH_KNOTS ( 'NONE', 3, 1, ( 
 ( #1876, #2877 ),
 ( #8667, #1286 ),
 ( #6473, #662 ),
 ( #7335, #8800 ),
 ( #4984, #9453 ),
 ( #2797, #5121 ),
 ( #5749, #5835 ),
 ( #9499, #5028 ),
 ( #8620, #7984 ),
 ( #701, #4203 ),
 ( #8714, #2155 ),
 ( #3653, #9583 ),
 ( #1425, #5655 ),
 ( #2059, #1967 ),
 ( #4939, #1326 ),
 ( #7239, #7888 ),
 ( #620, #8750 ),
 ( #1248, #2101 ),
 ( #5073, #8023 ) ),
 .UNSPECIFIED., .F., .F., .F.,
 ( 4, 1, 1, 1, 1, 1, 1, 1, 1, 1, 1, 1, 1, 1, 1, 1, 4 ),
 ( 2, 2 ),
 ( 0.000000000000000000, 0.06784007953421118675, 0.1326688954490679861, 0.1950705264521371829, 0.2556086712886450618, 0.3148315357450783281, 0.3734254151318252557, 0.4325732796242874878, 0.4922844451246906616, 0.5525311382752630118, 0.6123789528069567556, 0.6724822110039969658, 0.7338115657770715172, 0.7965737547970180854, 0.8614358467332339231, 0.9291918124022553460, 1.000000000000000000 ),
 ( 0.000000000000000000, 1.000000000000000000 ),
 .UNSPECIFIED. ) ;
#148 = EDGE_CURVE ( 'NONE', #7113, #5839, #7767, .T. ) ;
#149 = EDGE_LOOP ( 'NONE', ( #6387, #7577, #4918, #522 ) ) ;
#150 = VECTOR ( 'NONE', #5745, 1000.000000000000000 ) ;
#151 = VECTOR ( 'NONE', #4846, 1000.000000000000000 ) ;
#152 = SURFACE_STYLE_USAGE ( .BOTH. , #876 ) ;
#153 = ORIENTED_EDGE ( 'NONE', *, *, #2236, .F. ) ;
#154 = FILL_AREA_STYLE_COLOUR ( '', #2538 ) ;
#155 = STYLED_ITEM ( 'NONE', ( #7754 ), #8555 ) ;
#156 = CARTESIAN_POINT ( 'NONE',  ( 1.911357824182757570, 0.003803120794605252368, 0.3678203844925673760 ) ) ;
#157 = UNCERTAINTY_MEASURE_WITH_UNIT (LENGTH_MEASURE( 1.000000000000000082E-05 ), #739, 'distance_accuracy_value', 'NONE');
#158 = VECTOR ( 'NONE', #9088, 1000.000000000000000 ) ;
#159 = ADVANCED_FACE ( 'NONE', ( #1795, #6929 ), #6356, .F. ) ;
#160 = LINE ( 'NONE', #3779, #7329 ) ;
#161 = VECTOR ( 'NONE', #1219, 1000.000000000000000 ) ;
#162 = AXIS2_PLACEMENT_3D ( 'NONE', #6646, #8884, #167 ) ;
#163 = LINE ( 'NONE', #983, #426 ) ;
#164 = CARTESIAN_POINT ( 'NONE',  ( 1.859399854924411288, 0.5400113300577781272, 0.2109996373110260837 ) ) ;
#165 = ORIENTED_EDGE ( 'NONE', *, *, #7214, .T. ) ;
#166 = DIRECTION ( 'NONE',  ( -0.3713906763541008349, 0.000000000000000000, -0.9284766908852605249 ) ) ;
#167 = DIRECTION ( 'NONE',  ( 1.249000902703301354E-16, 2.783468775164168088E-17, 1.000000000000000000 ) ) ;
#168 = CARTESIAN_POINT ( 'NONE',  ( 1.825756802437726867, -0.3090017572541753355, 0.1538178301299890360 ) ) ;
#169 = VECTOR ( 'NONE', #7593, 1000.000000000000000 ) ;
#170 = DIRECTION ( 'NONE',  ( 0.9284766908852604139, 0.000000000000000000, -0.3713906763541007794 ) ) ;
#171 = FILL_AREA_STYLE ('',( #2340 ) ) ;
#172 = STYLED_ITEM ( 'NONE', ( #8682 ), #6684 ) ;
#173 = CYLINDRICAL_SURFACE ( 'NONE', #2917, 0.1999999999999998723 ) ;
#174 = VERTEX_POINT ( 'NONE', #7718 ) ;
#175 = CARTESIAN_POINT ( 'NONE',  ( 1.796356200846564111, 2.189999999999999947, 0.6824701013908927028 ) ) ;
#176 = CARTESIAN_POINT ( 'NONE',  ( 1.815226518016711532, 0.3646834561604591074, 0.1274921190774497559 ) ) ;
#177 = VERTEX_POINT ( 'NONE', #305 ) ;
#178 = ORIENTED_EDGE ( 'NONE', *, *, #3389, .F. ) ;
#179 = ORIENTED_EDGE ( 'NONE', *, *, #2951, .F. ) ;
#180 =( GEOMETRIC_REPRESENTATION_CONTEXT ( 3 ) GLOBAL_UNCERTAINTY_ASSIGNED_CONTEXT ( ( #4125 ) ) GLOBAL_UNIT_ASSIGNED_CONTEXT ( ( #4083, #6295, #8945 ) ) REPRESENTATION_CONTEXT ( 'NONE', 'WORKASPACE' ) );
#181 = ORIENTED_EDGE ( 'NONE', *, *, #8324, .F. ) ;
#182 = DIRECTION ( 'NONE',  ( 0.9284766908852604139, -0.000000000000000000, -0.3713906763541007794 ) ) ;
#183 = DIRECTION ( 'NONE',  ( -0.06818941838404181388, -1.789660620253718485E-17, -0.9976723927324270269 ) ) ;
#184 = LINE ( 'NONE', #8327, #7412 ) ;
#185 = CARTESIAN_POINT ( 'NONE',  ( -2.375000000000000444, -2.107499999999998153, 3.438657603519049617E-16 ) ) ;
#186 = CARTESIAN_POINT ( 'NONE',  ( -1.575000000000000400, 0.8500000000000004219, 0.2699999999999999623 ) ) ;
#187 = ORIENTED_EDGE ( 'NONE', *, *, #9108, .F. ) ;
#188 = DIRECTION ( 'NONE',  ( 3.608224830031759249E-16, 1.000000000000000000, -1.117179326706309308E-16 ) ) ;
#189 = EDGE_CURVE ( 'NONE', #4248, #8118, #4042, .T. ) ;
#190 =( LENGTH_UNIT ( ) NAMED_UNIT ( * ) SI_UNIT ( .MILLI., .METRE. ) );
#191 = SURFACE_STYLE_USAGE ( .BOTH. , #8176 ) ;
#192 = VERTEX_POINT ( 'NONE', #2484 ) ;
#193 = CARTESIAN_POINT ( 'NONE',  ( 1.921892027873270514, 0.4531040936057844637, 0.3672300696831772848 ) ) ;
#194 = VECTOR ( 'NONE', #5637, 1000.000000000000000 ) ;
#195 = DIRECTION ( 'NONE',  ( 0.000000000000000000, 0.000000000000000000, -1.000000000000000000 ) ) ;
#196 = ADVANCED_FACE ( 'NONE', ( #500 ), #7660, .F. ) ;
#197 =( NAMED_UNIT ( * ) SI_UNIT ( $, .STERADIAN. ) SOLID_ANGLE_UNIT ( ) );
#198 = ORIENTED_EDGE ( 'NONE', *, *, #8495, .F. ) ;
#199 = PLANE ( 'NONE',  #8040 ) ;
#200 =( NAMED_UNIT ( * ) SI_UNIT ( $, .STERADIAN. ) SOLID_ANGLE_UNIT ( ) );
#201 = ORIENTED_EDGE ( 'NONE', *, *, #7032, .F. ) ;
#202 = CARTESIAN_POINT ( 'NONE',  ( 0.3017393217012238060, -1.799775028121500808, 0.9899999999999999911 ) ) ;
#203 = SURFACE_SIDE_STYLE ('',( #5179 ) ) ;
#204 = CARTESIAN_POINT ( 'NONE',  ( 1.125000000000000222, -1.600000000000000533, -0.000000000000000000 ) ) ;
#205 =( NAMED_UNIT ( * ) PLANE_ANGLE_UNIT ( ) SI_UNIT ( $, .RADIAN. ) );
#206 = CYLINDRICAL_SURFACE ( 'NONE', #8645, 0.1599999999999999756 ) ;
#207 = FACE_OUTER_BOUND ( 'NONE', #8863, .T. ) ;
#208 = CARTESIAN_POINT ( 'NONE',  ( 1.900203031881588567, 0.5363651834637782612, 0.3130075797039726937 ) ) ;
#209 = LINE ( 'NONE', #1794, #1650 ) ;
#210 = CARTESIAN_POINT ( 'NONE',  ( 2.461382810556700385, 2.117500000000000160, -0.1143832811983295089 ) ) ;
#211 = EDGE_LOOP ( 'NONE', ( #9407, #1013, #2554, #6030 ) ) ;
#212 = CARTESIAN_POINT ( 'NONE',  ( 1.577669998408546048, 0.8450000000000001954, 0.7745580952545570996 ) ) ;
#213 = DIRECTION ( 'NONE',  ( -0.9976723927324270269, 1.463531740886934826E-16, 0.06818941838404181388 ) ) ;
#214 = CARTESIAN_POINT ( 'NONE',  ( 1.822286538053902394, 0.4817470090397062976, 0.1182163451347543887 ) ) ;
#215 = EDGE_CURVE ( 'NONE', #7600, #1010, #400, .T. ) ;
#216 = FACE_OUTER_BOUND ( 'NONE', #9237, .T. ) ;
#217 =( LENGTH_UNIT ( ) NAMED_UNIT ( * ) SI_UNIT ( .MILLI., .METRE. ) );
#218 = CARTESIAN_POINT ( 'NONE',  ( 1.775000000000000133, 2.250000000000000444, 0.000000000000000000 ) ) ;
#219 =( GEOMETRIC_REPRESENTATION_CONTEXT ( 3 ) GLOBAL_UNCERTAINTY_ASSIGNED_CONTEXT ( ( #6260 ) ) GLOBAL_UNIT_ASSIGNED_CONTEXT ( ( #7318, #7366, #1360 ) ) REPRESENTATION_CONTEXT ( 'NONE', 'WORKASPACE' ) );
#220 = SURFACE_STYLE_FILL_AREA ( #5344 ) ;
#221 = ORIENTED_EDGE ( 'NONE', *, *, #1073, .T. ) ;
#222 = ORIENTED_EDGE ( 'NONE', *, *, #2754, .F. ) ;
#223 = VERTEX_POINT ( 'NONE', #2632 ) ;
#224 = SURFACE_STYLE_USAGE ( .BOTH. , #1467 ) ;
#225 = ORIENTED_EDGE ( 'NONE', *, *, #2909, .F. ) ;
#226 = CARTESIAN_POINT ( 'NONE',  ( 1.826064197119763755, 0.4802556829742888334, 0.1545863168350826711 ) ) ;
#227 = PRESENTATION_STYLE_ASSIGNMENT (( #2302 ) ) ;
#228 = LINE ( 'NONE', #6662, #8989 ) ;
#229 = FILL_AREA_STYLE_COLOUR ( '', #585 ) ;
#230 = CARTESIAN_POINT ( 'NONE',  ( 1.833682822969674220, 0.2659029683555808043, 0.1467070574241849112 ) ) ;
#231 = ORIENTED_EDGE ( 'NONE', *, *, #8955, .T. ) ;
#232 = CARTESIAN_POINT ( 'NONE',  ( -2.175000000000000266, -1.049999999999999600, 0.2700000000000001843 ) ) ;
#233 =( GEOMETRIC_REPRESENTATION_CONTEXT ( 3 ) GLOBAL_UNCERTAINTY_ASSIGNED_CONTEXT ( ( #2855 ) ) GLOBAL_UNIT_ASSIGNED_CONTEXT ( ( #190, #6667, #5310 ) ) REPRESENTATION_CONTEXT ( 'NONE', 'WORKASPACE' ) );
#234 = SURFACE_STYLE_FILL_AREA ( #6710 ) ;
#235 = VERTEX_POINT ( 'NONE', #1268 ) ;
#236 = ORIENTED_EDGE ( 'NONE', *, *, #326, .F. ) ;
#237 = CARTESIAN_POINT ( 'NONE',  ( 1.833682822969674220, 0.1524883342092393790, 0.1467070574241849112 ) ) ;
#238 = CARTESIAN_POINT ( 'NONE',  ( 1.911250829286814445, -0.009535435921455700028, 0.3675528972527103977 ) ) ;
#239 = EDGE_CURVE ( 'NONE', #4949, #956, #6537, .T. ) ;
#240 = PRESENTATION_STYLE_ASSIGNMENT (( #3924 ) ) ;
#241 = ORIENTED_EDGE ( 'NONE', *, *, #4378, .T. ) ;
#242 = CARTESIAN_POINT ( 'NONE',  ( 1.911357824182757570, 0.6134639439653368775, 0.3678203844925673760 ) ) ;
#243 = EDGE_CURVE ( 'NONE', #3133, #6599, #3629, .T. ) ;
#244 = CIRCLE ( 'NONE', #7987, 0.3300000000000000155 ) ;
#245 = EDGE_CURVE ( 'NONE', #6279, #7688, #2853, .T. ) ;
#246 = FILL_AREA_STYLE_COLOUR ( '', #5720 ) ;
#247 = ADVANCED_FACE ( 'NONE', ( #595 ), #1404, .F. ) ;
#248 = ORIENTED_EDGE ( 'NONE', *, *, #7795, .F. ) ;
#249 = CARTESIAN_POINT ( 'NONE',  ( 1.832341852159763196, 0.4317731526134859776, 0.1433546303994069071 ) ) ;
#250 = DIRECTION ( 'NONE',  ( -0.9284766908852604139, 0.000000000000000000, 0.3713906763541007794 ) ) ;
#251 = SURFACE_STYLE_USAGE ( .BOTH. , #5527 ) ;
#252 = UNCERTAINTY_MEASURE_WITH_UNIT (LENGTH_MEASURE( 1.000000000000000082E-05 ), #7416, 'distance_accuracy_value', 'NONE');
#253 = FILL_AREA_STYLE ('',( #1070 ) ) ;
#254 = STYLED_ITEM ( 'NONE', ( #3773 ), #2738 ) ;
#255 = CARTESIAN_POINT ( 'NONE',  ( 2.924999999999999822, -2.189999999999999947, 0.06948792640113442276 ) ) ;
#256 =( GEOMETRIC_REPRESENTATION_CONTEXT ( 3 ) GLOBAL_UNCERTAINTY_ASSIGNED_CONTEXT ( ( #9008 ) ) GLOBAL_UNIT_ASSIGNED_CONTEXT ( ( #8225, #8947, #6123 ) ) REPRESENTATION_CONTEXT ( 'NONE', 'WORKASPACE' ) );
#257 = CARTESIAN_POINT ( 'NONE',  ( 1.832356536444574635, 0.4390036000856658016, 0.1433913411114350334 ) ) ;
#258 = ORIENTED_EDGE ( 'NONE', *, *, #3618, .F. ) ;
#259 = LINE ( 'NONE', #355, #7365 ) ;
#260 = DIRECTION ( 'NONE',  ( -5.220691603892097090E-17, 1.000000000000000000, -1.117179326706309308E-16 ) ) ;
#261 = ADVANCED_FACE ( 'NONE', ( #4961 ), #5047, .T. ) ;
#262 = DIRECTION ( 'NONE',  ( 0.000000000000000000, 1.000000000000000000, -0.000000000000000000 ) ) ;
#263 =( LENGTH_UNIT ( ) NAMED_UNIT ( * ) SI_UNIT ( .MILLI., .METRE. ) );
#264 = CARTESIAN_POINT ( 'NONE',  ( 1.801604165149131243, 0.8450000000000000844, 0.7592525293217018412 ) ) ;
#265 = VECTOR ( 'NONE', #3054, 1000.000000000000000 ) ;
#266 = PRESENTATION_LAYER_ASSIGNMENT (  '', '', ( #7056 ) ) ;
#267 = PRESENTATION_LAYER_ASSIGNMENT (  '', '', ( #9086 ) ) ;
#268 =( NAMED_UNIT ( * ) SI_UNIT ( $, .STERADIAN. ) SOLID_ANGLE_UNIT ( ) );
#269 = DIRECTION ( 'NONE',  ( 0.1060905250085903556, -4.303867851713705188E-17, -0.9943564755676919109 ) ) ;
#270 = AXIS2_PLACEMENT_3D ( 'NONE', #1052, #5651, #1098 ) ;
#271 = DIRECTION ( 'NONE',  ( 0.000000000000000000, 0.000000000000000000, -1.000000000000000000 ) ) ;
#272 = ORIENTED_EDGE ( 'NONE', *, *, #3403, .T. ) ;
#273 = VERTEX_POINT ( 'NONE', #5143 ) ;
#274 = EDGE_LOOP ( 'NONE', ( #9500, #4772, #8230, #5427 ) ) ;
#275 = CARTESIAN_POINT ( 'NONE',  ( 1.824398056060821727, 0.2659029683555808043, 0.1504209641877259362 ) ) ;
#276 = SURFACE_STYLE_USAGE ( .BOTH. , #9356 ) ;
#277 =( NAMED_UNIT ( * ) SI_UNIT ( $, .STERADIAN. ) SOLID_ANGLE_UNIT ( ) );
#278 = LINE ( 'NONE', #1960, #1136 ) ;
#279 = DIRECTION ( 'NONE',  ( -0.9284766908852604139, 0.000000000000000000, 0.3713906763541007794 ) ) ;
#280 = SURFACE_SIDE_STYLE ('',( #8329 ) ) ;
#281 = AXIS2_PLACEMENT_3D ( 'NONE', #7635, #5457, #138 ) ;
#282 =( GEOMETRIC_REPRESENTATION_CONTEXT ( 3 ) GLOBAL_UNCERTAINTY_ASSIGNED_CONTEXT ( ( #6722 ) ) GLOBAL_UNIT_ASSIGNED_CONTEXT ( ( #9435, #5008, #5679 ) ) REPRESENTATION_CONTEXT ( 'NONE', 'WORKASPACE' ) );
#283 = ORIENTED_EDGE ( 'NONE', *, *, #5661, .T. ) ;
#284 = PRESENTATION_LAYER_ASSIGNMENT (  '', '', ( #7065 ) ) ;
#285 = PLANE ( 'NONE',  #1699 ) ;
#286 =( NAMED_UNIT ( * ) SI_UNIT ( $, .STERADIAN. ) SOLID_ANGLE_UNIT ( ) );
#287 = ORIENTED_EDGE ( 'NONE', *, *, #2167, .T. ) ;
#288 = ORIENTED_EDGE ( 'NONE', *, *, #900, .T. ) ;
#289 = CIRCLE ( 'NONE', #8171, 0.1599999999999999756 ) ;
#290 = CARTESIAN_POINT ( 'NONE',  ( 1.832492570021010181, -0.07420135785389521399, 0.1706572490881972659 ) ) ;
#291 =( NAMED_UNIT ( * ) PLANE_ANGLE_UNIT ( ) SI_UNIT ( $, .RADIAN. ) );
#292 = ORIENTED_EDGE ( 'NONE', *, *, #6343, .F. ) ;
#293 = VECTOR ( 'NONE', #7259, 1000.000000000000227 ) ;
#294 = LINE ( 'NONE', #9059, #9297 ) ;
#295 = COLOUR_RGB ( '',1.000000000000000000, 1.000000000000000000, 1.000000000000000000 ) ;
#296 = CARTESIAN_POINT ( 'NONE',  ( 1.835041569346579582, -0.3099735560346631447, 0.1501039233664480110 ) ) ;
#297 = ORIENTED_EDGE ( 'NONE', *, *, #3509, .T. ) ;
#298 = DIRECTION ( 'NONE',  ( -0.3713906763541007239, 0.000000000000000000, -0.9284766908852605249 ) ) ;
#299 = DIRECTION ( 'NONE',  ( 0.000000000000000000, 0.3147974001971024505, 0.9491588891377171766 ) ) ;
#300 = VECTOR ( 'NONE', #5629, 1000.000000000000000 ) ;
#301 = CARTESIAN_POINT ( 'NONE',  ( -3.075000000000001066, -1.807499999999998774, 0.2700000000000002953 ) ) ;
#302 = COLOUR_RGB ( '',1.000000000000000000, 1.000000000000000000, 1.000000000000000000 ) ;
#303 = DIRECTION ( 'NONE',  ( 0.1060905250085903140, -4.303867851713705188E-17, -0.9943564755676919109 ) ) ;
#304 = VECTOR ( 'NONE', #2843, 1000.000000000000227 ) ;
#305 = CARTESIAN_POINT ( 'NONE',  ( 2.411354963226314929, 0.9200000000000000400, 0.3779271093683747029 ) ) ;
#306 = VERTEX_POINT ( 'NONE', #1444 ) ;
#307 = LINE ( 'NONE', #3268, #9555 ) ;
#308 = DIRECTION ( 'NONE',  ( -1.447921622090529492E-16, -1.000000000000000000, 2.498792926766732971E-16 ) ) ;
#309 = FILL_AREA_STYLE ('',( #3357 ) ) ;
#310 = DIRECTION ( 'NONE',  ( 0.3713906763541008349, 0.000000000000000000, 0.9284766908852605249 ) ) ;
#311 = COLOUR_RGB ( '',1.000000000000000000, 1.000000000000000000, 1.000000000000000000 ) ;
#312 = VECTOR ( 'NONE', #8871, 1000.000000000000000 ) ;
#313 = SURFACE_STYLE_USAGE ( .BOTH. , #1179 ) ;
#314 = EDGE_CURVE ( 'NONE', #6384, #812, #7360, .T. ) ;
#315 = ORIENTED_EDGE ( 'NONE', *, *, #8065, .F. ) ;
#316 = AXIS2_PLACEMENT_3D ( 'NONE', #7031, #8608, #5598 ) ;
#317 = ORIENTED_EDGE ( 'NONE', *, *, #4982, .F. ) ;
#318 = CARTESIAN_POINT ( 'NONE',  ( 2.037248960451289115, 1.620000000000000107, 0.3024701013908927538 ) ) ;
#319 = EDGE_LOOP ( 'NONE', ( #8254, #3639, #7387, #3245 ) ) ;
#320 =( LENGTH_UNIT ( ) NAMED_UNIT ( * ) SI_UNIT ( .MILLI., .METRE. ) );
#321 = DIRECTION ( 'NONE',  ( 0.000000000000000000, -1.000000000000000000, 1.117179326706310294E-16 ) ) ;
#322 = STYLED_ITEM ( 'NONE', ( #9422 ), #6674 ) ;
#323 =( LENGTH_UNIT ( ) NAMED_UNIT ( * ) SI_UNIT ( .MILLI., .METRE. ) );
#324 = DIRECTION ( 'NONE',  ( 0.000000000000000000, 0.000000000000000000, -1.000000000000000000 ) ) ;
#325 = LINE ( 'NONE', #8614, #10 ) ;
#326 = EDGE_CURVE ( 'NONE', #7295, #2097, #6400, .T. ) ;
#327 = SURFACE_STYLE_USAGE ( .BOTH. , #2510 ) ;
#328 = CARTESIAN_POINT ( 'NONE',  ( 2.440731734960332133, 2.117500000000000160, 0.1025869392388688572 ) ) ;
#329 = EDGE_LOOP ( 'NONE', ( #3761, #2114, #9332, #2364 ) ) ;
#330 =( LENGTH_UNIT ( ) NAMED_UNIT ( * ) SI_UNIT ( .MILLI., .METRE. ) );
#331 = AXIS2_PLACEMENT_3D ( 'NONE', #2273, #3589, #4514 ) ;
#332 = ORIENTED_EDGE ( 'NONE', *, *, #5627, .T. ) ;
#333 = ORIENTED_EDGE ( 'NONE', *, *, #3977, .T. ) ;
#334 =( LENGTH_UNIT ( ) NAMED_UNIT ( * ) SI_UNIT ( .MILLI., .METRE. ) );
#335 = LINE ( 'NONE', #6380, #918 ) ;
#336 = CARTESIAN_POINT ( 'NONE',  ( 1.877793837730221238, -0.1144813094689930560, 0.2569845943255526510 ) ) ;
#337 = FILL_AREA_STYLE ('',( #6965 ) ) ;
#338 = EDGE_CURVE ( 'NONE', #3754, #5118, #6824, .T. ) ;
#339 =( GEOMETRIC_REPRESENTATION_CONTEXT ( 3 ) GLOBAL_UNCERTAINTY_ASSIGNED_CONTEXT ( ( #52 ) ) GLOBAL_UNIT_ASSIGNED_CONTEXT ( ( #1276, #2005, #5015 ) ) REPRESENTATION_CONTEXT ( 'NONE', 'WORKASPACE' ) );
#340 = FILL_AREA_STYLE ('',( #9264 ) ) ;
#341 = EDGE_LOOP ( 'NONE', ( #4065, #1054, #3281, #14, #1571, #8581 ) ) ;
#342 = LINE ( 'NONE', #8548, #1380 ) ;
#343 = DIRECTION ( 'NONE',  ( 2.166085619527817307E-16, -1.000000000000000000, 2.498792926766732478E-16 ) ) ;
#344 = ORIENTED_EDGE ( 'NONE', *, *, #1460, .T. ) ;
#345 = FACE_OUTER_BOUND ( 'NONE', #7747, .T. ) ;
#346 = CARTESIAN_POINT ( 'NONE',  ( 1.781319529336187202, 1.695000000000000284, 0.4624701013908927849 ) ) ;
#347 = UNCERTAINTY_MEASURE_WITH_UNIT (LENGTH_MEASURE( 1.000000000000000082E-05 ), #1854, 'distance_accuracy_value', 'NONE');
#348 = EDGE_CURVE ( 'NONE', #381, #1968, #2324, .T. ) ;
#349 = PRESENTATION_LAYER_ASSIGNMENT (  '', '', ( #7458 ) ) ;
#350 = CARTESIAN_POINT ( 'NONE',  ( 1.920421657335631194, 0.4746557565248060717, 0.3635541433390774291 ) ) ;
#351 = DIRECTION ( 'NONE',  ( -0.06818941838404181388, -1.789660620253718485E-17, -0.9976723927324270269 ) ) ;
#352 = CARTESIAN_POINT ( 'NONE',  ( 1.861084208237263393, 0.1598054073799710928, 0.2421363446288309074 ) ) ;
#353 = FILL_AREA_STYLE_COLOUR ( '', #3009 ) ;
#354 = ORIENTED_EDGE ( 'NONE', *, *, #8038, .T. ) ;
#355 = CARTESIAN_POINT ( 'NONE',  ( 1.825756802437726867, -0.3090017572541753355, 0.1538178301299890360 ) ) ;
#356 = DIRECTION ( 'NONE',  ( 0.9284766908852604139, -0.000000000000000000, -0.3713906763541007794 ) ) ;
#357 = CARTESIAN_POINT ( 'NONE',  ( 2.959881947592131635, 0.4224999999999999867, -0.1534094709192015960 ) ) ;
#358 = UNCERTAINTY_MEASURE_WITH_UNIT (LENGTH_MEASURE( 1.000000000000000082E-05 ), #330, 'distance_accuracy_value', 'NONE');
#359 = DIRECTION ( 'NONE',  ( -1.249000902703301354E-16, -2.783468775164168088E-17, -1.000000000000000000 ) ) ;
#360 = EDGE_CURVE ( 'NONE', #3189, #8984, #5322, .T. ) ;
#361 = LINE ( 'NONE', #2589, #8034 ) ;
#362 = DIRECTION ( 'NONE',  ( 1.249000902703301601E-16, 2.498792926766732971E-16, 1.000000000000000000 ) ) ;
#363 = EDGE_CURVE ( 'NONE', #5624, #3851, #8243, .T. ) ;
#364 =( GEOMETRIC_REPRESENTATION_CONTEXT ( 3 ) GLOBAL_UNCERTAINTY_ASSIGNED_CONTEXT ( ( #8811 ) ) GLOBAL_UNIT_ASSIGNED_CONTEXT ( ( #2648, #1817, #9358 ) ) REPRESENTATION_CONTEXT ( 'NONE', 'WORKASPACE' ) );
#365 = ORIENTED_EDGE ( 'NONE', *, *, #4388, .F. ) ;
#366 = VERTEX_POINT ( 'NONE', #2954 ) ;
#367 = CARTESIAN_POINT ( 'NONE',  ( 2.716990092096919440, -2.117500000000000160, 0.08370509301950887493 ) ) ;
#369 = ORIENTED_EDGE ( 'NONE', *, *, #3690, .F. ) ;
#368 = ADVANCED_FACE ( 'NONE', ( #7413 ), #8916, .F. ) ;
#370 = SURFACE_STYLE_FILL_AREA ( #7037 ) ;
#371 =( NAMED_UNIT ( * ) PLANE_ANGLE_UNIT ( ) SI_UNIT ( $, .RADIAN. ) );
#372 =( LENGTH_UNIT ( ) NAMED_UNIT ( * ) SI_UNIT ( .MILLI., .METRE. ) );
#373 = LINE ( 'NONE', #6273, #4012 ) ;
#374 = DIRECTION ( 'NONE',  ( 0.9284766908852396528, 2.897993912880994009E-14, -0.3713906763541530709 ) ) ;
#375 = DIRECTION ( 'NONE',  ( 0.000000000000000000, -1.000000000000000000, 0.000000000000000000 ) ) ;
#376 = ORIENTED_EDGE ( 'NONE', *, *, #1336, .F. ) ;
#377 = ADVANCED_FACE ( 'NONE', ( #3049 ), #6103, .F. ) ;
#378 =( NAMED_UNIT ( * ) PLANE_ANGLE_UNIT ( ) SI_UNIT ( $, .RADIAN. ) );
#379 = SURFACE_STYLE_USAGE ( .BOTH. , #1198 ) ;
#380 = ORIENTED_EDGE ( 'NONE', *, *, #338, .F. ) ;
#381 = VERTEX_POINT ( 'NONE', #6006 ) ;
#382 = AXIS2_PLACEMENT_3D ( 'NONE', #6011, #8359, #885 ) ;
#383 = CARTESIAN_POINT ( 'NONE',  ( 1.828193707647846722, -0.3111571722176793009, 0.1599100931552886740 ) ) ;
#384 = DIRECTION ( 'NONE',  ( -0.3713906763541007239, 0.000000000000000000, -0.9284766908852605249 ) ) ;
#385 = LINE ( 'NONE', #7693, #4606 ) ;
#386 = FACE_OUTER_BOUND ( 'NONE', #4484, .T. ) ;
#387 = COLOUR_RGB ( '',1.000000000000000000, 1.000000000000000000, 1.000000000000000000 ) ;
#388 = EDGE_CURVE ( 'NONE', #6913, #2346, #5903, .T. ) ;
#389 = ORIENTED_EDGE ( 'NONE', *, *, #239, .F. ) ;
#390 = EDGE_CURVE ( 'NONE', #7537, #1668, #5446, .T. ) ;
#391 = ORIENTED_EDGE ( 'NONE', *, *, #1265, .F. ) ;
#392 = CARTESIAN_POINT ( 'NONE',  ( 1.820234029213047222, 0.4513295860160701500, 0.1130850730326164177 ) ) ;
#393 = EDGE_CURVE ( 'NONE', #1062, #3754, #3671, .T. ) ;
#394 = CARTESIAN_POINT ( 'NONE',  ( -2.375000000000000444, -2.107499999999998153, 0.2700000000000002953 ) ) ;
#395 = LINE ( 'NONE', #538, #8937 ) ;
#396 = CARTESIAN_POINT ( 'NONE',  ( 1.912698906415322142, 0.4380615921858540540, 0.3711730900739785288 ) ) ;
#397 = CARTESIAN_POINT ( 'NONE',  ( 1.932871308483757433, 0.1451712610385076929, 0.3946782712093946377 ) ) ;
#398 = SURFACE_SIDE_STYLE ('',( #6116 ) ) ;
#399 = FILL_AREA_STYLE ('',( #7168 ) ) ;
#400 = LINE ( 'NONE', #3351, #6860 ) ;
#401 = DIRECTION ( 'NONE',  ( 0.000000000000000000, 0.000000000000000000, 1.000000000000000000 ) ) ;
#402 = DIRECTION ( 'NONE',  ( -1.447921622090529492E-16, -1.000000000000000000, 2.498792926766732971E-16 ) ) ;
#403 =( GEOMETRIC_REPRESENTATION_CONTEXT ( 3 ) GLOBAL_UNCERTAINTY_ASSIGNED_CONTEXT ( ( #3089 ) ) GLOBAL_UNIT_ASSIGNED_CONTEXT ( ( #8552, #7906, #439 ) ) REPRESENTATION_CONTEXT ( 'NONE', 'WORKASPACE' ) );
#404 = CARTESIAN_POINT ( 'NONE',  ( 1.857599271231643367, -0.1067785653571871468, 0.2064981780791085297 ) ) ;
#405 = CARTESIAN_POINT ( 'NONE',  ( 1.873312925629410541, 0.2659029683555808043, 0.2727081381091993051 ) ) ;
#406 = ORIENTED_EDGE ( 'NONE', *, *, #3554, .T. ) ;
#407 = VERTEX_POINT ( 'NONE', #8375 ) ;
#408 = CARTESIAN_POINT ( 'NONE',  ( 1.681086225569887960, -0.3499999999999999223, 0.6824701013908927028 ) ) ;
#409 = VERTEX_POINT ( 'NONE', #6883 ) ;
#410 =( GEOMETRIC_REPRESENTATION_CONTEXT ( 3 ) GLOBAL_UNCERTAINTY_ASSIGNED_CONTEXT ( ( #2384 ) ) GLOBAL_UNIT_ASSIGNED_CONTEXT ( ( #4946, #1976, #1928 ) ) REPRESENTATION_CONTEXT ( 'NONE', 'WORKASPACE' ) );
#411 =( NAMED_UNIT ( * ) SI_UNIT ( $, .STERADIAN. ) SOLID_ANGLE_UNIT ( ) );
#412 = DIRECTION ( 'NONE',  ( 0.9943564755676919109, -1.410220274669976605E-16, 0.1060905250085903556 ) ) ;
#413 = FACE_OUTER_BOUND ( 'NONE', #6409, .T. ) ;
#414 = SURFACE_STYLE_FILL_AREA ( #2013 ) ;
#415 = EDGE_CURVE ( 'NONE', #4213, #4100, #6097, .T. ) ;
#416 = CARTESIAN_POINT ( 'NONE',  ( 2.235025199989362221, -2.189999999999999503, 0.6824701013908928138 ) ) ;
#417 = ORIENTED_EDGE ( 'NONE', *, *, #5413, .T. ) ;
#418 = VECTOR ( 'NONE', #508, 1000.000000000000000 ) ;
#419 = MECHANICAL_DESIGN_GEOMETRIC_PRESENTATION_REPRESENTATION (  '', ( #2734 ), #6138 ) ;
#420 = CARTESIAN_POINT ( 'NONE',  ( -2.175000000000000266, 1.050000000000000266, 0.2699999999999999623 ) ) ;
#421 = PRESENTATION_STYLE_ASSIGNMENT (( #379 ) ) ;
#422 = VERTEX_POINT ( 'NONE', #8421 ) ;
#423 = MECHANICAL_DESIGN_GEOMETRIC_PRESENTATION_REPRESENTATION (  '', ( #3044 ), #3360 ) ;
#424 = CARTESIAN_POINT ( 'NONE',  ( 1.881252891193229804, -0.1103984702200913742, 0.2925580520187475719 ) ) ;
#425 = PLANE ( 'NONE',  #1547 ) ;
#426 = VECTOR ( 'NONE', #1600, 1000.000000000000000 ) ;
#427 = VECTOR ( 'NONE', #7541, 1000.000000000000000 ) ;
#428 = PRESENTATION_LAYER_ASSIGNMENT (  '', '', ( #1975 ) ) ;
#429 = MECHANICAL_DESIGN_GEOMETRIC_PRESENTATION_REPRESENTATION (  '', ( #8011 ), #4450 ) ;
#430 = CARTESIAN_POINT ( 'NONE',  ( 1.842854361013784636, -0.3041999279858826899, 0.1696359025344611193 ) ) ;
#431 = VERTEX_POINT ( 'NONE', #6117 ) ;
#432 = CARTESIAN_POINT ( 'NONE',  ( 1.821454105577527294, 0.7268785781116783307, 0.1161352639438166245 ) ) ;
#433 =( GEOMETRIC_REPRESENTATION_CONTEXT ( 3 ) GLOBAL_UNCERTAINTY_ASSIGNED_CONTEXT ( ( #3559 ) ) GLOBAL_UNIT_ASSIGNED_CONTEXT ( ( #6127, #8390, #4688 ) ) REPRESENTATION_CONTEXT ( 'NONE', 'WORKASPACE' ) );
#434 = MECHANICAL_DESIGN_GEOMETRIC_PRESENTATION_REPRESENTATION (  '', ( #7862 ), #4930 ) ;
#435 = VECTOR ( 'NONE', #7803, 1000.000000000000000 ) ;
#436 = DIRECTION ( 'NONE',  ( 0.3713906763541008349, 0.000000000000000000, 0.9284766908852605249 ) ) ;
#437 = ORIENTED_EDGE ( 'NONE', *, *, #7964, .F. ) ;
#438 = DIRECTION ( 'NONE',  ( -3.608224830031759249E-16, -1.000000000000000000, 1.117179326706309062E-16 ) ) ;
#439 =( NAMED_UNIT ( * ) SI_UNIT ( $, .STERADIAN. ) SOLID_ANGLE_UNIT ( ) );
#440 = EDGE_CURVE ( 'NONE', #6793, #4577, #718, .T. ) ;
#441 = MECHANICAL_DESIGN_GEOMETRIC_PRESENTATION_REPRESENTATION (  '', ( #1987 ), #9277 ) ;
#442 =( GEOMETRIC_REPRESENTATION_CONTEXT ( 3 ) GLOBAL_UNCERTAINTY_ASSIGNED_CONTEXT ( ( #3355 ) ) GLOBAL_UNIT_ASSIGNED_CONTEXT ( ( #6814, #2519, #7644 ) ) REPRESENTATION_CONTEXT ( 'NONE', 'WORKASPACE' ) );
#443 = AXIS2_PLACEMENT_3D ( 'NONE', #8120, #3522, #7296 ) ;
#444 = CARTESIAN_POINT ( 'NONE',  ( 1.125000000000000888, -1.599999999999998312, 2.871689095215597454E-16 ) ) ;
#445 = LINE ( 'NONE', #6353, #5095 ) ;
#447 = AXIS2_PLACEMENT_3D ( 'NONE', #9074, #7568, #303 ) ;
#446 = FILL_AREA_STYLE ('',( #4265 ) ) ;
#448 = PLANE ( 'NONE',  #5530 ) ;
#449 = SURFACE_STYLE_FILL_AREA ( #9134 ) ;
#450 = COLOUR_RGB ( '',0.7921568627450980005, 0.8196078431372548767, 0.9333333333333333481 ) ;
#451 = PRESENTATION_STYLE_ASSIGNMENT (( #6443 ) ) ;
#452 = SURFACE_STYLE_FILL_AREA ( #4226 ) ;
#453 = SURFACE_SIDE_STYLE ('',( #5594 ) ) ;
#454 = VECTOR ( 'NONE', #2308, 1000.000000000000227 ) ;
#455 = UNCERTAINTY_MEASURE_WITH_UNIT (LENGTH_MEASURE( 1.000000000000000082E-05 ), #3181, 'distance_accuracy_value', 'NONE');
#456 = PRESENTATION_STYLE_ASSIGNMENT (( #7815 ) ) ;
#457 =( NAMED_UNIT ( * ) PLANE_ANGLE_UNIT ( ) SI_UNIT ( $, .RADIAN. ) );
#458 = ADVANCED_FACE ( 'NONE', ( #2218 ), #8083, .T. ) ;
#459 = CARTESIAN_POINT ( 'NONE',  ( 1.905889714464157558, -0.09080210414373639238, 0.3272242861603940622 ) ) ;
#460 = ORIENTED_EDGE ( 'NONE', *, *, #7636, .T. ) ;
#461 = ORIENTED_EDGE ( 'NONE', *, *, #2072, .T. ) ;
#462 =( NAMED_UNIT ( * ) SI_UNIT ( $, .STERADIAN. ) SOLID_ANGLE_UNIT ( ) );
#463 = EDGE_LOOP ( 'NONE', ( #5160, #6346 ) ) ;
#464 = CARTESIAN_POINT ( 'NONE',  ( 1.832530148537440784, 0.5082951576310625885, 0.1707511953792734960 ) ) ;
#465 = DIRECTION ( 'NONE',  ( -1.488806659628715785E-32, -1.117179326706309308E-16, -1.000000000000000000 ) ) ;
#466 = CARTESIAN_POINT ( 'NONE',  ( 2.959881947592131635, -0.8475000000000001421, -0.1534094709192015960 ) ) ;
#467 = FILL_AREA_STYLE_COLOUR ( '', #295 ) ;
#468 = CARTESIAN_POINT ( 'NONE',  ( 1.824511284925564025, 0.3646834561604590519, 0.1237782123139087032 ) ) ;
#469 = EDGE_CURVE ( 'NONE', #9166, #223, #8316, .T. ) ;
#470 =( GEOMETRIC_REPRESENTATION_CONTEXT ( 3 ) GLOBAL_UNCERTAINTY_ASSIGNED_CONTEXT ( ( #1509 ) ) GLOBAL_UNIT_ASSIGNED_CONTEXT ( ( #4643, #9051, #2357 ) ) REPRESENTATION_CONTEXT ( 'NONE', 'WORKASPACE' ) );
#471 = CARTESIAN_POINT ( 'NONE',  ( 1.863569946056327975, 0.5874659742198834467, 0.2483506891764923341 ) ) ;
#472 = CARTESIAN_POINT ( 'NONE',  ( 1.839457495071521675, 0.3646834561604590519, 0.1611437376788032172 ) ) ;
#473 = DIRECTION ( 'NONE',  ( 1.488806659628715785E-32, 1.117179326706309308E-16, 1.000000000000000000 ) ) ;
#474 = ORIENTED_EDGE ( 'NONE', *, *, #5271, .T. ) ;
#475 = CIRCLE ( 'NONE', #4188, 0.3300000000000000155 ) ;
#476 = EDGE_LOOP ( 'NONE', ( #4277, #1566, #7493, #4757, #9444, #2559, #831, #4532, #7878, #6700, #3175, #3018, #5200, #4780, #3417, #4709, #1194, #6992 ) ) ;
#477 = MECHANICAL_DESIGN_GEOMETRIC_PRESENTATION_REPRESENTATION (  '', ( #3104 ), #9471 ) ;
#478 = DIRECTION ( 'NONE',  ( 0.9976723927324270269, -5.069126992984629345E-16, -0.06818941838404181388 ) ) ;
#479 = DIRECTION ( 'NONE',  ( -1.447921622090529492E-16, -1.000000000000000000, 2.498792926766732971E-16 ) ) ;
#480 = DIRECTION ( 'NONE',  ( 1.447921622090529738E-16, 1.000000000000000000, -2.783468775164169937E-17 ) ) ;
#481 = EDGE_CURVE ( 'NONE', #1463, #781, #2447, .T. ) ;
#482 = FILL_AREA_STYLE_COLOUR ( '', #2587 ) ;
#483 = CARTESIAN_POINT ( 'NONE',  ( 1.125000000000000666, 1.599999999999999645, 0.2700000000000000178 ) ) ;
#484 = ORIENTED_EDGE ( 'NONE', *, *, #1929, .T. ) ;
#485 = ADVANCED_FACE ( 'NONE', ( #7627 ), #9189, .T. ) ;
#486 = MECHANICAL_DESIGN_GEOMETRIC_PRESENTATION_REPRESENTATION (  '', ( #12 ), #3580 ) ;
#487 = CARTESIAN_POINT ( 'NONE',  ( 1.821499730022768215, -0.003537706734066100710, 0.1162493250569191089 ) ) ;
#488 = DIRECTION ( 'NONE',  ( 1.447921622090529492E-16, 1.000000000000000000, -2.498792926766732971E-16 ) ) ;
#489 = ORIENTED_EDGE ( 'NONE', *, *, #3677, .F. ) ;
#490 = CARTESIAN_POINT ( 'NONE',  ( 1.855207193354832640, 0.5774163431243485300, 0.2005179833870792960 ) ) ;
#491 = EDGE_CURVE ( 'NONE', #7295, #8570, #1299, .T. ) ;
#492 = DIRECTION ( 'NONE',  ( 0.000000000000000000, -1.000000000000000000, 0.000000000000000000 ) ) ;
#493 = MECHANICAL_DESIGN_GEOMETRIC_PRESENTATION_REPRESENTATION (  '', ( #645 ), #339 ) ;
#494 = ADVANCED_FACE ( 'NONE', ( #9030 ), #5337, .T. ) ;
#495 = SURFACE_STYLE_FILL_AREA ( #8554 ) ;
#496 = EDGE_CURVE ( 'NONE', #6146, #6190, #2074, .T. ) ;
#497 = CARTESIAN_POINT ( 'NONE',  ( 1.906160020685322642, 0.3674411551991100811, 0.3548258757489800574 ) ) ;
#498 = DIRECTION ( 'NONE',  ( 0.06818941838404206368, 1.789660620253715096E-17, 0.9976723927324269159 ) ) ;
#499 = FACE_OUTER_BOUND ( 'NONE', #1459, .T. ) ;
#500 = FACE_OUTER_BOUND ( 'NONE', #8706, .T. ) ;
#501 = DIRECTION ( 'NONE',  ( -1.000000000000000000, -1.084780413644159491E-15, 1.360774918102045266E-31 ) ) ;
#502 = CARTESIAN_POINT ( 'NONE',  ( 1.863994594372278435, 0.5473040738446763864, 0.2494123099663673182 ) ) ;
#503 =( NAMED_UNIT ( * ) SI_UNIT ( $, .STERADIAN. ) SOLID_ANGLE_UNIT ( ) );
#504 = STYLED_ITEM ( 'NONE', ( #2634 ), #3330 ) ;
#505 = DIRECTION ( 'NONE',  ( 0.9284766908852604139, -0.000000000000000000, -0.3713906763541007794 ) ) ;
#506 = SURFACE_STYLE_FILL_AREA ( #3546 ) ;
#507 = CARTESIAN_POINT ( 'NONE',  ( 1.815771848803365840, -0.05974215834349466681, 0.1288554460440872185 ) ) ;
#508 = DIRECTION ( 'NONE',  ( 0.000000000000000000, 1.000000000000000000, 0.000000000000000000 ) ) ;
#509 = CARTESIAN_POINT ( 'NONE',  ( 1.916603485680850039, 0.3729802685695861597, 0.3540087142021249300 ) ) ;
#510 =( GEOMETRIC_REPRESENTATION_CONTEXT ( 3 ) GLOBAL_UNCERTAINTY_ASSIGNED_CONTEXT ( ( #5131 ) ) GLOBAL_UNIT_ASSIGNED_CONTEXT ( ( #8013, #5874, #2194 ) ) REPRESENTATION_CONTEXT ( 'NONE', 'WORKASPACE' ) );
#511 = ORIENTED_EDGE ( 'NONE', *, *, #1948, .F. ) ;
#512 = EDGE_LOOP ( 'NONE', ( #3308, #8334, #4940, #1235 ) ) ;
#513 = ADVANCED_FACE ( 'NONE', ( #6261 ), #8464, .F. ) ;
#514 = DIRECTION ( 'NONE',  ( 1.019398932010078135E-16, -0.9284766908852609690, -0.3713906763540997247 ) ) ;
#515 = ORIENTED_EDGE ( 'NONE', *, *, #6915, .F. ) ;
#516 = CARTESIAN_POINT ( 'NONE',  ( 1.841814915446293499, 0.5082951576310625885, 0.1670372886157324710 ) ) ;
#517 = CARTESIAN_POINT ( 'NONE',  ( 1.887180616816534373, 0.5827437736997747031, 0.3073773660770091065 ) ) ;
#518 = MECHANICAL_DESIGN_GEOMETRIC_PRESENTATION_REPRESENTATION (  '', ( #6237 ), #5913 ) ;
#519 =( NAMED_UNIT ( * ) SI_UNIT ( $, .STERADIAN. ) SOLID_ANGLE_UNIT ( ) );
#520 = CARTESIAN_POINT ( 'NONE',  ( 1.831216615073786080, 0.5550414372878278435, 0.1674673617201362930 ) ) ;
#521 = CARTESIAN_POINT ( 'NONE',  ( 1.908515227759365329, -0.04583407930681691889, 0.3607138934340863301 ) ) ;
#522 = ORIENTED_EDGE ( 'NONE', *, *, #2669, .T. ) ;
#523 = COLOUR_RGB ( '',0.1019607843137254888, 0.1019607843137254888, 0.1019607843137254888 ) ;
#524 =( LENGTH_UNIT ( ) NAMED_UNIT ( * ) SI_UNIT ( .MILLI., .METRE. ) );
#525 =( NAMED_UNIT ( * ) SI_UNIT ( $, .STERADIAN. ) SOLID_ANGLE_UNIT ( ) );
#526 = EDGE_LOOP ( 'NONE', ( #5016, #3902, #5341, #4840, #7485, #7339, #7556, #3339, #5163, #6708, #241, #9150, #7331, #1293, #7902, #8579, #6604, #3080 ) ) ;
#527 = DIRECTION ( 'NONE',  ( -0.06818941838404175837, -1.789660620253720026E-17, -0.9976723927324270269 ) ) ;
#528 = LINE ( 'NONE', #6476, #4457 ) ;
#529 = SURFACE_SIDE_STYLE ('',( #7154 ) ) ;
#530 = FILL_AREA_STYLE ('',( #936 ) ) ;
#531 = ORIENTED_EDGE ( 'NONE', *, *, #6741, .F. ) ;
#532 = CARTESIAN_POINT ( 'NONE',  ( 2.716990092096919440, -2.189999999999999947, 0.08370509301950881942 ) ) ;
#533 = PRESENTATION_LAYER_ASSIGNMENT (  '', '', ( #3768 ) ) ;
#534 = PLANE ( 'NONE',  #7417 ) ;
#535 = DIRECTION ( 'NONE',  ( -1.000000000000000000, 1.447921622090530231E-16, 1.249000902703301108E-16 ) ) ;
#536 = ADVANCED_FACE ( 'NONE', ( #1607 ), #4047, .F. ) ;
#537 = DIRECTION ( 'NONE',  ( -0.1060905250085902862, 4.303867851713703955E-17, 0.9943564755676917999 ) ) ;
#538 = CARTESIAN_POINT ( 'NONE',  ( 2.517749029844000397, -1.619999999999999885, 0.7103050971205200348 ) ) ;
#539 = EDGE_CURVE ( 'NONE', #769, #68, #6567, .T. ) ;
#540 = EDGE_CURVE ( 'NONE', #9152, #4358, #7077, .T. ) ;
#541 = AXIS2_PLACEMENT_3D ( 'NONE', #8565, #7961, #7771 ) ;
#542 = EDGE_CURVE ( 'NONE', #1312, #7897, #551, .T. ) ;
#543 = CARTESIAN_POINT ( 'NONE',  ( 1.921892027873270514, 0.4531040936057844637, 0.3672300696831772848 ) ) ;
#544 = LINE ( 'NONE', #1267, #2303 ) ;
#545 = CARTESIAN_POINT ( 'NONE',  ( 1.866795189102693264, -0.1145848365224679255, 0.2564137967924057238 ) ) ;
#546 = SURFACE_STYLE_USAGE ( .BOTH. , #3494 ) ;
#547 = LINE ( 'NONE', #5048, #4585 ) ;
#548 = FACE_BOUND ( 'NONE', #1766, .T. ) ;
#549 = PLANE ( 'NONE',  #2752 ) ;
#550 = UNCERTAINTY_MEASURE_WITH_UNIT (LENGTH_MEASURE( 1.000000000000000082E-05 ), #1125, 'distance_accuracy_value', 'NONE');
#551 = LINE ( 'NONE', #7173, #5175 ) ;
#552 = FACE_OUTER_BOUND ( 'NONE', #9584, .T. ) ;
#553 = SURFACE_STYLE_FILL_AREA ( #4970 ) ;
#554 = COLOUR_RGB ( '',1.000000000000000000, 1.000000000000000000, 1.000000000000000000 ) ;
#555 = EDGE_CURVE ( 'NONE', #381, #6218, #1228, .T. ) ;
#556 = CYLINDRICAL_SURFACE ( 'NONE', #8728, 0.3300000000000000155 ) ;
#557 = ORIENTED_EDGE ( 'NONE', *, *, #5630, .T. ) ;
#558 = ORIENTED_EDGE ( 'NONE', *, *, #4803, .T. ) ;
#559 = CARTESIAN_POINT ( 'NONE',  ( 1.837115375744469592, 0.4901864121143290620, 0.1552884393611722869 ) ) ;
#560 = SURFACE_SIDE_STYLE ('',( #6595 ) ) ;
#561 = SURFACE_STYLE_FILL_AREA ( #4240 ) ;
#562 = CARTESIAN_POINT ( 'NONE',  ( 2.037248960451289115, 0.3500000000000000888, 0.4624701013908927294 ) ) ;
#563 = DIRECTION ( 'NONE',  ( 1.447921622090529492E-16, 1.000000000000000000, -2.498792926766732971E-16 ) ) ;
#564 = PRESENTATION_LAYER_ASSIGNMENT (  '', '', ( #6881 ) ) ;
#565 = CARTESIAN_POINT ( 'NONE',  ( 1.681086225569887960, -1.694999999999999840, 0.6824701013908927028 ) ) ;
#566 = ORIENTED_EDGE ( 'NONE', *, *, #4805, .T. ) ;
#567 = CARTESIAN_POINT ( 'NONE',  ( 1.920642591091610285, 0.1451712610385076929, 0.3641064777290263788 ) ) ;
#568 = AXIS2_PLACEMENT_3D ( 'NONE', #2883, #6703, #8898 ) ;
#569 = FILL_AREA_STYLE_COLOUR ( '', #7578 ) ;
#570 = ORIENTED_EDGE ( 'NONE', *, *, #5545, .F. ) ;
#571 = AXIS2_PLACEMENT_3D ( 'NONE', #4666, #4856, #9077 ) ;
#572 = DIRECTION ( 'NONE',  ( -1.249000902703301354E-16, -2.783468775164168088E-17, -1.000000000000000000 ) ) ;
#573 = CARTESIAN_POINT ( 'NONE',  ( 1.821454105577527294, 0.1524883342092393790, 0.1161352639438166245 ) ) ;
#574 = CARTESIAN_POINT ( 'NONE',  ( 1.801604165149131243, 0.9200000000000001510, 0.7592525293217018412 ) ) ;
#575 = UNCERTAINTY_MEASURE_WITH_UNIT (LENGTH_MEASURE( 1.000000000000000082E-05 ), #3134, 'distance_accuracy_value', 'NONE');
#576 = CARTESIAN_POINT ( 'NONE',  ( 1.125000000000001332, -2.888894916580853780E-31, 1.084202172485504434E-16 ) ) ;
#577 = COLOUR_RGB ( '',1.000000000000000000, 1.000000000000000000, 1.000000000000000000 ) ;
#578 = AXIS2_PLACEMENT_3D ( 'NONE', #8624, #3204, #8357 ) ;
#579 = FACE_OUTER_BOUND ( 'NONE', #5321, .T. ) ;
#580 = ORIENTED_EDGE ( 'NONE', *, *, #1150, .T. ) ;
#581 = PRESENTATION_LAYER_ASSIGNMENT (  '', '', ( #2258 ) ) ;
#582 = CARTESIAN_POINT ( 'NONE',  ( 2.196345996542119927, -0.9200000000000000400, 0.3194445853922672218 ) ) ;
#583 = CARTESIAN_POINT ( 'NONE',  ( 1.922001337468515425, 0.4416842183555810264, 0.3675033436712895063 ) ) ;
#584 = VECTOR ( 'NONE', #6430, 1000.000000000000114 ) ;
#585 = COLOUR_RGB ( '',0.1019607843137254888, 0.1019607843137254888, 0.1019607843137254888 ) ;
#586 = CARTESIAN_POINT ( 'NONE',  ( 1.909841684919487692, 0.4845686622405123711, 0.3640300363343935697 ) ) ;
#587 = CARTESIAN_POINT ( 'NONE',  ( 1.924194054040121449, -0.08632325981206499799, 0.3729851351003055093 ) ) ;
#588 =( GEOMETRIC_REPRESENTATION_CONTEXT ( 3 ) GLOBAL_UNCERTAINTY_ASSIGNED_CONTEXT ( ( #3642 ) ) GLOBAL_UNIT_ASSIGNED_CONTEXT ( ( #4542, #1533, #5134 ) ) REPRESENTATION_CONTEXT ( 'NONE', 'WORKASPACE' ) );
#589 =( GEOMETRIC_REPRESENTATION_CONTEXT ( 3 ) GLOBAL_UNCERTAINTY_ASSIGNED_CONTEXT ( ( #6918 ) ) GLOBAL_UNIT_ASSIGNED_CONTEXT ( ( #2561, #9255, #3968 ) ) REPRESENTATION_CONTEXT ( 'NONE', 'WORKASPACE' ) );
#590 = COLOUR_RGB ( '',1.000000000000000000, 1.000000000000000000, 1.000000000000000000 ) ;
#591 = STYLED_ITEM ( 'NONE', ( #2756 ), #838 ) ;
#592 = AXIS2_PLACEMENT_3D ( 'NONE', #1912, #465, #321 ) ;
#593 = FILL_AREA_STYLE ('',( #5906 ) ) ;
#594 = FACE_OUTER_BOUND ( 'NONE', #9271, .T. ) ;
#595 = FACE_OUTER_BOUND ( 'NONE', #3463, .T. ) ;
#596 = FILL_AREA_STYLE ('',( #8695 ) ) ;
#597 =( GEOMETRIC_REPRESENTATION_CONTEXT ( 3 ) GLOBAL_UNCERTAINTY_ASSIGNED_CONTEXT ( ( #8418 ) ) GLOBAL_UNIT_ASSIGNED_CONTEXT ( ( #3515, #9447, #6328 ) ) REPRESENTATION_CONTEXT ( 'NONE', 'WORKASPACE' ) );
#598 = CARTESIAN_POINT ( 'NONE',  ( 1.824695579699259662, 0.4697302335787027494, 0.1511647732838195535 ) ) ;
#599 =( GEOMETRIC_REPRESENTATION_CONTEXT ( 3 ) GLOBAL_UNCERTAINTY_ASSIGNED_CONTEXT ( ( #5283 ) ) GLOBAL_UNIT_ASSIGNED_CONTEXT ( ( #9024, #5332, #6107 ) ) REPRESENTATION_CONTEXT ( 'NONE', 'WORKASPACE' ) );
#600 = AXIS2_PLACEMENT_3D ( 'NONE', #8367, #6877, #9138 ) ;
#601 = PLANE ( 'NONE',  #5229 ) ;
#602 = COLOUR_RGB ( '',1.000000000000000000, 1.000000000000000000, 1.000000000000000000 ) ;
#603 = FILL_AREA_STYLE_COLOUR ( '', #577 ) ;
#604 = CARTESIAN_POINT ( 'NONE',  ( 1.902492753649069668, -0.09718891838032335528, 0.3187318841226751687 ) ) ;
#605 = PRESENTATION_LAYER_ASSIGNMENT (  '', '', ( #5851 ) ) ;
#606 = VECTOR ( 'NONE', #4439, 1000.000000000000000 ) ;
#607 = VERTEX_POINT ( 'NONE', #3356 ) ;
#608 = CARTESIAN_POINT ( 'NONE',  ( 1.125000000000000888, -1.599999999999998312, 0.2699999999999996292 ) ) ;
#609 = VERTEX_POINT ( 'NONE', #4091 ) ;
#610 = CARTESIAN_POINT ( 'NONE',  ( 1.878351610110434278, 0.5476102854287516752, 0.2583790252760859163 ) ) ;
#611 = PRESENTATION_STYLE_ASSIGNMENT (( #7226 ) ) ;
#612 = PRESENTATION_STYLE_ASSIGNMENT (( #5064 ) ) ;
#613 = ADVANCED_FACE ( 'NONE', ( #2042 ), #601, .T. ) ;
#614 = CARTESIAN_POINT ( 'NONE',  ( 2.235025199989362221, -2.189999999999999503, 0.6824701013908928138 ) ) ;
#615 = SURFACE_STYLE_USAGE ( .BOTH. , #2871 ) ;
#616 = FILL_AREA_STYLE ('',( #4878 ) ) ;
#617 = VERTEX_POINT ( 'NONE', #1174 ) ;
#618 = PRESENTATION_STYLE_ASSIGNMENT (( #4935 ) ) ;
#619 = EDGE_CURVE ( 'NONE', #77, #3025, #6311, .T. ) ;
#620 = CARTESIAN_POINT ( 'NONE',  ( 1.875949789293106518, 0.5875765517206066324, 0.2793002972684392460 ) ) ;
#621 = ORIENTED_EDGE ( 'NONE', *, *, #3081, .T. ) ;
#622 =( NAMED_UNIT ( * ) PLANE_ANGLE_UNIT ( ) SI_UNIT ( $, .RADIAN. ) );
#623 =( GEOMETRIC_REPRESENTATION_CONTEXT ( 3 ) GLOBAL_UNCERTAINTY_ASSIGNED_CONTEXT ( ( #3742 ) ) GLOBAL_UNIT_ASSIGNED_CONTEXT ( ( #6855, #3864, #8906 ) ) REPRESENTATION_CONTEXT ( 'NONE', 'WORKASPACE' ) );
#624 = CARTESIAN_POINT ( 'NONE',  ( 2.461382810556700385, -0.3500000000000000333, -0.1143832811983292869 ) ) ;
#625 = SURFACE_SIDE_STYLE ('',( #3479 ) ) ;
#626 = DIRECTION ( 'NONE',  ( 1.314184451497581013E-15, 0.000000000000000000, -1.000000000000000000 ) ) ;
#627 =( NAMED_UNIT ( * ) SI_UNIT ( $, .STERADIAN. ) SOLID_ANGLE_UNIT ( ) );
#628 = ORIENTED_EDGE ( 'NONE', *, *, #2902, .F. ) ;
#629 = STYLED_ITEM ( 'NONE', ( #618 ), #9060 ) ;
#630 = CARTESIAN_POINT ( 'NONE',  ( 1.875761499829458723, -0.1548287389614922960, 0.2519037495736468069 ) ) ;
#631 =( GEOMETRIC_REPRESENTATION_CONTEXT ( 3 ) GLOBAL_UNCERTAINTY_ASSIGNED_CONTEXT ( ( #4412 ) ) GLOBAL_UNIT_ASSIGNED_CONTEXT ( ( #4810, #8639, #2813 ) ) REPRESENTATION_CONTEXT ( 'NONE', 'WORKASPACE' ) );
#632 = CARTESIAN_POINT ( 'NONE',  ( -2.875000000000000444, 1.807500000000001661, 0.2699999999999998512 ) ) ;
#633 = EDGE_CURVE ( 'NONE', #4391, #3146, #8647, .T. ) ;
#634 = CARTESIAN_POINT ( 'NONE',  ( 1.125000000000001776, 1.599999999999999201, 0.2699999999999999067 ) ) ;
#635 = VECTOR ( 'NONE', #298, 1000.000000000000000 ) ;
#636 = LINE ( 'NONE', #4504, #9578 ) ;
#637 = FILL_AREA_STYLE_COLOUR ( '', #5395 ) ;
#638 = VECTOR ( 'NONE', #3933, 1000.000000000000000 ) ;
#639 = DIRECTION ( 'NONE',  ( 1.447921622090529492E-16, 1.000000000000000000, -2.498792926766732971E-16 ) ) ;
#640 = SURFACE_STYLE_FILL_AREA ( #8694 ) ;
#641 =( NAMED_UNIT ( * ) PLANE_ANGLE_UNIT ( ) SI_UNIT ( $, .RADIAN. ) );
#642 = UNCERTAINTY_MEASURE_WITH_UNIT (LENGTH_MEASURE( 1.000000000000000082E-05 ), #3998, 'distance_accuracy_value', 'NONE');
#643 =( LENGTH_UNIT ( ) NAMED_UNIT ( * ) SI_UNIT ( .MILLI., .METRE. ) );
#644 = CARTESIAN_POINT ( 'NONE',  ( 1.911357824182757570, 0.2659029683555808043, 0.3678203844925673760 ) ) ;
#645 = STYLED_ITEM ( 'NONE', ( #4870 ), #2261 ) ;
#646 = FACE_OUTER_BOUND ( 'NONE', #4157, .T. ) ;
#647 = CARTESIAN_POINT ( 'NONE',  ( 1.931507806669796823, 0.3917809146869419834, 0.3912695166744932229 ) ) ;
#648 = ORIENTED_EDGE ( 'NONE', *, *, #3095, .F. ) ;
#649 = CARTESIAN_POINT ( 'NONE',  ( 1.681086225569887960, -0.8449999999999998623, 0.4624701013908927849 ) ) ;
#650 = CARTESIAN_POINT ( 'NONE',  ( 1.863994594372278435, 0.5473040738446763864, 0.2494123099663673182 ) ) ;
#651 = SURFACE_STYLE_FILL_AREA ( #5873 ) ;
#652 =( NAMED_UNIT ( * ) PLANE_ANGLE_UNIT ( ) SI_UNIT ( $, .RADIAN. ) );
#653 = EDGE_CURVE ( 'NONE', #699, #5750, #6587, .T. ) ;
#654 = DIRECTION ( 'NONE',  ( -0.9284766908852604139, 0.000000000000000000, 0.3713906763541007794 ) ) ;
#655 = PRESENTATION_STYLE_ASSIGNMENT (( #4339 ) ) ;
#656 =( LENGTH_UNIT ( ) NAMED_UNIT ( * ) SI_UNIT ( .MILLI., .METRE. ) );
#657 = CARTESIAN_POINT ( 'NONE',  ( 1.923586541574904940, 0.005060742745824760476, 0.3983921779729356905 ) ) ;
#658 = EDGE_LOOP ( 'NONE', ( #198, #2737, #3655, #4731, #2208, #6000, #4350, #1964, #1151, #6719 ) ) ;
#659 = ADVANCED_FACE ( 'NONE', ( #6582 ), #3005, .T. ) ;
#660 = FILL_AREA_STYLE ('',( #5833 ) ) ;
#661 = ADVANCED_FACE ( 'NONE', ( #6681 ), #1497, .T. ) ;
#662 = CARTESIAN_POINT ( 'NONE',  ( 1.934102590585617953, 0.4626212356505565171, 0.3977564764640457717 ) ) ;
#663 = VERTEX_POINT ( 'NONE', #2276 ) ;
#664 = VERTEX_POINT ( 'NONE', #5240 ) ;
#665 = EDGE_LOOP ( 'NONE', ( #6769, #4868, #908, #4665 ) ) ;
#666 = ORIENTED_EDGE ( 'NONE', *, *, #5532, .F. ) ;
#667 = DIRECTION ( 'NONE',  ( 0.9976723927324270269, -1.463531740886934826E-16, -0.06818941838404175837 ) ) ;
#668 = PLANE ( 'NONE',  #5563 ) ;
#669 = CARTESIAN_POINT ( 'NONE',  ( 1.811887638350678342, 0.3963977902584609470, 0.1191449199123670033 ) ) ;
#670 = UNCERTAINTY_MEASURE_WITH_UNIT (LENGTH_MEASURE( 1.000000000000000082E-05 ), #5488, 'distance_accuracy_value', 'NONE');
#671 = SURFACE_STYLE_USAGE ( .BOTH. , #4397 ) ;
#672 = EDGE_CURVE ( 'NONE', #8291, #4193, #8195, .T. ) ;
#673 = MECHANICAL_DESIGN_GEOMETRIC_PRESENTATION_REPRESENTATION (  '', ( #2361 ), #4220 ) ;
#674 = CARTESIAN_POINT ( 'NONE',  ( 1.780853464843130451, -0.3499999999999999223, 0.4556511595524884717 ) ) ;
#675 = EDGE_LOOP ( 'NONE', ( #222, #5836, #3176, #2209 ) ) ;
#676 =( NAMED_UNIT ( * ) PLANE_ANGLE_UNIT ( ) SI_UNIT ( $, .RADIAN. ) );
#677 = DIRECTION ( 'NONE',  ( -1.000000000000000000, 2.369136632905468679E-16, -1.157943808795868639E-32 ) ) ;
#678 = EDGE_CURVE ( 'NONE', #3979, #3943, #3775, .T. ) ;
#679 = CARTESIAN_POINT ( 'NONE',  ( 1.887805777971730770, 0.5459656908027549216, 0.2820144449293284783 ) ) ;
#680 = LINE ( 'NONE', #2847, #904 ) ;
#681 = PRESENTATION_LAYER_ASSIGNMENT (  '', '', ( #5169 ) ) ;
#682 = FILL_AREA_STYLE ('',( #6536 ) ) ;
#683 = CARTESIAN_POINT ( 'NONE',  ( 1.870695897043320954, 0.5475269394737135586, 0.2661655666439755596 ) ) ;
#684 = DIRECTION ( 'NONE',  ( 0.3481553119113937611, 0.3481553119113942607, -0.8703882797784905367 ) ) ;
#685 = CARTESIAN_POINT ( 'NONE',  ( 1.823417312844448412, 0.3719400464255406269, 0.1210432821111206148 ) ) ;
#686 = CARTESIAN_POINT ( 'NONE',  ( 2.483214825035667594, -0.9200000000000000400, 0.2050386854289297511 ) ) ;
#687 = PRESENTATION_LAYER_ASSIGNMENT (  '', '', ( #2381 ) ) ;
#688 = FACE_OUTER_BOUND ( 'NONE', #1872, .T. ) ;
#689 = PRESENTATION_LAYER_ASSIGNMENT (  '', '', ( #6258 ) ) ;
#690 = LINE ( 'NONE', #4328, #8957 ) ;
#691 = CARTESIAN_POINT ( 'NONE',  ( 1.924002513468708653, 0.4124710443246425995, 0.3994321077074448056 ) ) ;
#692 = ORIENTED_EDGE ( 'NONE', *, *, #1839, .T. ) ;
#693 = CARTESIAN_POINT ( 'NONE',  ( 2.411354963226314929, 1.620000000000000107, 0.3779271093683748695 ) ) ;
#694 = DIRECTION ( 'NONE',  ( 1.447921622090529492E-16, 1.000000000000000000, -2.498792926766732971E-16 ) ) ;
#695 = CARTESIAN_POINT ( 'NONE',  ( 1.921257739980570811, 0.5048385250052412898, 0.3925701739870997020 ) ) ;
#696 = FILL_AREA_STYLE_COLOUR ( '', #9550 ) ;
#697 = DIRECTION ( 'NONE',  ( -1.000000000000000000, 2.431469460965334458E-17, 1.249000902703301354E-16 ) ) ;
#698 = CARTESIAN_POINT ( 'NONE',  ( 1.775000000000000133, -2.250000000000000888, 0.000000000000000000 ) ) ;
#699 = VERTEX_POINT ( 'NONE', #8734 ) ;
#700 = DIRECTION ( 'NONE',  ( 0.000000000000000000, 0.000000000000000000, -1.000000000000000000 ) ) ;
#701 = CARTESIAN_POINT ( 'NONE',  ( 1.909922085396880576, 0.5497582025976964770, 0.3642310375278743351 ) ) ;
#702 = ORIENTED_EDGE ( 'NONE', *, *, #2961, .F. ) ;
#703 = ORIENTED_EDGE ( 'NONE', *, *, #5857, .F. ) ;
#704 = ORIENTED_EDGE ( 'NONE', *, *, #6245, .T. ) ;
#705 = ORIENTED_EDGE ( 'NONE', *, *, #1104, .T. ) ;
#706 = DIRECTION ( 'NONE',  ( 1.000000000000000000, -1.447921622090529738E-16, -1.249000902703301108E-16 ) ) ;
#707 =( NAMED_UNIT ( * ) SI_UNIT ( $, .STERADIAN. ) SOLID_ANGLE_UNIT ( ) );
#708 = DIRECTION ( 'NONE',  ( 0.9284766908852604139, -0.000000000000000000, -0.3713906763541007794 ) ) ;
#709 = FILL_AREA_STYLE_COLOUR ( '', #4037 ) ;
#710 =( GEOMETRIC_REPRESENTATION_CONTEXT ( 3 ) GLOBAL_UNCERTAINTY_ASSIGNED_CONTEXT ( ( #6750 ) ) GLOBAL_UNIT_ASSIGNED_CONTEXT ( ( #2181, #7463, #5909 ) ) REPRESENTATION_CONTEXT ( 'NONE', 'WORKASPACE' ) );
#711 = EDGE_CURVE ( 'NONE', #3728, #9220, #2081, .T. ) ;
#712 = CARTESIAN_POINT ( 'NONE',  ( 1.681086225569887960, 1.620000000000000329, 0.4624701013908927849 ) ) ;
#713 = LINE ( 'NONE', #1578, #4445 ) ;
#714 = VERTEX_POINT ( 'NONE', #7656 ) ;
#715 = SURFACE_SIDE_STYLE ('',( #7396 ) ) ;
#716 = VECTOR ( 'NONE', #4925, 1000.000000000000000 ) ;
#717 = CARTESIAN_POINT ( 'NONE',  ( 1.919270495923015130, 0.3908667820013920213, 0.3606762398075365472 ) ) ;
#718 = LINE ( 'NONE', #2170, #3627 ) ;
#719 = SURFACE_STYLE_USAGE ( .BOTH. , #2220 ) ;
#720 = PRESENTATION_LAYER_ASSIGNMENT (  '', '', ( #877 ) ) ;
#721 =( GEOMETRIC_REPRESENTATION_CONTEXT ( 3 ) GLOBAL_UNCERTAINTY_ASSIGNED_CONTEXT ( ( #9275 ) ) GLOBAL_UNIT_ASSIGNED_CONTEXT ( ( #6031, #7486, #5164 ) ) REPRESENTATION_CONTEXT ( 'NONE', 'WORKASPACE' ) );
#722 = CARTESIAN_POINT ( 'NONE',  ( 1.926871897804485867, -0.07303174634410218580, 0.3796797445112138902 ) ) ;
#723 = MECHANICAL_DESIGN_GEOMETRIC_PRESENTATION_REPRESENTATION (  '', ( #9411 ), #1793 ) ;
#724 = CARTESIAN_POINT ( 'NONE',  ( 2.540318690028105397, -0.3500000000000000333, 0.2060369536996491391 ) ) ;
#725 = COLOUR_RGB ( '',1.000000000000000000, 1.000000000000000000, 1.000000000000000000 ) ;
#726 =( NAMED_UNIT ( * ) PLANE_ANGLE_UNIT ( ) SI_UNIT ( $, .RADIAN. ) );
#727 = LINE ( 'NONE', #3684, #5884 ) ;
#728 = DIRECTION ( 'NONE',  ( -0.9976723927324270269, 1.463531740886935072E-16, 0.06818941838404207756 ) ) ;
#729 =( NAMED_UNIT ( * ) SI_UNIT ( $, .STERADIAN. ) SOLID_ANGLE_UNIT ( ) );
#730 = UNCERTAINTY_MEASURE_WITH_UNIT (LENGTH_MEASURE( 1.000000000000000082E-05 ), #5790, 'distance_accuracy_value', 'NONE');
#731 = VECTOR ( 'NONE', #1620, 1000.000000000000000 ) ;
#732 =( LENGTH_UNIT ( ) NAMED_UNIT ( * ) SI_UNIT ( .MILLI., .METRE. ) );
#733 = VECTOR ( 'NONE', #9053, 1000.000000000000000 ) ;
#734 = PRESENTATION_LAYER_ASSIGNMENT (  '', '', ( #4595 ) ) ;
#735 = STYLED_ITEM ( 'NONE', ( #1957 ), #7350 ) ;
#736 = SURFACE_SIDE_STYLE ('',( #5244 ) ) ;
#737 = PRESENTATION_LAYER_ASSIGNMENT (  '', '', ( #7862 ) ) ;
#738 = PRESENTATION_STYLE_ASSIGNMENT (( #2861 ) ) ;
#739 =( LENGTH_UNIT ( ) NAMED_UNIT ( * ) SI_UNIT ( .MILLI., .METRE. ) );
#740 = ORIENTED_EDGE ( 'NONE', *, *, #5785, .F. ) ;
#741 = CARTESIAN_POINT ( 'NONE',  ( 1.815771848803365840, -0.05974215834349466681, 0.1288554460440872185 ) ) ;
#742 = DIRECTION ( 'NONE',  ( 0.000000000000000000, 1.000000000000000000, 0.000000000000000000 ) ) ;
#743 = VECTOR ( 'NONE', #6847, 1000.000000000000000 ) ;
#744 = PLANE ( 'NONE',  #7775 ) ;
#745 = UNCERTAINTY_MEASURE_WITH_UNIT (LENGTH_MEASURE( 1.000000000000000082E-05 ), #656, 'distance_accuracy_value', 'NONE');
#746 =( LENGTH_UNIT ( ) NAMED_UNIT ( * ) SI_UNIT ( .MILLI., .METRE. ) );
#747 = CARTESIAN_POINT ( 'NONE',  ( 2.461382810556700385, -1.619999999999999885, -0.1143832811983292869 ) ) ;
#748 = CARTESIAN_POINT ( 'NONE',  ( 3.016585226210213744, -0.8475000000000001421, 0.6762103879284991903 ) ) ;
#749 = STYLED_ITEM ( 'NONE', ( #4379 ), #1130 ) ;
#750 = CARTESIAN_POINT ( 'NONE',  ( 1.932871308483757433, 0.005060742745824760476, 0.3946782712093946377 ) ) ;
#751 = ORIENTED_EDGE ( 'NONE', *, *, #6820, .F. ) ;
#752 = CARTESIAN_POINT ( 'NONE',  ( -1.975000000000000089, -0.8499999999999995337, 0.2700000000000001843 ) ) ;
#753 = CARTESIAN_POINT ( 'NONE',  ( 1.889391424422789401, -0.2594400194492972878, 0.2859785610569740011 ) ) ;
#754 = EDGE_LOOP ( 'NONE', ( #5552, #1834, #98, #4123, #949, #369, #3002, #5333 ) ) ;
#755 = VERTEX_POINT ( 'NONE', #6827 ) ;
#756 = VERTEX_POINT ( 'NONE', #3882 ) ;
#757 = DIRECTION ( 'NONE',  ( 1.000000000000000000, -2.652696298084526771E-16, -1.249000902703300861E-16 ) ) ;
#758 = VERTEX_POINT ( 'NONE', #1026 ) ;
#759 = FILL_AREA_STYLE ('',( #78 ) ) ;
#760 = FILL_AREA_STYLE ('',( #3179 ) ) ;
#761 = VECTOR ( 'NONE', #8708, 1000.000000000000114 ) ;
#762 = CARTESIAN_POINT ( 'NONE',  ( 1.781319529336186980, 0.3500000000000001443, 0.4624701013908927849 ) ) ;
#763 = DIRECTION ( 'NONE',  ( 0.000000000000000000, 0.000000000000000000, 1.000000000000000000 ) ) ;
#764 = UNCERTAINTY_MEASURE_WITH_UNIT (LENGTH_MEASURE( 1.000000000000000082E-05 ), #4088, 'distance_accuracy_value', 'NONE');
#765 = VECTOR ( 'NONE', #488, 1000.000000000000000 ) ;
#766 = FILL_AREA_STYLE_COLOUR ( '', #725 ) ;
#767 =( NAMED_UNIT ( * ) SI_UNIT ( $, .STERADIAN. ) SOLID_ANGLE_UNIT ( ) );
#768 = PRESENTATION_STYLE_ASSIGNMENT (( #7492 ) ) ;
#769 = VERTEX_POINT ( 'NONE', #1787 ) ;
#770 = VECTOR ( 'NONE', #8348, 1000.000000000000227 ) ;
#771 = AXIS2_PLACEMENT_3D ( 'NONE', #2695, #1012, #9207 ) ;
#772 = PLANE ( 'NONE',  #7111 ) ;
#773 = FILL_AREA_STYLE_COLOUR ( '', #5032 ) ;
#774 = ADVANCED_FACE ( 'NONE', ( #4660 ), #206, .F. ) ;
#775 = PLANE ( 'NONE',  #8158 ) ;
#776 = CARTESIAN_POINT ( 'NONE',  ( 1.900203031881588567, 0.5363651834637782612, 0.3130075797039726937 ) ) ;
#777 = VECTOR ( 'NONE', #6422, 1000.000000000000227 ) ;
#779 = EDGE_CURVE ( 'NONE', #6133, #3420, #5375, .T. ) ;
#778 = CARTESIAN_POINT ( 'NONE',  ( 1.904168588505464665, -0.1376903599197287775, 0.3229214712636627738 ) ) ;
#780 =( GEOMETRIC_REPRESENTATION_CONTEXT ( 3 ) GLOBAL_UNCERTAINTY_ASSIGNED_CONTEXT ( ( #3456 ) ) GLOBAL_UNIT_ASSIGNED_CONTEXT ( ( #5674, #2036, #3493 ) ) REPRESENTATION_CONTEXT ( 'NONE', 'WORKASPACE' ) );
#781 = VERTEX_POINT ( 'NONE', #301 ) ;
#782 = DIRECTION ( 'NONE',  ( 0.9976723927324270269, -1.463531740886934826E-16, -0.06818941838404175837 ) ) ;
#784 = EDGE_CURVE ( 'NONE', #609, #781, #1737, .T. ) ;
#783 = COLOUR_RGB ( '',1.000000000000000000, 1.000000000000000000, 1.000000000000000000 ) ;
#785 = ADVANCED_FACE ( 'NONE', ( #3982 ), #6150, .F. ) ;
#786 = CARTESIAN_POINT ( 'NONE',  ( 1.520887646884256261, 0.000000000000000000, -0.6083550587536959986 ) ) ;
#787 = STYLED_ITEM ( 'NONE', ( #2665 ), #6683 ) ;
#788 = VERTEX_POINT ( 'NONE', #8976 ) ;
#789 = DIRECTION ( 'NONE',  ( 0.9976723927324270269, 2.142063511210759447E-16, -0.06818941838404181388 ) ) ;
#790 = AXIS2_PLACEMENT_3D ( 'NONE', #7280, #3421, #5778 ) ;
#791 = CARTESIAN_POINT ( 'NONE',  ( 1.821172405259531057, 0.3963977902584609470, 0.1154310131488259922 ) ) ;
#792 = DIRECTION ( 'NONE',  ( -1.000000000000000000, -7.233796894823277695E-16, 9.570255004117575745E-32 ) ) ;
#793 = EDGE_CURVE ( 'NONE', #6599, #3077, #2328, .T. ) ;
#794 = AXIS2_PLACEMENT_3D ( 'NONE', #8399, #6813, #2262 ) ;
#795 =( NAMED_UNIT ( * ) PLANE_ANGLE_UNIT ( ) SI_UNIT ( $, .RADIAN. ) );
#796 = FILL_AREA_STYLE_COLOUR ( '', #7870 ) ;
#797 = ORIENTED_EDGE ( 'NONE', *, *, #2362, .T. ) ;
#798 = DIRECTION ( 'NONE',  ( -1.000000000000000000, 3.608224830031759249E-16, -2.542227526591152421E-32 ) ) ;
#799 = LINE ( 'NONE', #6593, #3263 ) ;
#800 = CARTESIAN_POINT ( 'NONE',  ( 1.924927683609207962, 0.4431875897776986206, 0.4017450330586926910 ) ) ;
#801 = CARTESIAN_POINT ( 'NONE',  ( 1.867812151544707699, 0.5877229059209048145, 0.2589562028974420338 ) ) ;
#802 = VECTOR ( 'NONE', #7035, 1000.000000000000227 ) ;
#803 =( NAMED_UNIT ( * ) SI_UNIT ( $, .STERADIAN. ) SOLID_ANGLE_UNIT ( ) );
#804 = FACE_OUTER_BOUND ( 'NONE', #6025, .T. ) ;
#805 = CARTESIAN_POINT ( 'NONE',  ( 1.930796895154362369, -0.04408653251887353908, 0.3894922378859048129 ) ) ;
#806 = ORIENTED_EDGE ( 'NONE', *, *, #2500, .F. ) ;
#807 = CARTESIAN_POINT ( 'NONE',  ( 1.908062368787740049, -0.1102850454782583201, 0.3595817460050248493 ) ) ;
#808 = EDGE_CURVE ( 'NONE', #5118, #6559, #4895, .T. ) ;
#809 = CARTESIAN_POINT ( 'NONE',  ( 1.811887638350678342, 0.3963977902584609470, 0.1191449199123670033 ) ) ;
#810 = ORIENTED_EDGE ( 'NONE', *, *, #7646, .F. ) ;
#811 = ORIENTED_EDGE ( 'NONE', *, *, #8569, .F. ) ;
#812 = VERTEX_POINT ( 'NONE', #4126 ) ;
#813 =( LENGTH_UNIT ( ) NAMED_UNIT ( * ) SI_UNIT ( .MILLI., .METRE. ) );
#814 = ORIENTED_EDGE ( 'NONE', *, *, #90, .T. ) ;
#815 =( LENGTH_UNIT ( ) NAMED_UNIT ( * ) SI_UNIT ( .MILLI., .METRE. ) );
#816 = FACE_OUTER_BOUND ( 'NONE', #2473, .T. ) ;
#817 = DIRECTION ( 'NONE',  ( 1.447921622090529492E-16, 1.000000000000000000, -2.498792926766732971E-16 ) ) ;
#818 = PRESENTATION_STYLE_ASSIGNMENT (( #6179 ) ) ;
#819 = VECTOR ( 'NONE', #2611, 1000.000000000000000 ) ;
#820 = LINE ( 'NONE', #1723, #7849 ) ;
#821 = SURFACE_STYLE_FILL_AREA ( #8757 ) ;
#822 = CARTESIAN_POINT ( 'NONE',  ( 1.924945287951810080, 0.4472291878677761012, 0.4017890439151989845 ) ) ;
#823 = ORIENTED_EDGE ( 'NONE', *, *, #7048, .F. ) ;
#824 = PLANE ( 'NONE',  #1232 ) ;
#825 = APPLICATION_PROTOCOL_DEFINITION ( 'draft international standard', 'automotive_design', 1998, #8338 ) ;
#826 = FACE_BOUND ( 'NONE', #463, .T. ) ;
#827 = FILL_AREA_STYLE_COLOUR ( '', #3075 ) ;
#828 = SURFACE_STYLE_FILL_AREA ( #2313 ) ;
#829 = CARTESIAN_POINT ( 'NONE',  ( -1.575000000000000844, -1.049999999999999822, 2.257240465527129072E-16 ) ) ;
#830 = CARTESIAN_POINT ( 'NONE',  ( 1.923586541574904940, 0.7671224805507027567, 0.3983921779729356905 ) ) ;
#831 = ORIENTED_EDGE ( 'NONE', *, *, #5222, .F. ) ;
#832 = DIRECTION ( 'NONE',  ( 1.447921622090529738E-16, 1.000000000000000000, -2.783468775164169937E-17 ) ) ;
#833 = AXIS2_PLACEMENT_3D ( 'NONE', #2785, #4241, #8658 ) ;
#834 = FILL_AREA_STYLE_COLOUR ( '', #3568 ) ;
#835 = VERTEX_POINT ( 'NONE', #1891 ) ;
#836 = UNCERTAINTY_MEASURE_WITH_UNIT (LENGTH_MEASURE( 1.000000000000000082E-05 ), #8292, 'distance_accuracy_value', 'NONE');
#837 = CARTESIAN_POINT ( 'NONE',  ( 1.823990000181691329, 0.4071086254047469599, 0.1494008244899006077 ) ) ;
#838 = ADVANCED_FACE ( 'NONE', ( #7020 ), #6249, .T. ) ;
#839 = EDGE_CURVE ( 'NONE', #4972, #4418, #395, .T. ) ;
#840 = PRESENTATION_LAYER_ASSIGNMENT (  '', '', ( #2535 ) ) ;
#841 = DIRECTION ( 'NONE',  ( 1.447921622090529492E-16, 1.000000000000000000, -2.498792926766732971E-16 ) ) ;
#842 = CIRCLE ( 'NONE', #6250, 0.3300000000000000155 ) ;
#843 = CARTESIAN_POINT ( 'NONE',  ( -2.775000000000000355, -2.007499999999998952, 0.2700000000000002953 ) ) ;
#844 = ORIENTED_EDGE ( 'NONE', *, *, #2366, .F. ) ;
#845 = LINE ( 'NONE', #943, #4145 ) ;
#846 = CARTESIAN_POINT ( 'NONE',  ( 1.831216615073786080, 0.5550414372878278435, 0.1674673617201362930 ) ) ;
#847 = UNCERTAINTY_MEASURE_WITH_UNIT (LENGTH_MEASURE( 1.000000000000000082E-05 ), #5132, 'distance_accuracy_value', 'NONE');
#848 = DIRECTION ( 'NONE',  ( 0.06818941838404181388, 1.789660620253719718E-17, 0.9976723927324270269 ) ) ;
#849 =( NAMED_UNIT ( * ) SI_UNIT ( $, .STERADIAN. ) SOLID_ANGLE_UNIT ( ) );
#850 = ORIENTED_EDGE ( 'NONE', *, *, #8665, .T. ) ;
#851 = STYLED_ITEM ( 'NONE', ( #7582 ), #485 ) ;
#852 = CARTESIAN_POINT ( 'NONE',  ( 1.923547957201184877, -0.0006814723642076767366, 0.3982957170386349777 ) ) ;
#853 = FILL_AREA_STYLE ('',( #2205 ) ) ;
#854 = ORIENTED_EDGE ( 'NONE', *, *, #6805, .F. ) ;
#855 = EDGE_LOOP ( 'NONE', ( #1863, #5074, #4512, #2821, #4020, #6080 ) ) ;
#856 = ORIENTED_EDGE ( 'NONE', *, *, #7216, .T. ) ;
#857 = FILL_AREA_STYLE_COLOUR ( '', #5434 ) ;
#858 = ORIENTED_EDGE ( 'NONE', *, *, #7524, .F. ) ;
#859 = DIRECTION ( 'NONE',  ( 1.447921622090529492E-16, 1.000000000000000000, -2.498792926766732971E-16 ) ) ;
#860 = CARTESIAN_POINT ( 'NONE',  ( 1.917811869473057484, 0.3646834561604590519, 0.3839554977183173845 ) ) ;
#861 = CARTESIAN_POINT ( 'NONE',  ( 2.196345996542119927, 0.9199999999999998179, 0.3194445853922670553 ) ) ;
#862 = COLOUR_RGB ( '',1.000000000000000000, 1.000000000000000000, 1.000000000000000000 ) ;
#863 = UNCERTAINTY_MEASURE_WITH_UNIT (LENGTH_MEASURE( 1.000000000000000082E-05 ), #8562, 'distance_accuracy_value', 'NONE');
#864 = CARTESIAN_POINT ( 'NONE',  ( 1.381060606060616092, -1.856060606060617069, -0.9848484848484693188 ) ) ;
#865 =( NAMED_UNIT ( * ) SI_UNIT ( $, .STERADIAN. ) SOLID_ANGLE_UNIT ( ) );
#866 = EDGE_LOOP ( 'NONE', ( #8413, #3875, #3719, #3032 ) ) ;
#867 = PRESENTATION_STYLE_ASSIGNMENT (( #9549 ) ) ;
#868 = SURFACE_STYLE_FILL_AREA ( #6045 ) ;
#869 = CARTESIAN_POINT ( 'NONE',  ( -3.075000000000000178, 1.807500000000001661, 0.2699999999999998512 ) ) ;
#870 = FACE_OUTER_BOUND ( 'NONE', #7182, .T. ) ;
#871 = CARTESIAN_POINT ( 'NONE',  ( 1.828484938023480444, -0.05546676313905744837, 0.1606381690943736174 ) ) ;
#872 = PRESENTATION_STYLE_ASSIGNMENT (( #6499 ) ) ;
#873 = ORIENTED_EDGE ( 'NONE', *, *, #5119, .F. ) ;
#874 = VECTOR ( 'NONE', #1315, 1000.000000000000000 ) ;
#875 = PRESENTATION_STYLE_ASSIGNMENT (( #4593 ) ) ;
#876 = SURFACE_SIDE_STYLE ('',( #3874 ) ) ;
#877 = STYLED_ITEM ( 'NONE', ( #3006 ), #4094 ) ;
#878 = ORIENTED_EDGE ( 'NONE', *, *, #779, .F. ) ;
#879 = CARTESIAN_POINT ( 'NONE',  ( 1.914867918989762607, 0.3646834561604591074, 0.3496697974744084059 ) ) ;
#880 = FILL_AREA_STYLE ('',( #2370 ) ) ;
#881 = CARTESIAN_POINT ( 'NONE',  ( 1.897896568671640027, 0.5253545943121129547, 0.3341672457147734088 ) ) ;
#882 = DIRECTION ( 'NONE',  ( 0.9976723927324270269, 2.142063511210759447E-16, -0.06818941838404181388 ) ) ;
#883 =( NAMED_UNIT ( * ) PLANE_ANGLE_UNIT ( ) SI_UNIT ( $, .RADIAN. ) );
#884 =( GEOMETRIC_REPRESENTATION_CONTEXT ( 3 ) GLOBAL_UNCERTAINTY_ASSIGNED_CONTEXT ( ( #2287 ) ) GLOBAL_UNIT_ASSIGNED_CONTEXT ( ( #7817, #457, #8567 ) ) REPRESENTATION_CONTEXT ( 'NONE', 'WORKASPACE' ) );
#885 = DIRECTION ( 'NONE',  ( -0.06818941838404206368, -1.789660620253715096E-17, -0.9976723927324269159 ) ) ;
#886 = PLANE ( 'NONE',  #8807 ) ;
#887 = CARTESIAN_POINT ( 'NONE',  ( 2.440731734960332133, -0.9200000000000000400, 0.1025869392388689683 ) ) ;
#888 = ORIENTED_EDGE ( 'NONE', *, *, #7952, .T. ) ;
#889 = VECTOR ( 'NONE', #3439, 1000.000000000000000 ) ;
#890 = EDGE_CURVE ( 'NONE', #3133, #7108, #3488, .T. ) ;
#891 = SURFACE_STYLE_USAGE ( .BOTH. , #4522 ) ;
#892 = PRESENTATION_LAYER_ASSIGNMENT (  '', '', ( #3821 ) ) ;
#893 = STYLED_ITEM ( 'NONE', ( #6955 ), #4530 ) ;
#894 = CARTESIAN_POINT ( 'NONE',  ( 1.834857752803567665, -0.1298463881596779446, 0.1765702060445899224 ) ) ;
#895 = CARTESIAN_POINT ( 'NONE',  ( 1.815226518016711310, 0.3646834561604590519, 0.1274921190774497282 ) ) ;
#896 = CARTESIAN_POINT ( 'NONE',  ( 1.810810592291769217, 0.4352817793311907768, 0.1164523047650945220 ) ) ;
#897 = FILL_AREA_STYLE_COLOUR ( '', #9526 ) ;
#898 = SURFACE_STYLE_USAGE ( .BOTH. , #1456 ) ;
#899 = DIRECTION ( 'NONE',  ( 0.1060905250085903140, -4.303867851713705188E-17, -0.9943564755676919109 ) ) ;
#900 = EDGE_CURVE ( 'NONE', #8071, #1602, #7908, .T. ) ;
#901 = ORIENTED_EDGE ( 'NONE', *, *, #4217, .F. ) ;
#902 = COLOUR_RGB ( '',1.000000000000000000, 1.000000000000000000, 1.000000000000000000 ) ;
#903 = AXIS2_PLACEMENT_3D ( 'NONE', #5412, #1053, #6228 ) ;
#904 = VECTOR ( 'NONE', #8766, 1000.000000000000000 ) ;
#905 = SURFACE_STYLE_USAGE ( .BOTH. , #1662 ) ;
#906 = ORIENTED_EDGE ( 'NONE', *, *, #4386, .T. ) ;
#907 = ADVANCED_FACE ( 'NONE', ( #8686 ), #9224, .T. ) ;
#908 = ORIENTED_EDGE ( 'NONE', *, *, #7032, .T. ) ;
#909 = VERTEX_POINT ( 'NONE', #5626 ) ;
#910 = ORIENTED_EDGE ( 'NONE', *, *, #4690, .F. ) ;
#911 = LINE ( 'NONE', #1616, #1185 ) ;
#912 = LINE ( 'NONE', #7389, #9114 ) ;
#913 =( NAMED_UNIT ( * ) SI_UNIT ( $, .STERADIAN. ) SOLID_ANGLE_UNIT ( ) );
#914 =( GEOMETRIC_REPRESENTATION_CONTEXT ( 3 ) GLOBAL_UNCERTAINTY_ASSIGNED_CONTEXT ( ( #4801 ) ) GLOBAL_UNIT_ASSIGNED_CONTEXT ( ( #6728, #1362, #3063 ) ) REPRESENTATION_CONTEXT ( 'NONE', 'WORKASPACE' ) );
#915 = VECTOR ( 'NONE', #4353, 1000.000000000000114 ) ;
#916 = LINE ( 'NONE', #3913, #5369 ) ;
#917 = ORIENTED_EDGE ( 'NONE', *, *, #7420, .F. ) ;
#918 = VECTOR ( 'NONE', #7008, 1000.000000000000000 ) ;
#919 = PRESENTATION_LAYER_ASSIGNMENT (  '', '', ( #7380 ) ) ;
#920 = VECTOR ( 'NONE', #4830, 1000.000000000000000 ) ;
#921 = ORIENTED_EDGE ( 'NONE', *, *, #7208, .F. ) ;
#922 = SURFACE_STYLE_USAGE ( .BOTH. , #88 ) ;
#923 = CARTESIAN_POINT ( 'NONE',  ( 1.830324261999627833, -0.06515991332025482252, 0.1652364790347402024 ) ) ;
#924 =( LENGTH_UNIT ( ) NAMED_UNIT ( * ) SI_UNIT ( .MILLI., .METRE. ) );
#925 = VERTEX_POINT ( 'NONE', #8595 ) ;
#926 = COLOUR_RGB ( '',1.000000000000000000, 1.000000000000000000, 1.000000000000000000 ) ;
#927 =( LENGTH_UNIT ( ) NAMED_UNIT ( * ) SI_UNIT ( .MILLI., .METRE. ) );
#928 = MECHANICAL_DESIGN_GEOMETRIC_PRESENTATION_REPRESENTATION (  '', ( #2467 ), #1691 ) ;
#929 =( NAMED_UNIT ( * ) SI_UNIT ( $, .STERADIAN. ) SOLID_ANGLE_UNIT ( ) );
#930 = EDGE_CURVE ( 'NONE', #9120, #758, #6760, .T. ) ;
#931 = ORIENTED_EDGE ( 'NONE', *, *, #1789, .T. ) ;
#932 = SURFACE_STYLE_USAGE ( .BOTH. , #6058 ) ;
#933 = DIRECTION ( 'NONE',  ( 1.000000000000000000, -2.431469460965334458E-17, -1.249000902703301354E-16 ) ) ;
#934 = FILL_AREA_STYLE_COLOUR ( '', #2860 ) ;
#935 = VECTOR ( 'NONE', #2992, 1000.000000000000000 ) ;
#936 = FILL_AREA_STYLE_COLOUR ( '', #5976 ) ;
#937 = VECTOR ( 'NONE', #2461, 999.9999999999998863 ) ;
#938 = CARTESIAN_POINT ( 'NONE',  ( 1.896330057814334946, 0.5405166150204594455, 0.3033251445358385312 ) ) ;
#939 =( GEOMETRIC_REPRESENTATION_CONTEXT ( 3 ) GLOBAL_UNCERTAINTY_ASSIGNED_CONTEXT ( ( #8515 ) ) GLOBAL_UNIT_ASSIGNED_CONTEXT ( ( #126, #8998, #4572 ) ) REPRESENTATION_CONTEXT ( 'NONE', 'WORKASPACE' ) );
#940 = EDGE_LOOP ( 'NONE', ( #5644, #3809, #1092, #9539 ) ) ;
#941 = DIRECTION ( 'NONE',  ( 0.9284766908852604139, -0.000000000000000000, -0.3713906763541007794 ) ) ;
#942 = CARTESIAN_POINT ( 'NONE',  ( 1.917811869473057484, 0.3646834561604590519, 0.3839554977183173845 ) ) ;
#943 = CARTESIAN_POINT ( 'NONE',  ( -1.882999999999999119, 2.450000000000000178, 0.2700000000000000178 ) ) ;
#944 = CARTESIAN_POINT ( 'NONE',  ( 1.832493004971225359, 0.5338714812122425935, 0.1437325124280606492 ) ) ;
#945 = DIRECTION ( 'NONE',  ( 0.000000000000000000, 0.000000000000000000, -1.000000000000000000 ) ) ;
#946 = LINE ( 'NONE', #3893, #2975 ) ;
#947 = COLOUR_RGB ( '',1.000000000000000000, 1.000000000000000000, 1.000000000000000000 ) ;
#948 = SURFACE_STYLE_FILL_AREA ( #5340 ) ;
#949 = ORIENTED_EDGE ( 'NONE', *, *, #6242, .F. ) ;
#950 = DIRECTION ( 'NONE',  ( -2.166085619527817307E-16, 1.000000000000000000, -2.498792926766732478E-16 ) ) ;
#951 = DIRECTION ( 'NONE',  ( 1.447921622090529492E-16, 1.000000000000000000, -2.498792926766732971E-16 ) ) ;
#952 = ORIENTED_EDGE ( 'NONE', *, *, #1308, .T. ) ;
#953 = EDGE_CURVE ( 'NONE', #2409, #431, #680, .T. ) ;
#954 = ORIENTED_EDGE ( 'NONE', *, *, #4122, .T. ) ;
#955 = ORIENTED_EDGE ( 'NONE', *, *, #7646, .T. ) ;
#956 = VERTEX_POINT ( 'NONE', #3585 ) ;
#957 = LINE ( 'NONE', #5212, #2753 ) ;
#958 =( LENGTH_UNIT ( ) NAMED_UNIT ( * ) SI_UNIT ( .MILLI., .METRE. ) );
#959 = DIRECTION ( 'NONE',  ( 1.447921622090529492E-16, 1.000000000000000000, -2.498792926766732971E-16 ) ) ;
#960 = DIRECTION ( 'NONE',  ( -0.3713906763541008349, 0.000000000000000000, -0.9284766908852605249 ) ) ;
#961 = EDGE_CURVE ( 'NONE', #8181, #5361, #6671, .T. ) ;
#962 = LINE ( 'NONE', #1822, #7213 ) ;
#963 = ORIENTED_EDGE ( 'NONE', *, *, #4893, .T. ) ;
#964 = STYLED_ITEM ( 'NONE', ( #5450 ), #1776 ) ;
#965 = EDGE_CURVE ( 'NONE', #9587, #3420, #7205, .T. ) ;
#966 = CARTESIAN_POINT ( 'NONE',  ( 1.681086225569887960, 1.620000000000000329, 0.4624701013908927849 ) ) ;
#967 = CARTESIAN_POINT ( 'NONE',  ( 1.879264517832417658, 0.5878541878677761012, 0.2606612945810439230 ) ) ;
#968 = ORIENTED_EDGE ( 'NONE', *, *, #148, .F. ) ;
#969 = ORIENTED_EDGE ( 'NONE', *, *, #1246, .F. ) ;
#970 = LINE ( 'NONE', #7496, #5275 ) ;
#971 = CARTESIAN_POINT ( 'NONE',  ( 1.910688223339277014, -0.02238590137221027274, 0.3661463823838649878 ) ) ;
#972 = ORIENTED_EDGE ( 'NONE', *, *, #6487, .T. ) ;
#973 =( NAMED_UNIT ( * ) SI_UNIT ( $, .STERADIAN. ) SOLID_ANGLE_UNIT ( ) );
#974 = ADVANCED_FACE ( 'NONE', ( #7356 ), #4451, .T. ) ;
#975 = CARTESIAN_POINT ( 'NONE',  ( 1.824398056060821727, 0.1524883342092393790, 0.1504209641877259362 ) ) ;
#976 = ORIENTED_EDGE ( 'NONE', *, *, #7553, .T. ) ;
#977 = CARTESIAN_POINT ( 'NONE',  ( 1.833274767090544044, 0.4071086254047469599, 0.1456869177263596105 ) ) ;
#978 = PRESENTATION_STYLE_ASSIGNMENT (( #3932 ) ) ;
#979 = DIRECTION ( 'NONE',  ( -0.1249324170059867428, 0.9417224702971435102, -0.3123310425149697367 ) ) ;
#980 = PRESENTATION_STYLE_ASSIGNMENT (( #6828 ) ) ;
#981 = PRESENTATION_LAYER_ASSIGNMENT (  '', '', ( #5150 ) ) ;
#982 = CARTESIAN_POINT ( 'NONE',  ( 1.878351610110434278, 0.5476102854287516752, 0.2583790252760859163 ) ) ;
#983 = CARTESIAN_POINT ( 'NONE',  ( 1.681086225569887960, 0.8450000000000001954, 0.4624701013908926739 ) ) ;
#984 = SURFACE_STYLE_USAGE ( .BOTH. , #7514 ) ;
#985 = VERTEX_POINT ( 'NONE', #8727 ) ;
#986 = DIRECTION ( 'NONE',  ( 1.000000000000000000, 1.084780413644159491E-15, -1.360774918102045266E-31 ) ) ;
#987 = LINE ( 'NONE', #2488, #4343 ) ;
#988 = CARTESIAN_POINT ( 'NONE',  ( 1.852471478075369937, -0.1103154712784189390, 0.2206045192240964070 ) ) ;
#989 = CARTESIAN_POINT ( 'NONE',  ( 1.911357824182757570, 0.1451712610385076929, 0.3678203844925673760 ) ) ;
#990 = CARTESIAN_POINT ( 'NONE',  ( 1.812169338668674579, 0.001973852501922329118, 0.1198491707073576495 ) ) ;
#991 = CARTESIAN_POINT ( 'NONE',  ( 1.821454105577527294, 0.3061468707946052303, 0.1161352639438166245 ) ) ;
#992 = MECHANICAL_DESIGN_GEOMETRIC_PRESENTATION_REPRESENTATION (  '', ( #2997 ), #8440 ) ;
#993 = CARTESIAN_POINT ( 'NONE',  ( 1.835041569346579582, -0.3090017572541753355, 0.1501039233664480388 ) ) ;
#994 = B_SPLINE_SURFACE_WITH_KNOTS ( 'NONE', 3, 1, ( 
 ( #8286, #9056 ),
 ( #6859, #3149 ),
 ( #238, #4547 ),
 ( #971, #7498 ),
 ( #1628, #3815 ),
 ( #6762, #6049 ),
 ( #9015, #6092 ),
 ( #2360, #5366 ),
 ( #4589, #8342 ),
 ( #1687, #4647 ),
 ( #2468, #1016 ),
 ( #7603, #5420 ),
 ( #3970, #8486 ),
 ( #4115, #9413 ),
 ( #424, #7009 ),
 ( #4790, #7751 ),
 ( #6235, #1252 ),
 ( #3436, #336 ),
 ( #5711, #9367 ) ),
 .UNSPECIFIED., .F., .F., .F.,
 ( 4, 1, 1, 1, 1, 1, 1, 1, 1, 1, 1, 1, 1, 1, 1, 1, 4 ),
 ( 2, 2 ),
 ( 0.000000000000000000, 0.07082199823409668360, 0.1381601096583845167, 0.2024622547020689944, 0.2639567057174984632, 0.3236342499071824252, 0.3817869263266495672, 0.4393756585350246380, 0.4971066655477042739, 0.5548623802280190365, 0.6127668894862257076, 0.6715600499945688640, 0.7316730530556697643, 0.7943110968516785553, 0.8594912802951153452, 0.9276859961409864574, 1.000000000000000000 ),
 ( 0.000000000000000000, 1.000000000000000000 ),
 .UNSPECIFIED. ) ;
#995 = MECHANICAL_DESIGN_GEOMETRIC_PRESENTATION_REPRESENTATION (  '', ( #5169 ), #8883 ) ;
#996 = B_SPLINE_CURVE_WITH_KNOTS ( 'NONE', 3,
 ( #982, #6779, #6063, #9022, #1645, #938, #208, #3158, #6106, #3939, #4179, #7122, #1074, #3490, #350, #7764, #543, #1846, #1266 ),
 .UNSPECIFIED., .F., .F.,
 ( 4, 1, 1, 1, 1, 1, 1, 1, 1, 1, 1, 1, 1, 1, 1, 1, 4 ),
 ( 0.000000000000000000, 0.07377411937406382070, 0.1440791147260415961, 0.2113485183089112984, 0.2760768857398831488, 0.3385209158196774148, 0.3998851166931345902, 0.4602540674652134678, 0.5205889643912484654, 0.5802076845630443902, 0.6386329085525456195, 0.6963645494905238431, 0.7540017746600128357, 0.8128056813744981568, 0.8727544255255604844, 0.9351819969782672048, 1.000000000000000000 ),
 .UNSPECIFIED. ) ;
#997 = EDGE_LOOP ( 'NONE', ( #5498, #7378, #1518, #8895 ) ) ;
#998 = EDGE_LOOP ( 'NONE', ( #2605, #9176, #844, #4640 ) ) ;
#999 = EDGE_LOOP ( 'NONE', ( #6796, #8490, #4555, #9167 ) ) ;
#1000 = DIRECTION ( 'NONE',  ( -0.9284766908852603029, 0.000000000000000000, -0.3713906763541015565 ) ) ;
#1001 = ORIENTED_EDGE ( 'NONE', *, *, #3345, .F. ) ;
#1002 = CARTESIAN_POINT ( 'NONE',  ( 2.037248960451289115, 0.9200000000000000400, 0.3024701013908925873 ) ) ;
#1003 = CARTESIAN_POINT ( 'NONE',  ( 2.517816181961371580, -0.9200000000000000400, -0.1231949359020515777 ) ) ;
#1004 = SURFACE_STYLE_USAGE ( .BOTH. , #4636 ) ;
#1005 = DIRECTION ( 'NONE',  ( 0.06818941838404206368, 1.789660620253715096E-17, 0.9976723927324269159 ) ) ;
#1006 = LINE ( 'NONE', #1144, #2147 ) ;
#1007 =( LENGTH_UNIT ( ) NAMED_UNIT ( * ) SI_UNIT ( .MILLI., .METRE. ) );
#1008 = PRESENTATION_LAYER_ASSIGNMENT (  '', '', ( #3007 ) ) ;
#1009 = CARTESIAN_POINT ( 'NONE',  ( -2.774999999999999467, 2.107500000000001261, 0.2699999999999998512 ) ) ;
#1010 = VERTEX_POINT ( 'NONE', #5231 ) ;
#1011 =( NAMED_UNIT ( * ) SI_UNIT ( $, .STERADIAN. ) SOLID_ANGLE_UNIT ( ) );
#1012 = DIRECTION ( 'NONE',  ( 1.447921622090529492E-16, 1.000000000000000000, -2.498792926766732971E-16 ) ) ;
#1013 = ORIENTED_EDGE ( 'NONE', *, *, #2319, .F. ) ;
#1014 = ORIENTED_EDGE ( 'NONE', *, *, #9225, .F. ) ;
#1015 = CARTESIAN_POINT ( 'NONE',  ( 1.912607260964417799, 0.4531040936057844637, 0.3709439764467182821 ) ) ;
#1016 = CARTESIAN_POINT ( 'NONE',  ( 1.905889714464157558, -0.09080210414373639238, 0.3272242861603940622 ) ) ;
#1017 = FILL_AREA_STYLE_COLOUR ( '', #1195 ) ;
#1018 = ORIENTED_EDGE ( 'NONE', *, *, #7706, .T. ) ;
#1019 = CARTESIAN_POINT ( 'NONE',  ( 2.394122236080193034, -2.189999999999999947, 0.5394445853922671397 ) ) ;
#1020 = VECTOR ( 'NONE', #7204, 1000.000000000000000 ) ;
#1021 = FILL_AREA_STYLE_COLOUR ( '', #302 ) ;
#1022 = ORIENTED_EDGE ( 'NONE', *, *, #1752, .F. ) ;
#1023 = SURFACE_STYLE_USAGE ( .BOTH. , #1590 ) ;
#1024 = FILL_AREA_STYLE ('',( #7655 ) ) ;
#1025 = UNCERTAINTY_MEASURE_WITH_UNIT (LENGTH_MEASURE( 1.000000000000000082E-05 ), #5904, 'distance_accuracy_value', 'NONE');
#1026 = CARTESIAN_POINT ( 'NONE',  ( 2.394122236080193034, -1.619999999999999885, 0.5394445853922670286 ) ) ;
#1027 = PLANE ( 'NONE',  #578 ) ;
#1028 = SURFACE_STYLE_USAGE ( .BOTH. , #1740 ) ;
#1029 = EDGE_CURVE ( 'NONE', #8984, #3320, #2901, .T. ) ;
#1030 = VECTOR ( 'NONE', #6538, 1000.000000000000114 ) ;
#1031 = ORIENTED_EDGE ( 'NONE', *, *, #1678, .T. ) ;
#1032 = CARTESIAN_POINT ( 'NONE',  ( 1.934230054860662795, 0.4472291878677761012, 0.3980751371516579873 ) ) ;
#1033 = CARTESIAN_POINT ( 'NONE',  ( -1.775000000000000133, 2.450000000000000178, 0.000000000000000000 ) ) ;
#1034 = UNCERTAINTY_MEASURE_WITH_UNIT (LENGTH_MEASURE( 1.000000000000000082E-05 ), #6704, 'distance_accuracy_value', 'NONE');
#1035 = STYLED_ITEM ( 'NONE', ( #4152 ), #4653 ) ;
#1036 = AXIS2_PLACEMENT_3D ( 'NONE', #5733, #7269, #8735 ) ;
#1037 = CARTESIAN_POINT ( 'NONE',  ( 1.911357824182757570, 0.7268785781116783307, 0.3678203844925673760 ) ) ;
#1038 = CIRCLE ( 'NONE', #2266, 0.3300000000000000155 ) ;
#1039 = PRESENTATION_STYLE_ASSIGNMENT (( #905 ) ) ;
#1040 = VECTOR ( 'NONE', #5011, 1000.000000000000000 ) ;
#1041 =( GEOMETRIC_REPRESENTATION_CONTEXT ( 3 ) GLOBAL_UNCERTAINTY_ASSIGNED_CONTEXT ( ( #6836 ) ) GLOBAL_UNIT_ASSIGNED_CONTEXT ( ( #1961, #2549, #5456 ) ) REPRESENTATION_CONTEXT ( 'NONE', 'WORKASPACE' ) );
#1042 = CARTESIAN_POINT ( 'NONE',  ( 1.927096636381910200, 0.3646834561604590519, 0.3802415909547763317 ) ) ;
#1043 = VERTEX_POINT ( 'NONE', #2265 ) ;
#1044 = EDGE_CURVE ( 'NONE', #7789, #1728, #3128, .T. ) ;
#1045 = ORIENTED_EDGE ( 'NONE', *, *, #9023, .F. ) ;
#1046 = LINE ( 'NONE', #9196, #8231 ) ;
#1047 = ORIENTED_EDGE ( 'NONE', *, *, #5929, .F. ) ;
#1048 = LINE ( 'NONE', #4007, #6761 ) ;
#1049 = FILL_AREA_STYLE ('',( #8612 ) ) ;
#1050 =( NAMED_UNIT ( * ) PLANE_ANGLE_UNIT ( ) SI_UNIT ( $, .RADIAN. ) );
#1051 = LINE ( 'NONE', #8528, #6633 ) ;
#1052 = CARTESIAN_POINT ( 'NONE',  ( -2.470334063891022798E-16, 2.250000000000000000, 1.000000000000000000 ) ) ;
#1053 = DIRECTION ( 'NONE',  ( 1.447921622090529492E-16, 1.000000000000000000, -2.498792926766732971E-16 ) ) ;
#1054 = ORIENTED_EDGE ( 'NONE', *, *, #6213, .T. ) ;
#1055 =( LENGTH_UNIT ( ) NAMED_UNIT ( * ) SI_UNIT ( .MILLI., .METRE. ) );
#1056 = ORIENTED_EDGE ( 'NONE', *, *, #1476, .T. ) ;
#1057 = ORIENTED_EDGE ( 'NONE', *, *, #4388, .T. ) ;
#1058 = COLOUR_RGB ( '',1.000000000000000000, 1.000000000000000000, 1.000000000000000000 ) ;
#1059 = PRESENTATION_STYLE_ASSIGNMENT (( #7894 ) ) ;
#1060 = VECTOR ( 'NONE', #9169, 1000.000000000000000 ) ;
#1061 = CARTESIAN_POINT ( 'NONE',  ( -1.381060606060616092, -1.856060606060616625, -0.9848484848484693188 ) ) ;
#1062 = VERTEX_POINT ( 'NONE', #3536 ) ;
#1063 = COLOUR_RGB ( '',1.000000000000000000, 1.000000000000000000, 1.000000000000000000 ) ;
#1064 = CARTESIAN_POINT ( 'NONE',  ( -1.775000000000000133, -2.250000000000001332, 0.000000000000000000 ) ) ;
#1065 = MECHANICAL_DESIGN_GEOMETRIC_PRESENTATION_REPRESENTATION (  '', ( #7243 ), #2758 ) ;
#1066 = CARTESIAN_POINT ( 'NONE',  ( -2.175000000000000266, -0.8499999999999994227, 2.033804600185867013E-16 ) ) ;
#1067 = ORIENTED_EDGE ( 'NONE', *, *, #1540, .T. ) ;
#1068 = EDGE_CURVE ( 'NONE', #6742, #6702, #6489, .T. ) ;
#1069 =( LENGTH_UNIT ( ) NAMED_UNIT ( * ) SI_UNIT ( .MILLI., .METRE. ) );
#1070 = FILL_AREA_STYLE_COLOUR ( '', #9433 ) ;
#1071 = MECHANICAL_DESIGN_GEOMETRIC_PRESENTATION_REPRESENTATION (  '', ( #9451 ), #9299 ) ;
#1072 = EDGE_CURVE ( 'NONE', #9111, #1728, #636, .T. ) ;
#1073 = EDGE_CURVE ( 'NONE', #4624, #5437, #3766, .T. ) ;
#1074 = CARTESIAN_POINT ( 'NONE',  ( 1.917451193808959786, 0.4939080884434081109, 0.3561279845223991880 ) ) ;
#1075 = CARTESIAN_POINT ( 'NONE',  ( 2.212181053090767069, -1.619999999999999885, 0.1710270804468143335 ) ) ;
#1076 = VECTOR ( 'NONE', #6344, 1000.000000000000000 ) ;
#1077 = DIRECTION ( 'NONE',  ( -5.256737805990324050E-15, 0.000000000000000000, -1.000000000000000000 ) ) ;
#1078 = VECTOR ( 'NONE', #3242, 1000.000000000000114 ) ;
#1079 = VERTEX_POINT ( 'NONE', #830 ) ;
#1080 = CARTESIAN_POINT ( 'NONE',  ( 2.483214825035667594, 0.3500000000000000333, 0.2050386854289297511 ) ) ;
#1081 = FILL_AREA_STYLE ('',( #6933 ) ) ;
#1082 = CARTESIAN_POINT ( 'NONE',  ( 1.681086225569888182, -0.4249999999999999334, 0.6824701013908927028 ) ) ;
#1083 = DIRECTION ( 'NONE',  ( 1.447921622090529492E-16, 1.000000000000000000, -2.498792926766732971E-16 ) ) ;
#1084 = ADVANCED_FACE ( 'NONE', ( #9533 ), #5825, .F. ) ;
#1085 = CARTESIAN_POINT ( 'NONE',  ( 1.520887646884256705, 0.000000000000000000, -0.6083550587536961096 ) ) ;
#1086 = SURFACE_STYLE_USAGE ( .BOTH. , #8419 ) ;
#1087 =( GEOMETRIC_REPRESENTATION_CONTEXT ( 3 ) GLOBAL_UNCERTAINTY_ASSIGNED_CONTEXT ( ( #730 ) ) GLOBAL_UNIT_ASSIGNED_CONTEXT ( ( #5790, #7194, #525 ) ) REPRESENTATION_CONTEXT ( 'NONE', 'WORKASPACE' ) );
#1088 = CARTESIAN_POINT ( 'NONE',  ( 1.869979750923564943, 0.5878541878677761012, 0.2643752013445849758 ) ) ;
#1089 = ORIENTED_EDGE ( 'NONE', *, *, #678, .T. ) ;
#1090 = VERTEX_POINT ( 'NONE', #2970 ) ;
#1091 = PRESENTATION_LAYER_ASSIGNMENT (  '', '', ( #9467 ) ) ;
#1092 = ORIENTED_EDGE ( 'NONE', *, *, #71, .T. ) ;
#1093 = CARTESIAN_POINT ( 'NONE',  ( 1.833045228794690784, 0.4586220156241705981, 0.1451130719867246843 ) ) ;
#1094 = CARTESIAN_POINT ( 'NONE',  ( 1.681086225569887960, -0.8449999999999998623, 0.4624701013908927849 ) ) ;
#1095 =( GEOMETRIC_REPRESENTATION_CONTEXT ( 3 ) GLOBAL_UNCERTAINTY_ASSIGNED_CONTEXT ( ( #1800 ) ) GLOBAL_UNIT_ASSIGNED_CONTEXT ( ( #4406, #6529, #7949 ) ) REPRESENTATION_CONTEXT ( 'NONE', 'WORKASPACE' ) );
#1096 = LINE ( 'NONE', #8575, #8467 ) ;
#1097 = CARTESIAN_POINT ( 'NONE',  ( 1.681086225569888182, 2.115000000000000213, 0.6824701013908927028 ) ) ;
#1098 = DIRECTION ( 'NONE',  ( -1.000000000000000000, -1.097926250618232396E-16, 0.000000000000000000 ) ) ;
#1099 = FACE_OUTER_BOUND ( 'NONE', #999, .T. ) ;
#1100 = CARTESIAN_POINT ( 'NONE',  ( 2.483214825035667594, -2.117500000000000160, 0.2050386854289297511 ) ) ;
#1101 = ORIENTED_EDGE ( 'NONE', *, *, #3814, .T. ) ;
#1102 = EDGE_CURVE ( 'NONE', #9220, #6526, #5324, .T. ) ;
#1103 = STYLED_ITEM ( 'NONE', ( #7602 ), #6808 ) ;
#1104 = EDGE_CURVE ( 'NONE', #1427, #3143, #8792, .T. ) ;
#1105 = MECHANICAL_DESIGN_GEOMETRIC_PRESENTATION_REPRESENTATION (  '', ( #1556 ), #1400 ) ;
#1106 = CARTESIAN_POINT ( 'NONE',  ( 1.125000000000000888, -2.007499999999999396, 0.2700000000000002953 ) ) ;
#1107 = ORIENTED_EDGE ( 'NONE', *, *, #542, .T. ) ;
#1108 = ORIENTED_EDGE ( 'NONE', *, *, #7777, .T. ) ;
#1109 = FILL_AREA_STYLE ('',( #7749 ) ) ;
#1110 = SURFACE_SIDE_STYLE ('',( #7052 ) ) ;
#1111 = LINE ( 'NONE', #6964, #3681 ) ;
#1112 = CARTESIAN_POINT ( 'NONE',  ( 1.810810592291769217, 0.4352817793311907768, 0.1164523047650945220 ) ) ;
#1113 = MECHANICAL_DESIGN_GEOMETRIC_PRESENTATION_REPRESENTATION (  '', ( #3431 ), #9172 ) ;
#1114 = DIRECTION ( 'NONE',  ( -0.1060905250085902862, 4.303867851713703955E-17, 0.9943564755676917999 ) ) ;
#1115 = VERTEX_POINT ( 'NONE', #5193 ) ;
#1116 = PLANE ( 'NONE',  #9597 ) ;
#1117 = CARTESIAN_POINT ( 'NONE',  ( 1.796356200846564333, 0.3500000000000001998, 0.6824701013908928138 ) ) ;
#1118 = ORIENTED_EDGE ( 'NONE', *, *, #7249, .T. ) ;
#1119 = CARTESIAN_POINT ( 'NONE',  ( 1.821019289649078443, 0.4669113756612616184, 0.1150482241226946922 ) ) ;
#1120 = LINE ( 'NONE', #204, #6276 ) ;
#1121 = PRESENTATION_STYLE_ASSIGNMENT (( #9274 ) ) ;
#1122 = UNCERTAINTY_MEASURE_WITH_UNIT (LENGTH_MEASURE( 1.000000000000000082E-05 ), #3099, 'distance_accuracy_value', 'NONE');
#1123 = DIRECTION ( 'NONE',  ( -5.061928863708876291E-16, -1.000000000000000000, 2.498792926766733464E-16 ) ) ;
#1124 = STYLED_ITEM ( 'NONE', ( #1775 ), #3529 ) ;
#1125 =( LENGTH_UNIT ( ) NAMED_UNIT ( * ) SI_UNIT ( .MILLI., .METRE. ) );
#1126 = CARTESIAN_POINT ( 'NONE',  ( 1.870368975146116108, 0.1598054073799710928, 0.2384224378652898824 ) ) ;
#1127 = PLANE ( 'NONE',  #7206 ) ;
#1128 = CARTESIAN_POINT ( 'NONE',  ( 1.934102590585617953, 0.4626212356505565171, 0.3977564764640457717 ) ) ;
#1129 =( NAMED_UNIT ( * ) PLANE_ANGLE_UNIT ( ) SI_UNIT ( $, .RADIAN. ) );
#1130 = ADVANCED_FACE ( 'NONE', ( #5922 ), #7474, .F. ) ;
#1131 = CARTESIAN_POINT ( 'NONE',  ( 0.000000000000000000, -1.799775028121500808, 0.9899999999999999911 ) ) ;
#1132 = UNCERTAINTY_MEASURE_WITH_UNIT (LENGTH_MEASURE( 1.000000000000000082E-05 ), #2657, 'distance_accuracy_value', 'NONE');
#1133 = FACE_OUTER_BOUND ( 'NONE', #1199, .T. ) ;
#1134 =( NAMED_UNIT ( * ) SI_UNIT ( $, .STERADIAN. ) SOLID_ANGLE_UNIT ( ) );
#1135 = CARTESIAN_POINT ( 'NONE',  ( 1.919270495923015130, 0.3908667820013920213, 0.3606762398075365472 ) ) ;
#1136 = VECTOR ( 'NONE', #5559, 1000.000000000000000 ) ;
#1137 = FILL_AREA_STYLE_COLOUR ( '', #5777 ) ;
#1138 = VERTEX_POINT ( 'NONE', #6735 ) ;
#1139 = DIRECTION ( 'NONE',  ( 0.000000000000000000, 1.000000000000000000, 0.000000000000000000 ) ) ;
#1140 = ORIENTED_EDGE ( 'NONE', *, *, #7511, .F. ) ;
#1141 = FILL_AREA_STYLE_COLOUR ( '', #2278 ) ;
#1142 = PLANE ( 'NONE',  #2872 ) ;
#1143 = SURFACE_SIDE_STYLE ('',( #7782 ) ) ;
#1144 = CARTESIAN_POINT ( 'NONE',  ( 2.461382810556700385, 1.620000000000000107, -0.1143832811983292869 ) ) ;
#1145 = CARTESIAN_POINT ( 'NONE',  ( 1.814766314260152669, 0.4958875841690918995, 0.1263416096860529858 ) ) ;
#1146 = CARTESIAN_POINT ( 'NONE',  ( 1.824790105657950967, 0.3982200169064918360, 0.1514010881805489817 ) ) ;
#1147 = DIRECTION ( 'NONE',  ( 1.447921622090529492E-16, 1.000000000000000000, -2.498792926766732971E-16 ) ) ;
#1148 = VERTEX_POINT ( 'NONE', #5875 ) ;
#1149 =( NAMED_UNIT ( * ) SI_UNIT ( $, .STERADIAN. ) SOLID_ANGLE_UNIT ( ) );
#1150 = EDGE_CURVE ( 'NONE', #3507, #5496, #4337, .T. ) ;
#1151 = ORIENTED_EDGE ( 'NONE', *, *, #415, .T. ) ;
#1152 = AXIS2_PLACEMENT_3D ( 'NONE', #8596, #4852, #7807 ) ;
#1153 = SURFACE_SIDE_STYLE ('',( #8583 ) ) ;
#1154 =( NAMED_UNIT ( * ) SI_UNIT ( $, .STERADIAN. ) SOLID_ANGLE_UNIT ( ) );
#1155 = DIRECTION ( 'NONE',  ( -1.249000902703301354E-16, -2.783468775164168088E-17, -1.000000000000000000 ) ) ;
#1156 = LINE ( 'NONE', #5083, #7064 ) ;
#1157 = EDGE_LOOP ( 'NONE', ( #4496, #9496, #8424, #6740, #6854, #511, #8815, #5157 ) ) ;
#1158 = DIRECTION ( 'NONE',  ( 0.000000000000000000, 0.3173294186991694188, -0.9483153694990118510 ) ) ;
#1159 = VECTOR ( 'NONE', #2498, 1000.000000000000000 ) ;
#1160 = EDGE_LOOP ( 'NONE', ( #2060, #5570, #8856, #1615 ) ) ;
#1161 = CARTESIAN_POINT ( 'NONE',  ( 1.849993423676724813, 0.5712307164937572290, 0.1874835591918113942 ) ) ;
#1162 = EDGE_CURVE ( 'NONE', #7537, #8351, #2869, .T. ) ;
#1163 = LINE ( 'NONE', #9334, #5043 ) ;
#1164 = SURFACE_STYLE_USAGE ( .BOTH. , #4259 ) ;
#1165 = LINE ( 'NONE', #4130, #2377 ) ;
#1166 = CARTESIAN_POINT ( 'NONE',  ( -1.882999999999999119, -1.600000000000001199, 0.2700000000000000178 ) ) ;
#1167 = ADVANCED_FACE ( 'NONE', ( #6012 ), #7276, .T. ) ;
#1168 = DIRECTION ( 'NONE',  ( 0.000000000000000000, 0.000000000000000000, -1.000000000000000000 ) ) ;
#1169 = SURFACE_STYLE_USAGE ( .BOTH. , #3674 ) ;
#1170 = SURFACE_STYLE_FILL_AREA ( #6159 ) ;
#1171 = LINE ( 'NONE', #1302, #1030 ) ;
#1172 = CARTESIAN_POINT ( 'NONE',  ( 1.850255364948583559, -0.09675102867341718593, 0.1881384123714586742 ) ) ;
#1173 = CARTESIAN_POINT ( 'NONE',  ( 2.924999999999999822, 0.3499999999999999223, 0.06948792640113442276 ) ) ;
#1174 = CARTESIAN_POINT ( 'NONE',  ( 1.889391424422789401, -0.2594400194492972878, 0.2859785610569740011 ) ) ;
#1175 =( NAMED_UNIT ( * ) PLANE_ANGLE_UNIT ( ) SI_UNIT ( $, .RADIAN. ) );
#1176 = PLANE ( 'NONE',  #6136 ) ;
#1177 = CARTESIAN_POINT ( 'NONE',  ( 1.881123971772946435, -0.1142801526672352769, 0.2653099294323652546 ) ) ;
#1178 = EDGE_CURVE ( 'NONE', #5345, #306, #1412, .T. ) ;
#1179 = SURFACE_SIDE_STYLE ('',( #3362 ) ) ;
#1180 = ORIENTED_EDGE ( 'NONE', *, *, #9108, .T. ) ;
#1181 =( LENGTH_UNIT ( ) NAMED_UNIT ( * ) SI_UNIT ( .MILLI., .METRE. ) );
#1182 = ORIENTED_EDGE ( 'NONE', *, *, #7201, .T. ) ;
#1183 = CARTESIAN_POINT ( 'NONE',  ( 1.812169338668674579, 0.001973852501922329118, 0.1198491707073576495 ) ) ;
#1184 = DIRECTION ( 'NONE',  ( 1.051347561198064810E-14, 0.000000000000000000, -1.000000000000000000 ) ) ;
#1185 = VECTOR ( 'NONE', #182, 1000.000000000000227 ) ;
#1186 = CARTESIAN_POINT ( 'NONE',  ( 2.181086225569887738, 1.620000000000000107, 0.4624701013908927294 ) ) ;
#1187 = EDGE_CURVE ( 'NONE', #7505, #7137, #690, .T. ) ;
#1188 = CARTESIAN_POINT ( 'NONE',  ( 1.825756802437726867, -0.3099735560346631447, 0.1538178301299890360 ) ) ;
#1189 = DIRECTION ( 'NONE',  ( 1.447921622090529492E-16, 1.000000000000000000, -2.498792926766732971E-16 ) ) ;
#1190 = COLOUR_RGB ( '',1.000000000000000000, 1.000000000000000000, 1.000000000000000000 ) ;
#1191 = FACE_OUTER_BOUND ( 'NONE', #8173, .T. ) ;
#1192 = FILL_AREA_STYLE_COLOUR ( '', #3061 ) ;
#1193 = DIRECTION ( 'NONE',  ( 1.447921622090529492E-16, 1.000000000000000000, -2.498792926766732971E-16 ) ) ;
#1194 = ORIENTED_EDGE ( 'NONE', *, *, #3527, .F. ) ;
#1195 = COLOUR_RGB ( '',1.000000000000000000, 1.000000000000000000, 1.000000000000000000 ) ;
#1196 = EDGE_CURVE ( 'NONE', #2942, #5361, #7469, .T. ) ;
#1197 = ADVANCED_FACE ( 'NONE', ( #646 ), #2333, .F. ) ;
#1198 = SURFACE_SIDE_STYLE ('',( #4730 ) ) ;
#1199 = EDGE_LOOP ( 'NONE', ( #3108, #4174, #8458, #3023 ) ) ;
#1200 = CARTESIAN_POINT ( 'NONE',  ( 1.815226518016711532, 0.3646834561604591074, 0.1274921190774497559 ) ) ;
#1201 = VECTOR ( 'NONE', #9163, 1000.000000000000000 ) ;
#1202 =( GEOMETRIC_REPRESENTATION_CONTEXT ( 3 ) GLOBAL_UNCERTAINTY_ASSIGNED_CONTEXT ( ( #2801 ) ) GLOBAL_UNIT_ASSIGNED_CONTEXT ( ( #2260, #5994, #145 ) ) REPRESENTATION_CONTEXT ( 'NONE', 'WORKASPACE' ) );
#1203 = VECTOR ( 'NONE', #697, 1000.000000000000000 ) ;
#1204 = PRESENTATION_LAYER_ASSIGNMENT (  '', '', ( #8939 ) ) ;
#1205 = LINE ( 'NONE', #7896, #889 ) ;
#1206 = ORIENTED_EDGE ( 'NONE', *, *, #3186, .T. ) ;
#1207 = LINE ( 'NONE', #4993, #1076 ) ;
#1208 = MECHANICAL_DESIGN_GEOMETRIC_PRESENTATION_REPRESENTATION (  '', ( #5548 ), #6613 ) ;
#1209 = CARTESIAN_POINT ( 'NONE',  ( 1.920642591091609397, 0.6134639439653367665, 0.3641064777290267118 ) ) ;
#1210 =( GEOMETRIC_REPRESENTATION_CONTEXT ( 3 ) GLOBAL_UNCERTAINTY_ASSIGNED_CONTEXT ( ( #7814 ) ) GLOBAL_UNIT_ASSIGNED_CONTEXT ( ( #2533, #1129, #5540 ) ) REPRESENTATION_CONTEXT ( 'NONE', 'WORKASPACE' ) );
#1211 = ORIENTED_EDGE ( 'NONE', *, *, #5641, .T. ) ;
#1212 = DIRECTION ( 'NONE',  ( 1.488806659628715785E-32, 1.117179326706309308E-16, 1.000000000000000000 ) ) ;
#1213 = VECTOR ( 'NONE', #5042, 1000.000000000000000 ) ;
#1214 = MECHANICAL_DESIGN_GEOMETRIC_PRESENTATION_REPRESENTATION (  '', ( #7082 ), #8349 ) ;
#1215 = STYLED_ITEM ( 'NONE', ( #3683 ), #5693 ) ;
#1216 = ADVANCED_FACE ( 'NONE', ( #4372 ), #7423, .F. ) ;
#1217 = EDGE_CURVE ( 'NONE', #5496, #1138, #1741, .T. ) ;
#1218 =( NAMED_UNIT ( * ) SI_UNIT ( $, .STERADIAN. ) SOLID_ANGLE_UNIT ( ) );
#1219 = DIRECTION ( 'NONE',  ( -1.488806659628715785E-32, -1.117179326706309308E-16, -1.000000000000000000 ) ) ;
#1220 = CARTESIAN_POINT ( 'NONE',  ( -1.975000000000000089, -2.450000000000000178, 0.4999999999999952260 ) ) ;
#1221 = VECTOR ( 'NONE', #6251, 1000.000000000000000 ) ;
#1222 = CARTESIAN_POINT ( 'NONE',  ( -3.075000000000000178, 1.807500000000001661, -9.350994605361504955E-17 ) ) ;
#1223 = PRESENTATION_STYLE_ASSIGNMENT (( #3453 ) ) ;
#1224 =( LENGTH_UNIT ( ) NAMED_UNIT ( * ) SI_UNIT ( .MILLI., .METRE. ) );
#1225 = VECTOR ( 'NONE', #4459, 1000.000000000000000 ) ;
#1226 = CARTESIAN_POINT ( 'NONE',  ( 1.681086225569887960, 0.3500000000000001443, 0.4624701013908927849 ) ) ;
#1227 = UNCERTAINTY_MEASURE_WITH_UNIT (LENGTH_MEASURE( 1.000000000000000082E-05 ), #6759, 'distance_accuracy_value', 'NONE');
#1228 = LINE ( 'NONE', #1304, #6407 ) ;
#1229 = CARTESIAN_POINT ( 'NONE',  ( 1.839956999733700416, -0.1207273167959836552, 0.1623924993342505119 ) ) ;
#1230 = FILL_AREA_STYLE_COLOUR ( '', #6446 ) ;
#1231 = VECTOR ( 'NONE', #7740, 1000.000000000000000 ) ;
#1232 = AXIS2_PLACEMENT_3D ( 'NONE', #8394, #1726, #1873 ) ;
#1233 = CARTESIAN_POINT ( 'NONE',  ( 1.920606331564859603, -0.0007171859901089932317, 0.3640158289121498969 ) ) ;
#1234 = STYLED_ITEM ( 'NONE', ( #86 ), #6038 ) ;
#1235 = ORIENTED_EDGE ( 'NONE', *, *, #2494, .T. ) ;
#1236 = FACE_OUTER_BOUND ( 'NONE', #5249, .T. ) ;
#1237 = ORIENTED_EDGE ( 'NONE', *, *, #6390, .F. ) ;
#1238 = CARTESIAN_POINT ( 'NONE',  ( 1.869066843201581563, 0.5476102854287516752, 0.2620929320396269135 ) ) ;
#1239 = SURFACE_SIDE_STYLE ('',( #651 ) ) ;
#1240 = CARTESIAN_POINT ( 'NONE',  ( 1.869979750923564943, 0.5878541878677761012, 0.2643752013445849758 ) ) ;
#1241 =( GEOMETRIC_REPRESENTATION_CONTEXT ( 3 ) GLOBAL_UNCERTAINTY_ASSIGNED_CONTEXT ( ( #9387 ) ) GLOBAL_UNIT_ASSIGNED_CONTEXT ( ( #1323, #2792, #5613 ) ) REPRESENTATION_CONTEXT ( 'NONE', 'WORKASPACE' ) );
#1242 = FACE_OUTER_BOUND ( 'NONE', #1827, .T. ) ;
#1243 = AXIS2_PLACEMENT_3D ( 'NONE', #7639, #4067, #3331 ) ;
#1244 = ORIENTED_EDGE ( 'NONE', *, *, #7395, .T. ) ;
#1245 = AXIS2_PLACEMENT_3D ( 'NONE', #5739, #6365, #6316 ) ;
#1246 = EDGE_CURVE ( 'NONE', #2918, #8934, #2897, .T. ) ;
#1247 = VECTOR ( 'NONE', #4395, 1000.000000000000227 ) ;
#1248 = CARTESIAN_POINT ( 'NONE',  ( 1.871998774043289071, 0.5877602933623627957, 0.2694227591438956293 ) ) ;
#1249 = VERTEX_POINT ( 'NONE', #6831 ) ;
#1250 = MECHANICAL_DESIGN_GEOMETRIC_PRESENTATION_REPRESENTATION (  '', ( #6971 ), #8829 ) ;
#1251 = EDGE_CURVE ( 'NONE', #8037, #8538, #1646, .T. ) ;
#1252 = CARTESIAN_POINT ( 'NONE',  ( 1.881123971772946435, -0.1142801526672352769, 0.2653099294323652546 ) ) ;
#1253 = EDGE_CURVE ( 'NONE', #407, #2272, #6207, .T. ) ;
#1254 =( NAMED_UNIT ( * ) PLANE_ANGLE_UNIT ( ) SI_UNIT ( $, .RADIAN. ) );
#1255 = EDGE_CURVE ( 'NONE', #8398, #7515, #3361, .T. ) ;
#1256 = CARTESIAN_POINT ( 'NONE',  ( 1.826550990061470925, -0.3086617772668205917, 0.1558032991893492369 ) ) ;
#1257 = EDGE_LOOP ( 'NONE', ( #5122, #1592, #4769, #4869 ) ) ;
#1258 = COLOUR_RGB ( '',1.000000000000000000, 1.000000000000000000, 1.000000000000000000 ) ;
#1259 = DIRECTION ( 'NONE',  ( -1.447921622090529492E-16, -1.000000000000000000, 2.498792926766732971E-16 ) ) ;
#1260 = CARTESIAN_POINT ( 'NONE',  ( 1.828193707647846278, -0.3111571722176793009, 0.1599100931552888405 ) ) ;
#1261 = ORIENTED_EDGE ( 'NONE', *, *, #8383, .F. ) ;
#1262 = LINE ( 'NONE', #7114, #7271 ) ;
#1263 = DIRECTION ( 'NONE',  ( -0.000000000000000000, -0.000000000000000000, 1.000000000000000000 ) ) ;
#1264 = COLOUR_RGB ( '',1.000000000000000000, 1.000000000000000000, 1.000000000000000000 ) ;
#1265 = EDGE_CURVE ( 'NONE', #3819, #7600, #209, .T. ) ;
#1266 = CARTESIAN_POINT ( 'NONE',  ( 1.922001337468515425, 0.4416842183555810264, 0.3675033436712895063 ) ) ;
#1267 = CARTESIAN_POINT ( 'NONE',  ( 2.517749029844000397, 0.3500000000000000333, 0.7103050971205200348 ) ) ;
#1268 = CARTESIAN_POINT ( 'NONE',  ( 1.833569594104932143, -0.3041999279858826899, 0.1733498092980021443 ) ) ;
#1269 = CARTESIAN_POINT ( 'NONE',  ( -3.075000000000000178, 2.007500000000001172, 0.2699999999999998512 ) ) ;
#1270 = FACE_BOUND ( 'NONE', #8626, .T. ) ;
#1271 = FILL_AREA_STYLE ('',( #5097 ) ) ;
#1272 = CARTESIAN_POINT ( 'NONE',  ( 1.823039309683916587, 0.4349387915263127069, 0.1470240982454628087 ) ) ;
#1273 = LINE ( 'NONE', #6363, #104 ) ;
#1274 = CARTESIAN_POINT ( 'NONE',  ( 1.924945287951810080, 0.4472291878677761012, 0.4017890439151989845 ) ) ;
#1275 = VERTEX_POINT ( 'NONE', #4563 ) ;
#1276 =( LENGTH_UNIT ( ) NAMED_UNIT ( * ) SI_UNIT ( .MILLI., .METRE. ) );
#1277 = EDGE_LOOP ( 'NONE', ( #1451, #5952, #8096, #2580, #2516, #92, #1634, #5309, #2368, #4882, #9318, #8926 ) ) ;
#1278 = FILL_AREA_STYLE ('',( #7225 ) ) ;
#1279 = DIRECTION ( 'NONE',  ( -3.608224830031759249E-16, -1.000000000000000000, 1.117179326706309062E-16 ) ) ;
#1280 = FILL_AREA_STYLE_COLOUR ( '', #2915 ) ;
#1281 = DIRECTION ( 'NONE',  ( 1.000000000000000000, -2.431469460965334458E-17, -1.249000902703301354E-16 ) ) ;
#1282 = FILL_AREA_STYLE ('',( #9446 ) ) ;
#1283 = DIRECTION ( 'NONE',  ( 0.000000000000000000, 0.000000000000000000, -1.000000000000000000 ) ) ;
#1284 = CARTESIAN_POINT ( 'NONE',  ( 1.885531950271920554, -0.1070026367163823683, 0.3032556997154743361 ) ) ;
#1285 = VERTEX_POINT ( 'NONE', #3161 ) ;
#1286 = CARTESIAN_POINT ( 'NONE',  ( 1.934186928678617523, 0.4524369235607308970, 0.3979673216965450844 ) ) ;
#1287 = VERTEX_POINT ( 'NONE', #2431 ) ;
#1288 =( LENGTH_UNIT ( ) NAMED_UNIT ( * ) SI_UNIT ( .MILLI., .METRE. ) );
#1289 = DIRECTION ( 'NONE',  ( 1.447921622090529738E-16, 1.000000000000000000, -2.783468775164169937E-17 ) ) ;
#1290 = CARTESIAN_POINT ( 'NONE',  ( 2.196345996542119927, 2.189999999999999947, 0.3194445853922670553 ) ) ;
#1291 =( LENGTH_UNIT ( ) NAMED_UNIT ( * ) SI_UNIT ( .MILLI., .METRE. ) );
#1292 = CARTESIAN_POINT ( 'NONE',  ( 1.812169338668674579, 0.3061468707946052303, 0.1198491707073576495 ) ) ;
#1293 = ORIENTED_EDGE ( 'NONE', *, *, #9133, .T. ) ;
#1294 = CARTESIAN_POINT ( 'NONE',  ( 1.812169338668674579, -0.2901945926200290016, 0.1198491707073576495 ) ) ;
#1295 = AXIS2_PLACEMENT_3D ( 'NONE', #6830, #5478, #1700 ) ;
#1296 = CARTESIAN_POINT ( 'NONE',  ( 1.908166426900107071, 0.4939080884434081109, 0.3598418912859401853 ) ) ;
#1297 = DIRECTION ( 'NONE',  ( 0.3713906763541007239, 0.000000000000000000, 0.9284766908852605249 ) ) ;
#1298 = FILL_AREA_STYLE_COLOUR ( '', #6922 ) ;
#1299 = CIRCLE ( 'NONE', #5487, 0.1599999999999999756 ) ;
#1300 = SURFACE_STYLE_FILL_AREA ( #593 ) ;
#1301 = DIRECTION ( 'NONE',  ( 1.000000000000000000, -1.447921622090530231E-16, -1.249000902703301108E-16 ) ) ;
#1302 = CARTESIAN_POINT ( 'NONE',  ( 1.780853464843130451, -0.9199999999999999289, 0.4556511595524886382 ) ) ;
#1303 = CARTESIAN_POINT ( 'NONE',  ( 1.833715465505013631, -0.002126440003930568819, 0.1467886637625316903 ) ) ;
#1304 = CARTESIAN_POINT ( 'NONE',  ( -2.374999999999999112, 2.107500000000000817, 0.2699999999999998512 ) ) ;
#1305 = CARTESIAN_POINT ( 'NONE',  ( 2.483214825035667594, -2.189999999999999947, 0.2050386854289296956 ) ) ;
#1306 = EDGE_CURVE ( 'NONE', #3420, #7549, #4041, .T. ) ;
#1307 = CARTESIAN_POINT ( 'NONE',  ( 2.378862465107961288, 0.3500000000000000333, 0.6824701013908928138 ) ) ;
#1308 = EDGE_CURVE ( 'NONE', #2664, #1614, #2378, .T. ) ;
#1309 = FACE_BOUND ( 'NONE', #4573, .T. ) ;
#1310 = CARTESIAN_POINT ( 'NONE',  ( 1.928836178270526558, 0.3731693354646876681, 0.3845904456763176160 ) ) ;
#1311 = ORIENTED_EDGE ( 'NONE', *, *, #8038, .F. ) ;
#1312 = VERTEX_POINT ( 'NONE', #3941 ) ;
#1313 = CARTESIAN_POINT ( 'NONE',  ( 1.855308322180464042, 0.5356109366806190986, 0.2007708054511591345 ) ) ;
#1314 = CARTESIAN_POINT ( 'NONE',  ( 1.924817823676765460, 0.4626212356505565171, 0.4014703832275867690 ) ) ;
#1315 = DIRECTION ( 'NONE',  ( -1.249000902703301354E-16, -3.606914277297914115E-17, -1.000000000000000000 ) ) ;
#1316 = SURFACE_STYLE_USAGE ( .BOTH. , #6551 ) ;
#1317 = DIRECTION ( 'NONE',  ( 1.000000000000000000, 0.000000000000000000, 0.000000000000000000 ) ) ;
#1318 = DIRECTION ( 'NONE',  ( -1.314184451497581013E-15, 0.000000000000000000, -1.000000000000000000 ) ) ;
#1319 = CARTESIAN_POINT ( 'NONE',  ( 1.823039309683916587, 0.4349387915263127069, 0.1470240982454628087 ) ) ;
#1320 = STYLED_ITEM ( 'NONE', ( #1575 ), #3060 ) ;
#1321 = CARTESIAN_POINT ( 'NONE',  ( -2.775000000000000355, -2.007499999999998952, 3.326939670848419450E-16 ) ) ;
#1322 = ORIENTED_EDGE ( 'NONE', *, *, #5392, .T. ) ;
#1323 =( LENGTH_UNIT ( ) NAMED_UNIT ( * ) SI_UNIT ( .MILLI., .METRE. ) );
#1324 = EDGE_CURVE ( 'NONE', #7033, #9058, #1703, .T. ) ;
#1325 = AXIS2_PLACEMENT_3D ( 'NONE', #8322, #6746, #132 ) ;
#1326 = CARTESIAN_POINT ( 'NONE',  ( 1.896465383725386866, 0.5827437736997747031, 0.3036634593134681093 ) ) ;
#1327 = ORIENTED_EDGE ( 'NONE', *, *, #8675, .T. ) ;
#1328 =( NAMED_UNIT ( * ) PLANE_ANGLE_UNIT ( ) SI_UNIT ( $, .RADIAN. ) );
#1329 = CARTESIAN_POINT ( 'NONE',  ( 1.681086225569887960, -2.189999999999999503, 0.6824701013908928138 ) ) ;
#1330 = CARTESIAN_POINT ( 'NONE',  ( 1.810819878295662155, 0.4317937211440443512, 0.1164755197748277432 ) ) ;
#1331 = UNCERTAINTY_MEASURE_WITH_UNIT (LENGTH_MEASURE( 1.000000000000000082E-05 ), #1181, 'distance_accuracy_value', 'NONE');
#1332 = SURFACE_STYLE_USAGE ( .BOTH. , #2063 ) ;
#1333 = MECHANICAL_DESIGN_GEOMETRIC_PRESENTATION_REPRESENTATION (  '', ( #4278 ), #7692 ) ;
#1334 = ORIENTED_EDGE ( 'NONE', *, *, #8666, .F. ) ;
#1335 =( NAMED_UNIT ( * ) PLANE_ANGLE_UNIT ( ) SI_UNIT ( $, .RADIAN. ) );
#1336 = EDGE_CURVE ( 'NONE', #7443, #5269, #7619, .T. ) ;
#1337 = LINE ( 'NONE', #5801, #6490 ) ;
#1338 = STYLED_ITEM ( 'NONE', ( #768 ), #5053 ) ;
#1339 = STYLED_ITEM ( 'NONE', ( #7914 ), #1388 ) ;
#1340 = PRESENTATION_LAYER_ASSIGNMENT (  '', '', ( #7530 ) ) ;
#1341 = CARTESIAN_POINT ( 'NONE',  ( 1.906146173762439222, 0.5027162324846328190, 0.3547912584417735604 ) ) ;
#1342 = DIRECTION ( 'NONE',  ( -1.000000000000000000, 1.447921622090530231E-16, 1.249000902703301108E-16 ) ) ;
#1343 = CARTESIAN_POINT ( 'NONE',  ( 1.875761499829458723, -0.1548287389614922960, 0.2519037495736468069 ) ) ;
#1344 = AXIS2_PLACEMENT_3D ( 'NONE', #1916, #1193, #7233 ) ;
#1345 = VECTOR ( 'NONE', #8634, 999.9999999999998863 ) ;
#1346 = LINE ( 'NONE', #2850, #8041 ) ;
#1347 = EDGE_CURVE ( 'NONE', #1010, #6377, #163, .T. ) ;
#1348 = FACE_OUTER_BOUND ( 'NONE', #5416, .T. ) ;
#1349 = FILL_AREA_STYLE_COLOUR ( '', #6588 ) ;
#1350 = DIRECTION ( 'NONE',  ( -0.9976723927324270269, 1.463531740886934826E-16, 0.06818941838404181388 ) ) ;
#1351 = CARTESIAN_POINT ( 'NONE',  ( 1.841777336929862896, -0.07420135785389521399, 0.1669433423246562131 ) ) ;
#1352 = VECTOR ( 'NONE', #8622, 999.9999999999998863 ) ;
#1353 = SURFACE_STYLE_FILL_AREA ( #1407 ) ;
#1354 = CARTESIAN_POINT ( 'NONE',  ( 1.827111706921760614, -0.07350380936248969432, 0.1302792673043996763 ) ) ;
#1355 = EDGE_CURVE ( 'NONE', #7549, #769, #9227, .T. ) ;
#1356 = STYLED_ITEM ( 'NONE', ( #2061 ), #6988 ) ;
#1357 = PLANE ( 'NONE',  #3039 ) ;
#1358 = EDGE_CURVE ( 'NONE', #7595, #7058, #5560, .T. ) ;
#1359 = COLOUR_RGB ( '',1.000000000000000000, 1.000000000000000000, 1.000000000000000000 ) ;
#1360 =( NAMED_UNIT ( * ) SI_UNIT ( $, .STERADIAN. ) SOLID_ANGLE_UNIT ( ) );
#1361 = VECTOR ( 'NONE', #4683, 1000.000000000000000 ) ;
#1362 =( NAMED_UNIT ( * ) PLANE_ANGLE_UNIT ( ) SI_UNIT ( $, .RADIAN. ) );
#1363 = VECTOR ( 'NONE', #7773, 1000.000000000000000 ) ;
#1364 = FACE_OUTER_BOUND ( 'NONE', #9486, .T. ) ;
#1365 = ORIENTED_EDGE ( 'NONE', *, *, #2124, .T. ) ;
#1366 = FILL_AREA_STYLE ('',( #9487 ) ) ;
#1367 = EDGE_CURVE ( 'NONE', #1614, #8785, #7659, .T. ) ;
#1368 = CARTESIAN_POINT ( 'NONE',  ( 1.830001440148295577, 0.4995138093139454560, 0.1644294244064113120 ) ) ;
#1369 = LINE ( 'NONE', #7930, #5393 ) ;
#1370 = SURFACE_STYLE_FILL_AREA ( #8015 ) ;
#1371 =( LENGTH_UNIT ( ) NAMED_UNIT ( * ) SI_UNIT ( .MILLI., .METRE. ) );
#1372 = PLANE ( 'NONE',  #2722 ) ;
#1373 = COLOUR_RGB ( '',1.000000000000000000, 1.000000000000000000, 1.000000000000000000 ) ;
#1374 = CARTESIAN_POINT ( 'NONE',  ( 1.911686366634944623, -0.09870585911182308547, 0.3686417406230327320 ) ) ;
#1375 = EDGE_LOOP ( 'NONE', ( #8917, #6269, #6379, #333 ) ) ;
#1376 = VECTOR ( 'NONE', #5666, 1000.000000000000000 ) ;
#1377 = CARTESIAN_POINT ( 'NONE',  ( 2.235025199989362221, -0.9200000000000000400, 0.5224701013908927827 ) ) ;
#1378 = CARTESIAN_POINT ( 'NONE',  ( 1.681086225569887960, 0.8450000000000001954, 0.6824701013908927028 ) ) ;
#1379 = ORIENTED_EDGE ( 'NONE', *, *, #3387, .F. ) ;
#1380 = VECTOR ( 'NONE', #6863, 1000.000000000000000 ) ;
#1381 = ORIENTED_EDGE ( 'NONE', *, *, #2500, .T. ) ;
#1382 = ORIENTED_EDGE ( 'NONE', *, *, #5641, .F. ) ;
#1383 = FACE_OUTER_BOUND ( 'NONE', #8472, .T. ) ;
#1384 = AXIS2_PLACEMENT_3D ( 'NONE', #6188, #3381, #9363 ) ;
#1385 = DIRECTION ( 'NONE',  ( -1.447921622090529492E-16, -1.000000000000000000, 2.498792926766732971E-16 ) ) ;
#1386 = FILL_AREA_STYLE_COLOUR ( '', #3358 ) ;
#1387 = SURFACE_SIDE_STYLE ('',( #821 ) ) ;
#1388 = ADVANCED_FACE ( 'NONE', ( #7513 ), #886, .T. ) ;
#1389 = LINE ( 'NONE', #6752, #9257 ) ;
#1390 = ADVANCED_FACE ( 'NONE', ( #4404, #7354 ), #448, .F. ) ;
#1391 = ORIENTED_EDGE ( 'NONE', *, *, #4917, .T. ) ;
#1392 = VECTOR ( 'NONE', #1767, 1000.000000000000000 ) ;
#1393 = CARTESIAN_POINT ( 'NONE',  ( 1.869792404369811090, -0.1544766134468990304, 0.2369810109245290008 ) ) ;
#1394 = COLOUR_RGB ( '',1.000000000000000000, 1.000000000000000000, 1.000000000000000000 ) ;
#1395 = CARTESIAN_POINT ( 'NONE',  ( 1.921591420644876536, 0.4203851540853225099, 0.3664785516121927822 ) ) ;
#1396 = CARTESIAN_POINT ( 'NONE',  ( 1.870695897043320954, 0.5475269394737135586, 0.2661655666439755596 ) ) ;
#1397 = CIRCLE ( 'NONE', #6500, 0.3300000000000000155 ) ;
#1398 = MECHANICAL_DESIGN_GEOMETRIC_PRESENTATION_REPRESENTATION (  '', ( #172 ), #4499 ) ;
#1399 =( NAMED_UNIT ( * ) PLANE_ANGLE_UNIT ( ) SI_UNIT ( $, .RADIAN. ) );
#1400 =( GEOMETRIC_REPRESENTATION_CONTEXT ( 3 ) GLOBAL_UNCERTAINTY_ASSIGNED_CONTEXT ( ( #1890 ) ) GLOBAL_UNIT_ASSIGNED_CONTEXT ( ( #2476, #205, #3826 ) ) REPRESENTATION_CONTEXT ( 'NONE', 'WORKASPACE' ) );
#1401 = VECTOR ( 'NONE', #8117, 1000.000000000000114 ) ;
#1402 = B_SPLINE_CURVE_WITH_KNOTS ( 'NONE', 3,
 ( #5766, #9431, #6496, #8696, #598, #8732, #1993, #4184, #4268, #5730, #7959, #9478, #2039, #2078, #8563, #2766, #502, #7128, #4857 ),
 .UNSPECIFIED., .F., .F.,
 ( 4, 1, 1, 1, 1, 1, 1, 1, 1, 1, 1, 1, 1, 1, 1, 1, 4 ),
 ( 0.000000000000000000, 0.06460397028839237610, 0.1267024139629473745, 0.1867568140356182238, 0.2455056873654372918, 0.3036520244499755217, 0.3615030739706256435, 0.4202402229284677992, 0.4800333407766963489, 0.5406781347755159617, 0.6011918063807819568, 0.6623335024774429369, 0.7247395102972318259, 0.7894677361728866805, 0.8565048600438309734, 0.9263120958391900528, 1.000000000000000000 ),
 .UNSPECIFIED. ) ;
#1403 = CARTESIAN_POINT ( 'NONE',  ( 2.517749029844000397, 1.692500000000000115, 0.7103050971205200348 ) ) ;
#1404 = PLANE ( 'NONE',  #8736 ) ;
#1405 = PLANE ( 'NONE',  #2805 ) ;
#1406 = UNCERTAINTY_MEASURE_WITH_UNIT (LENGTH_MEASURE( 1.000000000000000082E-05 ), #8021, 'distance_accuracy_value', 'NONE');
#1407 = FILL_AREA_STYLE ('',( #8 ) ) ;
#1408 = CARTESIAN_POINT ( 'NONE',  ( 1.875761499829458723, -0.1548287389614922960, 0.2519037495736468069 ) ) ;
#1409 = PRESENTATION_STYLE_ASSIGNMENT (( #8056 ) ) ;
#1410 = MECHANICAL_DESIGN_GEOMETRIC_PRESENTATION_REPRESENTATION (  '', ( #5601 ), #2718 ) ;
#1411 = ADVANCED_FACE ( 'NONE', ( #5853 ), #1939, .T. ) ;
#1412 = LINE ( 'NONE', #1557, #7716 ) ;
#1413 = CARTESIAN_POINT ( 'NONE',  ( 1.933287280377561368, 0.4124710443246425995, 0.3957182009439038084 ) ) ;
#1414 = VECTOR ( 'NONE', #3311, 1000.000000000000114 ) ;
#1415 = EDGE_LOOP ( 'NONE', ( #4030, #2661, #2398, #5788, #1931, #6842, #8346, #1877 ) ) ;
#1416 = FACE_OUTER_BOUND ( 'NONE', #4304, .T. ) ;
#1417 = CARTESIAN_POINT ( 'NONE',  ( 1.924108120568871261, 0.4774987331228205956, 0.3996961254578508815 ) ) ;
#1418 = UNCERTAINTY_MEASURE_WITH_UNIT (LENGTH_MEASURE( 1.000000000000000082E-05 ), #3717, 'distance_accuracy_value', 'NONE');
#1419 = FILL_AREA_STYLE ('',( #2196 ) ) ;
#1420 =( NAMED_UNIT ( * ) PLANE_ANGLE_UNIT ( ) SI_UNIT ( $, .RADIAN. ) );
#1421 = CARTESIAN_POINT ( 'NONE',  ( 1.882597692538263257, 0.2659029683555808043, 0.2689942313456583078 ) ) ;
#1422 = CARTESIAN_POINT ( 'NONE',  ( -2.774999999999999467, 2.007500000000001616, 0.2699999999999998512 ) ) ;
#1423 = ORIENTED_EDGE ( 'NONE', *, *, #6245, .F. ) ;
#1424 = PLANE ( 'NONE',  #4334 ) ;
#1425 = CARTESIAN_POINT ( 'NONE',  ( 1.897201963496776278, 0.5731234391465963585, 0.3324307327776134247 ) ) ;
#1426 = ORIENTED_EDGE ( 'NONE', *, *, #6938, .F. ) ;
#1427 = VERTEX_POINT ( 'NONE', #8908 ) ;
#1428 = ORIENTED_EDGE ( 'NONE', *, *, #4111, .F. ) ;
#1429 = ORIENTED_EDGE ( 'NONE', *, *, #6695, .F. ) ;
#1430 =( NAMED_UNIT ( * ) SI_UNIT ( $, .STERADIAN. ) SOLID_ANGLE_UNIT ( ) );
#1431 = DIRECTION ( 'NONE',  ( -1.000000000000000000, 1.445024655488679718E-15, -1.465471005729988168E-31 ) ) ;
#1432 = CARTESIAN_POINT ( 'NONE',  ( 1.824398056060821727, 0.1524883342092393790, 0.1504209641877259362 ) ) ;
#1433 = UNCERTAINTY_MEASURE_WITH_UNIT (LENGTH_MEASURE( 1.000000000000000082E-05 ), #5633, 'distance_accuracy_value', 'NONE');
#1434 = ORIENTED_EDGE ( 'NONE', *, *, #1974, .T. ) ;
#1435 =( LENGTH_UNIT ( ) NAMED_UNIT ( * ) SI_UNIT ( .MILLI., .METRE. ) );
#1436 = EDGE_CURVE ( 'NONE', #9091, #5126, #8339, .T. ) ;
#1437 = SURFACE_SIDE_STYLE ('',( #3621 ) ) ;
#1438 = DIRECTION ( 'NONE',  ( -1.447921622090529492E-16, -1.000000000000000000, 2.498792926766732971E-16 ) ) ;
#1439 = CARTESIAN_POINT ( 'NONE',  ( -3.075000000000001066, -2.007499999999998508, 3.326939670848418957E-16 ) ) ;
#1440 = MECHANICAL_DESIGN_GEOMETRIC_PRESENTATION_REPRESENTATION (  '', ( #4864 ), #219 ) ;
#1441 = FILL_AREA_STYLE_COLOUR ( '', #7253 ) ;
#1442 = AXIS2_PLACEMENT_3D ( 'NONE', #5675, #8090, #2180 ) ;
#1443 = EDGE_CURVE ( 'NONE', #1693, #6172, #8331, .T. ) ;
#1444 = CARTESIAN_POINT ( 'NONE',  ( 1.796356200846564111, -0.4249999999999999889, 0.6824701013908927028 ) ) ;
#1445 = CARTESIAN_POINT ( 'NONE',  ( 1.801604165149131243, 2.189999999999999947, 0.7592525293217018412 ) ) ;
#1446 = DIRECTION ( 'NONE',  ( -1.249000902703301354E-16, -2.783468775164168088E-17, -1.000000000000000000 ) ) ;
#1447 = ADVANCED_FACE ( 'NONE', ( #8960 ), #6711, .F. ) ;
#1448 = SURFACE_STYLE_USAGE ( .BOTH. , #736 ) ;
#1449 = AXIS2_PLACEMENT_3D ( 'NONE', #7522, #1802, #1083 ) ;
#1450 = DIRECTION ( 'NONE',  ( -1.249000902703301354E-16, -2.783468775164168088E-17, -1.000000000000000000 ) ) ;
#1451 = ORIENTED_EDGE ( 'NONE', *, *, #8955, .F. ) ;
#1452 = SURFACE_STYLE_USAGE ( .BOTH. , #5962 ) ;
#1453 = CARTESIAN_POINT ( 'NONE',  ( 1.849298688285689662, -0.1488588807642002021, 0.2126725447498952759 ) ) ;
#1454 = CARTESIAN_POINT ( 'NONE',  ( 1.919551411361673843, 0.3731693354646876681, 0.3883043524398586133 ) ) ;
#1455 = CARTESIAN_POINT ( 'NONE',  ( 1.812169338668674579, 0.7268785781116783307, 0.1198491707073576495 ) ) ;
#1456 = SURFACE_SIDE_STYLE ('',( #3168 ) ) ;
#1457 =( NAMED_UNIT ( * ) PLANE_ANGLE_UNIT ( ) SI_UNIT ( $, .RADIAN. ) );
#1458 = CARTESIAN_POINT ( 'NONE',  ( 1.894883821596612172, -0.1376903599197287775, 0.3266353780272038265 ) ) ;
#1459 = EDGE_LOOP ( 'NONE', ( #5663, #3747, #3579, #5645, #6900, #4005 ) ) ;
#1460 = EDGE_CURVE ( 'NONE', #235, #8220, #6758, .T. ) ;
#1461 = STYLED_ITEM ( 'NONE', ( #5406 ), #3048 ) ;
#1462 = LINE ( 'NONE', #4531, #4960 ) ;
#1463 = VERTEX_POINT ( 'NONE', #869 ) ;
#1464 = ADVANCED_FACE ( 'NONE', ( #5228 ), #775, .T. ) ;
#1465 = ORIENTED_EDGE ( 'NONE', *, *, #6566, .T. ) ;
#1466 = VERTEX_POINT ( 'NONE', #40 ) ;
#1467 = SURFACE_SIDE_STYLE ('',( #2348 ) ) ;
#1468 = VERTEX_POINT ( 'NONE', #5944 ) ;
#1469 =( LENGTH_UNIT ( ) NAMED_UNIT ( * ) SI_UNIT ( .MILLI., .METRE. ) );
#1470 = DIRECTION ( 'NONE',  ( -0.06818941838404181388, -1.789660620253718794E-17, -0.9976723927324270269 ) ) ;
#1471 = MECHANICAL_DESIGN_GEOMETRIC_PRESENTATION_REPRESENTATION (  '', ( #6881 ), #5186 ) ;
#1472 = SURFACE_STYLE_FILL_AREA ( #7198 ) ;
#1473 = CARTESIAN_POINT ( 'NONE',  ( 2.517749029844000397, -2.117500000000000160, 0.7103050971205200348 ) ) ;
#1474 = CARTESIAN_POINT ( 'NONE',  ( 2.909998327955510611, -2.189999999999999947, -0.1499999999999994116 ) ) ;
#1475 = ORIENTED_EDGE ( 'NONE', *, *, #3977, .F. ) ;
#1476 = EDGE_CURVE ( 'NONE', #788, #5750, #5173, .T. ) ;
#1477 = ADVANCED_FACE ( 'NONE', ( #9320 ), #8441, .T. ) ;
#1478 =( NAMED_UNIT ( * ) SI_UNIT ( $, .STERADIAN. ) SOLID_ANGLE_UNIT ( ) );
#1479 = DIRECTION ( 'NONE',  ( 1.447921622090529492E-16, 1.000000000000000000, -2.498792926766732971E-16 ) ) ;
#1480 = FACE_OUTER_BOUND ( 'NONE', #7084, .T. ) ;
#1481 = MECHANICAL_DESIGN_GEOMETRIC_PRESENTATION_REPRESENTATION (  '', ( #3508 ), #8922 ) ;
#1482 = EDGE_CURVE ( 'NONE', #5400, #2345, #4694, .T. ) ;
#1483 = STYLED_ITEM ( 'NONE', ( #3958 ), #1739 ) ;
#1484 = DIRECTION ( 'NONE',  ( 0.000000000000000000, 0.000000000000000000, -1.000000000000000000 ) ) ;
#1485 = VECTOR ( 'NONE', #3588, 1000.000000000000000 ) ;
#1486 = ORIENTED_EDGE ( 'NONE', *, *, #5877, .T. ) ;
#1487 = LINE ( 'NONE', #8183, #5860 ) ;
#1488 = PRESENTATION_LAYER_ASSIGNMENT (  '', '', ( #3505 ) ) ;
#1489 = CIRCLE ( 'NONE', #5822, 0.3300000000000000155 ) ;
#1490 =( NAMED_UNIT ( * ) PLANE_ANGLE_UNIT ( ) SI_UNIT ( $, .RADIAN. ) );
#1491 = SURFACE_STYLE_USAGE ( .BOTH. , #203 ) ;
#1492 = EDGE_LOOP ( 'NONE', ( #5058, #6886, #6556, #7569 ) ) ;
#1493 = DIRECTION ( 'NONE',  ( 0.000000000000000000, 0.000000000000000000, 1.000000000000000000 ) ) ;
#1494 = PLANE ( 'NONE',  #8692 ) ;
#1495 = UNCERTAINTY_MEASURE_WITH_UNIT (LENGTH_MEASURE( 1.000000000000000082E-05 ), #2712, 'distance_accuracy_value', 'NONE');
#1496 = PRESENTATION_LAYER_ASSIGNMENT (  '', '', ( #1338 ) ) ;
#1497 = CYLINDRICAL_SURFACE ( 'NONE', #4454, 0.3300000000000000155 ) ;
#1498 = PRESENTATION_STYLE_ASSIGNMENT (( #1596 ) ) ;
#1499 = CIRCLE ( 'NONE', #903, 0.3300000000000000155 ) ;
#1500 = MECHANICAL_DESIGN_GEOMETRIC_PRESENTATION_REPRESENTATION (  '', ( #8939 ), #2125 ) ;
#1501 = EDGE_CURVE ( 'NONE', #2543, #609, #8582, .T. ) ;
#1502 =( LENGTH_UNIT ( ) NAMED_UNIT ( * ) SI_UNIT ( .MILLI., .METRE. ) );
#1503 = VECTOR ( 'NONE', #5155, 1000.000000000000000 ) ;
#1504 = AXIS2_PLACEMENT_3D ( 'NONE', #9125, #2528, #6061 ) ;
#1505 = VERTEX_POINT ( 'NONE', #7643 ) ;
#1506 = VECTOR ( 'NONE', #7960, 1000.000000000000000 ) ;
#1507 = CARTESIAN_POINT ( 'NONE',  ( 1.924893091939501977, 0.4352460477745915823, 0.4016585538844283931 ) ) ;
#1508 =( LENGTH_UNIT ( ) NAMED_UNIT ( * ) SI_UNIT ( .MILLI., .METRE. ) );
#1509 = UNCERTAINTY_MEASURE_WITH_UNIT (LENGTH_MEASURE( 1.000000000000000082E-05 ), #4643, 'distance_accuracy_value', 'NONE');
#1510 = PLANE ( 'NONE',  #9421 ) ;
#1511 = DIRECTION ( 'NONE',  ( 1.000000000000000000, -2.369136632905469172E-16, 1.157943808795868913E-32 ) ) ;
#1512 = VECTOR ( 'NONE', #6550, 1000.000000000000114 ) ;
#1513 = FILL_AREA_STYLE_COLOUR ( '', #902 ) ;
#1514 = EDGE_LOOP ( 'NONE', ( #8115, #7036, #8438, #8075 ) ) ;
#1515 = COLOUR_RGB ( '',0.7921568627450980005, 0.8196078431372548767, 0.9333333333333333481 ) ;
#1516 =( NAMED_UNIT ( * ) PLANE_ANGLE_UNIT ( ) SI_UNIT ( $, .RADIAN. ) );
#1517 = VECTOR ( 'NONE', #5443, 1000.000000000000227 ) ;
#1518 = ORIENTED_EDGE ( 'NONE', *, *, #9071, .T. ) ;
#1519 = ORIENTED_EDGE ( 'NONE', *, *, #965, .F. ) ;
#1520 = ORIENTED_EDGE ( 'NONE', *, *, #6517, .T. ) ;
#1521 =( NAMED_UNIT ( * ) SI_UNIT ( $, .STERADIAN. ) SOLID_ANGLE_UNIT ( ) );
#1522 = ORIENTED_EDGE ( 'NONE', *, *, #4493, .F. ) ;
#1523 = CARTESIAN_POINT ( 'NONE',  ( 1.975000000000000089, 2.450000000000000622, 0.4999999999999952260 ) ) ;
#1524 = DIRECTION ( 'NONE',  ( -0.06818941838404181388, -1.789660620253718485E-17, -0.9976723927324270269 ) ) ;
#1525 = CARTESIAN_POINT ( 'NONE',  ( 1.796356200846564111, -2.189999999999999503, 0.6824701013908929248 ) ) ;
#1526 = VECTOR ( 'NONE', #7068, 1000.000000000000000 ) ;
#1527 = FILL_AREA_STYLE_COLOUR ( '', #1515 ) ;
#1528 =( LENGTH_UNIT ( ) NAMED_UNIT ( * ) SI_UNIT ( .MILLI., .METRE. ) );
#1529 = UNCERTAINTY_MEASURE_WITH_UNIT (LENGTH_MEASURE( 1.000000000000000082E-05 ), #6083, 'distance_accuracy_value', 'NONE');
#1530 = STYLED_ITEM ( 'NONE', ( #4554 ), #5804 ) ;
#1531 = FACE_OUTER_BOUND ( 'NONE', #512, .T. ) ;
#1532 = FACE_OUTER_BOUND ( 'NONE', #73, .T. ) ;
#1533 =( NAMED_UNIT ( * ) PLANE_ANGLE_UNIT ( ) SI_UNIT ( $, .RADIAN. ) );
#1534 = ORIENTED_EDGE ( 'NONE', *, *, #2504, .F. ) ;
#1535 = CIRCLE ( 'NONE', #5723, 0.3300000000000000155 ) ;
#1536 = EDGE_CURVE ( 'NONE', #3143, #5423, #3246, .T. ) ;
#1537 = ADVANCED_FACE ( 'NONE', ( #4787 ), #4114, .F. ) ;
#1538 = DIRECTION ( 'NONE',  ( -1.000000000000000000, -1.097926250618232396E-16, 0.000000000000000000 ) ) ;
#1539 = DIRECTION ( 'NONE',  ( -0.9976723927324270269, 1.463531740886934826E-16, 0.06818941838404175837 ) ) ;
#1540 = EDGE_CURVE ( 'NONE', #6702, #8010, #8358, .T. ) ;
#1541 = PRESENTATION_LAYER_ASSIGNMENT (  '', '', ( #3 ) ) ;
#1542 = CARTESIAN_POINT ( 'NONE',  ( 1.931979586228663059, -0.02839312436974756465, 0.3924489655716584258 ) ) ;
#1543 = COLOUR_RGB ( '',0.1019607843137254888, 0.1019607843137254888, 0.1019607843137254888 ) ;
#1544 = ORIENTED_EDGE ( 'NONE', *, *, #6216, .F. ) ;
#1545 = CARTESIAN_POINT ( 'NONE',  ( 1.824398056060821727, 0.04639077323362962579, 0.1504209641877259362 ) ) ;
#1546 = SURFACE_STYLE_FILL_AREA ( #6716 ) ;
#1547 = AXIS2_PLACEMENT_3D ( 'NONE', #6287, #480, #1155 ) ;
#1548 = CIRCLE ( 'NONE', #2948, 0.3017393217012238060 ) ;
#1549 = ORIENTED_EDGE ( 'NONE', *, *, #2957, .F. ) ;
#1550 = CARTESIAN_POINT ( 'NONE',  ( 1.873877400765091350, 0.5473641667897457541, 0.2741193259484003275 ) ) ;
#1551 = VECTOR ( 'NONE', #4923, 999.9999999999998863 ) ;
#1552 = CARTESIAN_POINT ( 'NONE',  ( 1.125000000000000222, -1.600000000000000533, 0.2700000000000000178 ) ) ;
#1553 = CYLINDRICAL_SURFACE ( 'NONE', #2099, 0.1599999999999999756 ) ;
#1554 = MANIFOLD_SOLID_BREP ( 'Òý½Å2-2-solid1', #7954 ) ;
#1555 = PRESENTATION_LAYER_ASSIGNMENT (  '', '', ( #1103 ) ) ;
#1556 = STYLED_ITEM ( 'NONE', ( #2423 ), #2091 ) ;
#1557 = CARTESIAN_POINT ( 'NONE',  ( 1.796356200846564333, -0.9199999999999998179, 0.6824701013908928138 ) ) ;
#1558 = CARTESIAN_POINT ( 'NONE',  ( 1.863760426079144716, 0.5434191798310895605, 0.2219010651978622073 ) ) ;
#1559 = ORIENTED_EDGE ( 'NONE', *, *, #5514, .T. ) ;
#1560 =( NAMED_UNIT ( * ) PLANE_ANGLE_UNIT ( ) SI_UNIT ( $, .RADIAN. ) );
#1561 = CARTESIAN_POINT ( 'NONE',  ( 1.813001771145049901, 0.4817470090397062976, 0.1219302518982954137 ) ) ;
#1562 = DIRECTION ( 'NONE',  ( 1.355252715606880543E-16, 1.000000000000000000, 0.000000000000000000 ) ) ;
#1563 = VECTOR ( 'NONE', #8787, 1000.000000000000227 ) ;
#1564 = SURFACE_SIDE_STYLE ('',( #3790 ) ) ;
#1565 = LINE ( 'NONE', #6652, #3846 ) ;
#1566 = ORIENTED_EDGE ( 'NONE', *, *, #4859, .F. ) ;
#1567 = CARTESIAN_POINT ( 'NONE',  ( 1.923472335239073905, -0.01193570643909260334, 0.3981066621333585465 ) ) ;
#1568 = CARTESIAN_POINT ( 'NONE',  ( 1.811386637334334360, 0.4054701656606333748, 0.1178924173715065193 ) ) ;
#1569 = EDGE_LOOP ( 'NONE', ( #5882, #5690, #6022, #8477, #2450, #4650 ) ) ;
#1570 = EDGE_LOOP ( 'NONE', ( #7527, #5298, #2004, #5483 ) ) ;
#1571 = ORIENTED_EDGE ( 'NONE', *, *, #711, .T. ) ;
#1572 = DIRECTION ( 'NONE',  ( -2.652696298084526278E-16, -1.000000000000000000, 2.581137476980107759E-16 ) ) ;
#1573 = ORIENTED_EDGE ( 'NONE', *, *, #9564, .F. ) ;
#1574 =( LENGTH_UNIT ( ) NAMED_UNIT ( * ) SI_UNIT ( .MILLI., .METRE. ) );
#1575 = PRESENTATION_STYLE_ASSIGNMENT (( #1004 ) ) ;
#1576 = VECTOR ( 'NONE', #1833, 1000.000000000000000 ) ;
#1577 =( NAMED_UNIT ( * ) PLANE_ANGLE_UNIT ( ) SI_UNIT ( $, .RADIAN. ) );
#1578 = CARTESIAN_POINT ( 'NONE',  ( 1.866476732920606008, -0.1548287389614922960, 0.2556176563371878041 ) ) ;
#1579 = ORIENTED_EDGE ( 'NONE', *, *, #3380, .F. ) ;
#1580 = DIRECTION ( 'NONE',  ( -1.488806659628715785E-32, -1.117179326706309308E-16, -1.000000000000000000 ) ) ;
#1581 =( NAMED_UNIT ( * ) PLANE_ANGLE_UNIT ( ) SI_UNIT ( $, .RADIAN. ) );
#1582 = SURFACE_SIDE_STYLE ('',( #234 ) ) ;
#1583 = DIRECTION ( 'NONE',  ( -0.1196629990522267983, 0.9466707760722533616, -0.2991574976305695910 ) ) ;
#1584 = DIRECTION ( 'NONE',  ( 1.000000000000000000, -2.098455817713879566E-16, 0.000000000000000000 ) ) ;
#1585 = ORIENTED_EDGE ( 'NONE', *, *, #3745, .T. ) ;
#1586 = SURFACE_STYLE_USAGE ( .BOTH. , #4552 ) ;
#1587 = STYLED_ITEM ( 'NONE', ( #7042 ), #3844 ) ;
#1588 = SURFACE_STYLE_USAGE ( .BOTH. , #95 ) ;
#1589 = ORIENTED_EDGE ( 'NONE', *, *, #3114, .T. ) ;
#1590 = SURFACE_SIDE_STYLE ('',( #1635 ) ) ;
#1591 = DIRECTION ( 'NONE',  ( -1.019398932010077519E-16, 0.9284766908852604139, -0.3713906763541011680 ) ) ;
#1592 = ORIENTED_EDGE ( 'NONE', *, *, #2669, .F. ) ;
#1593 = DIRECTION ( 'NONE',  ( 0.000000000000000000, -1.000000000000000000, 0.000000000000000000 ) ) ;
#1594 = UNCERTAINTY_MEASURE_WITH_UNIT (LENGTH_MEASURE( 1.000000000000000082E-05 ), #9285, 'distance_accuracy_value', 'NONE');
#1595 = SURFACE_STYLE_FILL_AREA ( #5328 ) ;
#1596 = SURFACE_STYLE_USAGE ( .BOTH. , #2329 ) ;
#1597 = ADVANCED_FACE ( 'NONE', ( #2697 ), #2739, .F. ) ;
#1598 = CARTESIAN_POINT ( 'NONE',  ( 1.837478474556699215, -0.3111571722176793009, 0.1561961863917476490 ) ) ;
#1599 = VECTOR ( 'NONE', #7618, 1000.000000000000000 ) ;
#1600 = DIRECTION ( 'NONE',  ( 1.000000000000000000, -2.652696298084526771E-16, -1.249000902703300861E-16 ) ) ;
#1601 = CARTESIAN_POINT ( 'NONE',  ( 1.878351610110434278, 0.5476102854287516752, 0.2583790252760859163 ) ) ;
#1602 = VERTEX_POINT ( 'NONE', #5792 ) ;
#1603 = CARTESIAN_POINT ( 'NONE',  ( 1.817826940012908121, -0.07350380936248969432, 0.1339931740679407013 ) ) ;
#1604 = ADVANCED_FACE ( 'NONE', ( #4941 ), #5708, .F. ) ;
#1605 = CARTESIAN_POINT ( 'NONE',  ( 1.840708656767872320, 0.5712307164937572290, 0.1911974659553524192 ) ) ;
#1606 = UNCERTAINTY_MEASURE_WITH_UNIT (LENGTH_MEASURE( 1.000000000000000082E-05 ), #8710, 'distance_accuracy_value', 'NONE');
#1607 = FACE_OUTER_BOUND ( 'NONE', #5260, .T. ) ;
#1608 = SURFACE_SIDE_STYLE ('',( #8261 ) ) ;
#1609 = VERTEX_POINT ( 'NONE', #3026 ) ;
#1610 =( NAMED_UNIT ( * ) SI_UNIT ( $, .STERADIAN. ) SOLID_ANGLE_UNIT ( ) );
#1611 = LINE ( 'NONE', #8113, #9146 ) ;
#1612 = ORIENTED_EDGE ( 'NONE', *, *, #3195, .T. ) ;
#1613 = EDGE_LOOP ( 'NONE', ( #4534, #7684, #221, #7641, #2798 ) ) ;
#1614 = VERTEX_POINT ( 'NONE', #28 ) ;
#1615 = ORIENTED_EDGE ( 'NONE', *, *, #9216, .F. ) ;
#1616 = CARTESIAN_POINT ( 'NONE',  ( 1.923586541574904940, 0.08663467567265401015, 0.3983921779729356905 ) ) ;
#1617 = DIRECTION ( 'NONE',  ( -1.000000000000000000, 3.608224830031759249E-16, -2.542227526591152421E-32 ) ) ;
#1618 = DIRECTION ( 'NONE',  ( -2.652696298084526278E-16, -1.000000000000000000, 2.581137476980107759E-16 ) ) ;
#1619 = LINE ( 'NONE', #6084, #3205 ) ;
#1620 = DIRECTION ( 'NONE',  ( -1.000000000000000000, 1.447921622090530231E-16, 1.249000902703301108E-16 ) ) ;
#1621 = ORIENTED_EDGE ( 'NONE', *, *, #4405, .F. ) ;
#1622 = ADVANCED_FACE ( 'NONE', ( #3852 ), #4537, .F. ) ;
#1623 = SURFACE_STYLE_USAGE ( .BOTH. , #715 ) ;
#1624 = PRESENTATION_STYLE_ASSIGNMENT (( #191 ) ) ;
#1625 = VECTOR ( 'NONE', #4216, 1000.000000000000114 ) ;
#1626 = PRESENTATION_STYLE_ASSIGNMENT (( #5363 ) ) ;
#1627 = FILL_AREA_STYLE_COLOUR ( '', #4818 ) ;
#1628 = CARTESIAN_POINT ( 'NONE',  ( 1.909786932388083835, -0.03448273847512536849, 0.3638931550058841502 ) ) ;
#1629 = CARTESIAN_POINT ( 'NONE',  ( 2.716990092096919440, 0.3499999999999999778, 0.08370509301950881942 ) ) ;
#1630 = ORIENTED_EDGE ( 'NONE', *, *, #7120, .F. ) ;
#1631 = AXIS2_PLACEMENT_3D ( 'NONE', #6081, #1617, #3802 ) ;
#1632 = FACE_OUTER_BOUND ( 'NONE', #1865, .T. ) ;
#1633 = AXIS2_PLACEMENT_3D ( 'NONE', #5183, #8878, #792 ) ;
#1634 = ORIENTED_EDGE ( 'NONE', *, *, #5578, .F. ) ;
#1635 = SURFACE_STYLE_FILL_AREA ( #7653 ) ;
#1636 = COLOUR_RGB ( '',1.000000000000000000, 1.000000000000000000, 1.000000000000000000 ) ;
#1637 =( NAMED_UNIT ( * ) PLANE_ANGLE_UNIT ( ) SI_UNIT ( $, .RADIAN. ) );
#1638 =( NAMED_UNIT ( * ) PLANE_ANGLE_UNIT ( ) SI_UNIT ( $, .RADIAN. ) );
#1639 =( GEOMETRIC_REPRESENTATION_CONTEXT ( 3 ) GLOBAL_UNCERTAINTY_ASSIGNED_CONTEXT ( ( #764 ) ) GLOBAL_UNIT_ASSIGNED_CONTEXT ( ( #4088, #2581, #2531 ) ) REPRESENTATION_CONTEXT ( 'NONE', 'WORKASPACE' ) );
#1640 = CARTESIAN_POINT ( 'NONE',  ( 1.835041569346579582, -0.3099735560346631447, 0.1501039233664480388 ) ) ;
#1641 = CARTESIAN_POINT ( 'NONE',  ( 1.824790105657950967, 0.3982200169064918360, 0.1514010881805489817 ) ) ;
#1642 = VECTOR ( 'NONE', #6817, 999.9999999999998863 ) ;
#1643 = AXIS2_PLACEMENT_3D ( 'NONE', #576, #5034, #9593 ) ;
#1644 = EDGE_CURVE ( 'NONE', #8662, #8291, #2938, .T. ) ;
#1645 = CARTESIAN_POINT ( 'NONE',  ( 1.892196364695368782, 0.5437003175297734359, 0.2929909117384210115 ) ) ;
#1646 = LINE ( 'NONE', #2483, #8487 ) ;
#1647 = FILL_AREA_STYLE ('',( #3064 ) ) ;
#1648 = ORIENTED_EDGE ( 'NONE', *, *, #5242, .T. ) ;
#1649 = SURFACE_SIDE_STYLE ('',( #2919 ) ) ;
#1650 = VECTOR ( 'NONE', #8252, 1000.000000000000000 ) ;
#1651 = MECHANICAL_DESIGN_GEOMETRIC_PRESENTATION_REPRESENTATION (  '', ( #5832 ), #597 ) ;
#1652 = CARTESIAN_POINT ( 'NONE',  ( 1.879264517832417658, 0.5878541878677761012, 0.2606612945810439230 ) ) ;
#1653 = EDGE_CURVE ( 'NONE', #422, #9352, #5303, .T. ) ;
#1654 = STYLED_ITEM ( 'NONE', ( #2184 ), #661 ) ;
#1655 = VECTOR ( 'NONE', #8203, 1000.000000000000000 ) ;
#1656 = CARTESIAN_POINT ( 'NONE',  ( 1.866244546952944949, -0.1128089173948937513, 0.2281113673823627619 ) ) ;
#1657 = EDGE_CURVE ( 'NONE', #2644, #6894, #911, .T. ) ;
#1658 = PRESENTATION_STYLE_ASSIGNMENT (( #1086 ) ) ;
#1659 = ORIENTED_EDGE ( 'NONE', *, *, #3690, .T. ) ;
#1660 = PRESENTATION_LAYER_ASSIGNMENT (  '', '', ( #9415 ) ) ;
#1661 = VECTOR ( 'NONE', #7566, 1000.000000000000114 ) ;
#1662 = SURFACE_SIDE_STYLE ('',( #7528 ) ) ;
#1663 = VECTOR ( 'NONE', #1972, 1000.000000000000000 ) ;
#1665 = DIRECTION ( 'NONE',  ( 0.000000000000000000, 1.000000000000000000, 0.000000000000000000 ) ) ;
#1664 = LINE ( 'NONE', #753, #4340 ) ;
#1666 = ORIENTED_EDGE ( 'NONE', *, *, #314, .F. ) ;
#1667 = ORIENTED_EDGE ( 'NONE', *, *, #4462, .T. ) ;
#1668 = VERTEX_POINT ( 'NONE', #4488 ) ;
#1669 = CARTESIAN_POINT ( 'NONE',  ( 1.801604165149131243, -1.694999999999999840, 0.7592525293217018412 ) ) ;
#1670 = ORIENTED_EDGE ( 'NONE', *, *, #4987, .T. ) ;
#1671 = CARTESIAN_POINT ( 'NONE',  ( 1.832420197262357719, 0.4469755723107199930, 0.1435504931558933550 ) ) ;
#1672 = SURFACE_SIDE_STYLE ('',( #5936 ) ) ;
#1673 = CARTESIAN_POINT ( 'NONE',  ( 2.909998327955510611, -1.692499999999999893, -0.1499999999999995226 ) ) ;
#1674 = DIRECTION ( 'NONE',  ( 0.3481553119113931505, -0.3481553119113942052, -0.8703882797784907588 ) ) ;
#1675 = SURFACE_STYLE_USAGE ( .BOTH. , #8328 ) ;
#1676 = CARTESIAN_POINT ( 'NONE',  ( -3.075000000000000178, 1.807500000000001661, 0.2699999999999998512 ) ) ;
#1677 = MECHANICAL_DESIGN_GEOMETRIC_PRESENTATION_REPRESENTATION (  '', ( #3394 ), #2293 ) ;
#1678 = EDGE_CURVE ( 'NONE', #4025, #7113, #8143, .T. ) ;
#1679 = PRESENTATION_STYLE_ASSIGNMENT (( #2406 ) ) ;
#1680 = ORIENTED_EDGE ( 'NONE', *, *, #2030, .T. ) ;
#1681 = DIRECTION ( 'NONE',  ( -1.000000000000000000, 0.000000000000000000, -0.000000000000000000 ) ) ;
#1682 = VERTEX_POINT ( 'NONE', #5935 ) ;
#1683 = COLOUR_RGB ( '',1.000000000000000000, 1.000000000000000000, 1.000000000000000000 ) ;
#1684 = ORIENTED_EDGE ( 'NONE', *, *, #8110, .T. ) ;
#1685 = CARTESIAN_POINT ( 'NONE',  ( 1.833569594104932143, -0.3146038914005171439, 0.1733498092980033378 ) ) ;
#1686 = VECTOR ( 'NONE', #7491, 1000.000000000000114 ) ;
#1687 = CARTESIAN_POINT ( 'NONE',  ( 1.899696414785445597, -0.08347444828636312042, 0.3386668609992871670 ) ) ;
#1688 = ORIENTED_EDGE ( 'NONE', *, *, #5101, .T. ) ;
#1689 = VECTOR ( 'NONE', #2416, 1000.000000000000114 ) ;
#1690 = CARTESIAN_POINT ( 'NONE',  ( 2.959881947592131635, -2.117500000000000160, -0.1534094709192015960 ) ) ;
#1691 =( GEOMETRIC_REPRESENTATION_CONTEXT ( 3 ) GLOBAL_UNCERTAINTY_ASSIGNED_CONTEXT ( ( #8887 ) ) GLOBAL_UNIT_ASSIGNED_CONTEXT ( ( #6973, #6241, #7059 ) ) REPRESENTATION_CONTEXT ( 'NONE', 'WORKASPACE' ) );
#1692 = SURFACE_SIDE_STYLE ('',( #48 ) ) ;
#1693 = VERTEX_POINT ( 'NONE', #3086 ) ;
#1694 = CARTESIAN_POINT ( 'NONE',  ( 1.932871308483757433, 0.08663467567265401015, 0.3946782712093946377 ) ) ;
#1695 = COLOUR_RGB ( '',1.000000000000000000, 1.000000000000000000, 1.000000000000000000 ) ;
#1696 = UNCERTAINTY_MEASURE_WITH_UNIT (LENGTH_MEASURE( 1.000000000000000082E-05 ), #320, 'distance_accuracy_value', 'NONE');
#1697 =( NAMED_UNIT ( * ) SI_UNIT ( $, .STERADIAN. ) SOLID_ANGLE_UNIT ( ) );
#1698 = LINE ( 'NONE', #6869, #7055 ) ;
#1699 = AXIS2_PLACEMENT_3D ( 'NONE', #232, #188, #4641 ) ;
#1700 = DIRECTION ( 'NONE',  ( 1.447921622090529492E-16, 1.000000000000000000, -2.498792926766732971E-16 ) ) ;
#1701 = PRESENTATION_LAYER_ASSIGNMENT (  '', '', ( #4490 ) ) ;
#1702 = AXIS2_PLACEMENT_3D ( 'NONE', #9137, #308, #3889 ) ;
#1703 = LINE ( 'NONE', #352, #4915 ) ;
#1704 = LINE ( 'NONE', #7620, #5177 ) ;
#1705 = EDGE_LOOP ( 'NONE', ( #1211, #1688, #1327, #1977, #2103, #2693, #9537, #955 ) ) ;
#1706 = FILL_AREA_STYLE_COLOUR ( '', #1190 ) ;
#1707 = DIRECTION ( 'NONE',  ( 1.000000000000000000, -2.652696298084526771E-16, -1.249000902703300861E-16 ) ) ;
#1708 = SURFACE_STYLE_FILL_AREA ( #7770 ) ;
#1709 = UNCERTAINTY_MEASURE_WITH_UNIT (LENGTH_MEASURE( 1.000000000000000082E-05 ), #4948, 'distance_accuracy_value', 'NONE');
#1710 = FILL_AREA_STYLE ('',( #6211 ) ) ;
#1711 = AXIS2_PLACEMENT_3D ( 'NONE', #4511, #7460, #6005 ) ;
#1712 = STYLED_ITEM ( 'NONE', ( #1121 ), #2185 ) ;
#1713 = CARTESIAN_POINT ( 'NONE',  ( -2.875000000000001332, -1.807499999999998552, 0.2700000000000002953 ) ) ;
#1714 = SURFACE_SIDE_STYLE ('',( #6668 ) ) ;
#1715 = ORIENTED_EDGE ( 'NONE', *, *, #4676, .F. ) ;
#1716 = ORIENTED_EDGE ( 'NONE', *, *, #469, .T. ) ;
#1717 = EDGE_LOOP ( 'NONE', ( #1810, #1428, #9394, #8024 ) ) ;
#1718 =( GEOMETRIC_REPRESENTATION_CONTEXT ( 3 ) GLOBAL_UNCERTAINTY_ASSIGNED_CONTEXT ( ( #575 ) ) GLOBAL_UNIT_ASSIGNED_CONTEXT ( ( #3134, #6029, #1521 ) ) REPRESENTATION_CONTEXT ( 'NONE', 'WORKASPACE' ) );
#1719 = SURFACE_STYLE_USAGE ( .BOTH. , #3227 ) ;
#1720 = ORIENTED_EDGE ( 'NONE', *, *, #6054, .F. ) ;
#1721 = FILL_AREA_STYLE ('',( #8325 ) ) ;
#1722 = CARTESIAN_POINT ( 'NONE',  ( 2.540318690028105397, 0.8475000000000000311, 0.2060369536996491391 ) ) ;
#1723 = CARTESIAN_POINT ( 'NONE',  ( 1.801604165149131243, 1.695000000000000284, 0.7592525293217020632 ) ) ;
#1724 = LINE ( 'NONE', #6183, #120 ) ;
#1725 = ORIENTED_EDGE ( 'NONE', *, *, #8799, .F. ) ;
#1726 = DIRECTION ( 'NONE',  ( 0.3713906763541009459, 0.000000000000000000, 0.9284766908852605249 ) ) ;
#1727 = ORIENTED_EDGE ( 'NONE', *, *, #9139, .F. ) ;
#1728 = VERTEX_POINT ( 'NONE', #9588 ) ;
#1729 = CARTESIAN_POINT ( 'NONE',  ( 2.540318690028105397, -2.189999999999999947, 0.2060369536996492501 ) ) ;
#1730 =( LENGTH_UNIT ( ) NAMED_UNIT ( * ) SI_UNIT ( .MILLI., .METRE. ) );
#1731 = SURFACE_STYLE_USAGE ( .BOTH. , #3249 ) ;
#1732 = LINE ( 'NONE', #4695, #7060 ) ;
#1733 = ORIENTED_EDGE ( 'NONE', *, *, #6395, .F. ) ;
#1734 = ADVANCED_FACE ( 'NONE', ( #7444 ), #9003, .F. ) ;
#1735 = DIRECTION ( 'NONE',  ( -1.355252715606880543E-16, -1.000000000000000000, -0.000000000000000000 ) ) ;
#1736 = ORIENTED_EDGE ( 'NONE', *, *, #900, .F. ) ;
#1737 = LINE ( 'NONE', #6008, #6466 ) ;
#1738 = SURFACE_STYLE_FILL_AREA ( #7895 ) ;
#1739 = ADVANCED_FACE ( 'NONE', ( #6323 ), #2506, .F. ) ;
#1740 = SURFACE_SIDE_STYLE ('',( #2332 ) ) ;
#1741 = LINE ( 'NONE', #7717, #7855 ) ;
#1742 = CARTESIAN_POINT ( 'NONE',  ( 1.824398056060821727, 0.1524883342092393790, 0.1504209641877259362 ) ) ;
#1743 = VERTEX_POINT ( 'NONE', #4827 ) ;
#1744 = CARTESIAN_POINT ( 'NONE',  ( 1.911357824182757570, 0.7268785781116783307, 0.3678203844925673760 ) ) ;
#1745 = CARTESIAN_POINT ( 'NONE',  ( 1.915291663213776641, 0.5586995679823562044, 0.3507291580344418791 ) ) ;
#1746 = DIRECTION ( 'NONE',  ( -1.000000000000000000, 2.652696298084526771E-16, 1.249000902703300861E-16 ) ) ;
#1747 = CARTESIAN_POINT ( 'NONE',  ( 1.861084208237263393, 0.2659029683555808043, 0.2421363446288309074 ) ) ;
#1748 = CARTESIAN_POINT ( 'NONE',  ( 1.681086225569887960, 0.3500000000000001443, 0.4624701013908927849 ) ) ;
#1749 = VECTOR ( 'NONE', #2140, 1000.000000000000000 ) ;
#1750 = SURFACE_STYLE_FILL_AREA ( #2289 ) ;
#1751 =( LENGTH_UNIT ( ) NAMED_UNIT ( * ) SI_UNIT ( .MILLI., .METRE. ) );
#1752 = EDGE_CURVE ( 'NONE', #77, #5624, #7679, .T. ) ;
#1753 = AXIS2_PLACEMENT_3D ( 'NONE', #4327, #2279, #3550 ) ;
#1754 = CARTESIAN_POINT ( 'NONE',  ( 2.461382810556700385, 0.3500000000000000333, -0.1143832811983292869 ) ) ;
#1755 = MECHANICAL_DESIGN_GEOMETRIC_PRESENTATION_REPRESENTATION (  '', ( #4097 ), #5319 ) ;
#1756 = SURFACE_STYLE_USAGE ( .BOTH. , #1714 ) ;
#1757 = ORIENTED_EDGE ( 'NONE', *, *, #5318, .T. ) ;
#1758 = ORIENTED_EDGE ( 'NONE', *, *, #3147, .T. ) ;
#1759 = CARTESIAN_POINT ( 'NONE',  ( 2.739492600163652813, -0.8475000000000000311, 0.4129369826212098138 ) ) ;
#1760 = ORIENTED_EDGE ( 'NONE', *, *, #8423, .F. ) ;
#1761 = CARTESIAN_POINT ( 'NONE',  ( 1.781319529336186980, 0.3500000000000000888, 0.4624701013908927849 ) ) ;
#1762 = SURFACE_SIDE_STYLE ('',( #7783 ) ) ;
#1763 = CARTESIAN_POINT ( 'NONE',  ( 1.869066843201581563, 0.5476102854287516752, 0.2620929320396269135 ) ) ;
#1764 = MECHANICAL_DESIGN_GEOMETRIC_PRESENTATION_REPRESENTATION (  '', ( #7650 ), #282 ) ;
#1765 = DIRECTION ( 'NONE',  ( -2.652696298084526278E-16, -1.000000000000000000, 2.581137476980107759E-16 ) ) ;
#1766 = EDGE_LOOP ( 'NONE', ( #5536, #3255, #5459, #1107, #5170 ) ) ;
#1767 = DIRECTION ( 'NONE',  ( -1.447921622090529492E-16, -1.000000000000000000, 2.498792926766732971E-16 ) ) ;
#1768 = EDGE_CURVE ( 'NONE', #2297, #6845, #3229, .T. ) ;
#1769 = DIRECTION ( 'NONE',  ( 1.447921622090529492E-16, 1.000000000000000000, -2.498792926766732971E-16 ) ) ;
#1770 = EDGE_LOOP ( 'NONE', ( #3823, #7095, #6644, #9595, #5108, #1589, #8897, #3082 ) ) ;
#1771 = ORIENTED_EDGE ( 'NONE', *, *, #2754, .T. ) ;
#1772 = DIRECTION ( 'NONE',  ( 0.000000000000000000, 0.000000000000000000, -1.000000000000000000 ) ) ;
#1773 = CARTESIAN_POINT ( 'NONE',  ( 1.901620141814936771, -0.3732548060346631003, 0.3165503545373422600 ) ) ;
#1774 = VECTOR ( 'NONE', #5591, 1000.000000000000000 ) ;
#1775 = PRESENTATION_STYLE_ASSIGNMENT (( #5513 ) ) ;
#1776 = ADVANCED_FACE ( 'NONE', ( #6270 ), #6944, .T. ) ;
#1777 = ADVANCED_FACE ( 'NONE', ( #6506 ), #6458, .F. ) ;
#1778 = CARTESIAN_POINT ( 'NONE',  ( 1.810810592291769217, 0.4352817793311907768, 0.1164523047650945220 ) ) ;
#1779 = ORIENTED_EDGE ( 'NONE', *, *, #6938, .T. ) ;
#1780 = CARTESIAN_POINT ( 'NONE',  ( 1.125000000000000666, 1.599999999999999645, 0.000000000000000000 ) ) ;
#1781 = AXIS2_PLACEMENT_3D ( 'NONE', #4513, #4558, #1493 ) ;
#1782 = CARTESIAN_POINT ( 'NONE',  ( 1.841395091352511670, -0.3133749497926702210, 0.1659877283812782878 ) ) ;
#1783 = EDGE_CURVE ( 'NONE', #6190, #7824, #4872, .T. ) ;
#1784 = EDGE_LOOP ( 'NONE', ( #968, #1887, #7630, #4119 ) ) ;
#1785 = SURFACE_STYLE_USAGE ( .BOTH. , #4891 ) ;
#1786 = UNCERTAINTY_MEASURE_WITH_UNIT (LENGTH_MEASURE( 1.000000000000000082E-05 ), #7928, 'distance_accuracy_value', 'NONE');
#1787 = CARTESIAN_POINT ( 'NONE',  ( 2.517816181961371580, 2.117500000000000160, -0.1231949359020516888 ) ) ;
#1788 = VECTOR ( 'NONE', #7881, 1000.000000000000000 ) ;
#1789 = EDGE_CURVE ( 'NONE', #8520, #4349, #2799, .T. ) ;
#1790 = STYLED_ITEM ( 'NONE', ( #1969 ), #1597 ) ;
#1791 = LINE ( 'NONE', #255, #9210 ) ;
#1792 = SURFACE_STYLE_USAGE ( .BOTH. , #4222 ) ;
#1793 =( GEOMETRIC_REPRESENTATION_CONTEXT ( 3 ) GLOBAL_UNCERTAINTY_ASSIGNED_CONTEXT ( ( #863 ) ) GLOBAL_UNIT_ASSIGNED_CONTEXT ( ( #8562, #7662, #6983 ) ) REPRESENTATION_CONTEXT ( 'NONE', 'WORKASPACE' ) );
#1794 = CARTESIAN_POINT ( 'NONE',  ( 1.681086225569887960, 0.4250000000000002109, 0.4624701013908927849 ) ) ;
#1795 = FACE_OUTER_BOUND ( 'NONE', #526, .T. ) ;
#1796 = EDGE_LOOP ( 'NONE', ( #6699, #3861, #7707, #3119 ) ) ;
#1797 =( NAMED_UNIT ( * ) SI_UNIT ( $, .STERADIAN. ) SOLID_ANGLE_UNIT ( ) );
#1798 =( NAMED_UNIT ( * ) PLANE_ANGLE_UNIT ( ) SI_UNIT ( $, .RADIAN. ) );
#1799 = CARTESIAN_POINT ( 'NONE',  ( -2.774999999999999467, 2.007500000000001616, 0.2699999999999998512 ) ) ;
#1800 = UNCERTAINTY_MEASURE_WITH_UNIT (LENGTH_MEASURE( 1.000000000000000082E-05 ), #4406, 'distance_accuracy_value', 'NONE');
#1801 = PRESENTATION_LAYER_ASSIGNMENT (  '', '', ( #2111 ) ) ;
#1802 = DIRECTION ( 'NONE',  ( 1.249000902703301601E-16, 2.498792926766732971E-16, 1.000000000000000000 ) ) ;
#1803 = EDGE_CURVE ( 'NONE', #177, #8546, #7909, .T. ) ;
#1804 = DIRECTION ( 'NONE',  ( 1.000000000000000000, 1.097926250618232396E-16, 0.000000000000000000 ) ) ;
#1805 = STYLED_ITEM ( 'NONE', ( #980 ), #4117 ) ;
#1806 = EDGE_CURVE ( 'NONE', #3320, #9540, #2864, .T. ) ;
#1807 = CARTESIAN_POINT ( 'NONE',  ( 2.483214825035667594, -0.9200000000000000400, 0.2050386854289296956 ) ) ;
#1808 = VECTOR ( 'NONE', #8229, 1000.000000000000000 ) ;
#1809 = ORIENTED_EDGE ( 'NONE', *, *, #1861, .T. ) ;
#1810 = ORIENTED_EDGE ( 'NONE', *, *, #6098, .F. ) ;
#1811 = FILL_AREA_STYLE ('',( #4101 ) ) ;
#1812 = ORIENTED_EDGE ( 'NONE', *, *, #215, .F. ) ;
#1813 = CARTESIAN_POINT ( 'NONE',  ( 1.823039309683916587, 0.4349387915263127069, 0.1470240982454628087 ) ) ;
#1814 = SURFACE_STYLE_USAGE ( .BOTH. , #6223 ) ;
#1815 = PRESENTATION_STYLE_ASSIGNMENT (( #5502 ) ) ;
#1816 =( NAMED_UNIT ( * ) SI_UNIT ( $, .STERADIAN. ) SOLID_ANGLE_UNIT ( ) );
#1817 =( NAMED_UNIT ( * ) PLANE_ANGLE_UNIT ( ) SI_UNIT ( $, .RADIAN. ) );
#1818 = COLOUR_RGB ( '',1.000000000000000000, 1.000000000000000000, 1.000000000000000000 ) ;
#1819 = VECTOR ( 'NONE', #4841, 1000.000000000000000 ) ;
#1820 =( GEOMETRIC_REPRESENTATION_CONTEXT ( 3 ) GLOBAL_UNCERTAINTY_ASSIGNED_CONTEXT ( ( #5018 ) ) GLOBAL_UNIT_ASSIGNED_CONTEXT ( ( #6751, #9010, #865 ) ) REPRESENTATION_CONTEXT ( 'NONE', 'WORKASPACE' ) );
#1821 = STYLED_ITEM ( 'NONE', ( #6392 ), #907 ) ;
#1822 = CARTESIAN_POINT ( 'NONE',  ( -2.375000000000000444, -2.107499999999998153, 3.438657603519049617E-16 ) ) ;
#1823 = EDGE_LOOP ( 'NONE', ( #5161, #2696, #9052, #6713 ) ) ;
#1824 = MECHANICAL_DESIGN_GEOMETRIC_PRESENTATION_REPRESENTATION (  '', ( #6912 ), #4158 ) ;
#1825 = CARTESIAN_POINT ( 'NONE',  ( 2.212181053090767069, 0.3500000000000000333, 0.1710270804468144445 ) ) ;
#1826 = LINE ( 'NONE', #9316, #6792 ) ;
#1827 = EDGE_LOOP ( 'NONE', ( #1089, #3284, #9106, #1907, #5499, #5600, #2989, #1733 ) ) ;
#1828 = VERTEX_POINT ( 'NONE', #1183 ) ;
#1829 = CARTESIAN_POINT ( 'NONE',  ( 1.830358950793623762, -0.3122551074018959927, 0.1653232010197305535 ) ) ;
#1830 = PRESENTATION_STYLE_ASSIGNMENT (( #8484 ) ) ;
#1831 = VECTOR ( 'NONE', #8121, 1000.000000000000114 ) ;
#1832 = DIRECTION ( 'NONE',  ( -0.3493920875812834281, 0.3390537954853688474, -0.8734802189532161476 ) ) ;
#1833 = DIRECTION ( 'NONE',  ( 3.608224830031759249E-16, 1.000000000000000000, -1.117179326706309062E-16 ) ) ;
#1834 = ORIENTED_EDGE ( 'NONE', *, *, #8762, .F. ) ;
#1835 = DIRECTION ( 'NONE',  ( 0.9284766908852604139, -0.000000000000000000, -0.3713906763541007794 ) ) ;
#1836 = CIRCLE ( 'NONE', #5092, 0.1600000000000000033 ) ;
#1837 = EDGE_CURVE ( 'NONE', #8803, #127, #8611, .T. ) ;
#1838 =( GEOMETRIC_REPRESENTATION_CONTEXT ( 3 ) GLOBAL_UNCERTAINTY_ASSIGNED_CONTEXT ( ( #9574 ) ) GLOBAL_UNIT_ASSIGNED_CONTEXT ( ( #7626, #3076, #6072 ) ) REPRESENTATION_CONTEXT ( 'NONE', 'WORKASPACE' ) );
#1839 = EDGE_CURVE ( 'NONE', #3083, #1609, #3784, .T. ) ;
#1840 = VERTEX_POINT ( 'NONE', #9571 ) ;
#1841 = DIRECTION ( 'NONE',  ( 0.000000000000000000, -1.000000000000000000, 0.000000000000000000 ) ) ;
#1842 = FILL_AREA_STYLE ('',( #2623 ) ) ;
#1843 = VECTOR ( 'NONE', #3405, 1000.000000000000000 ) ;
#1844 = DIRECTION ( 'NONE',  ( -0.3713906763541009459, 0.000000000000000000, -0.9284766908852605249 ) ) ;
#1845 = VECTOR ( 'NONE', #6767, 1000.000000000000000 ) ;
#1846 = CARTESIAN_POINT ( 'NONE',  ( 1.921964447446121049, 0.4455382208589459547, 0.3674111186153046771 ) ) ;
#1847 = LINE ( 'NONE', #8457, #8355 ) ;
#1848 = MECHANICAL_DESIGN_GEOMETRIC_PRESENTATION_REPRESENTATION (  '', ( #3406 ), #5866 ) ;
#1849 = PRESENTATION_STYLE_ASSIGNMENT (( #7809 ) ) ;
#1850 = FILL_AREA_STYLE_COLOUR ( '', #2118 ) ;
#1851 = AXIS2_PLACEMENT_3D ( 'NONE', #1106, #7004, #7049 ) ;
#1852 = CARTESIAN_POINT ( 'NONE',  ( 2.212181053090767069, -0.9200000000000000400, 0.1710270804468144445 ) ) ;
#1853 = VERTEX_POINT ( 'NONE', #2920 ) ;
#1854 =( LENGTH_UNIT ( ) NAMED_UNIT ( * ) SI_UNIT ( .MILLI., .METRE. ) );
#1855 = CARTESIAN_POINT ( 'NONE',  ( 1.853768149623908235, -0.1022405680955968399, 0.1969203740597695040 ) ) ;
#1856 = LINE ( 'NONE', #1033, #2518 ) ;
#1857 =( NAMED_UNIT ( * ) SI_UNIT ( $, .STERADIAN. ) SOLID_ANGLE_UNIT ( ) );
#1858 = DIRECTION ( 'NONE',  ( 0.000000000000000000, -1.000000000000000000, 0.000000000000000000 ) ) ;
#1859 = CARTESIAN_POINT ( 'NONE',  ( 1.812169338668674579, 0.7671224805507027567, 0.1198491707073576495 ) ) ;
#1860 = VECTOR ( 'NONE', #5907, 1000.000000000000000 ) ;
#1861 = EDGE_CURVE ( 'NONE', #7985, #5568, #799, .T. ) ;
#1862 = SURFACE_SIDE_STYLE ('',( #9349 ) ) ;
#1863 = ORIENTED_EDGE ( 'NONE', *, *, #71, .F. ) ;
#1864 = ORIENTED_EDGE ( 'NONE', *, *, #9235, .T. ) ;
#1865 = EDGE_LOOP ( 'NONE', ( #3477, #6857, #6208, #2216, #1180, #5518, #7561, #2410, #6782, #7735 ) ) ;
#1866 =( NAMED_UNIT ( * ) SI_UNIT ( $, .STERADIAN. ) SOLID_ANGLE_UNIT ( ) );
#1867 = DIRECTION ( 'NONE',  ( 0.9976723927324270269, -1.463531740886934826E-16, -0.06818941838404175837 ) ) ;
#1868 = CARTESIAN_POINT ( 'NONE',  ( 2.235025199989362221, -0.9200000000000000400, 0.5224701013908927827 ) ) ;
#1869 = CARTESIAN_POINT ( 'NONE',  ( 1.781319529336187202, 0.4250000000000001554, 0.4624701013908927849 ) ) ;
#1870 = CARTESIAN_POINT ( 'NONE',  ( 2.483214825035667594, -0.3500000000000000333, 0.2050386854289296401 ) ) ;
#1871 =( LENGTH_UNIT ( ) NAMED_UNIT ( * ) SI_UNIT ( .MILLI., .METRE. ) );
#1872 = EDGE_LOOP ( 'NONE', ( #2777, #3914, #9460, #5036 ) ) ;
#1873 = DIRECTION ( 'NONE',  ( 0.9284766908852605249, 0.000000000000000000, -0.3713906763541009459 ) ) ;
#1874 = EDGE_CURVE ( 'NONE', #1828, #6833, #2085, .T. ) ;
#1875 =( GEOMETRIC_REPRESENTATION_CONTEXT ( 3 ) GLOBAL_UNCERTAINTY_ASSIGNED_CONTEXT ( ( #3259 ) ) GLOBAL_UNIT_ASSIGNED_CONTEXT ( ( #1069, #9178, #8354 ) ) REPRESENTATION_CONTEXT ( 'NONE', 'WORKASPACE' ) );
#1876 = CARTESIAN_POINT ( 'NONE',  ( 1.924945287951810080, 0.4472291878677761012, 0.4017890439151989845 ) ) ;
#1877 = ORIENTED_EDGE ( 'NONE', *, *, #1265, .T. ) ;
#1878 = ORIENTED_EDGE ( 'NONE', *, *, #2175, .F. ) ;
#1879 = FILL_AREA_STYLE_COLOUR ( '', #2744 ) ;
#1880 = CARTESIAN_POINT ( 'NONE',  ( 1.833569594104932143, -0.3146038914005168108, 0.1733498092980021443 ) ) ;
#1881 = FILL_AREA_STYLE_COLOUR ( '', #7076 ) ;
#1882 = DIRECTION ( 'NONE',  ( 1.000000000000000000, -2.098455817713879566E-16, 0.000000000000000000 ) ) ;
#1883 = VECTOR ( 'NONE', #2685, 1000.000000000000000 ) ;
#1884 = DIRECTION ( 'NONE',  ( 0.3481553119113933725, 0.3481553119113923178, -0.8703882797784914249 ) ) ;
#1885 = EDGE_LOOP ( 'NONE', ( #3848, #2268, #2732, #5565 ) ) ;
#1886 = CARTESIAN_POINT ( 'NONE',  ( 1.825756802437726423, -0.3099735560346631447, 0.1538178301299892026 ) ) ;
#1887 = ORIENTED_EDGE ( 'NONE', *, *, #5330, .T. ) ;
#1888 =( NAMED_UNIT ( * ) SI_UNIT ( $, .STERADIAN. ) SOLID_ANGLE_UNIT ( ) );
#1889 = SURFACE_STYLE_USAGE ( .BOTH. , #5625 ) ;
#1890 = UNCERTAINTY_MEASURE_WITH_UNIT (LENGTH_MEASURE( 1.000000000000000082E-05 ), #2476, 'distance_accuracy_value', 'NONE');
#1891 = CARTESIAN_POINT ( 'NONE',  ( -2.175000000000000266, -0.8499999999999994227, 0.2700000000000001843 ) ) ;
#1892 = PRESENTATION_LAYER_ASSIGNMENT (  '', '', ( #504 ) ) ;
#1893 = CARTESIAN_POINT ( 'NONE',  ( 1.861084208237263393, 0.1598054073799710928, 0.2421363446288309074 ) ) ;
#1894 = ADVANCED_FACE ( 'NONE', ( #4419 ), #4471, .F. ) ;
#1895 = DIRECTION ( 'NONE',  ( 1.447921622090529492E-16, 1.000000000000000000, -2.498792926766732971E-16 ) ) ;
#1896 =( LENGTH_UNIT ( ) NAMED_UNIT ( * ) SI_UNIT ( .MILLI., .METRE. ) );
#1897 = SURFACE_STYLE_USAGE ( .BOTH. , #7071 ) ;
#1898 = CYLINDRICAL_SURFACE ( 'NONE', #5198, 0.3300000000000000155 ) ;
#1899 = FILL_AREA_STYLE_COLOUR ( '', #2638 ) ;
#1900 = CARTESIAN_POINT ( 'NONE',  ( 1.871055757149018062, -0.1142953091791326092, 0.2401393928725442661 ) ) ;
#1901 = DIRECTION ( 'NONE',  ( 1.000000000000000000, 0.000000000000000000, -0.000000000000000000 ) ) ;
#1902 = UNCERTAINTY_MEASURE_WITH_UNIT (LENGTH_MEASURE( 1.000000000000000082E-05 ), #1055, 'distance_accuracy_value', 'NONE');
#1903 = DIRECTION ( 'NONE',  ( 0.000000000000000000, 1.000000000000000000, -0.000000000000000000 ) ) ;
#1904 =( NAMED_UNIT ( * ) SI_UNIT ( $, .STERADIAN. ) SOLID_ANGLE_UNIT ( ) );
#1905 = ADVANCED_FACE ( 'NONE', ( #6688 ), #6784, .F. ) ;
#1906 = CARTESIAN_POINT ( 'NONE',  ( 1.918025513289326911, 0.3817746361060514459, 0.3575637832233196645 ) ) ;
#1907 = ORIENTED_EDGE ( 'NONE', *, *, #6054, .T. ) ;
#1908 = VERTEX_POINT ( 'NONE', #7722 ) ;
#1909 = FILL_AREA_STYLE_COLOUR ( '', #9484 ) ;
#1910 = ORIENTED_EDGE ( 'NONE', *, *, #8185, .F. ) ;
#1911 = CARTESIAN_POINT ( 'NONE',  ( 1.839286207057148292, 0.4995138093139454560, 0.1607155176428702870 ) ) ;
#1912 = CARTESIAN_POINT ( 'NONE',  ( -2.875000000000001332, -1.807499999999998552, 3.103503805507157145E-16 ) ) ;
#1913 = DIRECTION ( 'NONE',  ( 0.000000000000000000, 0.000000000000000000, -1.000000000000000000 ) ) ;
#1914 = DIRECTION ( 'NONE',  ( 2.431469460965331377E-17, 1.000000000000000000, -2.416448376553358183E-16 ) ) ;
#1915 = SURFACE_STYLE_USAGE ( .BOTH. , #7092 ) ;
#1916 = CARTESIAN_POINT ( 'NONE',  ( 2.540318690028105397, 0.9200000000000000400, 0.2060369536996491391 ) ) ;
#1917 = ORIENTED_EDGE ( 'NONE', *, *, #672, .T. ) ;
#1918 = MECHANICAL_DESIGN_GEOMETRIC_PRESENTATION_REPRESENTATION (  '', ( #5026 ), #8097 ) ;
#1919 = CARTESIAN_POINT ( 'NONE',  ( -1.575000000000000400, -0.8499999999999997558, 0.2700000000000001843 ) ) ;
#1920 = DIRECTION ( 'NONE',  ( -1.000000000000000000, 6.994852725712931474E-17, 0.000000000000000000 ) ) ;
#1921 = ORIENTED_EDGE ( 'NONE', *, *, #808, .T. ) ;
#1922 = DIRECTION ( 'NONE',  ( -1.447921622090529985E-16, -1.000000000000000000, 1.117179326706309308E-16 ) ) ;
#1923 = CARTESIAN_POINT ( 'NONE',  ( 1.781319529336187202, -0.9199999999999998179, 0.4624701013908927849 ) ) ;
#1924 = LINE ( 'NONE', #2699, #6003 ) ;
#1925 = DIRECTION ( 'NONE',  ( 0.06818941838404206368, 1.789660620253715096E-17, 0.9976723927324269159 ) ) ;
#1926 = B_SPLINE_SURFACE_WITH_KNOTS ( 'NONE', 3, 1, ( 
 ( #5256, #3703 ),
 ( #3017, #2828 ),
 ( #3648, #9579 ),
 ( #2926, #67 ),
 ( #8107, #5117 ),
 ( #7435, #8890 ),
 ( #1458, #2239 ),
 ( #8070, #20 ),
 ( #8155, #5881 ),
 ( #5199, #2291 ),
 ( #1374, #4526 ),
 ( #2096, #4344 ),
 ( #4384, #2151 ),
 ( #7288, #4425 ),
 ( #4479, #805 ),
 ( #3746, #8213 ),
 ( #6693, #8850 ),
 ( #7377, #7476 ),
 ( #657, #750 ) ),
 .UNSPECIFIED., .F., .F., .F.,
 ( 4, 1, 1, 1, 1, 1, 1, 1, 1, 1, 1, 1, 1, 1, 1, 1, 4 ),
 ( 2, 2 ),
 ( 0.000000000000000000, 0.06807022544602460423, 0.1334304311243614538, 0.1961504414953039455, 0.2571279473187740305, 0.3168673125347749031, 0.3761731906999618014, 0.4359476605849035291, 0.4965239232888284948, 0.5574553990935482428, 0.6176782722867170117, 0.6779364036295145723, 0.7387994153869100744, 0.8009448638132560250, 0.8648116296622976318, 0.9310232311067554445, 1.000000000000000000 ),
 ( 0.000000000000000000, 1.000000000000000000 ),
 .UNSPECIFIED. ) ;
#1927 =( GEOMETRIC_REPRESENTATION_CONTEXT ( 3 ) GLOBAL_UNCERTAINTY_ASSIGNED_CONTEXT ( ( #4035 ) ) GLOBAL_UNIT_ASSIGNED_CONTEXT ( ( #5372, #6676, #3110 ) ) REPRESENTATION_CONTEXT ( 'NONE', 'WORKASPACE' ) );
#1928 =( NAMED_UNIT ( * ) SI_UNIT ( $, .STERADIAN. ) SOLID_ANGLE_UNIT ( ) );
#1929 = EDGE_CURVE ( 'NONE', #7108, #3077, #3310, .T. ) ;
#1930 = CARTESIAN_POINT ( 'NONE',  ( 1.780853464843130451, 1.620000000000000329, 0.4556511595524886382 ) ) ;
#1931 = ORIENTED_EDGE ( 'NONE', *, *, #363, .T. ) ;
#1932 = FACE_OUTER_BOUND ( 'NONE', #8470, .T. ) ;
#1933 = CARTESIAN_POINT ( 'NONE',  ( 1.923586541574904940, 0.6134639439653368775, 0.3983921779729356905 ) ) ;
#1934 = ORIENTED_EDGE ( 'NONE', *, *, #6093, .T. ) ;
#1935 = CARTESIAN_POINT ( 'NONE',  ( 1.821454105577527294, 0.7268785781116783307, 0.1161352639438166245 ) ) ;
#1936 = DIRECTION ( 'NONE',  ( -0.3713906763541008349, 0.000000000000000000, -0.9284766908852605249 ) ) ;
#1937 = LINE ( 'NONE', #2034, #7804 ) ;
#1938 = CARTESIAN_POINT ( 'NONE',  ( 1.796356200846564111, -0.8449999999999998623, 0.6824701013908928138 ) ) ;
#1939 = PLANE ( 'NONE',  #2591 ) ;
#1940 =( NAMED_UNIT ( * ) PLANE_ANGLE_UNIT ( ) SI_UNIT ( $, .RADIAN. ) );
#1941 = PRESENTATION_STYLE_ASSIGNMENT (( #5765 ) ) ;
#1942 = CARTESIAN_POINT ( 'NONE',  ( 2.517749029844000397, -0.9200000000000000400, 0.7103050971205200348 ) ) ;
#1943 = VECTOR ( 'NONE', #134, 1000.000000000000000 ) ;
#1944 = CARTESIAN_POINT ( 'NONE',  ( 1.828484938023480222, -0.05546676313905744837, 0.1606381690943736729 ) ) ;
#1945 = CARTESIAN_POINT ( 'NONE',  ( 1.923586541574904940, -0.1767799584736875484, 0.3983921779729356905 ) ) ;
#1946 = CARTESIAN_POINT ( 'NONE',  ( 1.826846724063575733, -0.1102557569507484764, 0.1565426341946099809 ) ) ;
#1947 = CARTESIAN_POINT ( 'NONE',  ( 1.932871308483757433, 0.6134639439653368775, 0.3946782712093946377 ) ) ;
#1948 = EDGE_CURVE ( 'NONE', #6234, #4972, #4651, .T. ) ;
#1949 = AXIS2_PLACEMENT_3D ( 'NONE', #1186, #412, #9155 ) ;
#1950 = CARTESIAN_POINT ( 'NONE',  ( 1.911718168123277106, -0.07521565093198097351, 0.3417954203081937647 ) ) ;
#1951 = EDGE_CURVE ( 'NONE', #6518, #1840, #987, .T. ) ;
#1952 = ADVANCED_FACE ( 'NONE', ( #5438 ), #8511, .T. ) ;
#1953 = VERTEX_POINT ( 'NONE', #8366 ) ;
#1955 = VERTEX_POINT ( 'NONE', #8460 ) ;
#1954 = EDGE_CURVE ( 'NONE', #1743, #5981, #9173, .T. ) ;
#1956 = CARTESIAN_POINT ( 'NONE',  ( 2.181086225569887738, -0.9200000000000000400, 0.4624701013908927294 ) ) ;
#1957 = PRESENTATION_STYLE_ASSIGNMENT (( #4282 ) ) ;
#1958 = COLOUR_RGB ( '',1.000000000000000000, 1.000000000000000000, 1.000000000000000000 ) ;
#1959 = DIRECTION ( 'NONE',  ( 1.000000000000000000, 1.097926250618232396E-16, 0.000000000000000000 ) ) ;
#1960 = CARTESIAN_POINT ( 'NONE',  ( 1.681086225569887960, -0.4249999999999999334, 0.4624701013908926739 ) ) ;
#1961 =( LENGTH_UNIT ( ) NAMED_UNIT ( * ) SI_UNIT ( .MILLI., .METRE. ) );
#1962 = CARTESIAN_POINT ( 'NONE',  ( 1.835065705844689754, 0.3894967754400158744, 0.1501642646117231916 ) ) ;
#1963 = CARTESIAN_POINT ( 'NONE',  ( 1.796356200846564111, -0.3499999999999999223, 0.6824701013908927028 ) ) ;
#1964 = ORIENTED_EDGE ( 'NONE', *, *, #4917, .F. ) ;
#1965 = PRESENTATION_LAYER_ASSIGNMENT (  '', '', ( #2734 ) ) ;
#1966 = FACE_OUTER_BOUND ( 'NONE', #5948, .T. ) ;
#1967 = CARTESIAN_POINT ( 'NONE',  ( 1.901634275411386854, 0.5785802008621927506, 0.3165856885284670796 ) ) ;
#1968 = VERTEX_POINT ( 'NONE', #7570 ) ;
#1969 = PRESENTATION_STYLE_ASSIGNMENT (( #8027 ) ) ;
#1970 = CARTESIAN_POINT ( 'NONE',  ( 1.812169338668674579, -0.2901945926200290016, 0.1198491707073576495 ) ) ;
#1971 = PRESENTATION_LAYER_ASSIGNMENT (  '', '', ( #6142 ) ) ;
#1972 = DIRECTION ( 'NONE',  ( 1.000000000000000000, 7.233796894823279667E-16, -9.570255004117577934E-32 ) ) ;
#1973 = CIRCLE ( 'NONE', #8332, 0.3300000000000000155 ) ;
#1974 = EDGE_CURVE ( 'NONE', #4002, #2967, #1402, .T. ) ;
#1975 = STYLED_ITEM ( 'NONE', ( #6723 ), #659 ) ;
#1976 =( NAMED_UNIT ( * ) PLANE_ANGLE_UNIT ( ) SI_UNIT ( $, .RADIAN. ) );
#1977 = ORIENTED_EDGE ( 'NONE', *, *, #8799, .T. ) ;
#1978 = LINE ( 'NONE', #3531, #3863 ) ;
#1979 = MECHANICAL_DESIGN_GEOMETRIC_PRESENTATION_REPRESENTATION (  '', ( #9415 ), #2123 ) ;
#1980 = MECHANICAL_DESIGN_GEOMETRIC_PRESENTATION_REPRESENTATION (  '', ( #1654 ), #6614 ) ;
#1981 = CARTESIAN_POINT ( 'NONE',  ( 1.830358950793623318, -0.3122551074018959927, 0.1653232010197307200 ) ) ;
#1982 = PRESENTATION_LAYER_ASSIGNMENT (  '', '', ( #8646 ) ) ;
#1983 = ORIENTED_EDGE ( 'NONE', *, *, #7120, .T. ) ;
#1984 = CARTESIAN_POINT ( 'NONE',  ( 1.832493004971225359, 0.5338714812122425935, 0.1437325124280606492 ) ) ;
#1985 = SURFACE_STYLE_FILL_AREA ( #6825 ) ;
#1986 = SURFACE_STYLE_USAGE ( .BOTH. , #3447 ) ;
#1987 = STYLED_ITEM ( 'NONE', ( #2964 ), #1167 ) ;
#1988 = AXIS2_PLACEMENT_3D ( 'NONE', #5793, #1385, #7297 ) ;
#1989 = SURFACE_SIDE_STYLE ('',( #8637 ) ) ;
#1990 = DIRECTION ( 'NONE',  ( -1.000000000000000000, 1.447921622090530231E-16, 1.249000902703301108E-16 ) ) ;
#1991 = CIRCLE ( 'NONE', #2925, 0.3300000000000000155 ) ;
#1992 = CARTESIAN_POINT ( 'NONE',  ( 2.378862465107961288, 1.620000000000000107, 0.6824701013908928138 ) ) ;
#1993 = CARTESIAN_POINT ( 'NONE',  ( 1.827830608835617099, 0.4901864121143290620, 0.1590023461247133119 ) ) ;
#1994 = CARTESIAN_POINT ( 'NONE',  ( -1.375000000000000444, 1.050000000000000044, 0.2699999999999999623 ) ) ;
#1995 = COLOUR_RGB ( '',1.000000000000000000, 1.000000000000000000, 1.000000000000000000 ) ;
#1996 = UNCERTAINTY_MEASURE_WITH_UNIT (LENGTH_MEASURE( 1.000000000000000082E-05 ), #1574, 'distance_accuracy_value', 'NONE');
#1997 = CARTESIAN_POINT ( 'NONE',  ( 1.820104645204514648, 0.4317937211440443512, 0.1127616130112867182 ) ) ;
#1998 = DIRECTION ( 'NONE',  ( -0.06818941838404181388, -1.789660620253718485E-17, -0.9976723927324270269 ) ) ;
#1999 = DIRECTION ( 'NONE',  ( -0.1060905250085903556, 4.303867851713705188E-17, 0.9943564755676919109 ) ) ;
#2000 = VECTOR ( 'NONE', #4889, 1000.000000000000114 ) ;
#2001 = FILL_AREA_STYLE_COLOUR ( '', #6096 ) ;
#2002 = MECHANICAL_DESIGN_GEOMETRIC_PRESENTATION_REPRESENTATION (  '', ( #2928 ), #8821 ) ;
#2003 = SURFACE_STYLE_FILL_AREA ( #3638 ) ;
#2004 = ORIENTED_EDGE ( 'NONE', *, *, #1789, .F. ) ;
#2005 =( NAMED_UNIT ( * ) PLANE_ANGLE_UNIT ( ) SI_UNIT ( $, .RADIAN. ) );
#2006 = EDGE_LOOP ( 'NONE', ( #5838, #6503, #3919, #2418 ) ) ;
#2007 = SURFACE_STYLE_FILL_AREA ( #1278 ) ;
#2008 = SURFACE_STYLE_FILL_AREA ( #5695 ) ;
#2009 = PLANE ( 'NONE',  #2254 ) ;
#2010 = VECTOR ( 'NONE', #7834, 1000.000000000000000 ) ;
#2011 = CARTESIAN_POINT ( 'NONE',  ( -2.374999999999999112, 2.107500000000000817, -1.270253258548042721E-16 ) ) ;
#2012 = DIRECTION ( 'NONE',  ( 0.000000000000000000, -1.000000000000000000, 0.000000000000000000 ) ) ;
#2013 = FILL_AREA_STYLE ('',( #1192 ) ) ;
#2014 = CARTESIAN_POINT ( 'NONE',  ( 1.889514668628259120, -0.1025650803640813374, 0.3132124956063193633 ) ) ;
#2015 = VERTEX_POINT ( 'NONE', #7211 ) ;
#2016 = VECTOR ( 'NONE', #2497, 1000.000000000000227 ) ;
#2017 = CARTESIAN_POINT ( 'NONE',  ( -2.775000000000000355, -2.107499999999998597, 0.2700000000000002953 ) ) ;
#2018 = ORIENTED_EDGE ( 'NONE', *, *, #6630, .T. ) ;
#2019 = COLOUR_RGB ( '',1.000000000000000000, 1.000000000000000000, 1.000000000000000000 ) ;
#2020 = SURFACE_STYLE_USAGE ( .BOTH. , #3434 ) ;
#2021 = LINE ( 'NONE', #4072, #4767 ) ;
#2022 = PLANE ( 'NONE',  #9324 ) ;
#2023 = CARTESIAN_POINT ( 'NONE',  ( 1.933287280377561368, 0.4124710443246425995, 0.3957182009439038084 ) ) ;
#2024 = CIRCLE ( 'NONE', #7438, 0.1599999999999999756 ) ;
#2025 = ORIENTED_EDGE ( 'NONE', *, *, #2783, .T. ) ;
#2026 = STYLED_ITEM ( 'NONE', ( #6247 ), #2148 ) ;
#2027 = DIRECTION ( 'NONE',  ( -1.447921622090529492E-16, -1.000000000000000000, 2.498792926766732971E-16 ) ) ;
#2028 = SURFACE_SIDE_STYLE ('',( #4360 ) ) ;
#2029 = CARTESIAN_POINT ( 'NONE',  ( 1.903725806575860435, 0.5109109598665854124, 0.3487403404753249281 ) ) ;
#2030 = EDGE_CURVE ( 'NONE', #7425, #4245, #4906, .T. ) ;
#2031 = CARTESIAN_POINT ( 'NONE',  ( 1.801604165149131243, 2.115000000000000213, 0.7592525293217018412 ) ) ;
#2032 = FILL_AREA_STYLE ('',( #2572 ) ) ;
#2033 = ADVANCED_FACE ( 'NONE', ( #8643 ), #7998, .F. ) ;
#2034 = CARTESIAN_POINT ( 'NONE',  ( -2.175000000000000266, 1.050000000000000266, -8.883612055612035815E-18 ) ) ;
#2035 = SURFACE_SIDE_STYLE ('',( #4408 ) ) ;
#2036 =( NAMED_UNIT ( * ) PLANE_ANGLE_UNIT ( ) SI_UNIT ( $, .RADIAN. ) );
#2037 = FILL_AREA_STYLE ('',( #4224 ) ) ;
#2038 = SURFACE_STYLE_FILL_AREA ( #596 ) ;
#2039 = CARTESIAN_POINT ( 'NONE',  ( 1.846023555271611549, 0.5356109366806190986, 0.2044847122147001317 ) ) ;
#2040 = SURFACE_SIDE_STYLE ('',( #7172 ) ) ;
#2041 = COLOUR_RGB ( '',1.000000000000000000, 1.000000000000000000, 1.000000000000000000 ) ;
#2042 = FACE_OUTER_BOUND ( 'NONE', #1375, .T. ) ;
#2043 = CARTESIAN_POINT ( 'NONE',  ( 1.844142519712420158, -0.1298463881596779446, 0.1728562992810488974 ) ) ;
#2044 = DIRECTION ( 'NONE',  ( 0.06818941838404181388, 1.789660620253719718E-17, 0.9976723927324270269 ) ) ;
#2045 = EDGE_CURVE ( 'NONE', #5269, #2256, #6044, .T. ) ;
#2046 = EDGE_LOOP ( 'NONE', ( #6128, #8447, #3163, #8855 ) ) ;
#2047 = SURFACE_STYLE_FILL_AREA ( #1366 ) ;
#2048 = ORIENTED_EDGE ( 'NONE', *, *, #7555, .F. ) ;
#2049 = CARTESIAN_POINT ( 'NONE',  ( 1.863760426079144716, 0.5434191798310895605, 0.2219010651978622073 ) ) ;
#2050 = FACE_OUTER_BOUND ( 'NONE', #5265, .T. ) ;
#2051 = PRESENTATION_LAYER_ASSIGNMENT (  '', '', ( #6237 ) ) ;
#2052 = CARTESIAN_POINT ( 'NONE',  ( 1.801604165149131243, 1.620000000000000329, 0.7592525293217020632 ) ) ;
#2053 = DIRECTION ( 'NONE',  ( -0.1060905250085902862, 4.303867851713703955E-17, 0.9943564755676917999 ) ) ;
#2054 = CARTESIAN_POINT ( 'NONE',  ( 0.000000000000000000, -1.799775028121500808, 0.9899999999999999911 ) ) ;
#2055 = CARTESIAN_POINT ( 'NONE',  ( 1.796356200846564111, 0.3500000000000001443, 0.6824701013908929248 ) ) ;
#2056 = PLANE ( 'NONE',  #119 ) ;
#2057 = ORIENTED_EDGE ( 'NONE', *, *, #8112, .T. ) ;
#2058 = PLANE ( 'NONE',  #7263 ) ;
#2059 = CARTESIAN_POINT ( 'NONE',  ( 1.892349508502534139, 0.5785802008621927506, 0.3202995952920080769 ) ) ;
#2060 = ORIENTED_EDGE ( 'NONE', *, *, #7098, .T. ) ;
#2061 = PRESENTATION_STYLE_ASSIGNMENT (( #2884 ) ) ;
#2062 = CARTESIAN_POINT ( 'NONE',  ( 1.830172728162668960, 0.3646834561604590519, 0.1648576444423442422 ) ) ;
#2063 = SURFACE_SIDE_STYLE ('',( #1472 ) ) ;
#2064 = COLOUR_RGB ( '',1.000000000000000000, 1.000000000000000000, 1.000000000000000000 ) ;
#2065 = SURFACE_STYLE_USAGE ( .BOTH. , #8676 ) ;
#2066 = ORIENTED_EDGE ( 'NONE', *, *, #2487, .F. ) ;
#2067 = ADVANCED_FACE ( 'NONE', ( #5635, #7863, #548, #3353, #6307, #1270 ), #7917, .T. ) ;
#2068 = LINE ( 'NONE', #5718, #5576 ) ;
#2069 = VECTOR ( 'NONE', #5672, 1000.000000000000227 ) ;
#2070 = STYLED_ITEM ( 'NONE', ( #6981 ), #159 ) ;
#2071 = ADVANCED_FACE ( 'NONE', ( #8246 ), #1405, .F. ) ;
#2072 = EDGE_CURVE ( 'NONE', #5568, #3251, #4506, .T. ) ;
#2073 = FILL_AREA_STYLE ('',( #8132 ) ) ;
#2074 = CIRCLE ( 'NONE', #2552, 0.3300000000000000155 ) ;
#2075 = EDGE_CURVE ( 'NONE', #2996, #1693, #7464, .T. ) ;
#2076 = CARTESIAN_POINT ( 'NONE',  ( -2.375000000000000444, -2.007499999999998508, 3.326939670848418957E-16 ) ) ;
#2077 = DIRECTION ( 'NONE',  ( -0.9943564755676919109, 1.410220274669976605E-16, -0.1060905250085903140 ) ) ;
#2078 = CARTESIAN_POINT ( 'NONE',  ( 1.850115088015558573, 0.5400113300577781272, 0.2147135440745670809 ) ) ;
#2079 = CARTESIAN_POINT ( 'NONE',  ( 1.866795189102693264, -0.1145848365224679255, 0.2564137967924057238 ) ) ;
#2080 = UNCERTAINTY_MEASURE_WITH_UNIT (LENGTH_MEASURE( 1.000000000000000082E-05 ), #7929, 'distance_accuracy_value', 'NONE');
#2081 = LINE ( 'NONE', #1640, #4931 ) ;
#2082 = CARTESIAN_POINT ( 'NONE',  ( 1.864456991410381237, -0.1547095915088436691, 0.2505683025616253778 ) ) ;
#2083 = EDGE_CURVE ( 'NONE', #3301, #422, #2910, .T. ) ;
#2084 = CARTESIAN_POINT ( 'NONE',  ( 2.241557824824784273, -2.189999999999999947, -0.1043130896826914844 ) ) ;
#2085 = B_SPLINE_CURVE_WITH_KNOTS ( 'NONE', 3,
 ( #8098, #111, #5189, #3068, #8149, #741, #1603, #7427, #5872, #8256, #8788, #894, #7322, #7370, #1453, #3697, #5148, #8842, #2193 ),
 .UNSPECIFIED., .F., .F.,
 ( 4, 1, 1, 1, 1, 1, 1, 1, 1, 1, 1, 1, 1, 1, 1, 1, 4 ),
 ( 0.000000000000000000, 0.06863281452251160375, 0.1345696734730734978, 0.1983328812253323803, 0.2607959826476435872, 0.3220068264360574362, 0.3827308687972293400, 0.4435480458920917912, 0.5051454695004216067, 0.5662273706519538319, 0.6261207880494007449, 0.6853656576789715071, 0.7449101527780606080, 0.8054112038394396489, 0.8676331114143822631, 0.9323061688368518007, 1.000000000000000000 ),
 .UNSPECIFIED. ) ;
#2086 = DIRECTION ( 'NONE',  ( 1.000000000000000000, 0.000000000000000000, 0.000000000000000000 ) ) ;
#2087 = EDGE_LOOP ( 'NONE', ( #9012, #6095, #4201, #1056 ) ) ;
#2088 = ADVANCED_FACE ( 'NONE', ( #3631 ), #1494, .T. ) ;
#2089 = CARTESIAN_POINT ( 'NONE',  ( 1.975000000000000089, -2.449999999999999734, 0.5000000000000047740 ) ) ;
#2090 = CARTESIAN_POINT ( 'NONE',  ( 2.739492600163652813, 0.9200000000000000400, 0.4129369826212096473 ) ) ;
#2091 = ADVANCED_FACE ( 'NONE', ( #8410 ), #4659, .T. ) ;
#2092 =( LENGTH_UNIT ( ) NAMED_UNIT ( * ) SI_UNIT ( .MILLI., .METRE. ) );
#2093 = UNCERTAINTY_MEASURE_WITH_UNIT (LENGTH_MEASURE( 1.000000000000000082E-05 ), #2, 'distance_accuracy_value', 'NONE');
#2094 = CYLINDRICAL_SURFACE ( 'NONE', #2434, 0.1999999999999998723 ) ;
#2095 =( NAMED_UNIT ( * ) SI_UNIT ( $, .STERADIAN. ) SOLID_ANGLE_UNIT ( ) );
#2096 = CARTESIAN_POINT ( 'NONE',  ( 1.914909287131268956, -0.08632325981206499799, 0.3766990418638465066 ) ) ;
#2097 = VERTEX_POINT ( 'NONE', #3258 ) ;
#2098 = CARTESIAN_POINT ( 'NONE',  ( 1.923586541574904940, 0.005060742745824760476, 0.3983921779729356905 ) ) ;
#2099 = AXIS2_PLACEMENT_3D ( 'NONE', #4516, #3776, #6724 ) ;
#2100 = AXIS2_PLACEMENT_3D ( 'NONE', #2465, #5418, #2517 ) ;
#2101 = CARTESIAN_POINT ( 'NONE',  ( 1.881283540952141564, 0.5877602933623627957, 0.2657088523803546321 ) ) ;
#2102 = VERTEX_POINT ( 'NONE', #2372 ) ;
#2103 = ORIENTED_EDGE ( 'NONE', *, *, #2075, .T. ) ;
#2104 =( GEOMETRIC_REPRESENTATION_CONTEXT ( 3 ) GLOBAL_UNCERTAINTY_ASSIGNED_CONTEXT ( ( #1433 ) ) GLOBAL_UNIT_ASSIGNED_CONTEXT ( ( #5633, #641, #7210 ) ) REPRESENTATION_CONTEXT ( 'NONE', 'WORKASPACE' ) );
#2105 = FILL_AREA_STYLE ('',( #7241 ) ) ;
#2106 = PLANE ( 'NONE',  #6619 ) ;
#2107 = FILL_AREA_STYLE_COLOUR ( '', #6317 ) ;
#2108 = UNCERTAINTY_MEASURE_WITH_UNIT (LENGTH_MEASURE( 1.000000000000000082E-05 ), #3788, 'distance_accuracy_value', 'NONE');
#2109 = PLANE ( 'NONE',  #4590 ) ;
#2110 = CARTESIAN_POINT ( 'NONE',  ( 2.378862465107961288, 0.9200000000000000400, 0.6824701013908925917 ) ) ;
#2111 = STYLED_ITEM ( 'NONE', ( #7729 ), #4817 ) ;
#2112 = COLOUR_RGB ( '',1.000000000000000000, 1.000000000000000000, 1.000000000000000000 ) ;
#2113 = CARTESIAN_POINT ( 'NONE',  ( 1.839427334322211616, -0.3067809204963437009, 0.1610683358055263192 ) ) ;
#2114 = ORIENTED_EDGE ( 'NONE', *, *, #9553, .F. ) ;
#2115 = CARTESIAN_POINT ( 'NONE',  ( 1.864034669196374061, -0.1522874956203999486, 0.2225866729909332375 ) ) ;
#2116 = CARTESIAN_POINT ( 'NONE',  ( 1.912698906415322142, 0.4380615921858540540, 0.3711730900739785288 ) ) ;
#2117 = COLOUR_RGB ( '',1.000000000000000000, 1.000000000000000000, 1.000000000000000000 ) ;
#2118 = COLOUR_RGB ( '',1.000000000000000000, 1.000000000000000000, 1.000000000000000000 ) ;
#2119 = STYLED_ITEM ( 'NONE', ( #3290 ), #4510 ) ;
#2120 = CARTESIAN_POINT ( 'NONE',  ( 1.927096636381910200, 0.3646834561604590519, 0.3802415909547763317 ) ) ;
#2121 = CARTESIAN_POINT ( 'NONE',  ( 1.917347135696592542, -0.1102850454782583201, 0.3558678392414837965 ) ) ;
#2122 = PRESENTATION_LAYER_ASSIGNMENT (  '', '', ( #5841 ) ) ;
#2123 =( GEOMETRIC_REPRESENTATION_CONTEXT ( 3 ) GLOBAL_UNCERTAINTY_ASSIGNED_CONTEXT ( ( #9081 ) ) GLOBAL_UNIT_ASSIGNED_CONTEXT ( ( #7525, #2493, #7625 ) ) REPRESENTATION_CONTEXT ( 'NONE', 'WORKASPACE' ) );
#2124 = EDGE_CURVE ( 'NONE', #7046, #3320, #9066, .T. ) ;
#2125 =( GEOMETRIC_REPRESENTATION_CONTEXT ( 3 ) GLOBAL_UNCERTAINTY_ASSIGNED_CONTEXT ( ( #2080 ) ) GLOBAL_UNIT_ASSIGNED_CONTEXT ( ( #7929, #5063, #2865 ) ) REPRESENTATION_CONTEXT ( 'NONE', 'WORKASPACE' ) );
#2126 = DIRECTION ( 'NONE',  ( 1.488806659628715785E-32, 1.117179326706309308E-16, 1.000000000000000000 ) ) ;
#2127 =( NAMED_UNIT ( * ) PLANE_ANGLE_UNIT ( ) SI_UNIT ( $, .RADIAN. ) );
#2128 = SURFACE_SIDE_STYLE ('',( #8191 ) ) ;
#2129 = CARTESIAN_POINT ( 'NONE',  ( 1.824990707348761010, -0.02266035243378160605, 0.1519025924075755041 ) ) ;
#2130 = PRESENTATION_LAYER_ASSIGNMENT (  '', '', ( #2911 ) ) ;
#2131 = PRESENTATION_LAYER_ASSIGNMENT (  '', '', ( #6469 ) ) ;
#2132 =( NAMED_UNIT ( * ) PLANE_ANGLE_UNIT ( ) SI_UNIT ( $, .RADIAN. ) );
#2133 = CARTESIAN_POINT ( 'NONE',  ( 1.830672232824847701, -0.1207273167959836552, 0.1661064060977915369 ) ) ;
#2134 = LINE ( 'NONE', #1629, #5521 ) ;
#2135 = MECHANICAL_DESIGN_GEOMETRIC_PRESENTATION_REPRESENTATION (  '', ( #7380 ), #5226 ) ;
#2136 =( LENGTH_UNIT ( ) NAMED_UNIT ( * ) SI_UNIT ( .MILLI., .METRE. ) );
#2137 = VECTOR ( 'NONE', #7592, 1000.000000000000227 ) ;
#2138 = SURFACE_SIDE_STYLE ('',( #8145 ) ) ;
#2139 = VECTOR ( 'NONE', #8262, 1000.000000000000000 ) ;
#2140 = DIRECTION ( 'NONE',  ( -0.000000000000000000, -0.000000000000000000, 1.000000000000000000 ) ) ;
#2141 = ORIENTED_EDGE ( 'NONE', *, *, #9133, .F. ) ;
#2142 =( NAMED_UNIT ( * ) SI_UNIT ( $, .STERADIAN. ) SOLID_ANGLE_UNIT ( ) );
#2143 = SURFACE_STYLE_FILL_AREA ( #6016 ) ;
#2144 = CARTESIAN_POINT ( 'NONE',  ( 1.875949789293106518, 0.5875765517206066324, 0.2793002972684392460 ) ) ;
#2145 = LINE ( 'NONE', #9573, #6284 ) ;
#2146 = CARTESIAN_POINT ( 'NONE',  ( 2.909998327955510611, 0.8474999999999999201, -0.1499999999999995226 ) ) ;
#2147 = VECTOR ( 'NONE', #1189, 1000.000000000000000 ) ;
#2148 = ADVANCED_FACE ( 'NONE', ( #7709 ), #8455, .F. ) ;
#2149 = LINE ( 'NONE', #2826, #5993 ) ;
#2150 = STYLED_ITEM ( 'NONE', ( #3680 ), #8436 ) ;
#2151 = CARTESIAN_POINT ( 'NONE',  ( 1.926871897804485867, -0.07303174634410218580, 0.3796797445112138902 ) ) ;
#2152 = ORIENTED_EDGE ( 'NONE', *, *, #678, .F. ) ;
#2153 = PRESENTATION_LAYER_ASSIGNMENT (  '', '', ( #2467 ) ) ;
#2154 = SURFACE_STYLE_FILL_AREA ( #660 ) ;
#2155 = CARTESIAN_POINT ( 'NONE',  ( 1.915291663213776641, 0.5586995679823562044, 0.3507291580344418791 ) ) ;
#2156 = EDGE_LOOP ( 'NONE', ( #2525, #3918, #557, #461, #3282, #4001 ) ) ;
#2157 = ORIENTED_EDGE ( 'NONE', *, *, #6390, .T. ) ;
#2158 = VERTEX_POINT ( 'NONE', #346 ) ;
#2159 = ORIENTED_EDGE ( 'NONE', *, *, #7948, .T. ) ;
#2160 = SURFACE_STYLE_USAGE ( .BOTH. , #5840 ) ;
#2161 =( GEOMETRIC_REPRESENTATION_CONTEXT ( 3 ) GLOBAL_UNCERTAINTY_ASSIGNED_CONTEXT ( ( #1902 ) ) GLOBAL_UNIT_ASSIGNED_CONTEXT ( ( #1055, #6281, #286 ) ) REPRESENTATION_CONTEXT ( 'NONE', 'WORKASPACE' ) );
#2162 = FILL_AREA_STYLE ('',( #2107 ) ) ;
#2163 = PRESENTATION_STYLE_ASSIGNMENT (( #9545 ) ) ;
#2164 =( NAMED_UNIT ( * ) SI_UNIT ( $, .STERADIAN. ) SOLID_ANGLE_UNIT ( ) );
#2165 = ORIENTED_EDGE ( 'NONE', *, *, #3745, .F. ) ;
#2166 = STYLED_ITEM ( 'NONE', ( #6333 ), #9064 ) ;
#2167 = EDGE_CURVE ( 'NONE', #4689, #1115, #3305, .T. ) ;
#2168 = AXIS2_PLACEMENT_3D ( 'NONE', #4854, #3349, #2673 ) ;
#2169 = CARTESIAN_POINT ( 'NONE',  ( 1.916603485680850039, 0.3729802685695861597, 0.3540087142021249300 ) ) ;
#2170 = CARTESIAN_POINT ( 'NONE',  ( 1.833682822969674220, 0.1524883342092393790, 0.1467070574241849112 ) ) ;
#2171 =( NAMED_UNIT ( * ) PLANE_ANGLE_UNIT ( ) SI_UNIT ( $, .RADIAN. ) );
#2172 = CARTESIAN_POINT ( 'NONE',  ( 1.890918264972735852, 0.5363651834637782612, 0.3167214864675136909 ) ) ;
#2173 = VECTOR ( 'NONE', #6865, 1000.000000000000114 ) ;
#2174 = PRESENTATION_LAYER_ASSIGNMENT (  '', '', ( #1556 ) ) ;
#2175 = EDGE_CURVE ( 'NONE', #6366, #4629, #4559, .T. ) ;
#2176 = FILL_AREA_STYLE_COLOUR ( '', #926 ) ;
#2177 = CARTESIAN_POINT ( 'NONE',  ( 2.378862465107961288, 1.620000000000000107, 0.6824701013908928138 ) ) ;
#2178 = AXIS2_PLACEMENT_3D ( 'NONE', #1759, #5401, #6219 ) ;
#2179 =( NAMED_UNIT ( * ) SI_UNIT ( $, .STERADIAN. ) SOLID_ANGLE_UNIT ( ) );
#2180 = DIRECTION ( 'NONE',  ( 0.000000000000000000, 0.000000000000000000, -1.000000000000000000 ) ) ;
#2181 =( LENGTH_UNIT ( ) NAMED_UNIT ( * ) SI_UNIT ( .MILLI., .METRE. ) );
#2182 = DIRECTION ( 'NONE',  ( 0.000000000000000000, -1.000000000000000000, 0.000000000000000000 ) ) ;
#2183 = UNCERTAINTY_MEASURE_WITH_UNIT (LENGTH_MEASURE( 1.000000000000000082E-05 ), #6017, 'distance_accuracy_value', 'NONE');
#2184 = PRESENTATION_STYLE_ASSIGNMENT (( #5911 ) ) ;
#2185 = ADVANCED_FACE ( 'NONE', ( #4600 ), #7586, .F. ) ;
#2186 = PRESENTATION_LAYER_ASSIGNMENT (  '', '', ( #9337 ) ) ;
#2187 = ADVANCED_FACE ( 'NONE', ( #76 ), #4576, .F. ) ;
#2188 = SURFACE_STYLE_FILL_AREA ( #3636 ) ;
#2189 = FILL_AREA_STYLE ('',( #796 ) ) ;
#2190 = PRESENTATION_STYLE_ASSIGNMENT (( #6453 ) ) ;
#2191 = COLOUR_RGB ( '',0.8509803921568627194, 0.8509803921568627194, 0.8509803921568627194 ) ;
#2192 = ORIENTED_EDGE ( 'NONE', *, *, #539, .T. ) ;
#2193 = CARTESIAN_POINT ( 'NONE',  ( 1.866476732920606008, -0.1548287389614922960, 0.2556176563371878041 ) ) ;
#2194 =( NAMED_UNIT ( * ) SI_UNIT ( $, .STERADIAN. ) SOLID_ANGLE_UNIT ( ) );
#2195 = ADVANCED_FACE ( 'NONE', ( #5348 ), #3753, .F. ) ;
#2196 = FILL_AREA_STYLE_COLOUR ( '', #5381 ) ;
#2197 = EDGE_CURVE ( 'NONE', #2201, #2334, #8320, .T. ) ;
#2198 = DIRECTION ( 'NONE',  ( 1.000000000000000000, -1.806425379650513412E-15, 1.869220423420277720E-31 ) ) ;
#2199 = SURFACE_STYLE_FILL_AREA ( #5067 ) ;
#2200 =( LENGTH_UNIT ( ) NAMED_UNIT ( * ) SI_UNIT ( .MILLI., .METRE. ) );
#2201 = VERTEX_POINT ( 'NONE', #4432 ) ;
#2202 = PRESENTATION_LAYER_ASSIGNMENT (  '', '', ( #6680 ) ) ;
#2203 = CYLINDRICAL_SURFACE ( 'NONE', #2781, 0.1999999999999999833 ) ;
#2204 = ADVANCED_FACE ( 'NONE', ( #3711 ), #2980, .F. ) ;
#2205 = FILL_AREA_STYLE_COLOUR ( '', #7117 ) ;
#2206 = ORIENTED_EDGE ( 'NONE', *, *, #245, .F. ) ;
#2207 = ORIENTED_EDGE ( 'NONE', *, *, #3115, .T. ) ;
#2208 = ORIENTED_EDGE ( 'NONE', *, *, #1948, .T. ) ;
#2209 = ORIENTED_EDGE ( 'NONE', *, *, #1347, .F. ) ;
#2210 =( NAMED_UNIT ( * ) SI_UNIT ( $, .STERADIAN. ) SOLID_ANGLE_UNIT ( ) );
#2211 = LINE ( 'NONE', #1329, #8808 ) ;
#2212 = CARTESIAN_POINT ( 'NONE',  ( 1.820350109483812595, 0.4149943487990441215, 0.1133752737095312796 ) ) ;
#2213 = UNCERTAINTY_MEASURE_WITH_UNIT (LENGTH_MEASURE( 1.000000000000000082E-05 ), #5441, 'distance_accuracy_value', 'NONE');
#2214 = LINE ( 'NONE', #1473, #7567 ) ;
#2215 = SURFACE_STYLE_FILL_AREA ( #3665 ) ;
#2216 = ORIENTED_EDGE ( 'NONE', *, *, #3275, .T. ) ;
#2217 = CARTESIAN_POINT ( 'NONE',  ( 1.907318718771997323, 0.3729802685695861597, 0.3577226209656659273 ) ) ;
#2218 = FACE_OUTER_BOUND ( 'NONE', #3135, .T. ) ;
#2219 = SURFACE_SIDE_STYLE ('',( #2412 ) ) ;
#2220 = SURFACE_SIDE_STYLE ('',( #2845 ) ) ;
#2221 = ADVANCED_FACE ( 'NONE', ( #5602 ), #2542, .F. ) ;
#2222 = AXIS2_PLACEMENT_3D ( 'NONE', #8738, #2859, #2086 ) ;
#2223 = CARTESIAN_POINT ( 'NONE',  ( 3.016585226210213744, -0.4225000000000001532, 0.6762103879284990793 ) ) ;
#2224 = DIRECTION ( 'NONE',  ( -0.06818941838404181388, -1.789660620253718794E-17, -0.9976723927324270269 ) ) ;
#2225 = CARTESIAN_POINT ( 'NONE',  ( 1.836306908880035893, 0.3809938024947299717, 0.1532672722000882337 ) ) ;
#2226 = ORIENTED_EDGE ( 'NONE', *, *, #2811, .T. ) ;
#2227 = SURFACE_STYLE_USAGE ( .BOTH. , #5910 ) ;
#2228 = CARTESIAN_POINT ( 'NONE',  ( 1.825780938935837261, 0.3894967754400158744, 0.1538781713752641889 ) ) ;
#2229 = COLOUR_RGB ( '',1.000000000000000000, 1.000000000000000000, 1.000000000000000000 ) ;
#2230 = MECHANICAL_DESIGN_GEOMETRIC_PRESENTATION_REPRESENTATION (  '', ( #2535 ), #7479 ) ;
#2231 = DIRECTION ( 'NONE',  ( 0.000000000000000000, -1.000000000000000000, 0.000000000000000000 ) ) ;
#2232 = ORIENTED_EDGE ( 'NONE', *, *, #8109, .T. ) ;
#2233 = DIRECTION ( 'NONE',  ( 1.488806659628715785E-32, 1.117179326706309308E-16, 1.000000000000000000 ) ) ;
#2234 = DIRECTION ( 'NONE',  ( -0.06818941838404181388, -1.789660620253718794E-17, -0.9976723927324270269 ) ) ;
#2235 = CARTESIAN_POINT ( 'NONE',  ( 1.835788172287819098, 0.5638672950501547598, 0.1788962547552202520 ) ) ;
#2236 = EDGE_CURVE ( 'NONE', #788, #7338, #7779, .T. ) ;
#2237 = CARTESIAN_POINT ( 'NONE',  ( 1.841252131057512065, -0.3056504859503476057, 0.1656303276437794680 ) ) ;
#2238 = DIRECTION ( 'NONE',  ( 2.431469460965331377E-17, 1.000000000000000000, -2.416448376553358183E-16 ) ) ;
#2239 = CARTESIAN_POINT ( 'NONE',  ( 1.904168588505464665, -0.1376903599197287775, 0.3229214712636627738 ) ) ;
#2240 = EDGE_LOOP ( 'NONE', ( #6052, #5262, #7676, #7086 ) ) ;
#2241 = EDGE_CURVE ( 'NONE', #5656, #5345, #5554, .T. ) ;
#2242 =( GEOMETRIC_REPRESENTATION_CONTEXT ( 3 ) GLOBAL_UNCERTAINTY_ASSIGNED_CONTEXT ( ( #8033 ) ) GLOBAL_UNIT_ASSIGNED_CONTEXT ( ( #5373, #1638, #8454 ) ) REPRESENTATION_CONTEXT ( 'NONE', 'WORKASPACE' ) );
#2243 = EDGE_CURVE ( 'NONE', #3943, #3709, #6364, .T. ) ;
#2244 =( LENGTH_UNIT ( ) NAMED_UNIT ( * ) SI_UNIT ( .MILLI., .METRE. ) );
#2245 = EDGE_CURVE ( 'NONE', #2102, #2977, #1046, .T. ) ;
#2246 = DIRECTION ( 'NONE',  ( 0.3713906763540946732, 0.000000000000000000, 0.9284766908852628564 ) ) ;
#2247 = ORIENTED_EDGE ( 'NONE', *, *, #45, .T. ) ;
#2248 = ORIENTED_EDGE ( 'NONE', *, *, #6925, .T. ) ;
#2249 = ORIENTED_EDGE ( 'NONE', *, *, #9270, .T. ) ;
#2250 = FILL_AREA_STYLE_COLOUR ( '', #1264 ) ;
#2251 = ORIENTED_EDGE ( 'NONE', *, *, #7224, .T. ) ;
#2252 =( NAMED_UNIT ( * ) SI_UNIT ( $, .STERADIAN. ) SOLID_ANGLE_UNIT ( ) );
#2253 = LINE ( 'NONE', #5985, #3720 ) ;
#2254 = AXIS2_PLACEMENT_3D ( 'NONE', #2052, #3641, #3558 ) ;
#2255 = FILL_AREA_STYLE ('',( #8081 ) ) ;
#2256 = VERTEX_POINT ( 'NONE', #367 ) ;
#2257 = AXIS2_PLACEMENT_3D ( 'NONE', #2452, #7677, #6996 ) ;
#2258 = STYLED_ITEM ( 'NONE', ( #1941 ), #2666 ) ;
#2259 = SURFACE_STYLE_USAGE ( .BOTH. , #3096 ) ;
#2260 =( LENGTH_UNIT ( ) NAMED_UNIT ( * ) SI_UNIT ( .MILLI., .METRE. ) );
#2261 = ADVANCED_FACE ( 'NONE', ( #6994 ), #8523, .F. ) ;
#2262 = DIRECTION ( 'NONE',  ( 0.9976723927324270269, -1.463531740886934826E-16, -0.06818941838404175837 ) ) ;
#2263 = AXIS2_PLACEMENT_3D ( 'NONE', #8992, #2342, #899 ) ;
#2264 =( GEOMETRIC_REPRESENTATION_CONTEXT ( 3 ) GLOBAL_UNCERTAINTY_ASSIGNED_CONTEXT ( ( #5965 ) ) GLOBAL_UNIT_ASSIGNED_CONTEXT ( ( #8297, #3736, #8832 ) ) REPRESENTATION_CONTEXT ( 'NONE', 'WORKASPACE' ) );
#2265 = CARTESIAN_POINT ( 'NONE',  ( 2.716990092096919440, -0.4225000000000000977, 0.08370509301950876391 ) ) ;
#2266 = AXIS2_PLACEMENT_3D ( 'NONE', #4410, #8918, #3734 ) ;
#2267 = COLOUR_RGB ( '',1.000000000000000000, 1.000000000000000000, 1.000000000000000000 ) ;
#2268 = ORIENTED_EDGE ( 'NONE', *, *, #3603, .T. ) ;
#2269 = DIRECTION ( 'NONE',  ( -1.249000902703301354E-16, -2.783468775164168088E-17, -1.000000000000000000 ) ) ;
#2270 = MECHANICAL_DESIGN_GEOMETRIC_PRESENTATION_REPRESENTATION (  '', ( #2111 ), #8630 ) ;
#2271 = VECTOR ( 'NONE', #8278, 1000.000000000000227 ) ;
#2272 = VERTEX_POINT ( 'NONE', #5742 ) ;
#2273 = CARTESIAN_POINT ( 'NONE',  ( 2.540318690028105397, -2.117500000000000160, 0.2060369536996492501 ) ) ;
#2274 = UNCERTAINTY_MEASURE_WITH_UNIT (LENGTH_MEASURE( 1.000000000000000082E-05 ), #6456, 'distance_accuracy_value', 'NONE');
#2275 = COLOUR_RGB ( '',0.7921568627450980005, 0.8196078431372548767, 0.9333333333333333481 ) ;
#2276 = CARTESIAN_POINT ( 'NONE',  ( 1.901620141814936771, -0.2493218792053948363, 0.3165503545373422600 ) ) ;
#2277 = AXIS2_PLACEMENT_3D ( 'NONE', #4581, #9202, #3091 ) ;
#2278 = COLOUR_RGB ( '',1.000000000000000000, 1.000000000000000000, 1.000000000000000000 ) ;
#2279 = DIRECTION ( 'NONE',  ( 1.447921622090529492E-16, 1.000000000000000000, -2.498792926766732971E-16 ) ) ;
#2280 = PRESENTATION_LAYER_ASSIGNMENT (  '', '', ( #6465 ) ) ;
#2281 = CARTESIAN_POINT ( 'NONE',  ( 1.681086225569887960, -1.619999999999999885, 0.4624701013908926739 ) ) ;
#2282 = CARTESIAN_POINT ( 'NONE',  ( 1.125000000000000222, -1.600000000000000533, 0.2700000000000000178 ) ) ;
#2283 = ORIENTED_EDGE ( 'NONE', *, *, #2962, .T. ) ;
#2284 = SURFACE_STYLE_FILL_AREA ( #5963 ) ;
#2285 =( NAMED_UNIT ( * ) SI_UNIT ( $, .STERADIAN. ) SOLID_ANGLE_UNIT ( ) );
#2286 = CARTESIAN_POINT ( 'NONE',  ( 1.845922426445979925, 0.5774163431243485300, 0.2042318901506203210 ) ) ;
#2287 = UNCERTAINTY_MEASURE_WITH_UNIT (LENGTH_MEASURE( 1.000000000000000082E-05 ), #7817, 'distance_accuracy_value', 'NONE');
#2288 = DIRECTION ( 'NONE',  ( 0.000000000000000000, -1.000000000000000000, 0.000000000000000000 ) ) ;
#2289 = FILL_AREA_STYLE ('',( #4570 ) ) ;
#2290 = VECTOR ( 'NONE', #64, 1000.000000000000000 ) ;
#2291 = CARTESIAN_POINT ( 'NONE',  ( 1.917347135696592542, -0.1102850454782583201, 0.3558678392414837965 ) ) ;
#2292 = EDGE_LOOP ( 'NONE', ( #7533, #3197, #5029, #8712, #7061, #8482, #5238, #6687 ) ) ;
#2293 =( GEOMETRIC_REPRESENTATION_CONTEXT ( 3 ) GLOBAL_UNCERTAINTY_ASSIGNED_CONTEXT ( ( #6361 ) ) GLOBAL_UNIT_ASSIGNED_CONTEXT ( ( #958, #7488, #2252 ) ) REPRESENTATION_CONTEXT ( 'NONE', 'WORKASPACE' ) );
#2294 = SURFACE_STYLE_USAGE ( .BOTH. , #5120 ) ;
#2295 = COLOUR_RGB ( '',1.000000000000000000, 1.000000000000000000, 1.000000000000000000 ) ;
#2296 = CARTESIAN_POINT ( 'NONE',  ( 2.411354963226314929, -1.619999999999999885, 0.3779271093683747029 ) ) ;
#2297 = VERTEX_POINT ( 'NONE', #608 ) ;
#2298 = VERTEX_POINT ( 'NONE', #8652 ) ;
#2299 = VERTEX_POINT ( 'NONE', #3506 ) ;
#2300 =( NAMED_UNIT ( * ) SI_UNIT ( $, .STERADIAN. ) SOLID_ANGLE_UNIT ( ) );
#2301 = ORIENTED_EDGE ( 'NONE', *, *, #89, .T. ) ;
#2302 = SURFACE_STYLE_USAGE ( .BOTH. , #8224 ) ;
#2303 = VECTOR ( 'NONE', #7765, 1000.000000000000114 ) ;
#2304 = FILL_AREA_STYLE_COLOUR ( '', #1683 ) ;
#2305 = UNCERTAINTY_MEASURE_WITH_UNIT (LENGTH_MEASURE( 1.000000000000000082E-05 ), #372, 'distance_accuracy_value', 'NONE');
#2306 =( GEOMETRIC_REPRESENTATION_CONTEXT ( 3 ) GLOBAL_UNCERTAINTY_ASSIGNED_CONTEXT ( ( #2969 ) ) GLOBAL_UNIT_ASSIGNED_CONTEXT ( ( #5320, #7560, #6911 ) ) REPRESENTATION_CONTEXT ( 'NONE', 'WORKASPACE' ) );
#2307 = CARTESIAN_POINT ( 'NONE',  ( 1.866795189102693264, -0.1145848365224679255, 0.2564137967924057238 ) ) ;
#2308 = DIRECTION ( 'NONE',  ( 0.9284766908852604139, -0.000000000000000000, -0.3713906763541007794 ) ) ;
#2309 = VERTEX_POINT ( 'NONE', #693 ) ;
#2310 = SURFACE_STYLE_USAGE ( .BOTH. , #85 ) ;
#2311 = MECHANICAL_DESIGN_GEOMETRIC_PRESENTATION_REPRESENTATION (  '', ( #5258 ), #470 ) ;
#2312 = LINE ( 'NONE', #5991, #935 ) ;
#2313 = FILL_AREA_STYLE ('',( #3969 ) ) ;
#2314 = CARTESIAN_POINT ( 'NONE',  ( 1.826980897202036491, -0.04516537550076057950, 0.1568780670407619315 ) ) ;
#2315 = EDGE_CURVE ( 'NONE', #366, #5927, #7222, .T. ) ;
#2316 = PLANE ( 'NONE',  #4440 ) ;
#2317 = CIRCLE ( 'NONE', #3102, 0.3300000000000000155 ) ;
#2318 = ORIENTED_EDGE ( 'NONE', *, *, #8238, .F. ) ;
#2319 = EDGE_CURVE ( 'NONE', #5848, #2299, #7971, .T. ) ;
#2320 = STYLED_ITEM ( 'NONE', ( #7447 ), #3635 ) ;
#2321 = VERTEX_POINT ( 'NONE', #6504 ) ;
#2322 = CARTESIAN_POINT ( 'NONE',  ( 1.877096918453560415, 0.5877229059209048145, 0.2552422961339010365 ) ) ;
#2323 = PRESENTATION_LAYER_ASSIGNMENT (  '', '', ( #4968 ) ) ;
#2324 = LINE ( 'NONE', #3825, #9375 ) ;
#2325 = ORIENTED_EDGE ( 'NONE', *, *, #1752, .T. ) ;
#2326 = CARTESIAN_POINT ( 'NONE',  ( 1.887045290905482453, 0.5405166150204594455, 0.3070390512993795840 ) ) ;
#2327 = VECTOR ( 'NONE', #7812, 1000.000000000000000 ) ;
#2328 = LINE ( 'NONE', #8247, #4605 ) ;
#2329 = SURFACE_SIDE_STYLE ('',( #9562 ) ) ;
#2330 = MECHANICAL_DESIGN_GEOMETRIC_PRESENTATION_REPRESENTATION (  '', ( #1103 ), #8217 ) ;
#2331 = PRESENTATION_LAYER_ASSIGNMENT (  '', '', ( #8395 ) ) ;
#2332 = SURFACE_STYLE_FILL_AREA ( #5331 ) ;
#2333 = PLANE ( 'NONE',  #5549 ) ;
#2334 = VERTEX_POINT ( 'NONE', #5060 ) ;
#2335 = DIRECTION ( 'NONE',  ( -0.9284766908852604139, 0.000000000000000000, 0.3713906763541007794 ) ) ;
#2336 = FILL_AREA_STYLE_COLOUR ( '', #6351 ) ;
#2337 = CARTESIAN_POINT ( 'NONE',  ( 1.833062299773053683, -0.3046592002835658564, 0.1720815734683061038 ) ) ;
#2338 = ADVANCED_FACE ( 'NONE', ( #1236 ), #8742, .T. ) ;
#2339 = FILL_AREA_STYLE ('',( #8066 ) ) ;
#2340 = FILL_AREA_STYLE_COLOUR ( '', #6389 ) ;
#2341 = VECTOR ( 'NONE', #3956, 1000.000000000000000 ) ;
#2342 = DIRECTION ( 'NONE',  ( -0.9943564755676919109, 1.410220274669976605E-16, -0.1060905250085903140 ) ) ;
#2343 = LINE ( 'NONE', #7669, #9119 ) ;
#2344 = VERTEX_POINT ( 'NONE', #7279 ) ;
#2345 = VERTEX_POINT ( 'NONE', #4921 ) ;
#2346 = VERTEX_POINT ( 'NONE', #7877 ) ;
#2347 = ORIENTED_EDGE ( 'NONE', *, *, #2810, .T. ) ;
#2348 = SURFACE_STYLE_FILL_AREA ( #130 ) ;
#2349 = ORIENTED_EDGE ( 'NONE', *, *, #3115, .F. ) ;
#2350 = SURFACE_STYLE_FILL_AREA ( #5890 ) ;
#2351 = CARTESIAN_POINT ( 'NONE',  ( 2.739492600163652813, 1.620000000000000107, 0.4129369826212098138 ) ) ;
#2352 = LINE ( 'NONE', #5089, #4896 ) ;
#2353 = DIRECTION ( 'NONE',  ( 0.000000000000000000, 0.000000000000000000, 1.000000000000000000 ) ) ;
#2354 = FILL_AREA_STYLE ('',( #9007 ) ) ;
#2355 = PLANE ( 'NONE',  #6600 ) ;
#2356 = VERTEX_POINT ( 'NONE', #6546 ) ;
#2357 =( NAMED_UNIT ( * ) SI_UNIT ( $, .STERADIAN. ) SOLID_ANGLE_UNIT ( ) );
#2358 = DIRECTION ( 'NONE',  ( 0.000000000000000000, 0.000000000000000000, 1.000000000000000000 ) ) ;
#2359 = DIRECTION ( 'NONE',  ( 1.447921622090529492E-16, 1.000000000000000000, -2.498792926766732971E-16 ) ) ;
#2360 = CARTESIAN_POINT ( 'NONE',  ( 1.904826784920400806, -0.06618890234083459057, 0.3514927863366756333 ) ) ;
#2361 = STYLED_ITEM ( 'NONE', ( #655 ), #3912 ) ;
#2362 = EDGE_CURVE ( 'NONE', #1609, #9301, #4192, .T. ) ;
#2363 = FILL_AREA_STYLE ('',( #3634 ) ) ;
#2364 = ORIENTED_EDGE ( 'NONE', *, *, #3101, .F. ) ;
#2365 = CARTESIAN_POINT ( 'NONE',  ( 2.483214825035667594, 1.692499999999999893, 0.2050386854289297511 ) ) ;
#2366 = EDGE_CURVE ( 'NONE', #35, #4527, #6410, .T. ) ;
#2367 = ADVANCED_FACE ( 'NONE', ( #1416 ), #4375, .F. ) ;
#2368 = ORIENTED_EDGE ( 'NONE', *, *, #6220, .F. ) ;
#2369 = SURFACE_STYLE_FILL_AREA ( #96 ) ;
#2370 = FILL_AREA_STYLE_COLOUR ( '', #3616 ) ;
#2371 = DIRECTION ( 'NONE',  ( -1.488806659628715785E-32, -1.117179326706309308E-16, -1.000000000000000000 ) ) ;
#2372 = CARTESIAN_POINT ( 'NONE',  ( 1.923586541574904940, -0.2206823974980777758, 0.3983921779729356905 ) ) ;
#2373 = UNCERTAINTY_MEASURE_WITH_UNIT (LENGTH_MEASURE( 1.000000000000000082E-05 ), #2775, 'distance_accuracy_value', 'NONE');
#2374 = DIRECTION ( 'NONE',  ( 0.3713906763541002798, 0.000000000000000000, 0.9284766908852607470 ) ) ;
#2375 = CARTESIAN_POINT ( 'NONE',  ( 2.196345996542119927, -2.189999999999999503, 0.3194445853922672218 ) ) ;
#2376 = ADVANCED_FACE ( 'NONE', ( #6730 ), #3120, .T. ) ;
#2377 = VECTOR ( 'NONE', #2671, 1000.000000000000000 ) ;
#2378 = LINE ( 'NONE', #5382, #3672 ) ;
#2379 = PRESENTATION_STYLE_ASSIGNMENT (( #984 ) ) ;
#2380 = EDGE_LOOP ( 'NONE', ( #9240, #6605, #1244, #5791 ) ) ;
#2381 = STYLED_ITEM ( 'NONE', ( #7563 ), #377 ) ;
#2382 = CARTESIAN_POINT ( 'NONE',  ( 1.922223039760944108, 0.3917809146869419834, 0.3949834234380342202 ) ) ;
#2383 = ADVANCED_FACE ( 'NONE', ( #8985 ), #5287, .T. ) ;
#2384 = UNCERTAINTY_MEASURE_WITH_UNIT (LENGTH_MEASURE( 1.000000000000000082E-05 ), #4946, 'distance_accuracy_value', 'NONE');
#2385 = CARTESIAN_POINT ( 'NONE',  ( 1.861756244984222874, -0.1103154712784189390, 0.2168906124605553543 ) ) ;
#2386 = SURFACE_STYLE_USAGE ( .BOTH. , #6212 ) ;
#2387 = CARTESIAN_POINT ( 'NONE',  ( 2.517816181961371580, 0.8475000000000000311, -0.1231949359020516888 ) ) ;
#2388 = ORIENTED_EDGE ( 'NONE', *, *, #8130, .F. ) ;
#2389 = AXIS2_PLACEMENT_3D ( 'NONE', #1747, #4762, #170 ) ;
#2390 = CARTESIAN_POINT ( 'NONE',  ( 1.889391424422789179, -0.3597639523761267943, 0.2859785610569748338 ) ) ;
#2391 = ADVANCED_FACE ( 'NONE', ( #3888 ), #1127, .F. ) ;
#2393 = CARTESIAN_POINT ( 'NONE',  ( 1.923586541574904940, 0.1451712610385076929, 0.3983921779729356905 ) ) ;
#2392 = DIRECTION ( 'NONE',  ( -1.000000000000000000, 2.652696298084526771E-16, 1.249000902703300861E-16 ) ) ;
#2394 = ORIENTED_EDGE ( 'NONE', *, *, #388, .F. ) ;
#2395 = VERTEX_POINT ( 'NONE', #1080 ) ;
#2396 = VERTEX_POINT ( 'NONE', #9230 ) ;
#2397 = DIRECTION ( 'NONE',  ( 1.249000902703301354E-16, 2.783468775164168088E-17, 1.000000000000000000 ) ) ;
#2398 = ORIENTED_EDGE ( 'NONE', *, *, #9143, .T. ) ;
#2399 = PRESENTATION_STYLE_ASSIGNMENT (( #9044 ) ) ;
#2400 = PLANE ( 'NONE',  #2603 ) ;
#2401 = DIRECTION ( 'NONE',  ( 0.000000000000000000, -1.000000000000000000, 0.000000000000000000 ) ) ;
#2402 = CARTESIAN_POINT ( 'NONE',  ( 1.681086225569887960, -0.9199999999999999289, 0.4624701013908927849 ) ) ;
#2403 = SURFACE_SIDE_STYLE ('',( #2985 ) ) ;
#2404 = CARTESIAN_POINT ( 'NONE',  ( 1.824398056060821727, 0.1524883342092393790, 0.1504209641877259362 ) ) ;
#2405 =( NAMED_UNIT ( * ) PLANE_ANGLE_UNIT ( ) SI_UNIT ( $, .RADIAN. ) );
#2406 = SURFACE_STYLE_USAGE ( .BOTH. , #3237 ) ;
#2407 = EDGE_LOOP ( 'NONE', ( #3751, #4583, #2283, #2560 ) ) ;
#2408 = CARTESIAN_POINT ( 'NONE',  ( 2.394122236080193034, 2.189999999999999947, 0.5394445853922670286 ) ) ;
#2409 = VERTEX_POINT ( 'NONE', #8510 ) ;
#2410 = ORIENTED_EDGE ( 'NONE', *, *, #245, .T. ) ;
#2411 = VECTOR ( 'NONE', #3446, 1000.000000000000227 ) ;
#2412 = SURFACE_STYLE_FILL_AREA ( #6047 ) ;
#2413 = CARTESIAN_POINT ( 'NONE',  ( 1.824494396441660005, -0.01046229957547524514, 0.1506618151398216865 ) ) ;
#2414 = SURFACE_SIDE_STYLE ('',( #3150 ) ) ;
#2415 = ORIENTED_EDGE ( 'NONE', *, *, #9509, .F. ) ;
#2416 = DIRECTION ( 'NONE',  ( -0.06818941838404181388, -1.789660620253718794E-17, -0.9976723927324270269 ) ) ;
#2417 = CYLINDRICAL_SURFACE ( 'NONE', #8184, 0.1999999999999999833 ) ;
#2418 = ORIENTED_EDGE ( 'NONE', *, *, #8406, .T. ) ;
#2419 = CARTESIAN_POINT ( 'NONE',  ( 2.411354963226314929, -1.619999999999999885, 0.3779271093683748139 ) ) ;
#2420 = PRESENTATION_LAYER_ASSIGNMENT (  '', '', ( #4584 ) ) ;
#2421 = SURFACE_STYLE_USAGE ( .BOTH. , #9063 ) ;
#2422 = SURFACE_SIDE_STYLE ('',( #3879 ) ) ;
#2423 = PRESENTATION_STYLE_ASSIGNMENT (( #7614 ) ) ;
#2424 = VECTOR ( 'NONE', #8641, 1000.000000000000000 ) ;
#2425 = PRESENTATION_STYLE_ASSIGNMENT (( #5433 ) ) ;
#2426 = CARTESIAN_POINT ( 'NONE',  ( 1.934230054860662795, 0.4472291878677761012, 0.3980751371516579873 ) ) ;
#2427 = ADVANCED_FACE ( 'NONE', ( #3352 ), #1898, .F. ) ;
#2428 = STYLED_ITEM ( 'NONE', ( #240 ), #4938 ) ;
#2429 = MECHANICAL_DESIGN_GEOMETRIC_PRESENTATION_REPRESENTATION (  '', ( #3046 ), #4751 ) ;
#2430 = LINE ( 'NONE', #6871, #1599 ) ;
#2431 = CARTESIAN_POINT ( 'NONE',  ( -0.3017393217012238060, -1.799775028121500808, 0.9899999999999999911 ) ) ;
#2432 = CARTESIAN_POINT ( 'NONE',  ( 1.876630649861750655, 0.5475063910849184978, 0.2540766246543757489 ) ) ;
#2433 = EDGE_LOOP ( 'NONE', ( #5741, #1809, #8270, #376 ) ) ;
#2434 = AXIS2_PLACEMENT_3D ( 'NONE', #9403, #2729, #2012 ) ;
#2435 = CARTESIAN_POINT ( 'NONE',  ( 1.919206852305733291, 0.5497582025976964770, 0.3605171307643333378 ) ) ;
#2436 = PRESENTATION_STYLE_ASSIGNMENT (( #6209 ) ) ;
#2437 = SURFACE_STYLE_FILL_AREA ( #9029 ) ;
#2438 = VECTOR ( 'NONE', #742, 1000.000000000000000 ) ;
#2439 = SURFACE_SIDE_STYLE ('',( #6114 ) ) ;
#2440 = CARTESIAN_POINT ( 'NONE',  ( 1.870368975146116108, 0.2659029683555808043, 0.2384224378652898824 ) ) ;
#2441 = CARTESIAN_POINT ( 'NONE',  ( 2.037248960451289115, 0.3500000000000000888, 0.3024701013908927538 ) ) ;
#2442 =( GEOMETRIC_REPRESENTATION_CONTEXT ( 3 ) GLOBAL_UNCERTAINTY_ASSIGNED_CONTEXT ( ( #7325 ) ) GLOBAL_UNIT_ASSIGNED_CONTEXT ( ( #6553, #1457, #5969 ) ) REPRESENTATION_CONTEXT ( 'NONE', 'WORKASPACE' ) );
#2443 =( GEOMETRIC_REPRESENTATION_CONTEXT ( 3 ) GLOBAL_UNCERTAINTY_ASSIGNED_CONTEXT ( ( #7246 ) ) GLOBAL_UNIT_ASSIGNED_CONTEXT ( ( #8356, #883, #1697 ) ) REPRESENTATION_CONTEXT ( 'NONE', 'WORKASPACE' ) );
#2444 = CARTESIAN_POINT ( 'NONE',  ( 1.681086225569887960, 2.115000000000000213, 0.4624701013908926739 ) ) ;
#2445 = PRESENTATION_LAYER_ASSIGNMENT (  '', '', ( #4159 ) ) ;
#2447 = LINE ( 'NONE', #7400, #9218 ) ;
#2446 = LINE ( 'NONE', #5631, #5266 ) ;
#2448 = ORIENTED_EDGE ( 'NONE', *, *, #5897, .F. ) ;
#2449 = ORIENTED_EDGE ( 'NONE', *, *, #1874, .F. ) ;
#2450 = ORIENTED_EDGE ( 'NONE', *, *, #3387, .T. ) ;
#2451 = ORIENTED_EDGE ( 'NONE', *, *, #2175, .T. ) ;
#2452 = CARTESIAN_POINT ( 'NONE',  ( 1.577669998408546048, -0.8449999999999998623, 0.7745580952545570996 ) ) ;
#2453 = LINE ( 'NONE', #7445, #6155 ) ;
#2454 =( NAMED_UNIT ( * ) SI_UNIT ( $, .STERADIAN. ) SOLID_ANGLE_UNIT ( ) );
#2455 =( NAMED_UNIT ( * ) SI_UNIT ( $, .STERADIAN. ) SOLID_ANGLE_UNIT ( ) );
#2456 = AXIS2_PLACEMENT_3D ( 'NONE', #5252, #848, #3787 ) ;
#2457 = DIRECTION ( 'NONE',  ( 0.3481553119113933725, -0.3481553119113922623, 0.8703882797784914249 ) ) ;
#2458 =( GEOMETRIC_REPRESENTATION_CONTEXT ( 3 ) GLOBAL_UNCERTAINTY_ASSIGNED_CONTEXT ( ( #8604 ) ) GLOBAL_UNIT_ASSIGNED_CONTEXT ( ( #5607, #1050, #3287 ) ) REPRESENTATION_CONTEXT ( 'NONE', 'WORKASPACE' ) );
#2459 = LINE ( 'NONE', #328, #7854 ) ;
#2460 = VERTEX_POINT ( 'NONE', #8414 ) ;
#2461 = DIRECTION ( 'NONE',  ( 0.3713906763541022227, 0.000000000000000000, 0.9284766908852599698 ) ) ;
#2462 = EDGE_LOOP ( 'NONE', ( #3377, #3654, #3796, #460 ) ) ;
#2463 = VECTOR ( 'NONE', #4284, 1000.000000000000227 ) ;
#2464 = ORIENTED_EDGE ( 'NONE', *, *, #5924, .T. ) ;
#2465 = CARTESIAN_POINT ( 'NONE',  ( 1.681086225569887960, -2.189999999999999503, 0.4624701013908927849 ) ) ;
#2466 = FILL_AREA_STYLE ('',( #1627 ) ) ;
#2467 = STYLED_ITEM ( 'NONE', ( #7015 ), #5914 ) ;
#2468 = CARTESIAN_POINT ( 'NONE',  ( 1.896604947555304843, -0.09080210414373639238, 0.3309381929239351150 ) ) ;
#2469 = VERTEX_POINT ( 'NONE', #9136 ) ;
#2470 = VECTOR ( 'NONE', #4211, 1000.000000000000114 ) ;
#2471 = LINE ( 'NONE', #3393, #8970 ) ;
#2472 = CARTESIAN_POINT ( 'NONE',  ( -1.575000000000000400, 0.8500000000000004219, 0.2699999999999999623 ) ) ;
#2473 = EDGE_LOOP ( 'NONE', ( #283, #1585, #1910, #1429 ) ) ;
#2474 = VECTOR ( 'NONE', #5027, 999.9999999999998863 ) ;
#2475 = PRESENTATION_STYLE_ASSIGNMENT (( #6294 ) ) ;
#2476 =( LENGTH_UNIT ( ) NAMED_UNIT ( * ) SI_UNIT ( .MILLI., .METRE. ) );
#2477 = MECHANICAL_DESIGN_GEOMETRIC_PRESENTATION_REPRESENTATION (  '', ( #5585 ), #939 ) ;
#2478 = UNCERTAINTY_MEASURE_WITH_UNIT (LENGTH_MEASURE( 1.000000000000000082E-05 ), #3774, 'distance_accuracy_value', 'NONE');
#2479 = PRESENTATION_STYLE_ASSIGNMENT (( #9068 ) ) ;
#2480 = SURFACE_STYLE_USAGE ( .BOTH. , #5660 ) ;
#2481 = STYLED_ITEM ( 'NONE', ( #1039 ), #9162 ) ;
#2482 = AXIS2_PLACEMENT_3D ( 'NONE', #7995, #639, #4316 ) ;
#2483 = CARTESIAN_POINT ( 'NONE',  ( 1.821454105577527294, 0.7671224805507027567, 0.1161352639438166245 ) ) ;
#2484 = CARTESIAN_POINT ( 'NONE',  ( -2.375000000000000444, -2.007499999999998508, 0.2700000000000002953 ) ) ;
#2485 = ORIENTED_EDGE ( 'NONE', *, *, #1367, .F. ) ;
#2486 = FILL_AREA_STYLE ('',( #5537 ) ) ;
#2487 = EDGE_CURVE ( 'NONE', #4597, #4949, #2882, .T. ) ;
#2488 = CARTESIAN_POINT ( 'NONE',  ( 2.909998327955510611, -2.189999999999999947, -0.1499999999999994116 ) ) ;
#2489 = LINE ( 'NONE', #8463, #5618 ) ;
#2490 = UNCERTAINTY_MEASURE_WITH_UNIT (LENGTH_MEASURE( 1.000000000000000082E-05 ), #4739, 'distance_accuracy_value', 'NONE');
#2491 = VECTOR ( 'NONE', #6803, 1000.000000000000000 ) ;
#2492 = SURFACE_STYLE_FILL_AREA ( #7816 ) ;
#2493 =( NAMED_UNIT ( * ) PLANE_ANGLE_UNIT ( ) SI_UNIT ( $, .RADIAN. ) );
#2494 = EDGE_CURVE ( 'NONE', #273, #9220, #259, .T. ) ;
#2495 = PRESENTATION_LAYER_ASSIGNMENT (  '', '', ( #2949 ) ) ;
#2496 = SURFACE_STYLE_USAGE ( .BOTH. , #3279 ) ;
#2497 = DIRECTION ( 'NONE',  ( 0.9284766908852604139, -0.000000000000000000, -0.3713906763541007794 ) ) ;
#2498 = DIRECTION ( 'NONE',  ( -1.000000000000000000, 3.608224830031759742E-16, -2.542227526591152421E-32 ) ) ;
#2499 = ORIENTED_EDGE ( 'NONE', *, *, #3509, .F. ) ;
#2500 = EDGE_CURVE ( 'NONE', #5496, #3850, #3211, .T. ) ;
#2501 = ORIENTED_EDGE ( 'NONE', *, *, #6112, .T. ) ;
#2502 = AXIS2_PLACEMENT_3D ( 'NONE', #9239, #1000, #1139 ) ;
#2503 = PRESENTATION_STYLE_ASSIGNMENT (( #3283 ) ) ;
#2505 = VERTEX_POINT ( 'NONE', #7916 ) ;
#2504 = EDGE_CURVE ( 'NONE', #174, #2272, #307, .T. ) ;
#2506 = PLANE ( 'NONE',  #2257 ) ;
#2507 = LINE ( 'NONE', #1761, #9565 ) ;
#2508 = CARTESIAN_POINT ( 'NONE',  ( 2.924999999999999822, -0.8475000000000001421, 0.06948792640113442276 ) ) ;
#2509 = DIRECTION ( 'NONE',  ( 0.000000000000000000, 0.000000000000000000, -1.000000000000000000 ) ) ;
#2510 = SURFACE_SIDE_STYLE ('',( #2971 ) ) ;
#2511 = SURFACE_STYLE_FILL_AREA ( #9247 ) ;
#2512 = VERTEX_POINT ( 'NONE', #7072 ) ;
#2513 = ADVANCED_FACE ( 'NONE', ( #3495 ), #9430, .F. ) ;
#2514 = PRESENTATION_STYLE_ASSIGNMENT (( #9165 ) ) ;
#2515 = VERTEX_POINT ( 'NONE', #8731 ) ;
#2516 = ORIENTED_EDGE ( 'NONE', *, *, #1324, .F. ) ;
#2517 = DIRECTION ( 'NONE',  ( 1.447921622090529492E-16, 1.000000000000000000, -2.498792926766732971E-16 ) ) ;
#2518 = VECTOR ( 'NONE', #3271, 1000.000000000000000 ) ;
#2519 =( NAMED_UNIT ( * ) PLANE_ANGLE_UNIT ( ) SI_UNIT ( $, .RADIAN. ) );
#2520 = PRESENTATION_STYLE_ASSIGNMENT (( #9171 ) ) ;
#2521 = EDGE_LOOP ( 'NONE', ( #6331, #2485, #231, #4565 ) ) ;
#2522 = MECHANICAL_DESIGN_GEOMETRIC_PRESENTATION_REPRESENTATION (  '', ( #6680 ), #5445 ) ;
#2523 = CARTESIAN_POINT ( 'NONE',  ( 1.835898075052121881, -0.3103895648353812153, 0.1522451876303037577 ) ) ;
#2524 = EDGE_CURVE ( 'NONE', #8337, #6057, #5810, .T. ) ;
#2525 = ORIENTED_EDGE ( 'NONE', *, *, #8353, .F. ) ;
#2526 =( NAMED_UNIT ( * ) PLANE_ANGLE_UNIT ( ) SI_UNIT ( $, .RADIAN. ) );
#2527 = CARTESIAN_POINT ( 'NONE',  ( 1.912679680537268556, 0.4455382208589459547, 0.3711250253788457298 ) ) ;
#2528 = DIRECTION ( 'NONE',  ( -1.447921622090529492E-16, -1.000000000000000000, 2.498792926766732971E-16 ) ) ;
#2529 = CARTESIAN_POINT ( 'NONE',  ( 1.801604165149131243, -0.3499999999999999223, 0.7592525293217018412 ) ) ;
#2530 = ORIENTED_EDGE ( 'NONE', *, *, #1678, .F. ) ;
#2531 =( NAMED_UNIT ( * ) SI_UNIT ( $, .STERADIAN. ) SOLID_ANGLE_UNIT ( ) );
#2532 = CARTESIAN_POINT ( 'NONE',  ( 1.896465383725386866, 0.5827437736997747031, 0.3036634593134681093 ) ) ;
#2533 =( LENGTH_UNIT ( ) NAMED_UNIT ( * ) SI_UNIT ( .MILLI., .METRE. ) );
#2534 =( NAMED_UNIT ( * ) SI_UNIT ( $, .STERADIAN. ) SOLID_ANGLE_UNIT ( ) );
#2535 = STYLED_ITEM ( 'NONE', ( #4143 ), #19 ) ;
#2536 = PRESENTATION_LAYER_ASSIGNMENT (  '', '', ( #5167 ) ) ;
#2537 = FILL_AREA_STYLE_COLOUR ( '', #2637 ) ;
#2538 = COLOUR_RGB ( '',1.000000000000000000, 1.000000000000000000, 1.000000000000000000 ) ;
#2539 = ORIENTED_EDGE ( 'NONE', *, *, #8977, .F. ) ;
#2540 = ORIENTED_EDGE ( 'NONE', *, *, #5929, .T. ) ;
#2541 = VERTEX_POINT ( 'NONE', #7997 ) ;
#2542 = PLANE ( 'NONE',  #2502 ) ;
#2543 = VERTEX_POINT ( 'NONE', #1222 ) ;
#2544 =( NAMED_UNIT ( * ) PLANE_ANGLE_UNIT ( ) SI_UNIT ( $, .RADIAN. ) );
#2545 = LINE ( 'NONE', #7781, #7552 ) ;
#2546 = LINE ( 'NONE', #3368, #716 ) ;
#2547 = CARTESIAN_POINT ( 'NONE',  ( 1.923586541574904940, -0.4475116657907606821, 0.3983921779729356905 ) ) ;
#2548 = PRESENTATION_STYLE_ASSIGNMENT (( #6952 ) ) ;
#2549 =( NAMED_UNIT ( * ) PLANE_ANGLE_UNIT ( ) SI_UNIT ( $, .RADIAN. ) );
#2550 = LINE ( 'NONE', #1763, #7702 ) ;
#2551 = EDGE_CURVE ( 'NONE', #4689, #8891, #2765, .T. ) ;
#2552 = AXIS2_PLACEMENT_3D ( 'NONE', #4714, #7573, #3312 ) ;
#2553 = DIRECTION ( 'NONE',  ( 0.000000000000000000, 1.000000000000000000, 0.000000000000000000 ) ) ;
#2554 = ORIENTED_EDGE ( 'NONE', *, *, #5814, .T. ) ;
#2555 = EDGE_CURVE ( 'NONE', #2863, #5624, #3452, .T. ) ;
#2556 = DIRECTION ( 'NONE',  ( -3.942553354492743038E-15, 0.000000000000000000, 1.000000000000000000 ) ) ;
#2557 = AXIS2_PLACEMENT_3D ( 'NONE', #1748, #4670, #6879 ) ;
#2558 = FACE_OUTER_BOUND ( 'NONE', #274, .T. ) ;
#2559 = ORIENTED_EDGE ( 'NONE', *, *, #8299, .F. ) ;
#2560 = ORIENTED_EDGE ( 'NONE', *, *, #2642, .T. ) ;
#2561 =( LENGTH_UNIT ( ) NAMED_UNIT ( * ) SI_UNIT ( .MILLI., .METRE. ) );
#2562 = FILL_AREA_STYLE ('',( #2698 ) ) ;
#2563 = PLANE ( 'NONE',  #8950 ) ;
#2564 =( NAMED_UNIT ( * ) PLANE_ANGLE_UNIT ( ) SI_UNIT ( $, .RADIAN. ) );
#2565 = VERTEX_POINT ( 'NONE', #9342 ) ;
#2566 =( LENGTH_UNIT ( ) NAMED_UNIT ( * ) SI_UNIT ( .MILLI., .METRE. ) );
#2567 = CIRCLE ( 'NONE', #9231, 0.1999999999999998723 ) ;
#2568 = PLANE ( 'NONE',  #7409 ) ;
#2569 = VERTEX_POINT ( 'NONE', #7169 ) ;
#2570 = SURFACE_STYLE_FILL_AREA ( #4124 ) ;
#2571 = UNCERTAINTY_MEASURE_WITH_UNIT (LENGTH_MEASURE( 1.000000000000000082E-05 ), #6171, 'distance_accuracy_value', 'NONE');
#2572 = FILL_AREA_STYLE_COLOUR ( '', #4761 ) ;
#2573 = AXIS2_PLACEMENT_3D ( 'NONE', #9514, #2846, #5803 ) ;
#2574 = AXIS2_PLACEMENT_3D ( 'NONE', #7152, #527, #667 ) ;
#2575 = PLANE ( 'NONE',  #1152 ) ;
#2576 = LINE ( 'NONE', #5534, #300 ) ;
#2577 = AXIS2_PLACEMENT_3D ( 'NONE', #6645, #7368, #5484 ) ;
#2578 = DIRECTION ( 'NONE',  ( 0.9284766908852604139, -0.000000000000000000, -0.3713906763541007794 ) ) ;
#2579 = DIRECTION ( 'NONE',  ( 0.9976723927324270269, 2.142063511210759447E-16, -0.06818941838404181388 ) ) ;
#2580 = ORIENTED_EDGE ( 'NONE', *, *, #2962, .F. ) ;
#2581 =( NAMED_UNIT ( * ) PLANE_ANGLE_UNIT ( ) SI_UNIT ( $, .RADIAN. ) );
#2582 = SURFACE_SIDE_STYLE ('',( #5385 ) ) ;
#2583 = CARTESIAN_POINT ( 'NONE',  ( 1.848314504322790652, -0.1067785653571871468, 0.2102120848426496380 ) ) ;
#2584 = DIRECTION ( 'NONE',  ( 1.447921622090529492E-16, 1.000000000000000000, -2.498792926766732971E-16 ) ) ;
#2585 = MECHANICAL_DESIGN_GEOMETRIC_PRESENTATION_REPRESENTATION (  '', ( #3505 ), #5820 ) ;
#2586 = FILL_AREA_STYLE ('',( #3948 ) ) ;
#2587 = COLOUR_RGB ( '',1.000000000000000000, 1.000000000000000000, 1.000000000000000000 ) ;
#2588 = FACE_OUTER_BOUND ( 'NONE', #5611, .T. ) ;
#2589 = CARTESIAN_POINT ( 'NONE',  ( -2.175000000000000266, 1.050000000000000266, 0.2699999999999999623 ) ) ;
#2590 = VECTOR ( 'NONE', #5620, 1000.000000000000000 ) ;
#2591 = AXIS2_PLACEMENT_3D ( 'NONE', #8129, #3725, #2358 ) ;
#2592 = CIRCLE ( 'NONE', #5367, 0.1999999999999999833 ) ;
#2593 = ORIENTED_EDGE ( 'NONE', *, *, #6487, .F. ) ;
#2594 = ORIENTED_EDGE ( 'NONE', *, *, #2931, .F. ) ;
#2595 = ORIENTED_EDGE ( 'NONE', *, *, #7317, .F. ) ;
#2596 = CARTESIAN_POINT ( 'NONE',  ( 2.909998327955510611, -0.8475000000000001421, -0.1499999999999995226 ) ) ;
#2597 = LINE ( 'NONE', #5558, #2912 ) ;
#2598 = DIRECTION ( 'NONE',  ( 0.3713906763541007794, -7.793469254399552153E-17, -0.9284766908852604139 ) ) ;
#2599 = LINE ( 'NONE', #5561, #6144 ) ;
#2600 = AXIS2_PLACEMENT_3D ( 'NONE', #7853, #7118, #1484 ) ;
#2601 = LINE ( 'NONE', #4244, #5077 ) ;
#2602 = ORIENTED_EDGE ( 'NONE', *, *, #4591, .F. ) ;
#2603 = AXIS2_PLACEMENT_3D ( 'NONE', #5350, #8386, #7589 ) ;
#2604 = FACE_OUTER_BOUND ( 'NONE', #8521, .T. ) ;
#2605 = ORIENTED_EDGE ( 'NONE', *, *, #7066, .F. ) ;
#2606 = VERTEX_POINT ( 'NONE', #2676 ) ;
#2607 =( LENGTH_UNIT ( ) NAMED_UNIT ( * ) SI_UNIT ( .MILLI., .METRE. ) );
#2608 =( GEOMETRIC_REPRESENTATION_CONTEXT ( 3 ) GLOBAL_UNCERTAINTY_ASSIGNED_CONTEXT ( ( #1025 ) ) GLOBAL_UNIT_ASSIGNED_CONTEXT ( ( #5904, #1399, #6531 ) ) REPRESENTATION_CONTEXT ( 'NONE', 'WORKASPACE' ) );
#2609 = VECTOR ( 'NONE', #708, 1000.000000000000227 ) ;
#2610 = EDGE_CURVE ( 'NONE', #5423, #5887, #4319, .T. ) ;
#2611 = DIRECTION ( 'NONE',  ( -1.488806659628715785E-32, -1.117179326706309308E-16, -1.000000000000000000 ) ) ;
#2612 = ORIENTED_EDGE ( 'NONE', *, *, #6754, .T. ) ;
#2613 = EDGE_CURVE ( 'NONE', #5980, #177, #6357, .T. ) ;
#2614 = VECTOR ( 'NONE', #2578, 1000.000000000000227 ) ;
#2615 = CARTESIAN_POINT ( 'NONE',  ( 1.796356200846564111, 0.8450000000000000844, 0.6824701013908927028 ) ) ;
#2616 = AXIS2_PLACEMENT_3D ( 'NONE', #9098, #3232, #2353 ) ;
#2617 = COLOUR_RGB ( '',1.000000000000000000, 1.000000000000000000, 1.000000000000000000 ) ;
#2618 = CARTESIAN_POINT ( 'NONE',  ( 1.812169338668674579, 0.7671224805507027567, 0.1198491707073576495 ) ) ;
#2619 = ORIENTED_EDGE ( 'NONE', *, *, #9251, .T. ) ;
#2620 = SURFACE_STYLE_FILL_AREA ( #7162 ) ;
#2621 = EDGE_CURVE ( 'NONE', #812, #6279, #1171, .T. ) ;
#2622 = DIRECTION ( 'NONE',  ( 0.000000000000000000, 0.000000000000000000, -1.000000000000000000 ) ) ;
#2623 = FILL_AREA_STYLE_COLOUR ( '', #7285 ) ;
#2624 =( GEOMETRIC_REPRESENTATION_CONTEXT ( 3 ) GLOBAL_UNCERTAINTY_ASSIGNED_CONTEXT ( ( #5768 ) ) GLOBAL_UNIT_ASSIGNED_CONTEXT ( ( #3820, #6002, #5234 ) ) REPRESENTATION_CONTEXT ( 'NONE', 'WORKASPACE' ) );
#2625 =( NAMED_UNIT ( * ) PLANE_ANGLE_UNIT ( ) SI_UNIT ( $, .RADIAN. ) );
#2626 = AXIS2_PLACEMENT_3D ( 'NONE', #9269, #5579, #6345 ) ;
#2627 = CARTESIAN_POINT ( 'NONE',  ( 1.909985729014162414, 0.3908667820013920213, 0.3643901465710775445 ) ) ;
#2628 = CARTESIAN_POINT ( 'NONE',  ( 2.411354963226314929, 2.189999999999999947, 0.3779271093683748139 ) ) ;
#2629 = CARTESIAN_POINT ( 'NONE',  ( 1.125000000000000666, 1.600000000000000311, 9.999999999999998224 ) ) ;
#2630 =( NAMED_UNIT ( * ) PLANE_ANGLE_UNIT ( ) SI_UNIT ( $, .RADIAN. ) );
#2631 = CIRCLE ( 'NONE', #8046, 0.1600000000000000033 ) ;
#2632 = CARTESIAN_POINT ( 'NONE',  ( -1.975000000000000089, 1.050000000000000266, 0.2699999999999999623 ) ) ;
#2633 = FILL_AREA_STYLE ('',( #1706 ) ) ;
#2634 = PRESENTATION_STYLE_ASSIGNMENT (( #9187 ) ) ;
#2635 = SURFACE_STYLE_FILL_AREA ( #309 ) ;
#2636 = DIRECTION ( 'NONE',  ( -0.9284766908852605249, 0.000000000000000000, -0.3713906763541008349 ) ) ;
#2637 = COLOUR_RGB ( '',1.000000000000000000, 1.000000000000000000, 1.000000000000000000 ) ;
#2638 = COLOUR_RGB ( '',0.1019607843137254888, 0.1019607843137254888, 0.1019607843137254888 ) ;
#2639 = DIRECTION ( 'NONE',  ( 0.9284766908851637135, -1.943855343441607852E-14, -0.3713906763543428635 ) ) ;
#2640 = ORIENTED_EDGE ( 'NONE', *, *, #7193, .F. ) ;
#2641 = EDGE_LOOP ( 'NONE', ( #7003, #9397, #5667, #7386 ) ) ;
#2642 = EDGE_CURVE ( 'NONE', #8407, #4391, #547, .T. ) ;
#2643 = COLOUR_RGB ( '',1.000000000000000000, 1.000000000000000000, 1.000000000000000000 ) ;
#2644 = VERTEX_POINT ( 'NONE', #2815 ) ;
#2645 = DIRECTION ( 'NONE',  ( 2.383578030884405796E-16, 1.000000000000000000, -1.117179326706309308E-16 ) ) ;
#2646 = MECHANICAL_DESIGN_GEOMETRIC_PRESENTATION_REPRESENTATION (  '', ( #787 ), #1095 ) ;
#2647 = DIRECTION ( 'NONE',  ( 0.1060905250085903556, -4.303867851713705188E-17, -0.9943564755676919109 ) ) ;
#2648 =( LENGTH_UNIT ( ) NAMED_UNIT ( * ) SI_UNIT ( .MILLI., .METRE. ) );
#2649 = AXIS2_PLACEMENT_3D ( 'NONE', #3798, #5933, #3903 ) ;
#2650 = CARTESIAN_POINT ( 'NONE',  ( 1.867812151544707699, 0.5877229059209048145, 0.2589562028974420338 ) ) ;
#2651 = DIRECTION ( 'NONE',  ( -0.9284766908852604139, 0.000000000000000000, 0.3713906763541007794 ) ) ;
#2652 = DIRECTION ( 'NONE',  ( -1.249000902703301601E-16, -2.498792926766732971E-16, -1.000000000000000000 ) ) ;
#2653 = ORIENTED_EDGE ( 'NONE', *, *, #8665, .F. ) ;
#2654 = FILL_AREA_STYLE ('',( #3379 ) ) ;
#2655 = ORIENTED_EDGE ( 'NONE', *, *, #1653, .F. ) ;
#2656 = FILL_AREA_STYLE ('',( #1879 ) ) ;
#2657 =( LENGTH_UNIT ( ) NAMED_UNIT ( * ) SI_UNIT ( .MILLI., .METRE. ) );
#2658 = DIRECTION ( 'NONE',  ( -1.488806659628715785E-32, -1.117179326706309308E-16, -1.000000000000000000 ) ) ;
#2659 = SURFACE_SIDE_STYLE ('',( #4990 ) ) ;
#2660 =( NAMED_UNIT ( * ) PLANE_ANGLE_UNIT ( ) SI_UNIT ( $, .RADIAN. ) );
#2661 = ORIENTED_EDGE ( 'NONE', *, *, #1347, .T. ) ;
#2662 = DIRECTION ( 'NONE',  ( -0.3713906763541007794, 2.597823084799851026E-17, 0.9284766908852604139 ) ) ;
#2663 = CARTESIAN_POINT ( 'NONE',  ( -1.502272727272730091, -1.977272727272730624, 1.681818181818178770 ) ) ;
#2664 = VERTEX_POINT ( 'NONE', #5729 ) ;
#2665 = PRESENTATION_STYLE_ASSIGNMENT (( #9333 ) ) ;
#2666 = ADVANCED_FACE ( 'NONE', ( #9520 ), #8599, .F. ) ;
#2667 = CARTESIAN_POINT ( 'NONE',  ( 1.869066843201581563, 0.5476102854287516752, 0.2620929320396269135 ) ) ;
#2668 = CARTESIAN_POINT ( 'NONE',  ( 1.681086225569887960, -2.189999999999999503, 0.4624701013908927849 ) ) ;
#2669 = EDGE_CURVE ( 'NONE', #2505, #4113, #8245, .T. ) ;
#2670 = EDGE_CURVE ( 'NONE', #5299, #4374, #1038, .T. ) ;
#2671 = DIRECTION ( 'NONE',  ( 1.488806659628715785E-32, 1.117179326706309308E-16, 1.000000000000000000 ) ) ;
#2672 = CARTESIAN_POINT ( 'NONE',  ( 1.681086225569887960, 0.4250000000000002109, 0.4624701013908927849 ) ) ;
#2673 = DIRECTION ( 'NONE',  ( -1.000000000000000000, 2.431469460965334458E-17, 1.249000902703301354E-16 ) ) ;
#2674 = DIRECTION ( 'NONE',  ( 0.000000000000000000, -0.3406600187867516172, 0.9401865514886978969 ) ) ;
#2675 = SURFACE_STYLE_USAGE ( .BOTH. , #6253 ) ;
#2676 = CARTESIAN_POINT ( 'NONE',  ( 1.781319529336187202, -0.8449999999999999734, 0.4624701013908927849 ) ) ;
#2677 = SURFACE_STYLE_USAGE ( .BOTH. , #2040 ) ;
#2678 = CARTESIAN_POINT ( 'NONE',  ( -2.875000000000001332, -2.007499999999998952, 0.2700000000000002953 ) ) ;
#2679 = UNCERTAINTY_MEASURE_WITH_UNIT (LENGTH_MEASURE( 1.000000000000000082E-05 ), #3369, 'distance_accuracy_value', 'NONE');
#2680 = DIRECTION ( 'NONE',  ( 0.1060905250085903556, -4.303867851713705188E-17, -0.9943564755676919109 ) ) ;
#2681 = CARTESIAN_POINT ( 'NONE',  ( 1.844178477628969803, -0.1438672726359227216, 0.1998720181080985148 ) ) ;
#2682 = FILL_AREA_STYLE ('',( #1230 ) ) ;
#2683 = EDGE_CURVE ( 'NONE', #7584, #6133, #8923, .T. ) ;
#2684 = VERTEX_POINT ( 'NONE', #8190 ) ;
#2685 = DIRECTION ( 'NONE',  ( -1.249000902703301354E-16, -3.606914277297914115E-17, -1.000000000000000000 ) ) ;
#2686 = EDGE_LOOP ( 'NONE', ( #1878, #4058, #2789, #5461 ) ) ;
#2687 = CARTESIAN_POINT ( 'NONE',  ( 1.838675268659771600, 0.5237790775136970112, 0.1861139956851012023 ) ) ;
#2688 = DIRECTION ( 'NONE',  ( -0.06818941838404206368, -1.789660620253715096E-17, -0.9976723927324269159 ) ) ;
#2689 =( NAMED_UNIT ( * ) PLANE_ANGLE_UNIT ( ) SI_UNIT ( $, .RADIAN. ) );
#2690 = LINE ( 'NONE', #468, #5010 ) ;
#2691 = CARTESIAN_POINT ( 'NONE',  ( 1.811734522740225950, 0.4669113756612616184, 0.1187621308862357034 ) ) ;
#2692 = VECTOR ( 'NONE', #6156, 1000.000000000000000 ) ;
#2693 = ORIENTED_EDGE ( 'NONE', *, *, #8951, .F. ) ;
#2694 = COLOUR_RGB ( '',1.000000000000000000, 1.000000000000000000, 1.000000000000000000 ) ;
#2695 = CARTESIAN_POINT ( 'NONE',  ( 2.739492600163652813, -0.4225000000000000977, 0.4129369826212097028 ) ) ;
#2696 = ORIENTED_EDGE ( 'NONE', *, *, #54, .T. ) ;
#2697 = FACE_OUTER_BOUND ( 'NONE', #3712, .T. ) ;
#2698 = FILL_AREA_STYLE_COLOUR ( '', #7394 ) ;
#2699 = CARTESIAN_POINT ( 'NONE',  ( -1.575000000000000400, 1.050000000000000044, 0.2699999999999999623 ) ) ;
#2700 = DIRECTION ( 'NONE',  ( 0.1060905250085903140, -4.303867851713705188E-17, -0.9943564755676919109 ) ) ;
#2701 = CARTESIAN_POINT ( 'NONE',  ( 1.901620141814936771, -0.3732548060346631003, 0.3165503545373422600 ) ) ;
#2702 = EDGE_LOOP ( 'NONE', ( #3695, #4770, #5837, #2152 ) ) ;
#2703 = DIRECTION ( 'NONE',  ( -5.256737805990324050E-15, 0.000000000000000000, -1.000000000000000000 ) ) ;
#2704 =( GEOMETRIC_REPRESENTATION_CONTEXT ( 3 ) GLOBAL_UNCERTAINTY_ASSIGNED_CONTEXT ( ( #6060 ) ) GLOBAL_UNIT_ASSIGNED_CONTEXT ( ( #8605, #5595, #4861 ) ) REPRESENTATION_CONTEXT ( 'NONE', 'WORKASPACE' ) );
#2705 = B_SPLINE_CURVE_WITH_KNOTS ( 'NONE', 3,
 ( #6527, #487, #4950, #7158, #3441, #7899, #2842, #4170, #3483, #3581, #9329, #4254, #2749, #8759, #5623, #2115, #1393, #7200, #630 ),
 .UNSPECIFIED., .F., .F.,
 ( 4, 1, 1, 1, 1, 1, 1, 1, 1, 1, 1, 1, 1, 1, 1, 1, 4 ),
 ( 0.000000000000000000, 0.06863281452251160375, 0.1345696734730734978, 0.1983328812253323803, 0.2607959826476435872, 0.3220068264360574362, 0.3827308687972293400, 0.4435480458920917912, 0.5051454695004216067, 0.5662273706519538319, 0.6261207880494007449, 0.6853656576789715071, 0.7449101527780606080, 0.8054112038394396489, 0.8676331114143822631, 0.9323061688368518007, 1.000000000000000000 ),
 .UNSPECIFIED. ) ;
#2706 = CARTESIAN_POINT ( 'NONE',  ( 1.832110324443658733, -0.3133749497926702210, 0.1697016351448194793 ) ) ;
#2707 = ORIENTED_EDGE ( 'NONE', *, *, #4505, .F. ) ;
#2708 = DIRECTION ( 'NONE',  ( 1.447921622090529492E-16, 1.000000000000000000, -2.498792926766732971E-16 ) ) ;
#2709 = CARTESIAN_POINT ( 'NONE',  ( 2.540318690028105397, -1.619999999999999885, 0.2060369536996491391 ) ) ;
#2710 = CARTESIAN_POINT ( 'NONE',  ( 2.440731734960332133, -0.4225000000000000422, 0.1025869392388688572 ) ) ;
#2711 = FACE_OUTER_BOUND ( 'NONE', #4507, .T. ) ;
#2712 =( LENGTH_UNIT ( ) NAMED_UNIT ( * ) SI_UNIT ( .MILLI., .METRE. ) );
#2713 = CARTESIAN_POINT ( 'NONE',  ( 1.681086225569887960, 0.9200000000000001510, 0.6824701013908927028 ) ) ;
#2714 = SURFACE_SIDE_STYLE ('',( #5005 ) ) ;
#2715 = LINE ( 'NONE', #1994, #3066 ) ;
#2716 = DIRECTION ( 'NONE',  ( 0.000000000000000000, 0.000000000000000000, 1.000000000000000000 ) ) ;
#2717 = SURFACE_SIDE_STYLE ('',( #5492 ) ) ;
#2718 =( GEOMETRIC_REPRESENTATION_CONTEXT ( 3 ) GLOBAL_UNCERTAINTY_ASSIGNED_CONTEXT ( ( #8194 ) ) GLOBAL_UNIT_ASSIGNED_CONTEXT ( ( #3835, #8255, #7426 ) ) REPRESENTATION_CONTEXT ( 'NONE', 'WORKASPACE' ) );
#2719 = CARTESIAN_POINT ( 'NONE',  ( 1.919972990248129729, -0.02238590137221027274, 0.3624324756203239906 ) ) ;
#2720 = ORIENTED_EDGE ( 'NONE', *, *, #2810, .F. ) ;
#2721 = ORIENTED_EDGE ( 'NONE', *, *, #3195, .F. ) ;
#2722 = AXIS2_PLACEMENT_3D ( 'NONE', #748, #4383, #8069 ) ;
#2723 = DIRECTION ( 'NONE',  ( 5.061928863708876291E-16, 1.000000000000000000, -2.498792926766733464E-16 ) ) ;
#2724 = EDGE_LOOP ( 'NONE', ( #2448, #315, #2973, #7441 ) ) ;
#2725 =( GEOMETRIC_REPRESENTATION_CONTEXT ( 3 ) GLOBAL_UNCERTAINTY_ASSIGNED_CONTEXT ( ( #2213 ) ) GLOBAL_UNIT_ASSIGNED_CONTEXT ( ( #5441, #1175, #6312 ) ) REPRESENTATION_CONTEXT ( 'NONE', 'WORKASPACE' ) );
#2726 = FILL_AREA_STYLE_COLOUR ( '', #3994 ) ;
#2727 = SURFACE_STYLE_FILL_AREA ( #6414 ) ;
#2728 = CARTESIAN_POINT ( 'NONE',  ( 2.411354963226314929, -2.189999999999999947, 0.3779271093683748695 ) ) ;
#2729 = DIRECTION ( 'NONE',  ( -1.488806659628715785E-32, -1.117179326706309308E-16, -1.000000000000000000 ) ) ;
#2730 = SURFACE_STYLE_FILL_AREA ( #7188 ) ;
#2731 = CARTESIAN_POINT ( 'NONE',  ( 1.904826784920400806, -0.06618890234083459057, 0.3514927863366756333 ) ) ;
#2732 = ORIENTED_EDGE ( 'NONE', *, *, #961, .T. ) ;
#2733 = STYLED_ITEM ( 'NONE', ( #8737 ), #4822 ) ;
#2734 = STYLED_ITEM ( 'NONE', ( #3805 ), #4262 ) ;
#2735 = SURFACE_SIDE_STYLE ('',( #9408 ) ) ;
#2736 = CARTESIAN_POINT ( 'NONE',  ( 2.517816181961371580, -0.4225000000000000422, -0.1231949359020516888 ) ) ;
#2737 = ORIENTED_EDGE ( 'NONE', *, *, #7216, .F. ) ;
#2738 = ADVANCED_FACE ( 'NONE', ( #50 ), #8138, .T. ) ;
#2739 = PLANE ( 'NONE',  #2574 ) ;
#2740 = SURFACE_STYLE_FILL_AREA ( #6426 ) ;
#2741 = COLOUR_RGB ( '',1.000000000000000000, 1.000000000000000000, 1.000000000000000000 ) ;
#2742 = CARTESIAN_POINT ( 'NONE',  ( 1.681086225569887960, 1.695000000000000284, 0.4624701013908927849 ) ) ;
#2743 = PRESENTATION_STYLE_ASSIGNMENT (( #8755 ) ) ;
#2744 = COLOUR_RGB ( '',1.000000000000000000, 1.000000000000000000, 1.000000000000000000 ) ;
#2745 = DIRECTION ( 'NONE',  ( 0.3713906763541009459, 0.000000000000000000, 0.9284766908852605249 ) ) ;
#2746 =( GEOMETRIC_REPRESENTATION_CONTEXT ( 3 ) GLOBAL_UNCERTAINTY_ASSIGNED_CONTEXT ( ( #1034 ) ) GLOBAL_UNIT_ASSIGNED_CONTEXT ( ( #6704, #5304, #4578 ) ) REPRESENTATION_CONTEXT ( 'NONE', 'WORKASPACE' ) );
#2747 = CYLINDRICAL_SURFACE ( 'NONE', #7379, 0.3300000000000000155 ) ;
#2748 = ORIENTED_EDGE ( 'NONE', *, *, #9391, .F. ) ;
#2749 = CARTESIAN_POINT ( 'NONE',  ( 1.848621844011757664, -0.1376835536101280455, 0.1840546100293924958 ) ) ;
#2750 =( GEOMETRIC_REPRESENTATION_CONTEXT ( 3 ) GLOBAL_UNCERTAINTY_ASSIGNED_CONTEXT ( ( #8206 ) ) GLOBAL_UNIT_ASSIGNED_CONTEXT ( ( #217, #8370, #3314 ) ) REPRESENTATION_CONTEXT ( 'NONE', 'WORKASPACE' ) );
#2751 = CARTESIAN_POINT ( 'NONE',  ( 1.909985729014162414, 0.3908667820013920213, 0.3643901465710775445 ) ) ;
#2752 = AXIS2_PLACEMENT_3D ( 'NONE', #3410, #6539, #3497 ) ;
#2753 = VECTOR ( 'NONE', #2983, 1000.000000000000114 ) ;
#2754 = EDGE_CURVE ( 'NONE', #6109, #1010, #4461, .T. ) ;
#2755 = LINE ( 'NONE', #8594, #6725 ) ;
#2756 = PRESENTATION_STYLE_ASSIGNMENT (( #1986 ) ) ;
#2757 = COLOUR_RGB ( '',1.000000000000000000, 1.000000000000000000, 1.000000000000000000 ) ;
#2758 =( GEOMETRIC_REPRESENTATION_CONTEXT ( 3 ) GLOBAL_UNCERTAINTY_ASSIGNED_CONTEXT ( ( #2958 ) ) GLOBAL_UNIT_ASSIGNED_CONTEXT ( ( #5129, #8031, #9457 ) ) REPRESENTATION_CONTEXT ( 'NONE', 'WORKASPACE' ) );
#2759 = STYLED_ITEM ( 'NONE', ( #2163 ), #5689 ) ;
#2760 = LINE ( 'NONE', #6302, #2069 ) ;
#2761 =( LENGTH_UNIT ( ) NAMED_UNIT ( * ) SI_UNIT ( .MILLI., .METRE. ) );
#2762 = CARTESIAN_POINT ( 'NONE',  ( 2.394122236080193034, 0.3500000000000000333, 0.5394445853922671397 ) ) ;
#2763 = CARTESIAN_POINT ( 'NONE',  ( 1.905583152080910558, 0.3646834561604591074, 0.3533837042379491256 ) ) ;
#2764 = AXIS2_PLACEMENT_3D ( 'NONE', #2870, #7283, #654 ) ;
#2765 = LINE ( 'NONE', #1269, #3348 ) ;
#2766 = CARTESIAN_POINT ( 'NONE',  ( 1.859099318740867979, 0.5458789290399396199, 0.2371741208878422325 ) ) ;
#2767 = CARTESIAN_POINT ( 'NONE',  ( 1.861770990240165569, -0.1142953091791326092, 0.2438532996360852911 ) ) ;
#2768 = AXIS2_PLACEMENT_3D ( 'NONE', #8770, #2126, #5858 ) ;
#2769 = PRODUCT_DEFINITION_CONTEXT ( 'detailed design', #2998, 'design' ) ;
#2770 = PRESENTATION_STYLE_ASSIGNMENT (( #7868 ) ) ;
#2771 = DIRECTION ( 'NONE',  ( 1.000000000000000000, -3.608224830031759249E-16, 2.542227526591152421E-32 ) ) ;
#2772 = PRESENTATION_LAYER_ASSIGNMENT (  '', '', ( #5407 ) ) ;
#2773 = PRESENTATION_STYLE_ASSIGNMENT (( #7178 ) ) ;
#2774 = COLOUR_RGB ( '',1.000000000000000000, 1.000000000000000000, 1.000000000000000000 ) ;
#2775 =( LENGTH_UNIT ( ) NAMED_UNIT ( * ) SI_UNIT ( .MILLI., .METRE. ) );
#2776 = ORIENTED_EDGE ( 'NONE', *, *, #1644, .T. ) ;
#2777 = ORIENTED_EDGE ( 'NONE', *, *, #3270, .F. ) ;
#2778 =( NAMED_UNIT ( * ) PLANE_ANGLE_UNIT ( ) SI_UNIT ( $, .RADIAN. ) );
#2779 = DIRECTION ( 'NONE',  ( 1.447921622090529738E-16, 1.000000000000000000, -2.783468775164169937E-17 ) ) ;
#2780 = PRESENTATION_STYLE_ASSIGNMENT (( #3511 ) ) ;
#2781 = AXIS2_PLACEMENT_3D ( 'NONE', #752, #8893, #22 ) ;
#2782 = UNCERTAINTY_MEASURE_WITH_UNIT (LENGTH_MEASURE( 1.000000000000000082E-05 ), #5940, 'distance_accuracy_value', 'NONE');
#2783 = EDGE_CURVE ( 'NONE', #2967, #9091, #4178, .T. ) ;
#2784 = CARTESIAN_POINT ( 'NONE',  ( 2.378862465107961288, -0.3500000000000000333, 0.6824701013908925917 ) ) ;
#2785 = CARTESIAN_POINT ( 'NONE',  ( -1.974999999999999867, 1.600000000000000311, 0.2700000000000000178 ) ) ;
#2786 = VECTOR ( 'NONE', #6576, 1000.000000000000114 ) ;
#2787 = SURFACE_STYLE_FILL_AREA ( #1282 ) ;
#2788 = CARTESIAN_POINT ( 'NONE',  ( 1.868509070821368745, -0.1144813094689930560, 0.2606985010890937038 ) ) ;
#2789 = ORIENTED_EDGE ( 'NONE', *, *, #1324, .T. ) ;
#2790 = B_SPLINE_CURVE_WITH_KNOTS ( 'NONE', 3,
 ( #7433, #8309, #5153, #1656, #2385, #9031, #6788, #5194, #4476, #8152, #3743, #3840, #8990, #4525, #8104, #8933, #5338, #4619, #7574 ),
 .UNSPECIFIED., .F., .F.,
 ( 4, 1, 1, 1, 1, 1, 1, 1, 1, 1, 1, 1, 1, 1, 1, 1, 4 ),
 ( 0.000000000000000000, 0.07429619169027840142, 0.1443788321467840141, 0.2104779521626760630, 0.2735146103050152822, 0.3337905786993327628, 0.3923332665120534690, 0.4498851578508358817, 0.5076124060056994569, 0.5652508075195161741, 0.6231872918394519845, 0.6813298109894395660, 0.7409400148196149116, 0.8018760316168768165, 0.8652550298431297415, 0.9309487249441326107, 1.000000000000000000 ),
 .UNSPECIFIED. ) ;
#2791 = EDGE_CURVE ( 'NONE', #4193, #2565, #1120, .T. ) ;
#2792 =( NAMED_UNIT ( * ) PLANE_ANGLE_UNIT ( ) SI_UNIT ( $, .RADIAN. ) );
#2793 = COLOUR_RGB ( '',1.000000000000000000, 1.000000000000000000, 1.000000000000000000 ) ;
#2794 = PRESENTATION_LAYER_ASSIGNMENT (  '', '', ( #6967 ) ) ;
#2795 = ADVANCED_FACE ( 'NONE', ( #4702 ), #3257, .T. ) ;
#2796 = COLOUR_RGB ( '',0.1019607843137254888, 0.1019607843137254888, 0.1019607843137254888 ) ;
#2797 = CARTESIAN_POINT ( 'NONE',  ( 1.921257739980570811, 0.5048385250052412898, 0.3925701739870997020 ) ) ;
#2798 = ORIENTED_EDGE ( 'NONE', *, *, #9262, .T. ) ;
#2799 = CIRCLE ( 'NONE', #790, 0.1999999999999999833 ) ;
#2800 = CARTESIAN_POINT ( 'NONE',  ( 1.920642591091610285, 0.04639077323362962579, 0.3641064777290263788 ) ) ;
#2801 = UNCERTAINTY_MEASURE_WITH_UNIT (LENGTH_MEASURE( 1.000000000000000082E-05 ), #2260, 'distance_accuracy_value', 'NONE');
#2802 = SURFACE_STYLE_FILL_AREA ( #8862 ) ;
#2803 = ADVANCED_FACE ( 'NONE', ( #5526 ), #6246, .T. ) ;
#2804 = ORIENTED_EDGE ( 'NONE', *, *, #6314, .F. ) ;
#2805 = AXIS2_PLACEMENT_3D ( 'NONE', #7311, #4411, #1593 ) ;
#2806 = PRESENTATION_STYLE_ASSIGNMENT (( #6484 ) ) ;
#2807 = CARTESIAN_POINT ( 'NONE',  ( 1.920261663677605979, 0.4003538601946926012, 0.3631541591940172786 ) ) ;
#2808 = CARTESIAN_POINT ( 'NONE',  ( 1.681086225569887960, 1.620000000000000329, 0.6824701013908928138 ) ) ;
#2809 = CARTESIAN_POINT ( 'NONE',  ( 1.880106657513936907, -0.3597639523761265723, 0.2896924678205149983 ) ) ;
#2810 = EDGE_CURVE ( 'NONE', #3851, #6028, #3964, .T. ) ;
#2811 = EDGE_CURVE ( 'NONE', #9209, #4245, #7759, .T. ) ;
#2812 = CARTESIAN_POINT ( 'NONE',  ( 2.517749029844000397, 0.9200000000000000400, 0.7103050971205200348 ) ) ;
#2813 =( NAMED_UNIT ( * ) SI_UNIT ( $, .STERADIAN. ) SOLID_ANGLE_UNIT ( ) );
#2814 = CARTESIAN_POINT ( 'NONE',  ( 2.517749029844000397, 0.3500000000000000333, 0.7103050971205200348 ) ) ;
#2815 = CARTESIAN_POINT ( 'NONE',  ( 1.923586541574904940, 0.08663467567265401015, 0.3983921779729356905 ) ) ;
#2816 = FILL_AREA_STYLE ('',( #9287 ) ) ;
#2817 =( GEOMETRIC_REPRESENTATION_CONTEXT ( 3 ) GLOBAL_UNCERTAINTY_ASSIGNED_CONTEXT ( ( #670 ) ) GLOBAL_UNIT_ASSIGNED_CONTEXT ( ( #5488, #6360, #7622 ) ) REPRESENTATION_CONTEXT ( 'NONE', 'WORKASPACE' ) );
#2818 = PLANE ( 'NONE',  #1036 ) ;
#2819 =( NAMED_UNIT ( * ) PLANE_ANGLE_UNIT ( ) SI_UNIT ( $, .RADIAN. ) );
#2820 = CARTESIAN_POINT ( 'NONE',  ( 1.933824333956353891, 0.4236074670952467147, 0.3970608348908864493 ) ) ;
#2821 = ORIENTED_EDGE ( 'NONE', *, *, #8551, .F. ) ;
#2822 = VERTEX_POINT ( 'NONE', #9177 ) ;
#2823 = CARTESIAN_POINT ( 'NONE',  ( 2.461382810556700385, -0.9200000000000000400, -0.1143832811983292869 ) ) ;
#2824 = CARTESIAN_POINT ( 'NONE',  ( 1.924902161769765030, 0.4524369235607308970, 0.4016812284600861371 ) ) ;
#2825 =( LENGTH_UNIT ( ) NAMED_UNIT ( * ) SI_UNIT ( .MILLI., .METRE. ) );
#2826 = CARTESIAN_POINT ( 'NONE',  ( 1.681086225569887960, 2.115000000000000213, 0.4624701013908926739 ) ) ;
#2827 = FILL_AREA_STYLE ('',( #8154 ) ) ;
#2828 = CARTESIAN_POINT ( 'NONE',  ( 1.877865984219584838, -0.1547081887870466743, 0.2571649605489614299 ) ) ;
#2829 = ORIENTED_EDGE ( 'NONE', *, *, #5379, .F. ) ;
#2830 = VECTOR ( 'NONE', #1281, 1000.000000000000000 ) ;
#2831 = LINE ( 'NONE', #4247, #8979 ) ;
#2832 = FILL_AREA_STYLE ('',( #569 ) ) ;
#2833 = EDGE_LOOP ( 'NONE', ( #9585, #1760, #4290, #621 ) ) ;
#2834 = FACE_OUTER_BOUND ( 'NONE', #7780, .T. ) ;
#2835 = FILL_AREA_STYLE ('',( #709 ) ) ;
#2836 = ADVANCED_FACE ( 'NONE', ( #5325 ), #8293, .F. ) ;
#2837 =( LENGTH_UNIT ( ) NAMED_UNIT ( * ) SI_UNIT ( .MILLI., .METRE. ) );
#2838 = FACE_OUTER_BOUND ( 'NONE', #9313, .T. ) ;
#2839 = AXIS2_PLACEMENT_3D ( 'NONE', #887, #5248, #8301 ) ;
#2840 = CARTESIAN_POINT ( 'NONE',  ( 1.828052694060982697, -0.3080189199727746963, 0.1595575591881302213 ) ) ;
#2841 = ORIENTED_EDGE ( 'NONE', *, *, #388, .T. ) ;
#2842 = CARTESIAN_POINT ( 'NONE',  ( 1.827111706921760614, -0.07350380936248969432, 0.1302792673043996763 ) ) ;
#2843 = DIRECTION ( 'NONE',  ( 0.9284766908852604139, -0.000000000000000000, -0.3713906763541007794 ) ) ;
#2844 =( GEOMETRIC_REPRESENTATION_CONTEXT ( 3 ) GLOBAL_UNCERTAINTY_ASSIGNED_CONTEXT ( ( #5033 ) ) GLOBAL_UNIT_ASSIGNED_CONTEXT ( ( #9559, #2127, #7996 ) ) REPRESENTATION_CONTEXT ( 'NONE', 'WORKASPACE' ) );
#2845 = SURFACE_STYLE_FILL_AREA ( #9512 ) ;
#2846 = DIRECTION ( 'NONE',  ( 1.249000902703301601E-16, 2.498792926766732971E-16, 1.000000000000000000 ) ) ;
#2847 = CARTESIAN_POINT ( 'NONE',  ( 2.909998327955510611, -0.9200000000000001510, -0.1499999999999994116 ) ) ;
#2848 = STYLED_ITEM ( 'NONE', ( #7261 ), #5849 ) ;
#2849 = COLOUR_RGB ( '',1.000000000000000000, 1.000000000000000000, 1.000000000000000000 ) ;
#2850 = CARTESIAN_POINT ( 'NONE',  ( 1.681086225569887960, -1.619999999999999885, 0.4624701013908926739 ) ) ;
#2851 = SURFACE_SIDE_STYLE ('',( #9518 ) ) ;
#2852 = EDGE_CURVE ( 'NONE', #1043, #3709, #9378, .T. ) ;
#2853 = LINE ( 'NONE', #5728, #3474 ) ;
#2854 = CARTESIAN_POINT ( 'NONE',  ( 1.836265664110889206, -0.04516537550076057950, 0.1531641602772209065 ) ) ;
#2855 = UNCERTAINTY_MEASURE_WITH_UNIT (LENGTH_MEASURE( 1.000000000000000082E-05 ), #190, 'distance_accuracy_value', 'NONE');
#2856 = CARTESIAN_POINT ( 'NONE',  ( 1.824151274814832524, 0.3670714932136552311, 0.1228781870370799223 ) ) ;
#2857 = CARTESIAN_POINT ( 'NONE',  ( 1.836131490972428448, -0.1102557569507484764, 0.1528287274310689836 ) ) ;
#2858 = FILL_AREA_STYLE ('',( #9523 ) ) ;
#2859 = DIRECTION ( 'NONE',  ( -0.000000000000000000, -0.000000000000000000, 1.000000000000000000 ) ) ;
#2860 = COLOUR_RGB ( '',0.8509803921568627194, 0.8509803921568627194, 0.8509803921568627194 ) ;
#2861 = SURFACE_STYLE_USAGE ( .BOTH. , #2138 ) ;
#2862 = CARTESIAN_POINT ( 'NONE',  ( 1.923586541574904940, 0.7671224805507027567, 0.3983921779729356905 ) ) ;
#2863 = VERTEX_POINT ( 'NONE', #7116 ) ;
#2864 = LINE ( 'NONE', #8573, #5880 ) ;
#2865 =( NAMED_UNIT ( * ) SI_UNIT ( $, .STERADIAN. ) SOLID_ANGLE_UNIT ( ) );
#2866 = DIRECTION ( 'NONE',  ( 0.000000000000000000, 1.000000000000000000, 0.000000000000000000 ) ) ;
#2867 = UNCERTAINTY_MEASURE_WITH_UNIT (LENGTH_MEASURE( 1.000000000000000082E-05 ), #9190, 'distance_accuracy_value', 'NONE');
#2868 = EDGE_CURVE ( 'NONE', #985, #7584, #4894, .T. ) ;
#2869 = LINE ( 'NONE', #4628, #3062 ) ;
#2870 = CARTESIAN_POINT ( 'NONE',  ( 1.873312925629410541, 0.1598054073799710928, 0.2727081381091993051 ) ) ;
#2871 = SURFACE_SIDE_STYLE ('',( #6512 ) ) ;
#2872 = AXIS2_PLACEMENT_3D ( 'NONE', #9306, #5606, #6373 ) ;
#2873 = CARTESIAN_POINT ( 'NONE',  ( 1.681086225569887960, -0.9199999999999999289, 0.6824701013908928138 ) ) ;
#2874 = ORIENTED_EDGE ( 'NONE', *, *, #3870, .T. ) ;
#2875 =( NAMED_UNIT ( * ) SI_UNIT ( $, .STERADIAN. ) SOLID_ANGLE_UNIT ( ) );
#2876 =( GEOMETRIC_REPRESENTATION_CONTEXT ( 3 ) GLOBAL_UNCERTAINTY_ASSIGNED_CONTEXT ( ( #6070 ) ) GLOBAL_UNIT_ASSIGNED_CONTEXT ( ( #5100, #9347, #5052 ) ) REPRESENTATION_CONTEXT ( 'NONE', 'WORKASPACE' ) );
#2877 = CARTESIAN_POINT ( 'NONE',  ( 1.934230054860662795, 0.4472291878677761012, 0.3980751371516579873 ) ) ;
#2878 = EDGE_LOOP ( 'NONE', ( #6982, #6823, #5472, #7451 ) ) ;
#2879 = ORIENTED_EDGE ( 'NONE', *, *, #3498, .F. ) ;
#2880 = ORIENTED_EDGE ( 'NONE', *, *, #4517, .F. ) ;
#2881 = ORIENTED_EDGE ( 'NONE', *, *, #3380, .T. ) ;
#2882 = CIRCLE ( 'NONE', #571, 0.3300000000000000155 ) ;
#2883 = CARTESIAN_POINT ( 'NONE',  ( 3.016585226210213744, 0.4224999999999999867, 0.6762103879284991903 ) ) ;
#2884 = SURFACE_STYLE_USAGE ( .BOTH. , #8859 ) ;
#2885 = SURFACE_SIDE_STYLE ('',( #3612 ) ) ;
#2886 =( NAMED_UNIT ( * ) SI_UNIT ( $, .STERADIAN. ) SOLID_ANGLE_UNIT ( ) );
#2887 = UNCERTAINTY_MEASURE_WITH_UNIT (LENGTH_MEASURE( 1.000000000000000082E-05 ), #7940, 'distance_accuracy_value', 'NONE');
#2888 =( NAMED_UNIT ( * ) PLANE_ANGLE_UNIT ( ) SI_UNIT ( $, .RADIAN. ) );
#2889 = FILL_AREA_STYLE_COLOUR ( '', #2295 ) ;
#2890 = VECTOR ( 'NONE', #1858, 1000.000000000000000 ) ;
#2891 = MECHANICAL_DESIGN_GEOMETRIC_PRESENTATION_REPRESENTATION (  '', ( #5218 ), #3822 ) ;
#2892 = SURFACE_SIDE_STYLE ('',( #2215 ) ) ;
#2893 = VERTEX_POINT ( 'NONE', #7852 ) ;
#2894 = DIRECTION ( 'NONE',  ( 0.000000000000000000, -1.000000000000000000, 0.000000000000000000 ) ) ;
#2895 = FILL_AREA_STYLE ('',( #4994 ) ) ;
#2896 = FILL_AREA_STYLE_COLOUR ( '', #7967 ) ;
#2897 = CIRCLE ( 'NONE', #6326, 0.1599999999999999756 ) ;
#2898 = MECHANICAL_DESIGN_GEOMETRIC_PRESENTATION_REPRESENTATION (  '', ( #4595 ), #4142 ) ;
#2899 = EDGE_CURVE ( 'NONE', #3871, #1828, #2755, .T. ) ;
#2900 = CARTESIAN_POINT ( 'NONE',  ( 1.913010573484712928, 0.5109109598665854124, 0.3450264337117838753 ) ) ;
#2902 = EDGE_CURVE ( 'NONE', #1609, #7744, #4258, .T. ) ;
#2901 = LINE ( 'NONE', #5805, #1213 ) ;
#2903 = PRESENTATION_LAYER_ASSIGNMENT (  '', '', ( #5548 ) ) ;
#2904 = VECTOR ( 'NONE', #5769, 1000.000000000000000 ) ;
#2905 =( GEOMETRIC_REPRESENTATION_CONTEXT ( 3 ) GLOBAL_UNCERTAINTY_ASSIGNED_CONTEXT ( ( #5098 ) ) GLOBAL_UNIT_ASSIGNED_CONTEXT ( ( #3336, #3299, #1154 ) ) REPRESENTATION_CONTEXT ( 'NONE', 'WORKASPACE' ) );
#2906 = PRESENTATION_LAYER_ASSIGNMENT (  '', '', ( #8022 ) ) ;
#2907 = CARTESIAN_POINT ( 'NONE',  ( 1.920642591091610285, 0.2659029683555808043, 0.3641064777290263788 ) ) ;
#2908 = EDGE_CURVE ( 'NONE', #4358, #5135, #5722, .T. ) ;
#2909 = EDGE_CURVE ( 'NONE', #7778, #6559, #5583, .T. ) ;
#2910 = LINE ( 'NONE', #5144, #8222 ) ;
#2911 = STYLED_ITEM ( 'NONE', ( #8888 ), #1084 ) ;
#2912 = VECTOR ( 'NONE', #3425, 1000.000000000000227 ) ;
#2913 = FACE_OUTER_BOUND ( 'NONE', #6560, .T. ) ;
#2914 = COLOUR_RGB ( '',1.000000000000000000, 1.000000000000000000, 1.000000000000000000 ) ;
#2915 = COLOUR_RGB ( '',1.000000000000000000, 1.000000000000000000, 1.000000000000000000 ) ;
#2916 = DIRECTION ( 'NONE',  ( 1.447921622090529738E-16, 1.000000000000000000, -2.783468775164169937E-17 ) ) ;
#2917 = AXIS2_PLACEMENT_3D ( 'NONE', #1713, #6990, #8517 ) ;
#2918 = VERTEX_POINT ( 'NONE', #4998 ) ;
#2919 = SURFACE_STYLE_FILL_AREA ( #5692 ) ;
#2920 = CARTESIAN_POINT ( 'NONE',  ( 1.932871308483757433, -0.4036092267663704547, 0.3946782712093946377 ) ) ;
#2921 = CARTESIAN_POINT ( 'NONE',  ( 1.901760365568763378, 0.5665236028040199212, 0.3438267379575813965 ) ) ;
#2922 = CARTESIAN_POINT ( 'NONE',  ( 1.824398056060821727, 0.002145346404361331977, 0.1504209641877259362 ) ) ;
#2923 = CYLINDRICAL_SURFACE ( 'NONE', #8250, 0.3300000000000000155 ) ;
#2924 = CARTESIAN_POINT ( 'NONE',  ( 1.824398056060821727, 0.2659029683555808043, 0.1504209641877259362 ) ) ;
#2925 = AXIS2_PLACEMENT_3D ( 'NONE', #724, #3769, #1 ) ;
#2926 = CARTESIAN_POINT ( 'NONE',  ( 1.878725357122928541, -0.1522925754920230745, 0.2862392168429928607 ) ) ;
#2927 = ORIENTED_EDGE ( 'NONE', *, *, #2899, .T. ) ;
#2928 = STYLED_ITEM ( 'NONE', ( #7947 ), #5921 ) ;
#2929 = FILL_AREA_STYLE_COLOUR ( '', #8824 ) ;
#2930 = EDGE_CURVE ( 'NONE', #781, #3429, #2567, .T. ) ;
#2931 = EDGE_CURVE ( 'NONE', #2102, #6233, #4311, .T. ) ;
#2932 = CARTESIAN_POINT ( 'NONE',  ( 1.810810592291769217, 0.4352817793311907768, 0.1164523047650945220 ) ) ;
#2933 = EDGE_LOOP ( 'NONE', ( #8851, #5460, #1382, #8724 ) ) ;
#2934 = VECTOR ( 'NONE', #2027, 1000.000000000000000 ) ;
#2935 = ORIENTED_EDGE ( 'NONE', *, *, #8503, .T. ) ;
#2936 = ORIENTED_EDGE ( 'NONE', *, *, #243, .F. ) ;
#2937 = EDGE_LOOP ( 'NONE', ( #9135, #2349, #1118, #921 ) ) ;
#2938 = LINE ( 'NONE', #5211, #9085 ) ;
#2939 = PRESENTATION_LAYER_ASSIGNMENT (  '', '', ( #1234 ) ) ;
#2940 = SURFACE_STYLE_USAGE ( .BOTH. , #2885 ) ;
#2941 = FACE_OUTER_BOUND ( 'NONE', #4795, .T. ) ;
#2942 = VERTEX_POINT ( 'NONE', #6391 ) ;
#2943 = MECHANICAL_DESIGN_GEOMETRIC_PRESENTATION_REPRESENTATION (  '', ( #2947 ), #6177 ) ;
#2944 = VECTOR ( 'NONE', #5142, 1000.000000000000000 ) ;
#2945 = PRESENTATION_LAYER_ASSIGNMENT (  '', '', ( #8687 ) ) ;
#2946 = CARTESIAN_POINT ( 'NONE',  ( 1.892335374906084056, -0.2493218792053948363, 0.3202642613008832573 ) ) ;
#2947 = STYLED_ITEM ( 'NONE', ( #7539 ), #3667 ) ;
#2948 = AXIS2_PLACEMENT_3D ( 'NONE', #6675, #3001, #5236 ) ;
#2949 = STYLED_ITEM ( 'NONE', ( #7484 ), #2187 ) ;
#2950 = FACE_OUTER_BOUND ( 'NONE', #6431, .T. ) ;
#2951 = EDGE_CURVE ( 'NONE', #8538, #3850, #7257, .T. ) ;
#2952 = PRESENTATION_LAYER_ASSIGNMENT (  '', '', ( #8847 ) ) ;
#2953 = CARTESIAN_POINT ( 'NONE',  ( 0.000000000000000000, 0.000000000000000000, 0.2700000000000000178 ) ) ;
#2954 = CARTESIAN_POINT ( 'NONE',  ( 1.681086225569887960, -0.4249999999999999334, 0.6824701013908927028 ) ) ;
#2955 = SURFACE_STYLE_FILL_AREA ( #4367 ) ;
#2956 = SURFACE_STYLE_FILL_AREA ( #7266 ) ;
#2957 = EDGE_CURVE ( 'NONE', #6845, #909, #6350, .T. ) ;
#2958 = UNCERTAINTY_MEASURE_WITH_UNIT (LENGTH_MEASURE( 1.000000000000000082E-05 ), #5129, 'distance_accuracy_value', 'NONE');
#2959 = CARTESIAN_POINT ( 'NONE',  ( 1.681086225569887960, 2.189999999999999947, 0.4624701013908926739 ) ) ;
#2960 = CARTESIAN_POINT ( 'NONE',  ( 1.827022141971183178, 0.3809938024947299717, 0.1569811789636292587 ) ) ;
#2961 = EDGE_CURVE ( 'NONE', #4418, #8337, #244, .T. ) ;
#2962 = EDGE_CURVE ( 'NONE', #9058, #8407, #1163, .T. ) ;
#2963 = CARTESIAN_POINT ( 'NONE',  ( 1.975000000000000089, -2.449999999999999734, 0.4999999999999952260 ) ) ;
#2964 = PRESENTATION_STYLE_ASSIGNMENT (( #6642 ) ) ;
#2965 = FILL_AREA_STYLE_COLOUR ( '', #862 ) ;
#2966 = PRESENTATION_LAYER_ASSIGNMENT (  '', '', ( #7148 ) ) ;
#2967 = VERTEX_POINT ( 'NONE', #2667 ) ;
#2968 = CARTESIAN_POINT ( 'NONE',  ( 1.932871308483757433, -0.1767799584736875484, 0.3946782712093946377 ) ) ;
#2969 = UNCERTAINTY_MEASURE_WITH_UNIT (LENGTH_MEASURE( 1.000000000000000082E-05 ), #5320, 'distance_accuracy_value', 'NONE');
#2970 = CARTESIAN_POINT ( 'NONE',  ( 1.681086225569887960, 0.4250000000000002109, 0.6824701013908928138 ) ) ;
#2971 = SURFACE_STYLE_FILL_AREA ( #4477 ) ;
#2972 = LINE ( 'NONE', #7287, #6436 ) ;
#2973 = ORIENTED_EDGE ( 'NONE', *, *, #8086, .F. ) ;
#2974 = EDGE_CURVE ( 'NONE', #7652, #8934, #5669, .T. ) ;
#2975 = VECTOR ( 'NONE', #2288, 1000.000000000000000 ) ;
#2976 = LINE ( 'NONE', #6739, #8981 ) ;
#2977 = VERTEX_POINT ( 'NONE', #8684 ) ;
#2978 = EDGE_LOOP ( 'NONE', ( #9048, #5870, #6657, #9586 ) ) ;
#2979 = ORIENTED_EDGE ( 'NONE', *, *, #7945, .F. ) ;
#2980 = CYLINDRICAL_SURFACE ( 'NONE', #9335, 0.1599999999999999756 ) ;
#2981 = ORIENTED_EDGE ( 'NONE', *, *, #930, .F. ) ;
#2982 = FILL_AREA_STYLE_COLOUR ( '', #1636 ) ;
#2983 = DIRECTION ( 'NONE',  ( -0.06818941838404181388, -1.789660620253718485E-17, -0.9976723927324270269 ) ) ;
#2984 = LINE ( 'NONE', #2062, #4934 ) ;
#2985 = SURFACE_STYLE_FILL_AREA ( #2354 ) ;
#2986 = UNCERTAINTY_MEASURE_WITH_UNIT (LENGTH_MEASURE( 1.000000000000000082E-05 ), #4791, 'distance_accuracy_value', 'NONE');
#2987 = CARTESIAN_POINT ( 'NONE',  ( 2.517749029844000397, 2.117500000000000160, 0.7103050971205200348 ) ) ;
#2988 = CARTESIAN_POINT ( 'NONE',  ( 1.681086225569887960, 2.115000000000000213, 0.4624701013908926739 ) ) ;
#2989 = ORIENTED_EDGE ( 'NONE', *, *, #4386, .F. ) ;
#2990 = FILL_AREA_STYLE ('',( #4402 ) ) ;
#2991 = APPLICATION_PROTOCOL_DEFINITION ( 'draft international standard', 'automotive_design', 1998, #2998 ) ;
#2992 = DIRECTION ( 'NONE',  ( -1.447921622090529492E-16, -1.000000000000000000, 2.498792926766732971E-16 ) ) ;
#2993 =( NAMED_UNIT ( * ) PLANE_ANGLE_UNIT ( ) SI_UNIT ( $, .RADIAN. ) );
#2994 = CARTESIAN_POINT ( 'NONE',  ( 1.879980663952173670, 0.5475269394737135586, 0.2624516598804345624 ) ) ;
#2995 = CARTESIAN_POINT ( 'NONE',  ( 1.908882089877681265, -0.1298582968395940451, 0.3347052246942044396 ) ) ;
#2996 = VERTEX_POINT ( 'NONE', #3180 ) ;
#2997 = STYLED_ITEM ( 'NONE', ( #13 ), #9362 ) ;
#2998 = APPLICATION_CONTEXT ( 'automotive_design' ) ;
#2999 = VECTOR ( 'NONE', #6494, 1000.000000000000000 ) ;
#3000 = DIRECTION ( 'NONE',  ( 1.488806659628715785E-32, 1.117179326706309308E-16, 1.000000000000000000 ) ) ;
#3001 = DIRECTION ( 'NONE',  ( 0.000000000000000000, 0.000000000000000000, 1.000000000000000000 ) ) ;
#3002 = ORIENTED_EDGE ( 'NONE', *, *, #4362, .F. ) ;
#3003 = DIRECTION ( 'NONE',  ( 0.06818941838404181388, 1.789660620253718794E-17, 0.9976723927324270269 ) ) ;
#3004 = B_SPLINE_CURVE_WITH_KNOTS ( 'NONE', 3,
 ( #9323, #9126, #9369, #6429, #9414, #5715, #2023, #3157, #6105, #9069, #2426 ),
 .UNSPECIFIED., .F., .F.,
 ( 4, 1, 1, 1, 1, 1, 1, 1, 4 ),
 ( 0.000000000000000000, 0.1124483899088002947, 0.2265276752126784143, 0.3444019493260280784, 0.4658649724874587283, 0.5916594493521164511, 0.7221684870248873400, 0.8586063875549269087, 1.000000000000000000 ),
 .UNSPECIFIED. ) ;
#3005 = PLANE ( 'NONE',  #113 ) ;
#3006 = PRESENTATION_STYLE_ASSIGNMENT (( #53 ) ) ;
#3007 = STYLED_ITEM ( 'NONE', ( #3130 ), #458 ) ;
#3008 =( NAMED_UNIT ( * ) SI_UNIT ( $, .STERADIAN. ) SOLID_ANGLE_UNIT ( ) );
#3009 = COLOUR_RGB ( '',1.000000000000000000, 1.000000000000000000, 1.000000000000000000 ) ;
#3010 = CARTESIAN_POINT ( 'NONE',  ( 1.835348964028616470, 0.4802556829742888334, 0.1508724100715416738 ) ) ;
#3011 = ORIENTED_EDGE ( 'NONE', *, *, #5785, .T. ) ;
#3012 = SURFACE_STYLE_FILL_AREA ( #6783 ) ;
#3013 = FILL_AREA_STYLE_COLOUR ( '', #1394 ) ;
#3014 = CARTESIAN_POINT ( 'NONE',  ( 1.924539567047501176, 0.4236074670952467147, 0.4007747416544274466 ) ) ;
#3015 = CARTESIAN_POINT ( 'NONE',  ( 1.817077917068102622, 0.5092669249321555291, 0.1321206167059282843 ) ) ;
#3016 = CARTESIAN_POINT ( 'NONE',  ( 1.837337460969835412, -0.3080189199727746963, 0.1558436524245891963 ) ) ;
#3017 = CARTESIAN_POINT ( 'NONE',  ( 1.868581217310732123, -0.1547081887870466743, 0.2608788673125024271 ) ) ;
#3018 = ORIENTED_EDGE ( 'NONE', *, *, #1501, .F. ) ;
#3019 = MECHANICAL_DESIGN_GEOMETRIC_PRESENTATION_REPRESENTATION (  '', ( #5957 ), #2242 ) ;
#3020 = CARTESIAN_POINT ( 'NONE',  ( 1.919775049666501587, -0.05894460301518211764, 0.3888634482019303618 ) ) ;
#3021 = CARTESIAN_POINT ( 'NONE',  ( 1.814132545935595697, 0.3719400464255406269, 0.1247571888746616259 ) ) ;
#3022 = VERTEX_POINT ( 'NONE', #7591 ) ;
#3023 = ORIENTED_EDGE ( 'NONE', *, *, #5072, .T. ) ;
#3024 = VERTEX_POINT ( 'NONE', #9045 ) ;
#3025 = VERTEX_POINT ( 'NONE', #9097 ) ;
#3026 = CARTESIAN_POINT ( 'NONE',  ( 1.781319529336186980, -2.189999999999999503, 0.4624701013908927849 ) ) ;
#3027 = SURFACE_STYLE_FILL_AREA ( #760 ) ;
#3028 = FACE_OUTER_BOUND ( 'NONE', #4209, .T. ) ;
#3029 = LINE ( 'NONE', #8388, #169 ) ;
#3030 = MECHANICAL_DESIGN_GEOMETRIC_PRESENTATION_REPRESENTATION (  '', ( #7202 ), #4733 ) ;
#3031 = LINE ( 'NONE', #2987, #8179 ) ;
#3032 = ORIENTED_EDGE ( 'NONE', *, *, #8649, .T. ) ;
#3033 = EDGE_CURVE ( 'NONE', #8704, #835, #8298, .T. ) ;
#3034 = MECHANICAL_DESIGN_GEOMETRIC_PRESENTATION_REPRESENTATION (  '', ( #5055 ), #4898 ) ;
#3035 = SURFACE_STYLE_FILL_AREA ( #6709 ) ;
#3036 = EDGE_CURVE ( 'NONE', #6028, #77, #5983, .T. ) ;
#3037 =( NAMED_UNIT ( * ) SI_UNIT ( $, .STERADIAN. ) SOLID_ANGLE_UNIT ( ) );
#3038 = CARTESIAN_POINT ( 'NONE',  ( 1.912716570559662710, 0.4416842183555810264, 0.3712172504348305035 ) ) ;
#3039 = AXIS2_PLACEMENT_3D ( 'NONE', #2084, #2044, #4273 ) ;
#3040 = CARTESIAN_POINT ( 'NONE',  ( 1.824430698596160916, -0.002126440003930568819, 0.1505025705260727431 ) ) ;
#3041 = SURFACE_STYLE_FILL_AREA ( #2363 ) ;
#3042 = ORIENTED_EDGE ( 'NONE', *, *, #496, .T. ) ;
#3043 = DIRECTION ( 'NONE',  ( 0.000000000000000000, 1.000000000000000000, 0.000000000000000000 ) ) ;
#3044 = STYLED_ITEM ( 'NONE', ( #8814 ), #5206 ) ;
#3045 = STYLED_ITEM ( 'NONE', ( #4086 ), #1390 ) ;
#3046 = STYLED_ITEM ( 'NONE', ( #3614 ), #4215 ) ;
#3047 = VECTOR ( 'NONE', #2680, 999.9999999999998863 ) ;
#3048 = ADVANCED_FACE ( 'NONE', ( #6848 ), #8275, .F. ) ;
#3049 = FACE_OUTER_BOUND ( 'NONE', #7850, .T. ) ;
#3050 = ORIENTED_EDGE ( 'NONE', *, *, #3275, .F. ) ;
#3051 = CARTESIAN_POINT ( 'NONE',  ( 2.540318690028105397, 1.692499999999999893, 0.2060369536996492501 ) ) ;
#3052 = UNCERTAINTY_MEASURE_WITH_UNIT (LENGTH_MEASURE( 1.000000000000000082E-05 ), #4802, 'distance_accuracy_value', 'NONE');
#3053 = AXIS2_PLACEMENT_3D ( 'NONE', #6184, #1765, #4727 ) ;
#3054 = DIRECTION ( 'NONE',  ( 2.383578030884405796E-16, 1.000000000000000000, -1.117179326706309308E-16 ) ) ;
#3055 = COLOUR_RGB ( '',1.000000000000000000, 1.000000000000000000, 1.000000000000000000 ) ;
#3056 = STYLED_ITEM ( 'NONE', ( #5066 ), #4508 ) ;
#3057 = MECHANICAL_DESIGN_GEOMETRIC_PRESENTATION_REPRESENTATION (  '', ( #1821 ), #4300 ) ;
#3058 = PRESENTATION_LAYER_ASSIGNMENT (  '', '', ( #8011 ) ) ;
#3059 = LINE ( 'NONE', #5380, #2692 ) ;
#3060 = ADVANCED_FACE ( 'NONE', ( #3907 ), #6530, .F. ) ;
#3061 = COLOUR_RGB ( '',1.000000000000000000, 1.000000000000000000, 1.000000000000000000 ) ;
#3062 = VECTOR ( 'NONE', #6589, 1000.000000000000227 ) ;
#3063 =( NAMED_UNIT ( * ) SI_UNIT ( $, .STERADIAN. ) SOLID_ANGLE_UNIT ( ) );
#3064 = FILL_AREA_STYLE_COLOUR ( '', #3485 ) ;
#3065 = ORIENTED_EDGE ( 'NONE', *, *, #4562, .T. ) ;
#3066 = VECTOR ( 'NONE', #7129, 1000.000000000000000 ) ;
#3067 = CARTESIAN_POINT ( 'NONE',  ( 1.923586541574904940, -0.2206823974980777758, 0.3983921779729356905 ) ) ;
#3068 = CARTESIAN_POINT ( 'NONE',  ( 1.812983948409533363, -0.03019156948090153184, 0.1218856950595046534 ) ) ;
#3069 = CARTESIAN_POINT ( 'NONE',  ( 1.830142567413359123, -0.3067809204963437009, 0.1647822425690673165 ) ) ;
#3070 = AXIS2_PLACEMENT_3D ( 'NONE', #2351, #6661, #8323 ) ;
#3071 = CARTESIAN_POINT ( 'NONE',  ( 1.849993423676724813, 0.5712307164937572290, 0.1874835591918113942 ) ) ;
#3072 =( LENGTH_UNIT ( ) NAMED_UNIT ( * ) SI_UNIT ( .MILLI., .METRE. ) );
#3073 = PLANE ( 'NONE',  #2557 ) ;
#3074 = DIRECTION ( 'NONE',  ( 0.3713906763541002798, 0.000000000000000000, 0.9284766908852607470 ) ) ;
#3075 = COLOUR_RGB ( '',1.000000000000000000, 1.000000000000000000, 1.000000000000000000 ) ;
#3076 =( NAMED_UNIT ( * ) PLANE_ANGLE_UNIT ( ) SI_UNIT ( $, .RADIAN. ) );
#3077 = VERTEX_POINT ( 'NONE', #2120 ) ;
#3078 = VECTOR ( 'NONE', #1005, 1000.000000000000114 ) ;
#3079 = PRESENTATION_LAYER_ASSIGNMENT (  '', '', ( #7247 ) ) ;
#3080 = ORIENTED_EDGE ( 'NONE', *, *, #1768, .T. ) ;
#3081 = EDGE_CURVE ( 'NONE', #6218, #8221, #2352, .T. ) ;
#3082 = ORIENTED_EDGE ( 'NONE', *, *, #7048, .T. ) ;
#3083 = VERTEX_POINT ( 'NONE', #1525 ) ;
#3084 = PRESENTATION_STYLE_ASSIGNMENT (( #4486 ) ) ;
#3085 = ORIENTED_EDGE ( 'NONE', *, *, #4074, .F. ) ;
#3086 = CARTESIAN_POINT ( 'NONE',  ( 2.037248960451289115, 1.620000000000000107, 0.4624701013908927294 ) ) ;
#3087 = SURFACE_STYLE_USAGE ( .BOTH. , #4539 ) ;
#3088 = DIRECTION ( 'NONE',  ( 0.3713906763541008349, 0.000000000000000000, 0.9284766908852605249 ) ) ;
#3089 = UNCERTAINTY_MEASURE_WITH_UNIT (LENGTH_MEASURE( 1.000000000000000082E-05 ), #8552, 'distance_accuracy_value', 'NONE');
#3090 = CARTESIAN_POINT ( 'NONE',  ( -1.375000000000000444, 1.050000000000000044, 0.2699999999999999623 ) ) ;
#3091 = DIRECTION ( 'NONE',  ( -0.9976723927324270269, 1.463531740886934826E-16, 0.06818941838404181388 ) ) ;
#3092 = EDGE_CURVE ( 'NONE', #1249, #8125, #4491, .T. ) ;
#3093 = FACE_OUTER_BOUND ( 'NONE', #8161, .T. ) ;
#3094 = ORIENTED_EDGE ( 'NONE', *, *, #1029, .F. ) ;
#3095 = EDGE_CURVE ( 'NONE', #1090, #4785, #2546, .T. ) ;
#3096 = SURFACE_SIDE_STYLE ('',( #868 ) ) ;
#3097 = PRESENTATION_LAYER_ASSIGNMENT (  '', '', ( #8529 ) ) ;
#3098 = SURFACE_STYLE_USAGE ( .BOTH. , #1582 ) ;
#3099 =( LENGTH_UNIT ( ) NAMED_UNIT ( * ) SI_UNIT ( .MILLI., .METRE. ) );
#3100 = CARTESIAN_POINT ( 'NONE',  ( 1.834979372061061209, -0.08259705088813759644, 0.1768742541883250308 ) ) ;
#3101 = EDGE_CURVE ( 'NONE', #835, #5839, #4008, .T. ) ;
#3102 = AXIS2_PLACEMENT_3D ( 'NONE', #8854, #951, #8268 ) ;
#3103 = ORIENTED_EDGE ( 'NONE', *, *, #3675, .T. ) ;
#3104 = STYLED_ITEM ( 'NONE', ( #4044 ), #1952 ) ;
#3105 = FILL_AREA_STYLE ('',( #1441 ) ) ;
#3106 = ADVANCED_FACE ( 'NONE', ( #6272 ), #4829, .F. ) ;
#3107 = PRESENTATION_STYLE_ASSIGNMENT (( #152 ) ) ;
#3108 = ORIENTED_EDGE ( 'NONE', *, *, #8719, .F. ) ;
#3109 = DIRECTION ( 'NONE',  ( -1.447921622090529492E-16, -1.000000000000000000, 2.498792926766732971E-16 ) ) ;
#3110 =( NAMED_UNIT ( * ) SI_UNIT ( $, .STERADIAN. ) SOLID_ANGLE_UNIT ( ) );
#3111 = CARTESIAN_POINT ( 'NONE',  ( 1.903725806575860435, 0.5109109598665854124, 0.3487403404753249281 ) ) ;
#3112 = CARTESIAN_POINT ( 'NONE',  ( -1.774999999999999245, -2.007500000000001616, 3.326939670848421915E-16 ) ) ;
#3113 = FACE_OUTER_BOUND ( 'NONE', #7935, .T. ) ;
#3114 = EDGE_CURVE ( 'NONE', #663, #6233, #6224, .T. ) ;
#3115 = EDGE_CURVE ( 'NONE', #5756, #2409, #9199, .T. ) ;
#3116 = PRESENTATION_LAYER_ASSIGNMENT (  '', '', ( #1712 ) ) ;
#3117 = CARTESIAN_POINT ( 'NONE',  ( 1.839643717702476478, -0.3122551074018959927, 0.1616092942561895285 ) ) ;
#3118 = DIRECTION ( 'NONE',  ( 1.000000000000000000, 0.000000000000000000, 0.000000000000000000 ) ) ;
#3119 = ORIENTED_EDGE ( 'NONE', *, *, #4989, .T. ) ;
#3120 = PLANE ( 'NONE',  #6891 ) ;
#3121 = CARTESIAN_POINT ( 'NONE',  ( 1.890999056243759302, 0.5856766290418637944, 0.2899976406093987547 ) ) ;
#3122 = PLANE ( 'NONE',  #124 ) ;
#3123 = CARTESIAN_POINT ( 'NONE',  ( 1.863569946056327975, 0.5874659742198834467, 0.2483506891764923341 ) ) ;
#3124 = PRESENTATION_STYLE_ASSIGNMENT (( #898 ) ) ;
#3125 = FACE_OUTER_BOUND ( 'NONE', #1277, .T. ) ;
#3126 = CYLINDRICAL_SURFACE ( 'NONE', #3395, 0.1599999999999999756 ) ;
#3127 = EDGE_LOOP ( 'NONE', ( #6659, #9302, #1621, #6239, #5930, #8314, #9001, #4835 ) ) ;
#3128 = B_SPLINE_CURVE_WITH_KNOTS ( 'NONE', 3,
 ( #1343, #5854, #7405, #5140, #9515, #8087, #778, #2995, #4407, #2121, #43, #587, #722, #3678, #6625, #1542, #5947, #8910, #8180 ),
 .UNSPECIFIED., .F., .F.,
 ( 4, 1, 1, 1, 1, 1, 1, 1, 1, 1, 1, 1, 1, 1, 1, 1, 4 ),
 ( 0.000000000000000000, 0.06807022544602460423, 0.1334304311243614538, 0.1961504414953039455, 0.2571279473187740305, 0.3168673125347749031, 0.3761731906999618014, 0.4359476605849035291, 0.4965239232888284948, 0.5574553990935482428, 0.6176782722867170117, 0.6779364036295145723, 0.7387994153869100744, 0.8009448638132560250, 0.8648116296622976318, 0.9310232311067554445, 1.000000000000000000 ),
 .UNSPECIFIED. ) ;
#3130 = PRESENTATION_STYLE_ASSIGNMENT (( #3224 ) ) ;
#3129 = CARTESIAN_POINT ( 'NONE',  ( 1.814866507905979809, 0.3670714932136552311, 0.1265920938006209473 ) ) ;
#3131 = ORIENTED_EDGE ( 'NONE', *, *, #4493, .T. ) ;
#3132 = ORIENTED_EDGE ( 'NONE', *, *, #8065, .T. ) ;
#3133 = VERTEX_POINT ( 'NONE', #8526 ) ;
#3134 =( LENGTH_UNIT ( ) NAMED_UNIT ( * ) SI_UNIT ( .MILLI., .METRE. ) );
#3135 = EDGE_LOOP ( 'NONE', ( #3795, #6319, #3553, #406 ) ) ;
#3136 = SURFACE_SIDE_STYLE ('',( #6609 ) ) ;
#3137 = PRESENTATION_STYLE_ASSIGNMENT (( #8899 ) ) ;
#3138 = LINE ( 'NONE', #1673, #3078 ) ;
#3139 = DIRECTION ( 'NONE',  ( 0.9284766908852604139, -0.000000000000000000, -0.3713906763541007794 ) ) ;
#3140 = SURFACE_STYLE_FILL_AREA ( #3858 ) ;
#3141 = FACE_OUTER_BOUND ( 'NONE', #4953, .T. ) ;
#3142 = DIRECTION ( 'NONE',  ( 0.9284766908852604139, -0.000000000000000000, -0.3713906763541007794 ) ) ;
#3143 = VERTEX_POINT ( 'NONE', #6324 ) ;
#3144 = FILL_AREA_STYLE ('',( #7547 ) ) ;
#3145 = CARTESIAN_POINT ( 'NONE',  ( 2.716990092096919440, -1.692499999999999893, 0.08370509301950876391 ) ) ;
#3146 = VERTEX_POINT ( 'NONE', #3424 ) ;
#3147 = EDGE_CURVE ( 'NONE', #2460, #5553, #1096, .T. ) ;
#3148 = DIRECTION ( 'NONE',  ( 0.000000000000000000, 0.000000000000000000, -1.000000000000000000 ) ) ;
#3149 = CARTESIAN_POINT ( 'NONE',  ( 1.920606331564859603, -0.0007171859901089932317, 0.3640158289121498969 ) ) ;
#3150 = SURFACE_STYLE_FILL_AREA ( #3300 ) ;
#3151 = ORIENTED_EDGE ( 'NONE', *, *, #5221, .T. ) ;
#3152 = DIRECTION ( 'NONE',  ( 1.249000902703301354E-16, 1.960023273030422060E-17, 1.000000000000000000 ) ) ;
#3153 = ORIENTED_EDGE ( 'NONE', *, *, #1954, .F. ) ;
#3154 = DIRECTION ( 'NONE',  ( 1.447921622090529492E-16, 1.000000000000000000, -2.498792926766732971E-16 ) ) ;
#3155 = UNCERTAINTY_MEASURE_WITH_UNIT (LENGTH_MEASURE( 1.000000000000000082E-05 ), #1896, 'distance_accuracy_value', 'NONE');
#3156 = DIRECTION ( 'NONE',  ( 1.488806659628715785E-32, 1.117179326706309308E-16, 1.000000000000000000 ) ) ;
#3157 = CARTESIAN_POINT ( 'NONE',  ( 1.933824333956353891, 0.4236074670952467147, 0.3970608348908864493 ) ) ;
#3158 = CARTESIAN_POINT ( 'NONE',  ( 1.903825577376641487, 0.5313503996380554151, 0.3220639434416047164 ) ) ;
#3159 = ADVANCED_FACE ( 'NONE', ( #4775 ), #1142, .T. ) ;
#3160 = MECHANICAL_DESIGN_GEOMETRIC_PRESENTATION_REPRESENTATION (  '', ( #3768 ), #55 ) ;
#3161 = CARTESIAN_POINT ( 'NONE',  ( 1.932871308483757433, 0.3061468707946052303, 0.3946782712093946377 ) ) ;
#3162 = CARTESIAN_POINT ( 'NONE',  ( 1.833045228794690784, 0.4586220156241705981, 0.1451130719867246843 ) ) ;
#3163 = ORIENTED_EDGE ( 'NONE', *, *, #415, .F. ) ;
#3164 = AXIS2_PLACEMENT_3D ( 'NONE', #9037, #1438, #271 ) ;
#3165 = DIRECTION ( 'NONE',  ( -2.652696298084526278E-16, -1.000000000000000000, 2.581137476980107759E-16 ) ) ;
#3166 =( NAMED_UNIT ( * ) PLANE_ANGLE_UNIT ( ) SI_UNIT ( $, .RADIAN. ) );
#3167 = CARTESIAN_POINT ( 'NONE',  ( 1.820095359200621710, 0.4352817793311907768, 0.1127383980015534970 ) ) ;
#3168 = SURFACE_STYLE_FILL_AREA ( #171 ) ;
#3169 = DIRECTION ( 'NONE',  ( 0.9284766908852604139, 0.000000000000000000, -0.3713906763541007794 ) ) ;
#3170 =( GEOMETRIC_REPRESENTATION_CONTEXT ( 3 ) GLOBAL_UNCERTAINTY_ASSIGNED_CONTEXT ( ( #6445 ) ) GLOBAL_UNIT_ASSIGNED_CONTEXT ( ( #3812, #1581, #9472 ) ) REPRESENTATION_CONTEXT ( 'NONE', 'WORKASPACE' ) );
#3171 = LINE ( 'NONE', #7730, #3538 ) ;
#3172 = PRESENTATION_LAYER_ASSIGNMENT (  '', '', ( #8739 ) ) ;
#3173 = EDGE_LOOP ( 'NONE', ( #5774, #7629, #1486, #4720 ) ) ;
#3174 = ADVANCED_FACE ( 'NONE', ( #8844 ), #2009, .F. ) ;
#3175 = ORIENTED_EDGE ( 'NONE', *, *, #7193, .T. ) ;
#3176 = ORIENTED_EDGE ( 'NONE', *, *, #3949, .T. ) ;
#3177 = ORIENTED_EDGE ( 'NONE', *, *, #3201, .F. ) ;
#3178 = CARTESIAN_POINT ( 'NONE',  ( 1.835348964028616470, 0.4802556829742888334, 0.1508724100715416738 ) ) ;
#3179 = FILL_AREA_STYLE_COLOUR ( '', #141 ) ;
#3180 = CARTESIAN_POINT ( 'NONE',  ( 2.037248960451289115, 2.189999999999999947, 0.4624701013908926184 ) ) ;
#3181 =( LENGTH_UNIT ( ) NAMED_UNIT ( * ) SI_UNIT ( .MILLI., .METRE. ) );
#3182 = FILL_AREA_STYLE_COLOUR ( '', #783 ) ;
#3183 = FILL_AREA_STYLE ('',( #229 ) ) ;
#3184 = ORIENTED_EDGE ( 'NONE', *, *, #5897, .T. ) ;
#3185 = LINE ( 'NONE', #9109, #937 ) ;
#3186 = EDGE_CURVE ( 'NONE', #5402, #1602, #9401, .T. ) ;
#3187 = FILL_AREA_STYLE ('',( #6755 ) ) ;
#3188 = ORIENTED_EDGE ( 'NONE', *, *, #1436, .T. ) ;
#3189 = VERTEX_POINT ( 'NONE', #9532 ) ;
#3190 = VECTOR ( 'NONE', #7063, 1000.000000000000000 ) ;
#3191 = CARTESIAN_POINT ( 'NONE',  ( 1.821454105577527294, -0.2901945926200290016, 0.1161352639438166245 ) ) ;
#3192 = CARTESIAN_POINT ( 'NONE',  ( 1.824398056060821949, 0.002145346404361332410, 0.1504209641877259640 ) ) ;
#3193 = ORIENTED_EDGE ( 'NONE', *, *, #2083, .F. ) ;
#3194 = LINE ( 'NONE', #9118, #6178 ) ;
#3195 = EDGE_CURVE ( 'NONE', #4571, #7415, #6508, .T. ) ;
#3196 = PRESENTATION_LAYER_ASSIGNMENT (  '', '', ( #9084 ) ) ;
#3197 = ORIENTED_EDGE ( 'NONE', *, *, #8688, .T. ) ;
#3198 = DIRECTION ( 'NONE',  ( -1.447921622090529492E-16, -1.000000000000000000, 2.498792926766732971E-16 ) ) ;
#3199 =( GEOMETRIC_REPRESENTATION_CONTEXT ( 3 ) GLOBAL_UNCERTAINTY_ASSIGNED_CONTEXT ( ( #7509 ) ) GLOBAL_UNIT_ASSIGNED_CONTEXT ( ( #6519, #8805, #4352 ) ) REPRESENTATION_CONTEXT ( 'NONE', 'WORKASPACE' ) );
#3200 = CARTESIAN_POINT ( 'NONE',  ( 1.834074872566803460, 0.3982200169064918360, 0.1476871814170079567 ) ) ;
#3201 = EDGE_CURVE ( 'NONE', #2942, #6174, #2145, .T. ) ;
#3202 = FILL_AREA_STYLE_COLOUR ( '', #5505 ) ;
#3203 = PRESENTATION_LAYER_ASSIGNMENT (  '', '', ( #3658 ) ) ;
#3204 = DIRECTION ( 'NONE',  ( -1.249000902703301601E-16, -2.498792926766732971E-16, -1.000000000000000000 ) ) ;
#3205 = VECTOR ( 'NONE', #7540, 1000.000000000000114 ) ;
#3206 = ADVANCED_FACE ( 'NONE', ( #5017 ), #5111, .F. ) ;
#3207 = ADVANCED_FACE ( 'NONE', ( #5151 ), #4548, .T. ) ;
#3208 = CARTESIAN_POINT ( 'NONE',  ( -1.775000000000000133, 2.007500000000000728, -1.158535325877412061E-16 ) ) ;
#3209 = ORIENTED_EDGE ( 'NONE', *, *, #1861, .F. ) ;
#3210 = MECHANICAL_DESIGN_GEOMETRIC_PRESENTATION_REPRESENTATION (  '', ( #6142 ), #433 ) ;
#3211 = LINE ( 'NONE', #1744, #3811 ) ;
#3212 = PRESENTATION_LAYER_ASSIGNMENT (  '', '', ( #9424 ) ) ;
#3213 = CARTESIAN_POINT ( 'NONE',  ( 1.928448139884005874, 0.5173406441163430625, 0.3836203497100161841 ) ) ;
#3214 = CARTESIAN_POINT ( 'NONE',  ( 2.037248960451289115, 2.189999999999999947, 0.3024701013908925873 ) ) ;
#3215 = VECTOR ( 'NONE', #7088, 1000.000000000000227 ) ;
#3216 =( LENGTH_UNIT ( ) NAMED_UNIT ( * ) SI_UNIT ( .MILLI., .METRE. ) );
#3217 = CARTESIAN_POINT ( 'NONE',  ( 1.821454105577527294, 0.001973852501922329118, 0.1161352639438166107 ) ) ;
#3218 = EDGE_CURVE ( 'NONE', #2977, #8469, #8987, .T. ) ;
#3219 = FILL_AREA_STYLE_COLOUR ( '', #6921 ) ;
#3220 = COLOUR_RGB ( '',1.000000000000000000, 1.000000000000000000, 1.000000000000000000 ) ;
#3221 =( GEOMETRIC_REPRESENTATION_CONTEXT ( 3 ) GLOBAL_UNCERTAINTY_ASSIGNED_CONTEXT ( ( #6248 ) ) GLOBAL_UNIT_ASSIGNED_CONTEXT ( ( #6775, #4560, #6204 ) ) REPRESENTATION_CONTEXT ( 'NONE', 'WORKASPACE' ) );
#3222 = LINE ( 'NONE', #6169, #2016 ) ;
#3223 = MECHANICAL_DESIGN_GEOMETRIC_PRESENTATION_REPRESENTATION (  '', ( #7559 ), #7083 ) ;
#3224 = SURFACE_STYLE_USAGE ( .BOTH. , #5397 ) ;
#3225 = ORIENTED_EDGE ( 'NONE', *, *, #8379, .T. ) ;
#3226 = ORIENTED_EDGE ( 'NONE', *, *, #2083, .T. ) ;
#3227 = SURFACE_SIDE_STYLE ('',( #4825 ) ) ;
#3228 = VERTEX_POINT ( 'NONE', #9080 ) ;
#3229 = LINE ( 'NONE', #6846, #4738 ) ;
#3230 = DIRECTION ( 'NONE',  ( -0.9976723927324270269, 1.463531740886934579E-16, 0.06818941838404170286 ) ) ;
#3231 =( NAMED_UNIT ( * ) PLANE_ANGLE_UNIT ( ) SI_UNIT ( $, .RADIAN. ) );
#3232 = DIRECTION ( 'NONE',  ( 0.000000000000000000, 1.000000000000000000, -0.000000000000000000 ) ) ;
#3233 = SURFACE_STYLE_FILL_AREA ( #6375 ) ;
#3234 = PLANE ( 'NONE',  #270 ) ;
#3235 = FILL_AREA_STYLE_COLOUR ( '', #8778 ) ;
#3236 = VECTOR ( 'NONE', #7244, 999.9999999999998863 ) ;
#3237 = SURFACE_SIDE_STYLE ('',( #2511 ) ) ;
#3238 = ORIENTED_EDGE ( 'NONE', *, *, #2783, .F. ) ;
#3239 = PRESENTATION_LAYER_ASSIGNMENT (  '', '', ( #6332 ) ) ;
#3240 = ADVANCED_FACE ( 'NONE', ( #8151 ), #744, .T. ) ;
#3241 = DIRECTION ( 'NONE',  ( -1.447921622090529492E-16, -1.000000000000000000, 2.498792926766732971E-16 ) ) ;
#3242 = DIRECTION ( 'NONE',  ( -0.9976723927324270269, 1.463531740886934579E-16, 0.06818941838404170286 ) ) ;
#3243 = ORIENTED_EDGE ( 'NONE', *, *, #2974, .F. ) ;
#3244 = PRESENTATION_LAYER_ASSIGNMENT (  '', '', ( #5569 ) ) ;
#3245 = ORIENTED_EDGE ( 'NONE', *, *, #8649, .F. ) ;
#3246 = LINE ( 'NONE', #6191, #1819 ) ;
#3247 =( NAMED_UNIT ( * ) SI_UNIT ( $, .STERADIAN. ) SOLID_ANGLE_UNIT ( ) );
#3248 = CIRCLE ( 'NONE', #2768, 0.1999999999999999833 ) ;
#3249 = SURFACE_SIDE_STYLE ('',( #9113 ) ) ;
#3250 =( NAMED_UNIT ( * ) SI_UNIT ( $, .STERADIAN. ) SOLID_ANGLE_UNIT ( ) );
#3251 = VERTEX_POINT ( 'NONE', #6985 ) ;
#3252 = LINE ( 'NONE', #242, #770 ) ;
#3253 = CIRCLE ( 'NONE', #9309, 0.1999999999999998723 ) ;
#3254 = CARTESIAN_POINT ( 'NONE',  ( 1.842409824818960207, -0.3142295198634995068, 0.1685245620473999340 ) ) ;
#3255 = ORIENTED_EDGE ( 'NONE', *, *, #6230, .T. ) ;
#3256 = STYLED_ITEM ( 'NONE', ( #6654 ), #9129 ) ;
#3257 = PLANE ( 'NONE',  #9070 ) ;
#3258 = CARTESIAN_POINT ( 'NONE',  ( 1.796356200846564111, 0.9200000000000001510, 0.6824701013908927028 ) ) ;
#3259 = UNCERTAINTY_MEASURE_WITH_UNIT (LENGTH_MEASURE( 1.000000000000000082E-05 ), #1069, 'distance_accuracy_value', 'NONE');
#3260 = SURFACE_STYLE_FILL_AREA ( #253 ) ;
#3261 = CIRCLE ( 'NONE', #1245, 0.1599999999999999756 ) ;
#3262 = FACE_OUTER_BOUND ( 'NONE', #3363, .T. ) ;
#3263 = VECTOR ( 'NONE', #694, 1000.000000000000000 ) ;
#3264 = DIRECTION ( 'NONE',  ( 1.447921622090529492E-16, 1.000000000000000000, -2.498792926766732971E-16 ) ) ;
#3265 = EDGE_CURVE ( 'NONE', #7443, #7985, #7666, .T. ) ;
#3266 = FILL_AREA_STYLE_COLOUR ( '', #2694 ) ;
#3267 = ORIENTED_EDGE ( 'NONE', *, *, #7777, .F. ) ;
#3268 = CARTESIAN_POINT ( 'NONE',  ( -1.775000000000000133, 2.007500000000000728, 0.2699999999999998512 ) ) ;
#3269 = DIRECTION ( 'NONE',  ( 0.000000000000000000, 0.000000000000000000, -1.000000000000000000 ) ) ;
#3270 = EDGE_CURVE ( 'NONE', #5599, #5400, #3411, .T. ) ;
#3271 = DIRECTION ( 'NONE',  ( 0.000000000000000000, 1.000000000000000000, 0.000000000000000000 ) ) ;
#3272 = UNCERTAINTY_MEASURE_WITH_UNIT (LENGTH_MEASURE( 1.000000000000000082E-05 ), #9372, 'distance_accuracy_value', 'NONE');
#3273 = DIRECTION ( 'NONE',  ( 1.447921622090529738E-16, 1.000000000000000000, -2.783468775164169937E-17 ) ) ;
#3274 = PLANE ( 'NONE',  #7207 ) ;
#3275 = EDGE_CURVE ( 'NONE', #1148, #8748, #8514, .T. ) ;
#3276 = VECTOR ( 'NONE', #1538, 1000.000000000000000 ) ;
#3277 = PLANE ( 'NONE',  #3996 ) ;
#3278 =( GEOMETRIC_REPRESENTATION_CONTEXT ( 3 ) GLOBAL_UNCERTAINTY_ASSIGNED_CONTEXT ( ( #7710 ) ) GLOBAL_UNIT_ASSIGNED_CONTEXT ( ( #5862, #8092, #6580 ) ) REPRESENTATION_CONTEXT ( 'NONE', 'WORKASPACE' ) );
#3279 = SURFACE_SIDE_STYLE ('',( #6940 ) ) ;
#3280 = DIRECTION ( 'NONE',  ( 1.447921622090529492E-16, 1.000000000000000000, -2.498792926766732971E-16 ) ) ;
#3281 = ORIENTED_EDGE ( 'NONE', *, *, #7703, .T. ) ;
#3282 = ORIENTED_EDGE ( 'NONE', *, *, #8602, .T. ) ;
#3283 = SURFACE_STYLE_USAGE ( .BOTH. , #4004 ) ;
#3284 = ORIENTED_EDGE ( 'NONE', *, *, #2243, .T. ) ;
#3285 = SURFACE_SIDE_STYLE ('',( #370 ) ) ;
#3286 = DIRECTION ( 'NONE',  ( 0.9284766908852604139, -0.000000000000000000, -0.3713906763541007794 ) ) ;
#3287 =( NAMED_UNIT ( * ) SI_UNIT ( $, .STERADIAN. ) SOLID_ANGLE_UNIT ( ) );
#3288 = DIRECTION ( 'NONE',  ( 1.447921622090529492E-16, 1.000000000000000000, -2.498792926766732971E-16 ) ) ;
#3289 = DIRECTION ( 'NONE',  ( -0.3713906763541530154, 0.000000000000000000, -0.9284766908852395417 ) ) ;
#3290 = PRESENTATION_STYLE_ASSIGNMENT (( #327 ) ) ;
#3291 = EDGE_CURVE ( 'NONE', #925, #2460, #1856, .T. ) ;
#3292 =( NAMED_UNIT ( * ) SI_UNIT ( $, .STERADIAN. ) SOLID_ANGLE_UNIT ( ) );
#3293 = EDGE_LOOP ( 'NONE', ( #2720, #4633, #1022, #6970 ) ) ;
#3294 = DIRECTION ( 'NONE',  ( -1.447921622090529492E-16, -1.000000000000000000, 2.498792926766732971E-16 ) ) ;
#3295 = CARTESIAN_POINT ( 'NONE',  ( 2.959881947592131635, -1.692499999999999893, -0.1534094709192015960 ) ) ;
#3296 = ORIENTED_EDGE ( 'NONE', *, *, #6093, .F. ) ;
#3297 = ORIENTED_EDGE ( 'NONE', *, *, #6517, .F. ) ;
#3298 = LINE ( 'NONE', #1773, #5378 ) ;
#3299 =( NAMED_UNIT ( * ) PLANE_ANGLE_UNIT ( ) SI_UNIT ( $, .RADIAN. ) );
#3300 = FILL_AREA_STYLE ('',( #1017 ) ) ;
#3301 = VERTEX_POINT ( 'NONE', #6210 ) ;
#3302 = FILL_AREA_STYLE ('',( #6200 ) ) ;
#3303 = ORIENTED_EDGE ( 'NONE', *, *, #3036, .T. ) ;
#3304 = PLANE ( 'NONE',  #9326 ) ;
#3305 = LINE ( 'NONE', #9223, #6809 ) ;
#3306 = COLOUR_RGB ( '',1.000000000000000000, 1.000000000000000000, 1.000000000000000000 ) ;
#3307 = CARTESIAN_POINT ( 'NONE',  ( -2.375000000000000444, -2.007499999999998508, 3.326939670848418957E-16 ) ) ;
#3308 = ORIENTED_EDGE ( 'NONE', *, *, #711, .F. ) ;
#3309 = PRESENTATION_STYLE_ASSIGNMENT (( #8459 ) ) ;
#3310 = LINE ( 'NONE', #942, #3722 ) ;
#3311 = DIRECTION ( 'NONE',  ( 0.9976723927324270269, -1.463531740886934579E-16, -0.06818941838404170286 ) ) ;
#3312 = DIRECTION ( 'NONE',  ( 0.000000000000000000, 0.000000000000000000, 1.000000000000000000 ) ) ;
#3313 = SURFACE_STYLE_USAGE ( .BOTH. , #3950 ) ;
#3314 =( NAMED_UNIT ( * ) SI_UNIT ( $, .STERADIAN. ) SOLID_ANGLE_UNIT ( ) );
#3315 = DIRECTION ( 'NONE',  ( 5.220691603892102636E-17, -1.000000000000000000, 1.117179326706309308E-16 ) ) ;
#3316 = MECHANICAL_DESIGN_GEOMETRIC_PRESENTATION_REPRESENTATION (  '', ( #7490 ), #5316 ) ;
#3317 =( NAMED_UNIT ( * ) SI_UNIT ( $, .STERADIAN. ) SOLID_ANGLE_UNIT ( ) );
#3318 = B_SPLINE_SURFACE_WITH_KNOTS ( 'NONE', 3, 1, ( 
 ( #990, #3217 ),
 ( #5491, #5544 ),
 ( #8465, #4763 ),
 ( #7728, #8516 ),
 ( #4816, #5680 ),
 ( #507, #6542 ),
 ( #6448, #1354 ),
 ( #4371, #8055 ),
 ( #6498, #9522 ),
 ( #1946, #2857 ),
 ( #2133, #1229 ),
 ( #9389, #2043 ),
 ( #8001, #5639 ),
 ( #2681, #7133 ),
 ( #3458, #4910 ),
 ( #3592, #9482 ),
 ( #5770, #7174 ),
 ( #2082, #7315 ),
 ( #6362, #1408 ) ),
 .UNSPECIFIED., .F., .F., .F.,
 ( 4, 1, 1, 1, 1, 1, 1, 1, 1, 1, 1, 1, 1, 1, 1, 1, 4 ),
 ( 2, 2 ),
 ( 0.000000000000000000, 0.06863281452251160375, 0.1345696734730734978, 0.1983328812253323803, 0.2607959826476435872, 0.3220068264360574362, 0.3827308687972293400, 0.4435480458920917912, 0.5051454695004216067, 0.5662273706519538319, 0.6261207880494007449, 0.6853656576789715071, 0.7449101527780606080, 0.8054112038394396489, 0.8676331114143822631, 0.9323061688368518007, 1.000000000000000000 ),
 ( 0.000000000000000000, 1.000000000000000000 ),
 .UNSPECIFIED. ) ;
#3319 = ORIENTED_EDGE ( 'NONE', *, *, #7275, .T. ) ;
#3320 = VERTEX_POINT ( 'NONE', #6165 ) ;
#3321 = FILL_AREA_STYLE ('',( #1909 ) ) ;
#3322 = ORIENTED_EDGE ( 'NONE', *, *, #1657, .F. ) ;
#3323 = FILL_AREA_STYLE_COLOUR ( '', #1958 ) ;
#3324 = LINE ( 'NONE', #5649, #3843 ) ;
#3325 = CARTESIAN_POINT ( 'NONE',  ( 1.827015671461531099, 0.5449354141688540487, 0.1569650026895010875 ) ) ;
#3326 =( NAMED_UNIT ( * ) SI_UNIT ( $, .STERADIAN. ) SOLID_ANGLE_UNIT ( ) );
#3327 = STYLED_ITEM ( 'NONE', ( #5490 ), #513 ) ;
#3328 = FACE_OUTER_BOUND ( 'NONE', #6558, .T. ) ;
#3329 = VERTEX_POINT ( 'NONE', #7813 ) ;
#3330 = ADVANCED_FACE ( 'NONE', ( #4668 ), #5388, .T. ) ;
#3331 = DIRECTION ( 'NONE',  ( 0.000000000000000000, 0.000000000000000000, 1.000000000000000000 ) ) ;
#3332 = ORIENTED_EDGE ( 'NONE', *, *, #3586, .F. ) ;
#3333 = ORIENTED_EDGE ( 'NONE', *, *, #4529, .F. ) ;
#3334 = CARTESIAN_POINT ( 'NONE',  ( 1.826613308143269387, -0.3103895648353812153, 0.1559590943938447827 ) ) ;
#3335 = SURFACE_STYLE_USAGE ( .BOTH. , #1110 ) ;
#3336 =( LENGTH_UNIT ( ) NAMED_UNIT ( * ) SI_UNIT ( .MILLI., .METRE. ) );
#3337 = CARTESIAN_POINT ( 'NONE',  ( 2.378862465107961288, 0.3500000000000000333, 0.6824701013908928138 ) ) ;
#3338 = EDGE_CURVE ( 'NONE', #5599, #1249, #2489, .T. ) ;
#3339 = ORIENTED_EDGE ( 'NONE', *, *, #5946, .T. ) ;
#3340 = LINE ( 'NONE', #4952, #151 ) ;
#3341 = ORIENTED_EDGE ( 'NONE', *, *, #8112, .F. ) ;
#3342 = CARTESIAN_POINT ( 'NONE',  ( 1.923586541574904940, 0.3061468707946052303, 0.3983921779729356905 ) ) ;
#3343 = CARTESIAN_POINT ( 'NONE',  ( 1.912607260964417799, 0.4531040936057844637, 0.3709439764467182821 ) ) ;
#3344 = SURFACE_SIDE_STYLE ('',( #5584 ) ) ;
#3345 = EDGE_CURVE ( 'NONE', #8271, #4689, #5541, .T. ) ;
#3346 = CARTESIAN_POINT ( 'NONE',  ( 2.540318690028105397, -1.692499999999999893, 0.2060369536996491391 ) ) ;
#3347 = CARTESIAN_POINT ( 'NONE',  ( -2.175000000000000266, -1.049999999999999600, 0.2700000000000001843 ) ) ;
#3348 = VECTOR ( 'NONE', #501, 1000.000000000000000 ) ;
#3349 = DIRECTION ( 'NONE',  ( 2.431469460965331377E-17, 1.000000000000000000, -2.416448376553358183E-16 ) ) ;
#3350 =( NAMED_UNIT ( * ) SI_UNIT ( $, .STERADIAN. ) SOLID_ANGLE_UNIT ( ) );
#3351 = CARTESIAN_POINT ( 'NONE',  ( 1.681086225569887960, 0.3500000000000001443, 0.4624701013908927849 ) ) ;
#3352 = FACE_OUTER_BOUND ( 'NONE', #2292, .T. ) ;
#3353 = FACE_BOUND ( 'NONE', #5970, .T. ) ;
#3354 = DIRECTION ( 'NONE',  ( 0.000000000000000000, 0.000000000000000000, 1.000000000000000000 ) ) ;
#3355 = UNCERTAINTY_MEASURE_WITH_UNIT (LENGTH_MEASURE( 1.000000000000000082E-05 ), #6814, 'distance_accuracy_value', 'NONE');
#3356 = CARTESIAN_POINT ( 'NONE',  ( 1.812169338668674579, -0.3304384950590533720, 0.1198491707073576495 ) ) ;
#3357 = FILL_AREA_STYLE_COLOUR ( '', #105 ) ;
#3358 = COLOUR_RGB ( '',1.000000000000000000, 1.000000000000000000, 1.000000000000000000 ) ;
#3359 = PLANE ( 'NONE',  #6903 ) ;
#3360 =( GEOMETRIC_REPRESENTATION_CONTEXT ( 3 ) GLOBAL_UNCERTAINTY_ASSIGNED_CONTEXT ( ( #2782 ) ) GLOBAL_UNIT_ASSIGNED_CONTEXT ( ( #5940, #3860, #3292 ) ) REPRESENTATION_CONTEXT ( 'NONE', 'WORKASPACE' ) );
#3361 = CIRCLE ( 'NONE', #8507, 0.3300000000000000155 ) ;
#3362 = SURFACE_STYLE_FILL_AREA ( #4099 ) ;
#3363 = EDGE_LOOP ( 'NONE', ( #7621, #1771, #1812, #8162 ) ) ;
#3364 = PRESENTATION_LAYER_ASSIGNMENT (  '', '', ( #735 ) ) ;
#3365 = SURFACE_STYLE_FILL_AREA ( #3321 ) ;
#3366 = ORIENTED_EDGE ( 'NONE', *, *, #9553, .T. ) ;
#3367 = DIRECTION ( 'NONE',  ( 1.000000000000000000, -1.445024655488679521E-15, 1.465471005729988168E-31 ) ) ;
#3368 = CARTESIAN_POINT ( 'NONE',  ( 1.681086225569887960, 0.4250000000000002109, 0.6824701013908928138 ) ) ;
#3369 =( LENGTH_UNIT ( ) NAMED_UNIT ( * ) SI_UNIT ( .MILLI., .METRE. ) );
#3370 = LINE ( 'NONE', #3962, #4635 ) ;
#3371 = CARTESIAN_POINT ( 'NONE',  ( 1.923399634259511659, 0.4046398692371812045, 0.3979249096844527656 ) ) ;
#3372 = SURFACE_STYLE_USAGE ( .BOTH. , #4978 ) ;
#3373 = VECTOR ( 'NONE', #1147, 1000.000000000000000 ) ;
#3374 = VECTOR ( 'NONE', #7830, 1000.000000000000000 ) ;
#3375 = MECHANICAL_DESIGN_GEOMETRIC_PRESENTATION_REPRESENTATION (  '', ( #5845 ), #3221 ) ;
#3376 = FACE_OUTER_BOUND ( 'NONE', #997, .T. ) ;
#3377 = ORIENTED_EDGE ( 'NONE', *, *, #9225, .T. ) ;
#3378 = VECTOR ( 'NONE', #3286, 1000.000000000000227 ) ;
#3379 = FILL_AREA_STYLE_COLOUR ( '', #5725 ) ;
#3380 = EDGE_CURVE ( 'NONE', #306, #366, #7725, .T. ) ;
#3381 = DIRECTION ( 'NONE',  ( 1.000000000000000000, -1.447921622090530231E-16, 1.287814432618906773E-33 ) ) ;
#3382 = EDGE_LOOP ( 'NONE', ( #5371, #7648, #6320, #8971 ) ) ;
#3383 = ORIENTED_EDGE ( 'NONE', *, *, #9235, .F. ) ;
#3384 = DIRECTION ( 'NONE',  ( 1.447921622090529492E-16, 1.000000000000000000, -2.498792926766732971E-16 ) ) ;
#3385 = PLANE ( 'NONE',  #6766 ) ;
#3386 = LINE ( 'NONE', #2742, #3534 ) ;
#3387 = EDGE_CURVE ( 'NONE', #3418, #1249, #4045, .T. ) ;
#3388 =( NAMED_UNIT ( * ) SI_UNIT ( $, .STERADIAN. ) SOLID_ANGLE_UNIT ( ) );
#3389 = EDGE_CURVE ( 'NONE', #2977, #7462, #6259, .T. ) ;
#3390 = DIRECTION ( 'NONE',  ( -0.06818941838404181388, -1.789660620253718794E-17, -0.9976723927324270269 ) ) ;
#3391 = EDGE_LOOP ( 'NONE', ( #2394, #6411, #6606, #1684 ) ) ;
#3392 = VECTOR ( 'NONE', #4608, 1000.000000000000000 ) ;
#3393 = CARTESIAN_POINT ( 'NONE',  ( -1.975000000000000089, -1.600000000000000311, 0.5000000000000048850 ) ) ;
#3394 = STYLED_ITEM ( 'NONE', ( #818 ), #7955 ) ;
#3395 = AXIS2_PLACEMENT_3D ( 'NONE', #2441, #4672, #9033 ) ;
#3396 = DIRECTION ( 'NONE',  ( 0.9284766908852604139, 0.000000000000000000, -0.3713906763541007794 ) ) ;
#3397 = EDGE_LOOP ( 'NONE', ( #7301, #811, #2879, #5368, #1758, #7157, #21, #1983 ) ) ;
#3398 = SURFACE_SIDE_STYLE ('',( #2570 ) ) ;
#3399 = DIRECTION ( 'NONE',  ( 1.000000000000000000, 0.000000000000000000, 0.000000000000000000 ) ) ;
#3400 = VECTOR ( 'NONE', #4808, 1000.000000000000114 ) ;
#3401 = CARTESIAN_POINT ( 'NONE',  ( 1.796356200846564111, 1.620000000000000107, 0.6824701013908928138 ) ) ;
#3402 = MECHANICAL_DESIGN_GEOMETRIC_PRESENTATION_REPRESENTATION (  '', ( #4789 ), #2306 ) ;
#3403 = EDGE_CURVE ( 'NONE', #7719, #3851, #4185, .T. ) ;
#3404 =( NAMED_UNIT ( * ) SI_UNIT ( $, .STERADIAN. ) SOLID_ANGLE_UNIT ( ) );
#3405 = DIRECTION ( 'NONE',  ( 2.166085619527817307E-16, -1.000000000000000000, 2.498792926766732478E-16 ) ) ;
#3406 = STYLED_ITEM ( 'NONE', ( #5990 ), #8852 ) ;
#3407 = SURFACE_SIDE_STYLE ('',( #3624 ) ) ;
#3408 = CARTESIAN_POINT ( 'NONE',  ( 1.681086225569887960, 0.9200000000000001510, 0.4624701013908926739 ) ) ;
#3409 = SURFACE_SIDE_STYLE ('',( #452 ) ) ;
#3410 = CARTESIAN_POINT ( 'NONE',  ( -1.774999999999999245, -2.007500000000000284, 9.999999999999998224 ) ) ;
#3411 = LINE ( 'NONE', #1173, #3443 ) ;
#3412 = SURFACE_SIDE_STYLE ('',( #2635 ) ) ;
#3413 = MECHANICAL_DESIGN_GEOMETRIC_PRESENTATION_REPRESENTATION (  '', ( #629 ), #6491 ) ;
#3414 = VECTOR ( 'NONE', #6398, 1000.000000000000000 ) ;
#3415 = STYLED_ITEM ( 'NONE', ( #3496 ), #2067 ) ;
#3416 = CARTESIAN_POINT ( 'NONE',  ( 1.898799435537111835, -0.1025650803640813374, 0.3094985888427783660 ) ) ;
#3417 = ORIENTED_EDGE ( 'NONE', *, *, #4991, .F. ) ;
#3418 = VERTEX_POINT ( 'NONE', #6401 ) ;
#3419 = SURFACE_STYLE_FILL_AREA ( #1811 ) ;
#3420 = VERTEX_POINT ( 'NONE', #8603 ) ;
#3421 = DIRECTION ( 'NONE',  ( 1.488806659628715785E-32, 1.117179326706309308E-16, 1.000000000000000000 ) ) ;
#3422 = FILL_AREA_STYLE ('',( #1141 ) ) ;
#3423 = COLOUR_RGB ( '',1.000000000000000000, 1.000000000000000000, 1.000000000000000000 ) ;
#3424 = CARTESIAN_POINT ( 'NONE',  ( 1.920642591091610285, 0.2659029683555808043, 0.3641064777290263788 ) ) ;
#3425 = DIRECTION ( 'NONE',  ( 0.3481553119113938721, -0.3481553119113933725, -0.8703882797784907588 ) ) ;
#3426 = CARTESIAN_POINT ( 'NONE',  ( 1.840708656767872320, 0.5712307164937572290, 0.1911974659553524192 ) ) ;
#3427 = PRESENTATION_STYLE_ASSIGNMENT (( #4877 ) ) ;
#3428 = CARTESIAN_POINT ( 'NONE',  ( 1.920642591091610285, 0.04639077323362979233, 0.3641064777290286547 ) ) ;
#3429 = VERTEX_POINT ( 'NONE', #2678 ) ;
#3430 = CARTESIAN_POINT ( 'NONE',  ( 1.873312925629410541, 0.1598054073799710928, 0.2727081381091993051 ) ) ;
#3431 = STYLED_ITEM ( 'NONE', ( #9303 ), #2204 ) ;
#3432 = FILL_AREA_STYLE_COLOUR ( '', #7741 ) ;
#3433 = ORIENTED_EDGE ( 'NONE', *, *, #1255, .T. ) ;
#3434 = SURFACE_SIDE_STYLE ('',( #5751 ) ) ;
#3435 = FILL_AREA_STYLE_COLOUR ( '', #8954 ) ;
#3436 = CARTESIAN_POINT ( 'NONE',  ( 1.868509070821368745, -0.1144813094689930560, 0.2606985010890937038 ) ) ;
#3437 =( LENGTH_UNIT ( ) NAMED_UNIT ( * ) SI_UNIT ( .MILLI., .METRE. ) );
#3438 = PRESENTATION_LAYER_ASSIGNMENT (  '', '', ( #964 ) ) ;
#3439 = DIRECTION ( 'NONE',  ( -3.608224830031759249E-16, -1.000000000000000000, 1.117179326706309062E-16 ) ) ;
#3440 = ORIENTED_EDGE ( 'NONE', *, *, #2930, .F. ) ;
#3441 = CARTESIAN_POINT ( 'NONE',  ( 1.823447918065488116, -0.04531032320607424058, 0.1211197951637191517 ) ) ;
#3442 = CARTESIAN_POINT ( 'NONE',  ( 1.774999999999999689, -2.250000000000000000, 1.000000000000000000 ) ) ;
#3443 = VECTOR ( 'NONE', #2584, 1000.000000000000000 ) ;
#3444 = EDGE_LOOP ( 'NONE', ( #3733, #6198, #1612, #8214 ) ) ;
#3445 = CARTESIAN_POINT ( 'NONE',  ( 1.836300438370383814, 0.5449354141688540487, 0.1532510959259600625 ) ) ;
#3446 = DIRECTION ( 'NONE',  ( 0.9284766908852604139, -0.000000000000000000, -0.3713906763541007794 ) ) ;
#3447 = SURFACE_SIDE_STYLE ('',( #495 ) ) ;
#3448 = CARTESIAN_POINT ( 'NONE',  ( 1.905583152080910558, 0.3646834561604591074, 0.3533837042379491256 ) ) ;
#3449 = DIRECTION ( 'NONE',  ( 1.447921622090529492E-16, 1.000000000000000000, -2.498792926766732971E-16 ) ) ;
#3450 =( NAMED_UNIT ( * ) SI_UNIT ( $, .STERADIAN. ) SOLID_ANGLE_UNIT ( ) );
#3451 = CARTESIAN_POINT ( 'NONE',  ( 1.796356200846564111, -0.9200000000000000400, 0.6824701013908928138 ) ) ;
#3452 = LINE ( 'NONE', #3408, #2424 ) ;
#3453 = SURFACE_STYLE_USAGE ( .BOTH. , #2714 ) ;
#3454 = CARTESIAN_POINT ( 'NONE',  ( 1.825805911321819242, -0.03421994177943805948, 0.1539406023402217771 ) ) ;
#3455 = DIRECTION ( 'NONE',  ( 1.000000000000000000, -1.447921622090530231E-16, -1.249000902703301108E-16 ) ) ;
#3456 = UNCERTAINTY_MEASURE_WITH_UNIT (LENGTH_MEASURE( 1.000000000000000082E-05 ), #5674, 'distance_accuracy_value', 'NONE');
#3457 = CARTESIAN_POINT ( 'NONE',  ( 1.882597692538263257, 0.2659029683555808043, 0.2689942313456583078 ) ) ;
#3458 = CARTESIAN_POINT ( 'NONE',  ( 1.849298688285689662, -0.1488588807642002021, 0.2126725447498952759 ) ) ;
#3459 = PRESENTATION_LAYER_ASSIGNMENT (  '', '', ( #8726 ) ) ;
#3460 = DIRECTION ( 'NONE',  ( -0.9284766908852607470, 0.000000000000000000, 0.3713906763541002798 ) ) ;
#3461 = CARTESIAN_POINT ( 'NONE',  ( 1.914867918989762607, 0.3646834561604591074, 0.3496697974744084059 ) ) ;
#3462 = EDGE_LOOP ( 'NONE', ( #3608, #6077, #3865, #6658 ) ) ;
#3463 = EDGE_LOOP ( 'NONE', ( #3704, #7833, #1334, #2804 ) ) ;
#3464 =( NAMED_UNIT ( * ) PLANE_ANGLE_UNIT ( ) SI_UNIT ( $, .RADIAN. ) );
#3465 = ORIENTED_EDGE ( 'NONE', *, *, #3922, .F. ) ;
#3466 = PRESENTATION_STYLE_ASSIGNMENT (( #4974 ) ) ;
#3467 =( NAMED_UNIT ( * ) SI_UNIT ( $, .STERADIAN. ) SOLID_ANGLE_UNIT ( ) );
#3468 = FILL_AREA_STYLE_COLOUR ( '', #7465 ) ;
#3469 = CARTESIAN_POINT ( 'NONE',  ( 2.461382810556700385, -2.189999999999999947, -0.1143832811983292869 ) ) ;
#3470 = FACE_OUTER_BOUND ( 'NONE', #3391, .T. ) ;
#3471 = COLOUR_RGB ( '',0.8509803921568627194, 0.8509803921568627194, 0.8509803921568627194 ) ;
#3472 = SURFACE_SIDE_STYLE ('',( #7146 ) ) ;
#3473 = ORIENTED_EDGE ( 'NONE', *, *, #4690, .T. ) ;
#3474 = VECTOR ( 'NONE', #1301, 1000.000000000000000 ) ;
#3475 = DIRECTION ( 'NONE',  ( -3.608224830031759249E-16, -1.000000000000000000, 1.117179326706309308E-16 ) ) ;
#3476 = CARTESIAN_POINT ( 'NONE',  ( 2.235025199989362221, 0.3500000000000000888, 0.6824701013908928138 ) ) ;
#3477 = ORIENTED_EDGE ( 'NONE', *, *, #4405, .T. ) ;
#3478 = CARTESIAN_POINT ( 'NONE',  ( 1.825756802437726867, -0.3099735560346631447, 0.1538178301299890360 ) ) ;
#3479 = SURFACE_STYLE_FILL_AREA ( #9259 ) ;
#3480 = COLOUR_RGB ( '',1.000000000000000000, 1.000000000000000000, 1.000000000000000000 ) ;
#3481 = CARTESIAN_POINT ( 'NONE',  ( 2.483214825035667594, -1.619999999999999885, 0.2050386854289296401 ) ) ;
#3482 = ORIENTED_EDGE ( 'NONE', *, *, #8365, .F. ) ;
#3483 = CARTESIAN_POINT ( 'NONE',  ( 1.832690568327276726, -0.09876988648517828762, 0.1442264208181924523 ) ) ;
#3484 = EDGE_CURVE ( 'NONE', #4721, #6366, #7130, .T. ) ;
#3485 = COLOUR_RGB ( '',0.1019607843137254888, 0.1019607843137254888, 0.1019607843137254888 ) ;
#3486 = CARTESIAN_POINT ( 'NONE',  ( 1.906160020685322642, 0.3674411551991100811, 0.3548258757489800574 ) ) ;
#3487 =( LENGTH_UNIT ( ) NAMED_UNIT ( * ) SI_UNIT ( .MILLI., .METRE. ) );
#3488 = LINE ( 'NONE', #9276, #1345 ) ;
#3489 = VECTOR ( 'NONE', #1342, 1000.000000000000000 ) ;
#3490 = CARTESIAN_POINT ( 'NONE',  ( 1.919126451828340407, 0.4845686622405123711, 0.3603161295708525169 ) ) ;
#3491 = CARTESIAN_POINT ( 'NONE',  ( 2.909998327955510611, -0.4225000000000001532, -0.1499999999999995226 ) ) ;
#3492 = EDGE_CURVE ( 'NONE', #2321, #8520, #7866, .T. ) ;
#3493 =( NAMED_UNIT ( * ) SI_UNIT ( $, .STERADIAN. ) SOLID_ANGLE_UNIT ( ) );
#3494 = SURFACE_SIDE_STYLE ('',( #5003 ) ) ;
#3495 = FACE_OUTER_BOUND ( 'NONE', #4054, .T. ) ;
#3496 = PRESENTATION_STYLE_ASSIGNMENT (( #6358 ) ) ;
#3497 = DIRECTION ( 'NONE',  ( 1.767672579545045689E-15, -1.000000000000000000, 1.117179326706309308E-16 ) ) ;
#3498 = EDGE_CURVE ( 'NONE', #925, #5747, #4116, .T. ) ;
#3499 = ADVANCED_FACE ( 'NONE', ( #386 ), #5464, .F. ) ;
#3500 = AXIS2_PLACEMENT_3D ( 'NONE', #1002, #4681, #5500 ) ;
#3501 =( GEOMETRIC_REPRESENTATION_CONTEXT ( 3 ) GLOBAL_UNCERTAINTY_ASSIGNED_CONTEXT ( ( #7448 ) ) GLOBAL_UNIT_ASSIGNED_CONTEXT ( ( #8303, #1560, #9027 ) ) REPRESENTATION_CONTEXT ( 'NONE', 'WORKASPACE' ) );
#3502 = CARTESIAN_POINT ( 'NONE',  ( 1.890537658102082519, -0.1103984702200913742, 0.2888441452552065747 ) ) ;
#3503 = PLANE ( 'NONE',  #2839 ) ;
#3504 = ORIENTED_EDGE ( 'NONE', *, *, #2683, .T. ) ;
#3505 = STYLED_ITEM ( 'NONE', ( #7012 ), #4912 ) ;
#3506 = CARTESIAN_POINT ( 'NONE',  ( 1.932871308483757433, 0.6134639439653368775, 0.3946782712093946377 ) ) ;
#3507 = VERTEX_POINT ( 'NONE', #9322 ) ;
#3508 = STYLED_ITEM ( 'NONE', ( #3935 ), #4102 ) ;
#3509 = EDGE_CURVE ( 'NONE', #3189, #7046, #7054, .T. ) ;
#3510 =( NAMED_UNIT ( * ) PLANE_ANGLE_UNIT ( ) SI_UNIT ( $, .RADIAN. ) );
#3511 = SURFACE_STYLE_USAGE ( .BOTH. , #7184 ) ;
#3512 = PRESENTATION_STYLE_ASSIGNMENT (( #1316 ) ) ;
#3513 = CARTESIAN_POINT ( 'NONE',  ( 1.681086225569887960, -0.8449999999999998623, 0.6824701013908928138 ) ) ;
#3514 = MECHANICAL_DESIGN_GEOMETRIC_PRESENTATION_REPRESENTATION (  '', ( #2258 ), #7687 ) ;
#3515 =( LENGTH_UNIT ( ) NAMED_UNIT ( * ) SI_UNIT ( .MILLI., .METRE. ) );
#3516 = CARTESIAN_POINT ( 'NONE',  ( 1.893207986740216953, -0.09718891838032335528, 0.3224457908862162214 ) ) ;
#3517 = ORIENTED_EDGE ( 'NONE', *, *, #8393, .T. ) ;
#3518 = VECTOR ( 'NONE', #1114, 1000.000000000000114 ) ;
#3519 = AXIS2_PLACEMENT_3D ( 'NONE', #3371, #374, #3289 ) ;
#3520 = EDGE_CURVE ( 'NONE', #8125, #5400, #7794, .T. ) ;
#3521 = ORIENTED_EDGE ( 'NONE', *, *, #1806, .T. ) ;
#3522 = DIRECTION ( 'NONE',  ( -0.9976723927324270269, 1.463531740886934826E-16, 0.06818941838404181388 ) ) ;
#3523 = DIRECTION ( 'NONE',  ( 0.9976723927324270269, 2.142063511210759447E-16, -0.06818941838404181388 ) ) ;
#3524 = VECTOR ( 'NONE', #1922, 1000.000000000000000 ) ;
#3525 =( NAMED_UNIT ( * ) SI_UNIT ( $, .STERADIAN. ) SOLID_ANGLE_UNIT ( ) );
#3526 = COLOUR_RGB ( '',1.000000000000000000, 1.000000000000000000, 1.000000000000000000 ) ;
#3527 = EDGE_CURVE ( 'NONE', #1968, #8221, #8444, .T. ) ;
#3528 = DIRECTION ( 'NONE',  ( 1.447921622090529492E-16, 1.000000000000000000, -2.498792926766732971E-16 ) ) ;
#3529 = ADVANCED_FACE ( 'NONE', ( #4737 ), #425, .F. ) ;
#3530 = ORIENTED_EDGE ( 'NONE', *, *, #4336, .T. ) ;
#3531 = CARTESIAN_POINT ( 'NONE',  ( 2.517749029844000397, 0.4225000000000000422, 0.7103050971205200348 ) ) ;
#3532 = MECHANICAL_DESIGN_GEOMETRIC_PRESENTATION_REPRESENTATION (  '', ( #6465 ), #884 ) ;
#3533 = CARTESIAN_POINT ( 'NONE',  ( 1.921948844240672472, 0.4309187186376263745, 0.3673721106016811233 ) ) ;
#3534 = VECTOR ( 'NONE', #5619, 1000.000000000000000 ) ;
#3535 = PRESENTATION_LAYER_ASSIGNMENT (  '', '', ( #1356 ) ) ;
#3536 = CARTESIAN_POINT ( 'NONE',  ( 1.681086225569887960, 1.695000000000000284, 0.4624701013908927849 ) ) ;
#3537 = VECTOR ( 'NONE', #8982, 1000.000000000000000 ) ;
#3538 = VECTOR ( 'NONE', #6167, 1000.000000000000114 ) ;
#3539 =( NAMED_UNIT ( * ) PLANE_ANGLE_UNIT ( ) SI_UNIT ( $, .RADIAN. ) );
#3540 = CARTESIAN_POINT ( 'NONE',  ( 1.812169338668674579, 0.3061468707946052303, 0.1198491707073576495 ) ) ;
#3541 = PRESENTATION_LAYER_ASSIGNMENT (  '', '', ( #6627 ) ) ;
#3542 = DIRECTION ( 'NONE',  ( 0.1060905250085903140, -4.303867851713705188E-17, -0.9943564755676919109 ) ) ;
#3543 =( NAMED_UNIT ( * ) SI_UNIT ( $, .STERADIAN. ) SOLID_ANGLE_UNIT ( ) );
#3544 = CARTESIAN_POINT ( 'NONE',  ( 2.540318690028105397, 2.189999999999999947, 0.2060369536996491391 ) ) ;
#3545 = PRESENTATION_LAYER_ASSIGNMENT (  '', '', ( #9451 ) ) ;
#3546 = FILL_AREA_STYLE ('',( #4815 ) ) ;
#3547 = SURFACE_STYLE_FILL_AREA ( #4230 ) ;
#3548 = SURFACE_SIDE_STYLE ('',( #5734 ) ) ;
#3549 = MECHANICAL_DESIGN_GEOMETRIC_PRESENTATION_REPRESENTATION (  '', ( #155 ), #9131 ) ;
#3550 = DIRECTION ( 'NONE',  ( 0.000000000000000000, 0.000000000000000000, -1.000000000000000000 ) ) ;
#3551 = PRESENTATION_LAYER_ASSIGNMENT (  '', '', ( #9603 ) ) ;
#3552 = ADVANCED_FACE ( 'NONE', ( #5574 ), #5476, .T. ) ;
#3553 = ORIENTED_EDGE ( 'NONE', *, *, #6220, .T. ) ;
#3555 = ORIENTED_EDGE ( 'NONE', *, *, #6393, .T. ) ;
#3554 = EDGE_CURVE ( 'NONE', #4248, #6793, #3613, .T. ) ;
#3556 = CARTESIAN_POINT ( 'NONE',  ( 1.867345882952897940, 0.5475063910849184978, 0.2577905314179167462 ) ) ;
#3557 = FACE_OUTER_BOUND ( 'NONE', #2433, .T. ) ;
#3558 = DIRECTION ( 'NONE',  ( 0.06818941838404181388, 1.789660620253718794E-17, 0.9976723927324270269 ) ) ;
#3559 = UNCERTAINTY_MEASURE_WITH_UNIT (LENGTH_MEASURE( 1.000000000000000082E-05 ), #6127, 'distance_accuracy_value', 'NONE');
#3560 = CARTESIAN_POINT ( 'NONE',  ( 1.824398056060821727, 0.2659029683555808043, 0.1504209641877259362 ) ) ;
#3561 =( NAMED_UNIT ( * ) PLANE_ANGLE_UNIT ( ) SI_UNIT ( $, .RADIAN. ) );
#3562 = PRESENTATION_LAYER_ASSIGNMENT (  '', '', ( #3869 ) ) ;
#3563 = PRESENTATION_STYLE_ASSIGNMENT (( #7229 ) ) ;
#3564 = CARTESIAN_POINT ( 'NONE',  ( 1.832377051467297457, 0.4255045313271630381, 0.1434426286682428109 ) ) ;
#3565 = CARTESIAN_POINT ( 'NONE',  ( 1.911321564656006888, -0.0007171859901089932317, 0.3677297356756908941 ) ) ;
#3566 = ORIENTED_EDGE ( 'NONE', *, *, #6242, .T. ) ;
#3567 = PRESENTATION_LAYER_ASSIGNMENT (  '', '', ( #2320 ) ) ;
#3568 = COLOUR_RGB ( '',1.000000000000000000, 1.000000000000000000, 1.000000000000000000 ) ;
#3569 = SURFACE_SIDE_STYLE ('',( #4294 ) ) ;
#3570 = VERTEX_POINT ( 'NONE', #5078 ) ;
#3571 = FILL_AREA_STYLE ('',( #4249 ) ) ;
#3572 = CARTESIAN_POINT ( 'NONE',  ( 1.861084208237263393, 0.1598054073799710928, 0.2421363446288309074 ) ) ;
#3573 = CARTESIAN_POINT ( 'NONE',  ( 1.814866507905979809, 0.3670714932136552311, 0.1265920938006209473 ) ) ;
#3574 = UNCERTAINTY_MEASURE_WITH_UNIT (LENGTH_MEASURE( 1.000000000000000082E-05 ), #6268, 'distance_accuracy_value', 'NONE');
#3575 = CARTESIAN_POINT ( 'NONE',  ( 2.196345996542119927, -1.619999999999999885, 0.3194445853922670553 ) ) ;
#3576 = DIRECTION ( 'NONE',  ( 1.447921622090529492E-16, 1.000000000000000000, -2.498792926766732971E-16 ) ) ;
#3577 = DIRECTION ( 'NONE',  ( 0.000000000000000000, 0.000000000000000000, -1.000000000000000000 ) ) ;
#3578 = STYLED_ITEM ( 'NONE', ( #4588 ), #6768 ) ;
#3579 = ORIENTED_EDGE ( 'NONE', *, *, #1150, .F. ) ;
#3580 =( GEOMETRIC_REPRESENTATION_CONTEXT ( 3 ) GLOBAL_UNCERTAINTY_ASSIGNED_CONTEXT ( ( #252 ) ) GLOBAL_UNIT_ASSIGNED_CONTEXT ( ( #7416, #8973, #5282 ) ) REPRESENTATION_CONTEXT ( 'NONE', 'WORKASPACE' ) );
#3581 = CARTESIAN_POINT ( 'NONE',  ( 1.836131490972428448, -0.1102557569507484764, 0.1528287274310689836 ) ) ;
#3582 = ADVANCED_FACE ( 'NONE', ( #7344 ), #2022, .F. ) ;
#3583 = CARTESIAN_POINT ( 'NONE',  ( 1.892335374906084056, -0.2493218792053948363, 0.3202642613008832573 ) ) ;
#3584 = CARTESIAN_POINT ( 'NONE',  ( 2.181086225569887738, 0.3500000000000000888, 0.4624701013908927294 ) ) ;
#3585 = CARTESIAN_POINT ( 'NONE',  ( 2.461382810556700385, 0.4225000000000000422, -0.1143832811983291758 ) ) ;
#3586 = EDGE_CURVE ( 'NONE', #5580, #6818, #1397, .T. ) ;
#3587 = LINE ( 'NONE', #3732, #2944 ) ;
#3588 = DIRECTION ( 'NONE',  ( 1.447921622090529492E-16, 1.000000000000000000, -2.498792926766732971E-16 ) ) ;
#3589 = DIRECTION ( 'NONE',  ( -1.447921622090529492E-16, -1.000000000000000000, 2.498792926766732971E-16 ) ) ;
#3590 = VECTOR ( 'NONE', #4090, 1000.000000000000114 ) ;
#3591 = CARTESIAN_POINT ( 'NONE',  ( 1.822546217021162818, 0.3796421553258571557, 0.1188655425529052678 ) ) ;
#3592 = CARTESIAN_POINT ( 'NONE',  ( 1.854749902287521346, -0.1522874956203999486, 0.2263005797544742348 ) ) ;
#3593 = FACE_OUTER_BOUND ( 'NONE', #5615, .T. ) ;
#3594 = FILL_AREA_STYLE ('',( #3737 ) ) ;
#3595 = DIRECTION ( 'NONE',  ( 1.447921622090529492E-16, 1.000000000000000000, -2.498792926766732971E-16 ) ) ;
#3596 = ORIENTED_EDGE ( 'NONE', *, *, #7420, .T. ) ;
#3597 = DIRECTION ( 'NONE',  ( 1.051347561198064810E-14, 0.000000000000000000, -1.000000000000000000 ) ) ;
#3598 = PLANE ( 'NONE',  #6310 ) ;
#3599 = CARTESIAN_POINT ( 'NONE',  ( 1.880106657513936907, -0.2594400194492972878, 0.2896924678205149983 ) ) ;
#3600 = CARTESIAN_POINT ( 'NONE',  ( 1.812169338668674579, 0.08663467567265401015, 0.1198491707073576495 ) ) ;
#3601 = DIRECTION ( 'NONE',  ( 0.000000000000000000, 1.000000000000000000, 0.000000000000000000 ) ) ;
#3602 = ORIENTED_EDGE ( 'NONE', *, *, #7975, .T. ) ;
#3603 = EDGE_CURVE ( 'NONE', #3429, #8181, #3029, .T. ) ;
#3604 = SURFACE_SIDE_STYLE ('',( #2154 ) ) ;
#3605 = SURFACE_STYLE_USAGE ( .BOTH. , #3569 ) ;
#3606 = ORIENTED_EDGE ( 'NONE', *, *, #1951, .T. ) ;
#3607 = EDGE_CURVE ( 'NONE', #1079, #2396, #228, .T. ) ;
#3608 = ORIENTED_EDGE ( 'NONE', *, *, #9293, .F. ) ;
#3609 = EDGE_LOOP ( 'NONE', ( #850, #3296, #1917, #6370 ) ) ;
#3610 = ORIENTED_EDGE ( 'NONE', *, *, #4260, .T. ) ;
#3611 = LINE ( 'NONE', #9096, #7238 ) ;
#3612 = SURFACE_STYLE_FILL_AREA ( #2162 ) ;
#3613 = LINE ( 'NONE', #1432, #1247 ) ;
#3614 = PRESENTATION_STYLE_ASSIGNMENT (( #671 ) ) ;
#3615 =( NAMED_UNIT ( * ) SI_UNIT ( $, .STERADIAN. ) SOLID_ANGLE_UNIT ( ) );
#3616 = COLOUR_RGB ( '',0.1019607843137254888, 0.1019607843137254888, 0.1019607843137254888 ) ;
#3617 = EDGE_LOOP ( 'NONE', ( #5220, #181, #3517, #814 ) ) ;
#3618 = EDGE_CURVE ( 'NONE', #909, #174, #2253, .T. ) ;
#3619 = DIRECTION ( 'NONE',  ( 1.000000000000000000, -3.608224830031759249E-16, 2.542227526591152421E-32 ) ) ;
#3620 = COLOUR_RGB ( '',1.000000000000000000, 1.000000000000000000, 1.000000000000000000 ) ;
#3621 = SURFACE_STYLE_FILL_AREA ( #5087 ) ;
#3622 =( NAMED_UNIT ( * ) PLANE_ANGLE_UNIT ( ) SI_UNIT ( $, .RADIAN. ) );
#3623 = AXIS2_PLACEMENT_3D ( 'NONE', #4657, #728, #3771 ) ;
#3624 = SURFACE_STYLE_FILL_AREA ( #4223 ) ;
#3625 = CARTESIAN_POINT ( 'NONE',  ( 1.892196364695368782, 0.5437003175297734359, 0.2929909117384210115 ) ) ;
#3626 = AXIS2_PLACEMENT_3D ( 'NONE', #4314, #3723, #38 ) ;
#3627 = VECTOR ( 'NONE', #39, 1000.000000000000000 ) ;
#3628 = CARTESIAN_POINT ( 'NONE',  ( 1.923586541574904940, -0.1767799584736875484, 0.3983921779729356905 ) ) ;
#3629 = LINE ( 'NONE', #2763, #7321 ) ;
#3630 = CARTESIAN_POINT ( 'NONE',  ( 1.909841684919487692, 0.4845686622405123711, 0.3640300363343935697 ) ) ;
#3631 = FACE_OUTER_BOUND ( 'NONE', #9194, .T. ) ;
#3632 = UNCERTAINTY_MEASURE_WITH_UNIT (LENGTH_MEASURE( 1.000000000000000082E-05 ), #1469, 'distance_accuracy_value', 'NONE');
#3633 = CARTESIAN_POINT ( 'NONE',  ( 1.824511284925564247, 0.3646834561604591074, 0.1237782123139087309 ) ) ;
#3634 = FILL_AREA_STYLE_COLOUR ( '', #5365 ) ;
#3635 = ADVANCED_FACE ( 'NONE', ( #136 ), #31, .F. ) ;
#3636 = FILL_AREA_STYLE ('',( #3691 ) ) ;
#3637 = MECHANICAL_DESIGN_GEOMETRIC_PRESENTATION_REPRESENTATION (  '', ( #8756 ), #403 ) ;
#3638 = FILL_AREA_STYLE ('',( #5146 ) ) ;
#3639 = ORIENTED_EDGE ( 'NONE', *, *, #2075, .F. ) ;
#3640 = CARTESIAN_POINT ( 'NONE',  ( 1.871998774043289071, 0.5877602933623627957, 0.2694227591438956293 ) ) ;
#3641 = DIRECTION ( 'NONE',  ( 0.9976723927324270269, -5.069126992984629345E-16, -0.06818941838404181388 ) ) ;
#3642 = UNCERTAINTY_MEASURE_WITH_UNIT (LENGTH_MEASURE( 1.000000000000000082E-05 ), #4542, 'distance_accuracy_value', 'NONE');
#3643 = SURFACE_STYLE_FILL_AREA ( #1419 ) ;
#3644 = FACE_OUTER_BOUND ( 'NONE', #2686, .T. ) ;
#3645 = PLANE ( 'NONE',  #3673 ) ;
#3646 = DIRECTION ( 'NONE',  ( 0.000000000000000000, 0.000000000000000000, 1.000000000000000000 ) ) ;
#3647 = MECHANICAL_DESIGN_GEOMETRIC_PRESENTATION_REPRESENTATION (  '', ( #3804 ), #4127 ) ;
#3648 = CARTESIAN_POINT ( 'NONE',  ( 1.872706402112589874, -0.1544718877957835801, 0.2711918293171471928 ) ) ;
#3649 = ORIENTED_EDGE ( 'NONE', *, *, #5221, .F. ) ;
#3650 = CARTESIAN_POINT ( 'NONE',  ( 1.894883821596612172, -0.1376903599197287775, 0.3266353780272038265 ) ) ;
#3651 = MECHANICAL_DESIGN_GEOMETRIC_PRESENTATION_REPRESENTATION (  '', ( #9084 ), #4280 ) ;
#3652 = COLOUR_RGB ( '',1.000000000000000000, 1.000000000000000000, 1.000000000000000000 ) ;
#3653 = CARTESIAN_POINT ( 'NONE',  ( 1.901760365568763378, 0.5665236028040199212, 0.3438267379575813965 ) ) ;
#3654 = ORIENTED_EDGE ( 'NONE', *, *, #9497, .T. ) ;
#3655 = ORIENTED_EDGE ( 'NONE', *, *, #930, .T. ) ;
#3656 = ORIENTED_EDGE ( 'NONE', *, *, #6596, .F. ) ;
#3657 = ORIENTED_EDGE ( 'NONE', *, *, #469, .F. ) ;
#3658 = STYLED_ITEM ( 'NONE', ( #3309 ), #2391 ) ;
#3659 = CARTESIAN_POINT ( 'NONE',  ( 2.196345996542119927, -1.620000000000000107, 0.3194445853922670553 ) ) ;
#3660 = CARTESIAN_POINT ( 'NONE',  ( 1.810838006995953764, 0.4249841222896454385, 0.1165208415255562097 ) ) ;
#3661 = UNCERTAINTY_MEASURE_WITH_UNIT (LENGTH_MEASURE( 1.000000000000000082E-05 ), #1291, 'distance_accuracy_value', 'NONE');
#3662 = PLANE ( 'NONE',  #6777 ) ;
#3663 = MECHANICAL_DESIGN_GEOMETRIC_PRESENTATION_REPRESENTATION (  '', ( #2428 ), #5225 ) ;
#3664 = MECHANICAL_DESIGN_GEOMETRIC_PRESENTATION_REPRESENTATION (  '', ( #7530 ), #8929 ) ;
#3665 = FILL_AREA_STYLE ('',( #6570 ) ) ;
#3666 = ORIENTED_EDGE ( 'NONE', *, *, #5661, .F. ) ;
#3667 = ADVANCED_FACE ( 'NONE', ( #6124 ), #7489, .T. ) ;
#3668 = FACE_OUTER_BOUND ( 'NONE', #7969, .T. ) ;
#3669 = CARTESIAN_POINT ( 'NONE',  ( -2.374999999999999112, 2.007500000000001172, -1.158535325877412061E-16 ) ) ;
#3670 = MECHANICAL_DESIGN_GEOMETRIC_PRESENTATION_REPRESENTATION (  '', ( #5686 ), #109 ) ;
#3671 = LINE ( 'NONE', #5900, #7332 ) ;
#3672 = VECTOR ( 'NONE', #8361, 1000.000000000000000 ) ;
#3673 = AXIS2_PLACEMENT_3D ( 'NONE', #6651, #8153, #1511 ) ;
#3674 = SURFACE_SIDE_STYLE ('',( #4904 ) ) ;
#3675 = EDGE_CURVE ( 'NONE', #2201, #5402, #5352, .T. ) ;
#3676 = MECHANICAL_DESIGN_GEOMETRIC_PRESENTATION_REPRESENTATION (  '', ( #7065 ), #8335 ) ;
#3677 = EDGE_CURVE ( 'NONE', #1427, #2460, #184, .T. ) ;
#3678 = CARTESIAN_POINT ( 'NONE',  ( 1.929059816575354303, -0.05894460301518211764, 0.3851495414383893645 ) ) ;
#3679 = VECTOR ( 'NONE', #1123, 1000.000000000000000 ) ;
#3680 = PRESENTATION_STYLE_ASSIGNMENT (( #1586 ) ) ;
#3681 = VECTOR ( 'NONE', #4943, 1000.000000000000000 ) ;
#3682 = PRESENTATION_LAYER_ASSIGNMENT (  '', '', ( #6471 ) ) ;
#3683 = PRESENTATION_STYLE_ASSIGNMENT (( #7956 ) ) ;
#3684 = CARTESIAN_POINT ( 'NONE',  ( 1.801604165149131243, -0.4249999999999999889, 0.7592525293217018412 ) ) ;
#3685 = CARTESIAN_POINT ( 'NONE',  ( 1.839457495071521675, 0.3646834561604590519, 0.1611437376788032172 ) ) ;
#3686 = SURFACE_SIDE_STYLE ('',( #2955 ) ) ;
#3687 = STYLED_ITEM ( 'NONE', ( #5817 ), #1216 ) ;
#3688 = VECTOR ( 'NONE', #8387, 1000.000000000000227 ) ;
#3689 = SURFACE_SIDE_STYLE ('',( #1353 ) ) ;
#3690 = EDGE_CURVE ( 'NONE', #2569, #5798, #7828, .T. ) ;
#3691 = FILL_AREA_STYLE_COLOUR ( '', #7170 ) ;
#3692 = AXIS2_PLACEMENT_3D ( 'NONE', #7558, #832, #2269 ) ;
#3693 = SURFACE_STYLE_FILL_AREA ( #2189 ) ;
#3694 = CARTESIAN_POINT ( 'NONE',  ( 1.821454105577526406, -0.3304384950590533720, 0.1161352639438169576 ) ) ;
#3695 = ORIENTED_EDGE ( 'NONE', *, *, #6368, .T. ) ;
#3696 =( NAMED_UNIT ( * ) SI_UNIT ( $, .STERADIAN. ) SOLID_ANGLE_UNIT ( ) );
#3697 = CARTESIAN_POINT ( 'NONE',  ( 1.854749902287521346, -0.1522874956203999486, 0.2263005797544742348 ) ) ;
#3698 = CARTESIAN_POINT ( 'NONE',  ( -2.775000000000000355, -2.107499999999998597, 3.438657603519050110E-16 ) ) ;
#3699 = SURFACE_STYLE_USAGE ( .BOTH. , #8100 ) ;
#3700 =( NAMED_UNIT ( * ) SI_UNIT ( $, .STERADIAN. ) SOLID_ANGLE_UNIT ( ) );
#3701 = PLANE ( 'NONE',  #2263 ) ;
#3702 =( GEOMETRIC_REPRESENTATION_CONTEXT ( 3 ) GLOBAL_UNCERTAINTY_ASSIGNED_CONTEXT ( ( #3272 ) ) GLOBAL_UNIT_ASSIGNED_CONTEXT ( ( #9372, #1335, #5942 ) ) REPRESENTATION_CONTEXT ( 'NONE', 'WORKASPACE' ) );
#3703 = CARTESIAN_POINT ( 'NONE',  ( 1.875761499829458723, -0.1548287389614922960, 0.2519037495736468069 ) ) ;
#3704 = ORIENTED_EDGE ( 'NONE', *, *, #8235, .T. ) ;
#3705 = CIRCLE ( 'NONE', #771, 0.3300000000000000155 ) ;
#3706 = SURFACE_STYLE_USAGE ( .BOTH. , #3604 ) ;
#3707 = DIRECTION ( 'NONE',  ( 0.000000000000000000, 1.000000000000000000, 0.000000000000000000 ) ) ;
#3708 = ORIENTED_EDGE ( 'NONE', *, *, #5946, .F. ) ;
#3709 = VERTEX_POINT ( 'NONE', #7680 ) ;
#3710 = ORIENTED_EDGE ( 'NONE', *, *, #8449, .T. ) ;
#3711 = FACE_OUTER_BOUND ( 'NONE', #319, .T. ) ;
#3712 = EDGE_LOOP ( 'NONE', ( #6185, #7442, #9148, #3967 ) ) ;
#3713 = LINE ( 'NONE', #3906, #743 ) ;
#3714 = VECTOR ( 'NONE', #5706, 1000.000000000000000 ) ;
#3715 = DIRECTION ( 'NONE',  ( 0.000000000000000000, -1.000000000000000000, 0.000000000000000000 ) ) ;
#3716 = SURFACE_STYLE_FILL_AREA ( #79 ) ;
#3717 =( LENGTH_UNIT ( ) NAMED_UNIT ( * ) SI_UNIT ( .MILLI., .METRE. ) );
#3718 = DIRECTION ( 'NONE',  ( -0.9976723927324270269, 1.463531740886935072E-16, 0.06818941838404207756 ) ) ;
#3719 = ORIENTED_EDGE ( 'NONE', *, *, #8058, .F. ) ;
#3720 = VECTOR ( 'NONE', #9099, 1000.000000000000000 ) ;
#3721 = VECTOR ( 'NONE', #6914, 1000.000000000000000 ) ;
#3722 = VECTOR ( 'NONE', #356, 1000.000000000000227 ) ;
#3723 = DIRECTION ( 'NONE',  ( 0.000000000000000000, 0.000000000000000000, 1.000000000000000000 ) ) ;
#3724 = FILL_AREA_STYLE ('',( #773 ) ) ;
#3725 = DIRECTION ( 'NONE',  ( 0.000000000000000000, 1.000000000000000000, -0.000000000000000000 ) ) ;
#3726 = CARTESIAN_POINT ( 'NONE',  ( 1.897896568671640027, 0.5253545943121129547, 0.3341672457147734088 ) ) ;
#3727 = AXIS2_PLACEMENT_3D ( 'NONE', #6347, #4746, #7851 ) ;
#3728 = VERTEX_POINT ( 'NONE', #4061 ) ;
#3729 = SURFACE_SIDE_STYLE ('',( #46 ) ) ;
#3730 = FACE_OUTER_BOUND ( 'NONE', #6607, .T. ) ;
#3731 = MECHANICAL_DESIGN_GEOMETRIC_PRESENTATION_REPRESENTATION (  '', ( #7923 ), #6056 ) ;
#3732 = CARTESIAN_POINT ( 'NONE',  ( -1.975000000000000089, 1.050000000000000266, -8.883612055612035815E-18 ) ) ;
#3733 = ORIENTED_EDGE ( 'NONE', *, *, #8249, .F. ) ;
#3734 = DIRECTION ( 'NONE',  ( 1.051347561198064810E-14, 0.000000000000000000, -1.000000000000000000 ) ) ;
#3735 = UNCERTAINTY_MEASURE_WITH_UNIT (LENGTH_MEASURE( 1.000000000000000082E-05 ), #4722, 'distance_accuracy_value', 'NONE');
#3736 =( NAMED_UNIT ( * ) PLANE_ANGLE_UNIT ( ) SI_UNIT ( $, .RADIAN. ) );
#3737 = FILL_AREA_STYLE_COLOUR ( '', #1063 ) ;
#3738 = LINE ( 'NONE', #3781, #4093 ) ;
#3739 = EDGE_LOOP ( 'NONE', ( #4871, #3383, #2927, #5829 ) ) ;
#3740 = SURFACE_SIDE_STYLE ('',( #6689 ) ) ;
#3741 = CARTESIAN_POINT ( 'NONE',  ( 1.840501381982638796, 0.5550414372878278435, 0.1637534549565952680 ) ) ;
#3742 = UNCERTAINTY_MEASURE_WITH_UNIT (LENGTH_MEASURE( 1.000000000000000082E-05 ), #6855, 'distance_accuracy_value', 'NONE');
#3743 = CARTESIAN_POINT ( 'NONE',  ( 1.841777336929862896, -0.07420135785389521399, 0.1669433423246562409 ) ) ;
#3744 = SURFACE_SIDE_STYLE ('',( #2199 ) ) ;
#3745 = EDGE_CURVE ( 'NONE', #68, #3329, #1006, .T. ) ;
#3746 = CARTESIAN_POINT ( 'NONE',  ( 1.922694819319810344, -0.02839312436974756465, 0.3961628723351994230 ) ) ;
#3747 = ORIENTED_EDGE ( 'NONE', *, *, #1217, .F. ) ;
#3748 = CARTESIAN_POINT ( 'NONE',  ( 1.884435973567755385, -0.1488567948748908965, 0.3005157579550605806 ) ) ;
#3749 = CARTESIAN_POINT ( 'NONE',  ( 1.810819878295662155, 0.4317937211440443512, 0.1164755197748277432 ) ) ;
#3750 = ORIENTED_EDGE ( 'NONE', *, *, #3586, .T. ) ;
#3751 = ORIENTED_EDGE ( 'NONE', *, *, #8433, .F. ) ;
#3752 = ORIENTED_EDGE ( 'NONE', *, *, #6626, .T. ) ;
#3753 = PLANE ( 'NONE',  #6816 ) ;
#3754 = VERTEX_POINT ( 'NONE', #4150 ) ;
#3755 = CARTESIAN_POINT ( 'NONE',  ( -2.774999999999999467, 2.107500000000001261, 0.2699999999999998512 ) ) ;
#3756 = DIRECTION ( 'NONE',  ( -1.488806659628715785E-32, -1.117179326706309308E-16, -1.000000000000000000 ) ) ;
#3757 = SURFACE_STYLE_FILL_AREA ( #6035 ) ;
#3758 = CARTESIAN_POINT ( 'NONE',  ( 1.577669998408546048, -1.694999999999999840, 0.7745580952545570996 ) ) ;
#3759 = CARTESIAN_POINT ( 'NONE',  ( -1.975000000000000089, 0.8500000000000005329, 0.2699999999999999623 ) ) ;
#3760 = COLOUR_RGB ( '',1.000000000000000000, 1.000000000000000000, 1.000000000000000000 ) ;
#3761 = ORIENTED_EDGE ( 'NONE', *, *, #3033, .F. ) ;
#3762 = EDGE_CURVE ( 'NONE', #1090, #6109, #325, .T. ) ;
#3763 = FILL_AREA_STYLE_COLOUR ( '', #6634 ) ;
#3764 = CARTESIAN_POINT ( 'NONE',  ( -1.575000000000000400, -0.8499999999999997558, 0.2700000000000001843 ) ) ;
#3765 = LINE ( 'NONE', #4502, #6203 ) ;
#3766 = LINE ( 'NONE', #6712, #4306 ) ;
#3767 = ORIENTED_EDGE ( 'NONE', *, *, #4957, .T. ) ;
#3768 = STYLED_ITEM ( 'NONE', ( #8411 ), #9385 ) ;
#3769 = DIRECTION ( 'NONE',  ( 1.447921622090529492E-16, 1.000000000000000000, -2.498792926766732971E-16 ) ) ;
#3770 = LINE ( 'NONE', #8408, #2173 ) ;
#3771 = DIRECTION ( 'NONE',  ( -0.06818941838404206368, -1.789660620253715096E-17, -0.9976723927324269159 ) ) ;
#3772 = ORIENTED_EDGE ( 'NONE', *, *, #6338, .T. ) ;
#3773 = PRESENTATION_STYLE_ASSIGNMENT (( #8874 ) ) ;
#3774 =( LENGTH_UNIT ( ) NAMED_UNIT ( * ) SI_UNIT ( .MILLI., .METRE. ) );
#3775 = LINE ( 'NONE', #102, #2904 ) ;
#3776 = DIRECTION ( 'NONE',  ( 1.447921622090529492E-16, 1.000000000000000000, -2.498792926766732971E-16 ) ) ;
#3777 = MECHANICAL_DESIGN_GEOMETRIC_PRESENTATION_REPRESENTATION (  '', ( #3007 ), #7027 ) ;
#3778 = EDGE_CURVE ( 'NONE', #7137, #4418, #3370, .T. ) ;
#3779 = CARTESIAN_POINT ( 'NONE',  ( 1.812169338668674579, 0.7671224805507027567, 0.1198491707073576495 ) ) ;
#3780 = STYLED_ITEM ( 'NONE', ( #7179 ), #36 ) ;
#3781 = CARTESIAN_POINT ( 'NONE',  ( 1.880106657513936907, -0.2594400194492972878, 0.2896924678205149983 ) ) ;
#3782 = ORIENTED_EDGE ( 'NONE', *, *, #2974, .T. ) ;
#3783 = PRESENTATION_STYLE_ASSIGNMENT (( #891 ) ) ;
#3784 = LINE ( 'NONE', #8202, #6 ) ;
#3785 = FACE_OUTER_BOUND ( 'NONE', #4043, .T. ) ;
#3786 = EDGE_CURVE ( 'NONE', #4080, #6057, #1051, .T. ) ;
#3787 = DIRECTION ( 'NONE',  ( -0.9976723927324270269, 1.463531740886934826E-16, 0.06818941838404181388 ) ) ;
#3788 =( LENGTH_UNIT ( ) NAMED_UNIT ( * ) SI_UNIT ( .MILLI., .METRE. ) );
#3789 = EDGE_CURVE ( 'NONE', #5750, #6913, #2690, .T. ) ;
#3790 = SURFACE_STYLE_FILL_AREA ( #3951 ) ;
#3791 = ORIENTED_EDGE ( 'NONE', *, *, #5515, .F. ) ;
#3792 =( GEOMETRIC_REPRESENTATION_CONTEXT ( 3 ) GLOBAL_UNCERTAINTY_ASSIGNED_CONTEXT ( ( #80 ) ) GLOBAL_UNIT_ASSIGNED_CONTEXT ( ( #5429, #8409, #7708 ) ) REPRESENTATION_CONTEXT ( 'NONE', 'WORKASPACE' ) );
#3793 = EDGE_CURVE ( 'NONE', #4358, #2512, #6999, .T. ) ;
#3794 = PRESENTATION_STYLE_ASSIGNMENT (( #23 ) ) ;
#3795 = ORIENTED_EDGE ( 'NONE', *, *, #7723, .F. ) ;
#3796 = ORIENTED_EDGE ( 'NONE', *, *, #1837, .F. ) ;
#3797 = ORIENTED_EDGE ( 'NONE', *, *, #8771, .F. ) ;
#3798 = CARTESIAN_POINT ( 'NONE',  ( 1.681086225569887960, -2.189999999999999503, 0.4624701013908927849 ) ) ;
#3799 = ORIENTED_EDGE ( 'NONE', *, *, #3894, .T. ) ;
#3800 = DIRECTION ( 'NONE',  ( -1.355252715606880543E-16, -1.000000000000000000, -0.000000000000000000 ) ) ;
#3801 = CARTESIAN_POINT ( 'NONE',  ( -2.175000000000000266, 0.8500000000000005329, 1.345997447851415466E-17 ) ) ;
#3802 = DIRECTION ( 'NONE',  ( 1.488806659628715785E-32, 1.117179326706309308E-16, 1.000000000000000000 ) ) ;
#3803 = SURFACE_SIDE_STYLE ('',( #3961 ) ) ;
#3804 = STYLED_ITEM ( 'NONE', ( #2780 ), #3174 ) ;
#3805 = PRESENTATION_STYLE_ASSIGNMENT (( #1675 ) ) ;
#3806 = CARTESIAN_POINT ( 'NONE',  ( -2.375000000000000444, -2.007499999999998508, 0.2700000000000002953 ) ) ;
#3807 = EDGE_CURVE ( 'NONE', #6140, #925, #6890, .T. ) ;
#3808 = CARTESIAN_POINT ( 'NONE',  ( 1.932871308483757433, -0.4475116657907606821, 0.3946782712093946377 ) ) ;
#3809 = ORIENTED_EDGE ( 'NONE', *, *, #7762, .F. ) ;
#3810 = AXIS2_PLACEMENT_3D ( 'NONE', #6800, #706, #859 ) ;
#3811 = VECTOR ( 'NONE', #3989, 1000.000000000000227 ) ;
#3812 =( LENGTH_UNIT ( ) NAMED_UNIT ( * ) SI_UNIT ( .MILLI., .METRE. ) );
#3813 =( NAMED_UNIT ( * ) PLANE_ANGLE_UNIT ( ) SI_UNIT ( $, .RADIAN. ) );
#3814 = EDGE_CURVE ( 'NONE', #5927, #2356, #278, .T. ) ;
#3815 = CARTESIAN_POINT ( 'NONE',  ( 1.919071699296936329, -0.03448273847512536849, 0.3601792482423431530 ) ) ;
#3816 = MECHANICAL_DESIGN_GEOMETRIC_PRESENTATION_REPRESENTATION (  '', ( #1805 ), #410 ) ;
#3817 = ADVANCED_FACE ( 'NONE', ( #4009 ), #9308, .F. ) ;
#3818 =( LENGTH_UNIT ( ) NAMED_UNIT ( * ) SI_UNIT ( .MILLI., .METRE. ) );
#3819 = VERTEX_POINT ( 'NONE', #1869 ) ;
#3820 =( LENGTH_UNIT ( ) NAMED_UNIT ( * ) SI_UNIT ( .MILLI., .METRE. ) );
#3821 = STYLED_ITEM ( 'NONE', ( #6624 ), #1411 ) ;
#3822 =( GEOMETRIC_REPRESENTATION_CONTEXT ( 3 ) GLOBAL_UNCERTAINTY_ASSIGNED_CONTEXT ( ( #4618 ) ) GLOBAL_UNIT_ASSIGNED_CONTEXT ( ( #8948, #1577, #4107 ) ) REPRESENTATION_CONTEXT ( 'NONE', 'WORKASPACE' ) );
#3823 = ORIENTED_EDGE ( 'NONE', *, *, #5545, .T. ) ;
#3824 = PRESENTATION_STYLE_ASSIGNMENT (( #1023 ) ) ;
#3825 = CARTESIAN_POINT ( 'NONE',  ( -2.374999999999999112, 2.007500000000001172, 0.2699999999999998512 ) ) ;
#3826 =( NAMED_UNIT ( * ) SI_UNIT ( $, .STERADIAN. ) SOLID_ANGLE_UNIT ( ) );
#3827 = UNCERTAINTY_MEASURE_WITH_UNIT (LENGTH_MEASURE( 1.000000000000000082E-05 ), #6945, 'distance_accuracy_value', 'NONE');
#3828 = CARTESIAN_POINT ( 'NONE',  ( 1.823039309683916587, 0.4349387915263127069, 0.1470240982454628087 ) ) ;
#3829 = PRESENTATION_LAYER_ASSIGNMENT (  '', '', ( #1654 ) ) ;
#3830 = MECHANICAL_DESIGN_GEOMETRIC_PRESENTATION_REPRESENTATION (  '', ( #735 ), #8780 ) ;
#3831 = CARTESIAN_POINT ( 'NONE',  ( 2.483214825035667594, -2.189999999999999947, 0.2050386854289296956 ) ) ;
#3832 = CARTESIAN_POINT ( 'NONE',  ( 1.839286207057148292, 0.4995138093139454560, 0.1607155176428702870 ) ) ;
#3833 = VERTEX_POINT ( 'NONE', #2508 ) ;
#3834 = CIRCLE ( 'NONE', #5704, 0.1600000000000000033 ) ;
#3835 =( LENGTH_UNIT ( ) NAMED_UNIT ( * ) SI_UNIT ( .MILLI., .METRE. ) );
#3836 = CARTESIAN_POINT ( 'NONE',  ( -2.775000000000000355, -2.107499999999998597, 0.2700000000000002953 ) ) ;
#3837 = CARTESIAN_POINT ( 'NONE',  ( 1.923586541574904940, -0.1767799584736875484, 0.3983921779729356905 ) ) ;
#3838 = UNCERTAINTY_MEASURE_WITH_UNIT (LENGTH_MEASURE( 1.000000000000000082E-05 ), #1751, 'distance_accuracy_value', 'NONE');
#3839 = SURFACE_STYLE_FILL_AREA ( #6986 ) ;
#3840 = CARTESIAN_POINT ( 'NONE',  ( 1.839609028908480548, -0.06515991332025482252, 0.1615225722711992051 ) ) ;
#3841 = AXIS2_PLACEMENT_3D ( 'NONE', #6090, #1479, #4448 ) ;
#3842 = ORIENTED_EDGE ( 'NONE', *, *, #8110, .F. ) ;
#3843 = VECTOR ( 'NONE', #6998, 1000.000000000000000 ) ;
#3844 = ADVANCED_FACE ( 'NONE', ( #413 ), #5454, .F. ) ;
#3845 = CARTESIAN_POINT ( 'NONE',  ( 3.016585226210213744, -2.117500000000000160, 0.6762103879284991903 ) ) ;
#3846 = VECTOR ( 'NONE', #3601, 1000.000000000000000 ) ;
#3847 = LINE ( 'NONE', #5204, #8197 ) ;
#3848 = ORIENTED_EDGE ( 'NONE', *, *, #4378, .F. ) ;
#3849 = EDGE_LOOP ( 'NONE', ( #9116, #3842, #1434, #3065 ) ) ;
#3850 = VERTEX_POINT ( 'NONE', #8745 ) ;
#3851 = VERTEX_POINT ( 'NONE', #562 ) ;
#3852 = FACE_OUTER_BOUND ( 'NONE', #2933, .T. ) ;
#3853 = SURFACE_STYLE_FILL_AREA ( #1721 ) ;
#3854 = MECHANICAL_DESIGN_GEOMETRIC_PRESENTATION_REPRESENTATION (  '', ( #2150 ), #8817 ) ;
#3855 = DIRECTION ( 'NONE',  ( 1.447921622090529492E-16, 1.000000000000000000, -2.498792926766732971E-16 ) ) ;
#3856 = CARTESIAN_POINT ( 'NONE',  ( 1.681086225569888182, -1.694999999999999840, 0.6824701013908927028 ) ) ;
#3857 =( GEOMETRIC_REPRESENTATION_CONTEXT ( 3 ) GLOBAL_UNCERTAINTY_ASSIGNED_CONTEXT ( ( #4335 ) ) GLOBAL_UNIT_ASSIGNED_CONTEXT ( ( #5426, #8912, #200 ) ) REPRESENTATION_CONTEXT ( 'NONE', 'WORKASPACE' ) );
#3858 = FILL_AREA_STYLE ('',( #9100 ) ) ;
#3859 = DIRECTION ( 'NONE',  ( -1.488806659628715785E-32, -1.117179326706309308E-16, -1.000000000000000000 ) ) ;
#3860 =( NAMED_UNIT ( * ) PLANE_ANGLE_UNIT ( ) SI_UNIT ( $, .RADIAN. ) );
#3861 = ORIENTED_EDGE ( 'NONE', *, *, #672, .F. ) ;
#3862 = CARTESIAN_POINT ( 'NONE',  ( -2.875000000000000444, 2.007500000000001616, 0.2699999999999998512 ) ) ;
#3863 = VECTOR ( 'NONE', #5800, 1000.000000000000114 ) ;
#3864 =( NAMED_UNIT ( * ) PLANE_ANGLE_UNIT ( ) SI_UNIT ( $, .RADIAN. ) );
#3865 = ORIENTED_EDGE ( 'NONE', *, *, #9509, .T. ) ;
#3866 = PRESENTATION_STYLE_ASSIGNMENT (( #922 ) ) ;
#3867 = FILL_AREA_STYLE_COLOUR ( '', #6923 ) ;
#3868 = VECTOR ( 'NONE', #3241, 1000.000000000000000 ) ;
#3869 = STYLED_ITEM ( 'NONE', ( #7292 ), #6100 ) ;
#3870 = EDGE_CURVE ( 'NONE', #4527, #6384, #5115, .T. ) ;
#3871 = VERTEX_POINT ( 'NONE', #3600 ) ;
#3872 = MECHANICAL_DESIGN_GEOMETRIC_PRESENTATION_REPRESENTATION (  '', ( #3415 ), #3278 ) ;
#3873 =( NAMED_UNIT ( * ) SI_UNIT ( $, .STERADIAN. ) SOLID_ANGLE_UNIT ( ) );
#3874 = SURFACE_STYLE_FILL_AREA ( #7504 ) ;
#3875 = ORIENTED_EDGE ( 'NONE', *, *, #8942, .T. ) ;
#3876 =( NAMED_UNIT ( * ) PLANE_ANGLE_UNIT ( ) SI_UNIT ( $, .RADIAN. ) );
#3877 = CIRCLE ( 'NONE', #8836, 0.3300000000000000155 ) ;
#3878 = CARTESIAN_POINT ( 'NONE',  ( -1.775000000000002798, -5.096086638859568399E-15, 0.2700000000000000733 ) ) ;
#3879 = SURFACE_STYLE_FILL_AREA ( #9065 ) ;
#3880 = COLOUR_RGB ( '',1.000000000000000000, 1.000000000000000000, 1.000000000000000000 ) ;
#3881 = SURFACE_STYLE_FILL_AREA ( #1024 ) ;
#3882 = CARTESIAN_POINT ( 'NONE',  ( 1.796356200846564111, -1.619999999999999885, 0.6824701013908927028 ) ) ;
#3883 = ADVANCED_FACE ( 'NONE', ( #1242 ), #2923, .F. ) ;
#3884 =( GEOMETRIC_REPRESENTATION_CONTEXT ( 3 ) GLOBAL_UNCERTAINTY_ASSIGNED_CONTEXT ( ( #3574 ) ) GLOBAL_UNIT_ASSIGNED_CONTEXT ( ( #6268, #7675, #8382 ) ) REPRESENTATION_CONTEXT ( 'NONE', 'WORKASPACE' ) );
#3885 = DIRECTION ( 'NONE',  ( -0.3713906763541007239, 0.000000000000000000, -0.9284766908852605249 ) ) ;
#3886 = DIRECTION ( 'NONE',  ( -1.447921622090529492E-16, -1.000000000000000000, 2.498792926766732971E-16 ) ) ;
#3887 = EDGE_LOOP ( 'NONE', ( #4069, #6067, #6763, #7199 ) ) ;
#3888 = FACE_OUTER_BOUND ( 'NONE', #8882, .T. ) ;
#3889 = DIRECTION ( 'NONE',  ( 1.051347561198064810E-14, 0.000000000000000000, -1.000000000000000000 ) ) ;
#3890 = DIRECTION ( 'NONE',  ( -1.488806659628715785E-32, -1.117179326706309308E-16, -1.000000000000000000 ) ) ;
#3891 = CARTESIAN_POINT ( 'NONE',  ( 1.836300438370383814, 0.5449354141688540487, 0.1532510959259600625 ) ) ;
#3892 = CARTESIAN_POINT ( 'NONE',  ( 2.235025199989362221, 0.9200000000000000400, 0.5224701013908925606 ) ) ;
#3893 = CARTESIAN_POINT ( 'NONE',  ( 1.920642591091610285, 0.7268785781116783307, 0.3641064777290263788 ) ) ;
#3894 = EDGE_CURVE ( 'NONE', #7385, #1287, #4082, .T. ) ;
#3895 = ORIENTED_EDGE ( 'NONE', *, *, #7948, .F. ) ;
#3896 = FILL_AREA_STYLE ('',( #2537 ) ) ;
#3897 =( GEOMETRIC_REPRESENTATION_CONTEXT ( 3 ) GLOBAL_UNCERTAINTY_ASSIGNED_CONTEXT ( ( #8122 ) ) GLOBAL_UNIT_ASSIGNED_CONTEXT ( ( #3437, #2564, #4073 ) ) REPRESENTATION_CONTEXT ( 'NONE', 'WORKASPACE' ) );
#3899 = CARTESIAN_POINT ( 'NONE',  ( 1.832324076592769302, 0.4349387915263127069, 0.1433101914819218115 ) ) ;
#3898 = CARTESIAN_POINT ( 'NONE',  ( 1.781319529336186980, -0.9199999999999999289, 0.4624701013908927849 ) ) ;
#3900 = ORIENTED_EDGE ( 'NONE', *, *, #9524, .F. ) ;
#3901 = ORIENTED_EDGE ( 'NONE', *, *, #5413, .F. ) ;
#3902 = ORIENTED_EDGE ( 'NONE', *, *, #3618, .T. ) ;
#3903 = DIRECTION ( 'NONE',  ( -1.249000902703301354E-16, -2.783468775164168088E-17, -1.000000000000000000 ) ) ;
#3904 = ORIENTED_EDGE ( 'NONE', *, *, #6475, .T. ) ;
#3905 = CARTESIAN_POINT ( 'NONE',  ( 1.833980346608112155, 0.4697302335787027494, 0.1474508665202785562 ) ) ;
#3906 = CARTESIAN_POINT ( 'NONE',  ( 2.037248960451289115, -2.189999999999999503, 0.4624701013908927294 ) ) ;
#3907 = FACE_OUTER_BOUND ( 'NONE', #1415, .T. ) ;
#3908 = FILL_AREA_STYLE ('',( #1527 ) ) ;
#3909 = SURFACE_SIDE_STYLE ('',( #3716 ) ) ;
#3910 = FACE_OUTER_BOUND ( 'NONE', #6229, .T. ) ;
#3911 = CARTESIAN_POINT ( 'NONE',  ( -1.375000000000000444, -0.8499999999999997558, 0.2700000000000001843 ) ) ;
#3912 = ADVANCED_FACE ( 'NONE', ( #4285 ), #7931, .F. ) ;
#3913 = CARTESIAN_POINT ( 'NONE',  ( -1.975000000000000089, 2.450000000000000178, 0.4999999999999952260 ) ) ;
#3914 = ORIENTED_EDGE ( 'NONE', *, *, #3338, .T. ) ;
#3915 = LINE ( 'NONE', #6186, #5261 ) ;
#3916 = EDGE_CURVE ( 'NONE', #2015, #5896, #2790, .T. ) ;
#3917 = DIRECTION ( 'NONE',  ( 0.3713906763541008349, 0.000000000000000000, 0.9284766908852605249 ) ) ;
#3918 = ORIENTED_EDGE ( 'NONE', *, *, #2045, .F. ) ;
#3919 = ORIENTED_EDGE ( 'NONE', *, *, #7555, .T. ) ;
#3920 =( NAMED_UNIT ( * ) SI_UNIT ( $, .STERADIAN. ) SOLID_ANGLE_UNIT ( ) );
#3921 = FILL_AREA_STYLE ('',( #3867 ) ) ;
#3922 = EDGE_CURVE ( 'NONE', #3850, #5916, #946, .T. ) ;
#3923 = ADVANCED_FACE ( 'NONE', ( #216 ), #1510, .F. ) ;
#3924 = SURFACE_STYLE_USAGE ( .BOTH. , #2414 ) ;
#3925 = EDGE_LOOP ( 'NONE', ( #5447, #648, #1261, #391 ) ) ;
#3926 = DIRECTION ( 'NONE',  ( 1.447921622090529492E-16, 1.000000000000000000, -2.498792926766732971E-16 ) ) ;
#3927 = FACE_OUTER_BOUND ( 'NONE', #1570, .T. ) ;
#3928 = ADVANCED_FACE ( 'NONE', ( #5292 ), #3073, .F. ) ;
#3929 = ORIENTED_EDGE ( 'NONE', *, *, #5877, .F. ) ;
#3930 = CARTESIAN_POINT ( 'NONE',  ( 1.681086225569887960, -2.189999999999999503, 0.6824701013908928138 ) ) ;
#3931 = CARTESIAN_POINT ( 'NONE',  ( 1.832377051467297457, 0.4255045313271630381, 0.1434426286682428109 ) ) ;
#3932 = SURFACE_STYLE_USAGE ( .BOTH. , #2422 ) ;
#3933 = DIRECTION ( 'NONE',  ( -1.767672579545045492E-15, 1.000000000000000000, -1.117179326706309062E-16 ) ) ;
#3934 = UNCERTAINTY_MEASURE_WITH_UNIT (LENGTH_MEASURE( 1.000000000000000082E-05 ), #9379, 'distance_accuracy_value', 'NONE');
#3935 = PRESENTATION_STYLE_ASSIGNMENT (( #2480 ) ) ;
#3936 = AXIS2_PLACEMENT_3D ( 'NONE', #5550, #2639, #8518 ) ;
#3937 = B_SPLINE_SURFACE_WITH_KNOTS ( 'NONE', 3, 1, ( 
 ( #9601, #8043 ),
 ( #1396, #2994 ),
 ( #4449, #5902 ),
 ( #4361, #679 ),
 ( #5138, #3625 ),
 ( #8085, #7402 ),
 ( #2172, #776 ),
 ( #6573, #4996 ),
 ( #3726, #6486 ),
 ( #41, #9552 ),
 ( #2029, #2900 ),
 ( #1341, #4257 ),
 ( #1296, #7203 ),
 ( #586, #5040 ),
 ( #5759, #7256 ),
 ( #8725, #7990 ),
 ( #1015, #193 ),
 ( #8284, #5272 ),
 ( #3038, #5996 ) ),
 .UNSPECIFIED., .F., .F., .F.,
 ( 4, 1, 1, 1, 1, 1, 1, 1, 1, 1, 1, 1, 1, 1, 1, 1, 4 ),
 ( 2, 2 ),
 ( 0.000000000000000000, 0.07377411937406382070, 0.1440791147260415961, 0.2113485183089112984, 0.2760768857398831488, 0.3385209158196774148, 0.3998851166931345902, 0.4602540674652134678, 0.5205889643912484654, 0.5802076845630443902, 0.6386329085525456195, 0.6963645494905238431, 0.7540017746600128357, 0.8128056813744981568, 0.8727544255255604844, 0.9351819969782672048, 1.000000000000000000 ),
 ( 0.000000000000000000, 1.000000000000000000 ),
 .UNSPECIFIED. ) ;
#3938 = STYLED_ITEM ( 'NONE', ( #4317 ), #247 ) ;
#3939 = CARTESIAN_POINT ( 'NONE',  ( 1.910254596314539421, 0.5185101243728922338, 0.3381364907863481650 ) ) ;
#3940 = PRESENTATION_LAYER_ASSIGNMENT (  '', '', ( #2848 ) ) ;
#3941 = CARTESIAN_POINT ( 'NONE',  ( 1.821454105577527294, 0.08663467567265401015, 0.1161352639438166245 ) ) ;
#3942 = FACE_OUTER_BOUND ( 'NONE', #3609, .T. ) ;
#3943 = VERTEX_POINT ( 'NONE', #7624 ) ;
#3944 = SURFACE_STYLE_FILL_AREA ( #2486 ) ;
#3945 = CARTESIAN_POINT ( 'NONE',  ( 1.834979372061060987, -0.08259705088813759644, 0.1768742541883250863 ) ) ;
#3946 = CARTESIAN_POINT ( 'NONE',  ( 2.517749029844000397, -2.189999999999999947, 0.7103050971205200348 ) ) ;
#3947 = UNCERTAINTY_MEASURE_WITH_UNIT (LENGTH_MEASURE( 1.000000000000000082E-05 ), #4208, 'distance_accuracy_value', 'NONE');
#3948 = FILL_AREA_STYLE_COLOUR ( '', #3480 ) ;
#3949 = EDGE_CURVE ( 'NONE', #8609, #6377, #6987, .T. ) ;
#3950 = SURFACE_SIDE_STYLE ('',( #2492 ) ) ;
#3951 = FILL_AREA_STYLE ('',( #3219 ) ) ;
#3952 = FACE_OUTER_BOUND ( 'NONE', #2156, .T. ) ;
#3953 = DIRECTION ( 'NONE',  ( 1.249000902703301354E-16, 1.960023273030422060E-17, 1.000000000000000000 ) ) ;
#3954 = ORIENTED_EDGE ( 'NONE', *, *, #5507, .F. ) ;
#3955 = ORIENTED_EDGE ( 'NONE', *, *, #3607, .F. ) ;
#3956 = DIRECTION ( 'NONE',  ( -1.000000000000000000, 1.447921622090530231E-16, 1.249000902703301108E-16 ) ) ;
#3957 = ORIENTED_EDGE ( 'NONE', *, *, #1951, .F. ) ;
#3958 = PRESENTATION_STYLE_ASSIGNMENT (( #8385 ) ) ;
#3959 = DIRECTION ( 'NONE',  ( -1.447921622090529492E-16, -1.000000000000000000, 2.498792926766732971E-16 ) ) ;
#3960 = DIRECTION ( 'NONE',  ( 0.9976723927324270269, -1.463531740886934579E-16, -0.06818941838404170286 ) ) ;
#3961 = SURFACE_STYLE_FILL_AREA ( #6849 ) ;
#3962 = CARTESIAN_POINT ( 'NONE',  ( 2.461382810556700385, -2.189999999999999947, -0.1143832811983292869 ) ) ;
#3963 =( NAMED_UNIT ( * ) PLANE_ANGLE_UNIT ( ) SI_UNIT ( $, .RADIAN. ) );
#3964 = CIRCLE ( 'NONE', #7664, 0.1600000000000000033 ) ;
#3965 = EDGE_LOOP ( 'NONE', ( #6843, #7587, #3566, #4426 ) ) ;
#3966 = EDGE_LOOP ( 'NONE', ( #187, #1426, #6974, #9450 ) ) ;
#3967 = ORIENTED_EDGE ( 'NONE', *, *, #7519, .T. ) ;
#3968 =( NAMED_UNIT ( * ) SI_UNIT ( $, .STERADIAN. ) SOLID_ANGLE_UNIT ( ) );
#3969 = FILL_AREA_STYLE_COLOUR ( '', #4049 ) ;
#3970 = CARTESIAN_POINT ( 'NONE',  ( 1.889514668628259120, -0.1025650803640813374, 0.3132124956063193633 ) ) ;
#3971 = ADVANCED_FACE ( 'NONE', ( #4048 ), #3274, .T. ) ;
#3972 = ORIENTED_EDGE ( 'NONE', *, *, #8299, .T. ) ;
#3973 =( GEOMETRIC_REPRESENTATION_CONTEXT ( 3 ) GLOBAL_UNCERTAINTY_ASSIGNED_CONTEXT ( ( #4541 ) ) GLOBAL_UNIT_ASSIGNED_CONTEXT ( ( #5871, #7516, #3696 ) ) REPRESENTATION_CONTEXT ( 'NONE', 'WORKASPACE' ) );
#3974 = CARTESIAN_POINT ( 'NONE',  ( 2.924999999999999822, 1.619999999999999885, 0.06948792640113442276 ) ) ;
#3975 = ADVANCED_FACE ( 'NONE', ( #1133 ), #3318, .T. ) ;
#3976 = ADVANCED_FACE ( 'NONE', ( #552 ), #2818, .F. ) ;
#3977 = EDGE_CURVE ( 'NONE', #2664, #3146, #4186, .T. ) ;
#3978 = COLOUR_RGB ( '',1.000000000000000000, 1.000000000000000000, 1.000000000000000000 ) ;
#3979 = VERTEX_POINT ( 'NONE', #686 ) ;
#3980 = DIRECTION ( 'NONE',  ( -1.249000902703301601E-16, -2.498792926766732971E-16, -1.000000000000000000 ) ) ;
#3981 = DIRECTION ( 'NONE',  ( 0.000000000000000000, 0.000000000000000000, -1.000000000000000000 ) ) ;
#3982 = FACE_OUTER_BOUND ( 'NONE', #2046, .T. ) ;
#3983 = CARTESIAN_POINT ( 'NONE',  ( 1.920642591091610285, 0.003803120794605252368, 0.3641064777290263788 ) ) ;
#3984 = CARTESIAN_POINT ( 'NONE',  ( 1.932871308483757433, 0.3061468707946052303, 0.3946782712093946377 ) ) ;
#3985 = DIRECTION ( 'NONE',  ( 0.000000000000000000, -1.000000000000000000, 0.000000000000000000 ) ) ;
#3986 = CARTESIAN_POINT ( 'NONE',  ( 1.125000000000001332, 3.016384182107005254E-17, 0.2700000000000000733 ) ) ;
#3987 = EDGE_LOOP ( 'NONE', ( #6948, #1465, #963, #9094 ) ) ;
#3988 = STYLED_ITEM ( 'NONE', ( #7057 ), #4947 ) ;
#3989 = DIRECTION ( 'NONE',  ( 0.9284766908852604139, -0.000000000000000000, -0.3713906763541007794 ) ) ;
#3990 = VECTOR ( 'NONE', #6901, 1000.000000000000227 ) ;
#3991 = CARTESIAN_POINT ( 'NONE',  ( 1.911045132477616093, 0.5665236028040199212, 0.3401128311940403992 ) ) ;
#3992 = PLANE ( 'NONE',  #600 ) ;
#3993 = EDGE_CURVE ( 'NONE', #3943, #1275, #8606, .T. ) ;
#3994 = COLOUR_RGB ( '',1.000000000000000000, 1.000000000000000000, 1.000000000000000000 ) ;
#3995 = FACE_OUTER_BOUND ( 'NONE', #3293, .T. ) ;
#3996 = AXIS2_PLACEMENT_3D ( 'NONE', #1085, #3460, #5682 ) ;
#3997 = PRESENTATION_LAYER_ASSIGNMENT (  '', '', ( #7219 ) ) ;
#3998 =( LENGTH_UNIT ( ) NAMED_UNIT ( * ) SI_UNIT ( .MILLI., .METRE. ) );
#3999 = AXIS2_PLACEMENT_3D ( 'NONE', #3544, #8644, #4963 ) ;
#4000 =( GEOMETRIC_REPRESENTATION_CONTEXT ( 3 ) GLOBAL_UNCERTAINTY_ASSIGNED_CONTEXT ( ( #7313 ) ) GLOBAL_UNIT_ASSIGNED_CONTEXT ( ( #2607, #4205, #3247 ) ) REPRESENTATION_CONTEXT ( 'NONE', 'WORKASPACE' ) );
#4001 = ORIENTED_EDGE ( 'NONE', *, *, #5647, .F. ) ;
#4002 = VERTEX_POINT ( 'NONE', #1272 ) ;
#4003 = EDGE_LOOP ( 'NONE', ( #8244, #1475, #952, #6160 ) ) ;
#4004 = SURFACE_SIDE_STYLE ('',( #3419 ) ) ;
#4005 = ORIENTED_EDGE ( 'NONE', *, *, #5814, .F. ) ;
#4006 =( NAMED_UNIT ( * ) PLANE_ANGLE_UNIT ( ) SI_UNIT ( $, .RADIAN. ) );
#4007 = CARTESIAN_POINT ( 'NONE',  ( 1.873312925629410541, 0.1598054073799710928, 0.2727081381091993051 ) ) ;
#4008 = LINE ( 'NONE', #8474, #1788 ) ;
#4009 = FACE_OUTER_BOUND ( 'NONE', #5621, .T. ) ;
#4010 = PRESENTATION_LAYER_ASSIGNMENT (  '', '', ( #8175 ) ) ;
#4011 = DIRECTION ( 'NONE',  ( 1.447921622090529492E-16, 1.000000000000000000, -2.498792926766732971E-16 ) ) ;
#4012 = VECTOR ( 'NONE', #2647, 999.9999999999998863 ) ;
#4013 = DIRECTION ( 'NONE',  ( 0.9976723927324270269, -1.463531740886934826E-16, -0.06818941838404175837 ) ) ;
#4014 = ORIENTED_EDGE ( 'NONE', *, *, #7337, .F. ) ;
#4015 = STYLED_ITEM ( 'NONE', ( #1658 ), #5543 ) ;
#4016 = LINE ( 'NONE', #4781, #777 ) ;
#4017 = DIRECTION ( 'NONE',  ( 0.000000000000000000, 0.000000000000000000, -1.000000000000000000 ) ) ;
#4018 = EDGE_LOOP ( 'NONE', ( #6457, #2655, #3193, #7606 ) ) ;
#4019 = MECHANICAL_DESIGN_GEOMETRIC_PRESENTATION_REPRESENTATION (  '', ( #8182 ), #4171 ) ;
#4020 = ORIENTED_EDGE ( 'NONE', *, *, #1540, .F. ) ;
#4021 = CARTESIAN_POINT ( 'NONE',  ( 1.125000000000000666, 1.599999999999999201, 0.2699999999999992961 ) ) ;
#4022 = PRESENTATION_LAYER_ASSIGNMENT (  '', '', ( #6629 ) ) ;
#4023 = FILL_AREA_STYLE ('',( #4844 ) ) ;
#4024 = PRODUCT ( 'LFPAK56-5_L4.9-W4.0-H1.0-P1.27-LS6.1-BR', 'LFPAK56-5_L4.9-W4.0-H1.0-P1.27-LS6.1-BR', '', ( #143 ) ) ;
#4025 = VERTEX_POINT ( 'NONE', #8700 ) ;
#4026 = VECTOR ( 'NONE', #3926, 1000.000000000000000 ) ;
#4027 = SURFACE_SIDE_STYLE ('',( #4741 ) ) ;
#4028 = MECHANICAL_DESIGN_GEOMETRIC_PRESENTATION_REPRESENTATION (  '', ( #1234 ), #4642 ) ;
#4029 = CARTESIAN_POINT ( 'NONE',  ( 1.833682822969674442, 0.002145346404361332410, 0.1467070574241849390 ) ) ;
#4030 = ORIENTED_EDGE ( 'NONE', *, *, #215, .T. ) ;
#4031 = CARTESIAN_POINT ( 'NONE',  ( 1.845072939196671813, 0.5638672950501547598, 0.1751823479916792548 ) ) ;
#4032 = MECHANICAL_DESIGN_GEOMETRIC_PRESENTATION_REPRESENTATION (  '', ( #3256 ), #8534 ) ;
#4033 = CARTESIAN_POINT ( 'NONE',  ( 1.912716570559662710, 0.4416842183555810264, 0.3712172504348305035 ) ) ;
#4034 = COLOUR_RGB ( '',1.000000000000000000, 1.000000000000000000, 1.000000000000000000 ) ;
#4035 = UNCERTAINTY_MEASURE_WITH_UNIT (LENGTH_MEASURE( 1.000000000000000082E-05 ), #5372, 'distance_accuracy_value', 'NONE');
#4036 =( GEOMETRIC_REPRESENTATION_CONTEXT ( 3 ) GLOBAL_UNCERTAINTY_ASSIGNED_CONTEXT ( ( #642 ) ) GLOBAL_UNIT_ASSIGNED_CONTEXT ( ( #3998, #6942, #1610 ) ) REPRESENTATION_CONTEXT ( 'NONE', 'WORKASPACE' ) );
#4037 = COLOUR_RGB ( '',1.000000000000000000, 1.000000000000000000, 1.000000000000000000 ) ;
#4038 = DIRECTION ( 'NONE',  ( 1.447921622090529492E-16, 1.000000000000000000, -2.498792926766732971E-16 ) ) ;
#4039 = MECHANICAL_DESIGN_GEOMETRIC_PRESENTATION_REPRESENTATION (  '', ( #4968 ), #11 ) ;
#4040 = PRESENTATION_LAYER_ASSIGNMENT (  '', '', ( #6971 ) ) ;
#4041 = LINE ( 'NONE', #9181, #9103 ) ;
#4042 = LINE ( 'NONE', #1742, #9213 ) ;
#4043 = EDGE_LOOP ( 'NONE', ( #7034, #6266, #5286, #7013 ) ) ;
#4044 = PRESENTATION_STYLE_ASSIGNMENT (( #5539 ) ) ;
#4045 = LINE ( 'NONE', #357, #1414 ) ;
#4046 = UNCERTAINTY_MEASURE_WITH_UNIT (LENGTH_MEASURE( 1.000000000000000082E-05 ), #1730, 'distance_accuracy_value', 'NONE');
#4047 = PLANE ( 'NONE',  #541 ) ;
#4048 = FACE_OUTER_BOUND ( 'NONE', #6079, .T. ) ;
#4049 = COLOUR_RGB ( '',1.000000000000000000, 1.000000000000000000, 1.000000000000000000 ) ;
#4050 = SURFACE_STYLE_FILL_AREA ( #2682 ) ;
#4051 = EDGE_CURVE ( 'NONE', #7505, #4972, #5009, .T. ) ;
#4052 = CARTESIAN_POINT ( 'NONE',  ( 2.924999999999999822, 0.4224999999999999867, 0.06948792640113442276 ) ) ;
#4053 = CARTESIAN_POINT ( 'NONE',  ( -1.575000000000000844, 1.050000000000000044, 0.2699999999999999623 ) ) ;
#4054 = EDGE_LOOP ( 'NONE', ( #740, #3225, #3782, #6267 ) ) ;
#4055 = ADVANCED_FACE ( 'NONE', ( #3113 ), #5145, .F. ) ;
#4056 = ORIENTED_EDGE ( 'NONE', *, *, #6112, .F. ) ;
#4057 = AXIS2_PLACEMENT_3D ( 'NONE', #2089, #514, #4331 ) ;
#4058 = ORIENTED_EDGE ( 'NONE', *, *, #5103, .F. ) ;
#4059 = FILL_AREA_STYLE ('',( #9243 ) ) ;
#4060 = DIRECTION ( 'NONE',  ( -1.447921622090529492E-16, -1.000000000000000000, 2.498792926766732971E-16 ) ) ;
#4061 = CARTESIAN_POINT ( 'NONE',  ( 1.835041569346579582, -0.3099735560346631447, 0.1501039233664480388 ) ) ;
#4062 = EDGE_CURVE ( 'NONE', #8546, #2515, #7467, .T. ) ;
#4063 = CARTESIAN_POINT ( 'NONE',  ( 1.833682822969675996, 0.04639077323362962579, 0.1467070574241849112 ) ) ;
#4064 = DIRECTION ( 'NONE',  ( -0.9976723927324270269, 1.463531740886934826E-16, 0.06818941838404175837 ) ) ;
#4065 = ORIENTED_EDGE ( 'NONE', *, *, #5379, .T. ) ;
#4066 =( NAMED_UNIT ( * ) SI_UNIT ( $, .STERADIAN. ) SOLID_ANGLE_UNIT ( ) );
#4067 = DIRECTION ( 'NONE',  ( -1.447921622090529492E-16, -1.000000000000000000, 2.498792926766732971E-16 ) ) ;
#4068 = ORIENTED_EDGE ( 'NONE', *, *, #539, .F. ) ;
#4069 = ORIENTED_EDGE ( 'NONE', *, *, #8264, .T. ) ;
#4070 = SURFACE_SIDE_STYLE ('',( #4883 ) ) ;
#4071 = VECTOR ( 'NONE', #1746, 1000.000000000000000 ) ;
#4072 = CARTESIAN_POINT ( 'NONE',  ( 1.889391424422789401, -0.3597639523761265723, 0.2859785610569740011 ) ) ;
#4073 =( NAMED_UNIT ( * ) SI_UNIT ( $, .STERADIAN. ) SOLID_ANGLE_UNIT ( ) );
#4074 = EDGE_CURVE ( 'NONE', #7338, #4002, #9159, .T. ) ;
#4075 = LINE ( 'NONE', #1061, #9556 ) ;
#4076 = ORIENTED_EDGE ( 'NONE', *, *, #4062, .T. ) ;
#4077 = B_SPLINE_CURVE_WITH_KNOTS ( 'NONE', 3,
 ( #6781, #257, #8983, #3162, #8925, #3010, #6686, #3832, #5187, #6108, #107, #8199, #4564, #164, #1558, #9075, #8253, #2432, #1601 ),
 .UNSPECIFIED., .F., .F.,
 ( 4, 1, 1, 1, 1, 1, 1, 1, 1, 1, 1, 1, 1, 1, 1, 1, 4 ),
 ( 0.000000000000000000, 0.06460397028839237610, 0.1267024139629473745, 0.1867568140356182238, 0.2455056873654372918, 0.3036520244499755217, 0.3615030739706256435, 0.4202402229284677992, 0.4800333407766963489, 0.5406781347755159617, 0.6011918063807819568, 0.6623335024774429369, 0.7247395102972318259, 0.7894677361728866805, 0.8565048600438309734, 0.9263120958391900528, 1.000000000000000000 ),
 .UNSPECIFIED. ) ;
#4078 = SURFACE_STYLE_USAGE ( .BOTH. , #4027 ) ;
#4079 = CARTESIAN_POINT ( 'NONE',  ( 1.839643717702476478, -0.3122551074018959927, 0.1616092942561895007 ) ) ;
#4080 = VERTEX_POINT ( 'NONE', #2375 ) ;
#4081 = CARTESIAN_POINT ( 'NONE',  ( 1.822286538053902394, 0.4817470090397062976, 0.1182163451347544025 ) ) ;
#4082 = CIRCLE ( 'NONE', #6533, 0.3017393217012238060 ) ;
#4083 =( LENGTH_UNIT ( ) NAMED_UNIT ( * ) SI_UNIT ( .MILLI., .METRE. ) );
#4084 = CARTESIAN_POINT ( 'NONE',  ( 1.907318718771997323, 0.3729802685695861597, 0.3577226209656659273 ) ) ;
#4085 = LINE ( 'NONE', #3347, #4784 ) ;
#4086 = PRESENTATION_STYLE_ASSIGNMENT (( #7070 ) ) ;
#4087 =( NAMED_UNIT ( * ) PLANE_ANGLE_UNIT ( ) SI_UNIT ( $, .RADIAN. ) );
#4088 =( LENGTH_UNIT ( ) NAMED_UNIT ( * ) SI_UNIT ( .MILLI., .METRE. ) );
#4089 = CARTESIAN_POINT ( 'NONE',  ( 1.932208733888381991, 0.4915744821283195010, 0.3930218347209569196 ) ) ;
#4090 = DIRECTION ( 'NONE',  ( -0.1060905250085902862, 4.303867851713703955E-17, 0.9943564755676917999 ) ) ;
#4091 = CARTESIAN_POINT ( 'NONE',  ( -3.075000000000001066, -1.807499999999998774, 3.103503805507157638E-16 ) ) ;
#4092 = PRESENTATION_STYLE_ASSIGNMENT (( #3313 ) ) ;
#4093 = VECTOR ( 'NONE', #2231, 1000.000000000000000 ) ;
#4094 = ADVANCED_FACE ( 'NONE', ( #2913 ), #1553, .T. ) ;
#4095 = VECTOR ( 'NONE', #6438, 1000.000000000000000 ) ;
#4096 = FILL_AREA_STYLE_COLOUR ( '', #2793 ) ;
#4097 = STYLED_ITEM ( 'NONE', ( #7309 ), #261 ) ;
#4098 = EDGE_CURVE ( 'NONE', #9540, #4701, #6776, .T. ) ;
#4099 = FILL_AREA_STYLE ('',( #1137 ) ) ;
#4100 = VERTEX_POINT ( 'NONE', #4661 ) ;
#4101 = FILL_AREA_STYLE_COLOUR ( '', #4662 ) ;
#4103 = VERTEX_POINT ( 'NONE', #2701 ) ;
#4102 = ADVANCED_FACE ( 'NONE', ( #207 ), #1027, .F. ) ;
#4104 =( NAMED_UNIT ( * ) SI_UNIT ( $, .STERADIAN. ) SOLID_ANGLE_UNIT ( ) );
#4105 = LINE ( 'NONE', #275, #3378 ) ;
#4106 = SURFACE_STYLE_USAGE ( .BOTH. , #1762 ) ;
#4107 =( NAMED_UNIT ( * ) SI_UNIT ( $, .STERADIAN. ) SOLID_ANGLE_UNIT ( ) );
#4108 = MECHANICAL_DESIGN_GEOMETRIC_PRESENTATION_REPRESENTATION (  '', ( #3327 ), #7497 ) ;
#4109 = DIRECTION ( 'NONE',  ( -1.447921622090529492E-16, -1.000000000000000000, 2.498792926766732971E-16 ) ) ;
#4110 = ORIENTED_EDGE ( 'NONE', *, *, #8372, .T. ) ;
#4111 = EDGE_CURVE ( 'NONE', #3228, #7688, #1698, .T. ) ;
#4112 = LINE ( 'NONE', #3295, #1078 ) ;
#4113 = VERTEX_POINT ( 'NONE', #3983 ) ;
#4114 = PLANE ( 'NONE',  #2100 ) ;
#4115 = CARTESIAN_POINT ( 'NONE',  ( 1.885531950271920554, -0.1070026367163823683, 0.3032556997154743361 ) ) ;
#4116 = LINE ( 'NONE', #6337, #6829 ) ;
#4117 = ADVANCED_FACE ( 'NONE', ( #6339 ), #6382, .T. ) ;
#4118 = LINE ( 'NONE', #4303, #2590 ) ;
#4119 = ORIENTED_EDGE ( 'NONE', *, *, #3101, .T. ) ;
#4120 = LINE ( 'NONE', #1690, #8188 ) ;
#4121 = COLOUR_RGB ( '',1.000000000000000000, 1.000000000000000000, 1.000000000000000000 ) ;
#4122 = EDGE_CURVE ( 'NONE', #3077, #1743, #3004, .T. ) ;
#4123 = ORIENTED_EDGE ( 'NONE', *, *, #2245, .F. ) ;
#4124 = FILL_AREA_STYLE ('',( #6244 ) ) ;
#4125 = UNCERTAINTY_MEASURE_WITH_UNIT (LENGTH_MEASURE( 1.000000000000000082E-05 ), #4083, 'distance_accuracy_value', 'NONE');
#4126 = CARTESIAN_POINT ( 'NONE',  ( 1.796356200846564111, -0.9199999999999999289, 0.6824701013908929248 ) ) ;
#4127 =( GEOMETRIC_REPRESENTATION_CONTEXT ( 3 ) GLOBAL_UNCERTAINTY_ASSIGNED_CONTEXT ( ( #7346 ) ) GLOBAL_UNIT_ASSIGNED_CONTEXT ( ( #2092, #652, #5744 ) ) REPRESENTATION_CONTEXT ( 'NONE', 'WORKASPACE' ) );
#4128 = MECHANICAL_DESIGN_GEOMETRIC_PRESENTATION_REPRESENTATION (  '', ( #7685 ), #2876 ) ;
#4129 = MECHANICAL_DESIGN_GEOMETRIC_PRESENTATION_REPRESENTATION (  '', ( #1790 ), #3199 ) ;
#4130 = CARTESIAN_POINT ( 'NONE',  ( -1.975000000000000089, -1.049999999999999600, 0.2700000000000001843 ) ) ;
#4131 = DIRECTION ( 'NONE',  ( 0.000000000000000000, 1.000000000000000000, -0.000000000000000000 ) ) ;
#4132 = COLOUR_RGB ( '',1.000000000000000000, 1.000000000000000000, 1.000000000000000000 ) ;
#4133 = PLANE ( 'NONE',  #7422 ) ;
#4134 = DIRECTION ( 'NONE',  ( -5.256737805990324050E-15, 0.000000000000000000, -1.000000000000000000 ) ) ;
#4135 = CARTESIAN_POINT ( 'NONE',  ( 1.837799293072322149, -0.09016687231472741981, 0.1839240567164781570 ) ) ;
#4136 = UNCERTAINTY_MEASURE_WITH_UNIT (LENGTH_MEASURE( 1.000000000000000082E-05 ), #6459, 'distance_accuracy_value', 'NONE');
#4137 = MECHANICAL_DESIGN_GEOMETRIC_PRESENTATION_REPRESENTATION (  '', ( #2733 ), #4743 ) ;
#4138 = STYLED_ITEM ( 'NONE', ( #7043 ), #4324 ) ;
#4139 = DIRECTION ( 'NONE',  ( 0.000000000000000000, 1.000000000000000000, 0.000000000000000000 ) ) ;
#4140 = CARTESIAN_POINT ( 'NONE',  ( 1.908981181694298090, -0.08347444828636312042, 0.3349529542357461698 ) ) ;
#4141 = VECTOR ( 'NONE', #3142, 1000.000000000000227 ) ;
#4142 =( GEOMETRIC_REPRESENTATION_CONTEXT ( 3 ) GLOBAL_UNCERTAINTY_ASSIGNED_CONTEXT ( ( #745 ) ) GLOBAL_UNIT_ASSIGNED_CONTEXT ( ( #656, #7375, #4242 ) ) REPRESENTATION_CONTEXT ( 'NONE', 'WORKASPACE' ) );
#4143 = PRESENTATION_STYLE_ASSIGNMENT (( #313 ) ) ;
#4144 = ORIENTED_EDGE ( 'NONE', *, *, #3778, .F. ) ;
#4145 = VECTOR ( 'NONE', #9028, 1000.000000000000000 ) ;
#4146 = ORIENTED_EDGE ( 'NONE', *, *, #7105, .T. ) ;
#4147 = CARTESIAN_POINT ( 'NONE',  ( 1.868384085649720694, 0.5458789290399396199, 0.2334602141243012075 ) ) ;
#4148 = LINE ( 'NONE', #6887, #3215 ) ;
#4149 = DIRECTION ( 'NONE',  ( -5.220691603892102636E-17, 1.000000000000000000, -1.117179326706309308E-16 ) ) ;
#4150 = CARTESIAN_POINT ( 'NONE',  ( 1.681086225569887960, 1.695000000000000284, 0.6824701013908928138 ) ) ;
#4151 = LINE ( 'NONE', #9310, #5061 ) ;
#4152 = PRESENTATION_STYLE_ASSIGNMENT (( #3372 ) ) ;
#4153 = MECHANICAL_DESIGN_GEOMETRIC_PRESENTATION_REPRESENTATION (  '', ( #1035 ), #5844 ) ;
#4154 = ADVANCED_FACE ( 'NONE', ( #5376, #6522 ), #6615, .T. ) ;
#4155 = COLOUR_RGB ( '',1.000000000000000000, 1.000000000000000000, 1.000000000000000000 ) ;
#4156 = LINE ( 'NONE', #8532, #6305 ) ;
#4157 = EDGE_LOOP ( 'NONE', ( #3972, #2499, #2602, #6961 ) ) ;
#4158 =( GEOMETRIC_REPRESENTATION_CONTEXT ( 3 ) GLOBAL_UNCERTAINTY_ASSIGNED_CONTEXT ( ( #9291 ) ) GLOBAL_UNIT_ASSIGNED_CONTEXT ( ( #9079, #1798, #7665 ) ) REPRESENTATION_CONTEXT ( 'NONE', 'WORKASPACE' ) );
#4159 = STYLED_ITEM ( 'NONE', ( #3137 ), #7177 ) ;
#4160 = PLANE ( 'NONE',  #1384 ) ;
#4161 = ORIENTED_EDGE ( 'NONE', *, *, #5683, .F. ) ;
#4162 = CARTESIAN_POINT ( 'NONE',  ( 1.866476732920606008, -0.1548287389614922960, 0.2556176563371878041 ) ) ;
#4163 = AXIS2_PLACEMENT_3D ( 'NONE', #8932, #7282, #6019 ) ;
#4164 = VECTOR ( 'NONE', #8527, 1000.000000000000000 ) ;
#4165 = DIRECTION ( 'NONE',  ( -0.9976723927324270269, 1.463531740886934826E-16, 0.06818941838404181388 ) ) ;
#4166 = SURFACE_STYLE_FILL_AREA ( #4023 ) ;
#4167 = PRESENTATION_LAYER_ASSIGNMENT (  '', '', ( #2759 ) ) ;
#4168 = CARTESIAN_POINT ( 'NONE',  ( 1.841252131057512065, -0.3056504859503476057, 0.1656303276437794680 ) ) ;
#4169 = ORIENTED_EDGE ( 'NONE', *, *, #5772, .T. ) ;
#4170 = CARTESIAN_POINT ( 'NONE',  ( 1.829686196645638363, -0.08646556583372445870, 0.1367154916140935206 ) ) ;
#4171 =( GEOMETRIC_REPRESENTATION_CONTEXT ( 3 ) GLOBAL_UNCERTAINTY_ASSIGNED_CONTEXT ( ( #4909 ) ) GLOBAL_UNIT_ASSIGNED_CONTEXT ( ( #4958, #4754, #1218 ) ) REPRESENTATION_CONTEXT ( 'NONE', 'WORKASPACE' ) );
#4172 = MECHANICAL_DESIGN_GEOMETRIC_PRESENTATION_REPRESENTATION (  '', ( #4015 ), #7724 ) ;
#4173 = LINE ( 'NONE', #1117, #5572 ) ;
#4174 = ORIENTED_EDGE ( 'NONE', *, *, #5685, .F. ) ;
#4175 = CARTESIAN_POINT ( 'NONE',  ( 1.840501381982638796, 0.5550414372878278435, 0.1637534549565952680 ) ) ;
#4176 = DIRECTION ( 'NONE',  ( 1.447921622090529492E-16, 1.000000000000000000, -2.498792926766732971E-16 ) ) ;
#4177 = VECTOR ( 'NONE', #7252, 1000.000000000000000 ) ;
#4178 = B_SPLINE_CURVE_WITH_KNOTS ( 'NONE', 3,
 ( #5239, #683, #1550, #99, #8972, #2326, #7507, #8828, #881, #6772, #3111, #9020, #8051, #3630, #6579, #7564, #3343, #2527, #4033 ),
 .UNSPECIFIED., .F., .F.,
 ( 4, 1, 1, 1, 1, 1, 1, 1, 1, 1, 1, 1, 1, 1, 1, 1, 4 ),
 ( 0.000000000000000000, 0.07377411937406382070, 0.1440791147260415961, 0.2113485183089112984, 0.2760768857398831488, 0.3385209158196774148, 0.3998851166931345902, 0.4602540674652134678, 0.5205889643912484654, 0.5802076845630443902, 0.6386329085525456195, 0.6963645494905238431, 0.7540017746600128357, 0.8128056813744981568, 0.8727544255255604844, 0.9351819969782672048, 1.000000000000000000 ),
 .UNSPECIFIED. ) ;
#4179 = CARTESIAN_POINT ( 'NONE',  ( 1.913010573484712928, 0.5109109598665854124, 0.3450264337117838753 ) ) ;
#4180 = DIRECTION ( 'NONE',  ( 0.3459792421768996262, -0.3635424856527065263, 0.8649481054422570869 ) ) ;
#4181 = MECHANICAL_DESIGN_GEOMETRIC_PRESENTATION_REPRESENTATION (  '', ( #5407 ), #3702 ) ;
#4182 = COLOUR_RGB ( '',0.1019607843137254888, 0.1019607843137254888, 0.1019607843137254888 ) ;
#4183 = DIRECTION ( 'NONE',  ( 1.000000000000000000, -6.994852725712931474E-17, 0.000000000000000000 ) ) ;
#4184 = CARTESIAN_POINT ( 'NONE',  ( 1.830001440148295577, 0.4995138093139454560, 0.1644294244064113120 ) ) ;
#4185 = LINE ( 'NONE', #1226, #5905 ) ;
#4186 = LINE ( 'NONE', #644, #5202 ) ;
#4187 = FACE_OUTER_BOUND ( 'NONE', #2462, .T. ) ;
#4188 = AXIS2_PLACEMENT_3D ( 'NONE', #5396, #6441, #1168 ) ;
#4189 = AXIS2_PLACEMENT_3D ( 'NONE', #9489, #4194, #6371 ) ;
#4190 = PLANE ( 'NONE',  #3936 ) ;
#4191 = ORIENTED_EDGE ( 'NONE', *, *, #4263, .T. ) ;
#4192 = LINE ( 'NONE', #8062, #6516 ) ;
#4193 = VERTEX_POINT ( 'NONE', #32 ) ;
#4194 = DIRECTION ( 'NONE',  ( 0.9943564755676919109, -1.410220274669976605E-16, 0.1060905250085903556 ) ) ;
#4195 = VECTOR ( 'NONE', #5525, 1000.000000000000227 ) ;
#4196 = PRESENTATION_STYLE_ASSIGNMENT (( #4927 ) ) ;
#4197 = PRESENTATION_STYLE_ASSIGNMENT (( #5020 ) ) ;
#4198 = CARTESIAN_POINT ( 'NONE',  ( 1.810857412589593318, 0.4407001324074164561, 0.1165693555096539158 ) ) ;
#4199 = CARTESIAN_POINT ( 'NONE',  ( 1.823990000181691329, 0.4071086254047469599, 0.1494008244899006077 ) ) ;
#4200 = CARTESIAN_POINT ( 'NONE',  ( 1.909786932388083835, -0.03448273847512536849, 0.3638931550058841502 ) ) ;
#4201 = ORIENTED_EDGE ( 'NONE', *, *, #6216, .T. ) ;
#4202 = CARTESIAN_POINT ( 'NONE',  ( 2.212181053090767069, -0.3500000000000000333, 0.1710270804468143335 ) ) ;
#4203 = CARTESIAN_POINT ( 'NONE',  ( 1.919206852305733291, 0.5497582025976964770, 0.3605171307643333378 ) ) ;
#4204 = ORIENTED_EDGE ( 'NONE', *, *, #555, .F. ) ;
#4205 =( NAMED_UNIT ( * ) PLANE_ANGLE_UNIT ( ) SI_UNIT ( $, .RADIAN. ) );
#4206 = CARTESIAN_POINT ( 'NONE',  ( 2.037248960451289115, -0.9200000000000000400, 0.4624701013908927294 ) ) ;
#4207 = ADVANCED_FACE ( 'NONE', ( #2941 ), #8903, .T. ) ;
#4208 =( LENGTH_UNIT ( ) NAMED_UNIT ( * ) SI_UNIT ( .MILLI., .METRE. ) );
#4209 = EDGE_LOOP ( 'NONE', ( #9419, #7673, #8426, #5362 ) ) ;
#4210 = EDGE_CURVE ( 'NONE', #1275, #5756, #1489, .T. ) ;
#4211 = DIRECTION ( 'NONE',  ( -0.06818941838404181388, -1.789660620253718485E-17, -0.9976723927324270269 ) ) ;
#4212 = CARTESIAN_POINT ( 'NONE',  ( 1.681086225569887960, -0.4249999999999999334, 0.4624701013908926739 ) ) ;
#4213 = VERTEX_POINT ( 'NONE', #3575 ) ;
#4214 = CARTESIAN_POINT ( 'NONE',  ( 2.739492600163652813, -2.189999999999999947, 0.4129369826212098138 ) ) ;
#4215 = ADVANCED_FACE ( 'NONE', ( #9505 ), #2109, .T. ) ;
#4216 = DIRECTION ( 'NONE',  ( -0.06818941838404181388, -1.789660620253718485E-17, -0.9976723927324270269 ) ) ;
#4217 = EDGE_CURVE ( 'NONE', #5118, #2158, #820, .T. ) ;
#4218 = STYLED_ITEM ( 'NONE', ( #612 ), #3206 ) ;
#4219 = EDGE_CURVE ( 'NONE', #1682, #223, #2592, .T. ) ;
#4220 =( GEOMETRIC_REPRESENTATION_CONTEXT ( 3 ) GLOBAL_UNCERTAINTY_ASSIGNED_CONTEXT ( ( #5893 ) ) GLOBAL_UNIT_ASSIGNED_CONTEXT ( ( #5827, #8067, #519 ) ) REPRESENTATION_CONTEXT ( 'NONE', 'WORKASPACE' ) );
#4221 = CARTESIAN_POINT ( 'NONE',  ( 1.912664077331819978, 0.4309187186376263745, 0.3710860173652221206 ) ) ;
#4222 = SURFACE_SIDE_STYLE ('',( #561 ) ) ;
#4223 = FILL_AREA_STYLE ('',( #1850 ) ) ;
#4224 = FILL_AREA_STYLE_COLOUR ( '', #387 ) ;
#4225 = CARTESIAN_POINT ( 'NONE',  ( 2.411354963226314929, 0.9200000000000000400, 0.3779271093683748139 ) ) ;
#4226 = FILL_AREA_STYLE ('',( #1899 ) ) ;
#4227 = CARTESIAN_POINT ( 'NONE',  ( 1.833779163350512498, -0.01046229957547524514, 0.1469479083762806337 ) ) ;
#4228 = UNCERTAINTY_MEASURE_WITH_UNIT (LENGTH_MEASURE( 1.000000000000000082E-05 ), #8251, 'distance_accuracy_value', 'NONE');
#4229 = SURFACE_SIDE_STYLE ('',( #506 ) ) ;
#4230 = FILL_AREA_STYLE ('',( #9436 ) ) ;
#4231 = LINE ( 'NONE', #4965, #2890 ) ;
#4232 = CARTESIAN_POINT ( 'NONE',  ( 1.876079956011545757, -0.1145848365224679255, 0.2526998900288647265 ) ) ;
#4233 = CARTESIAN_POINT ( 'NONE',  ( 1.924927683609207962, 0.4431875897776986206, 0.4017450330586926910 ) ) ;
#4234 = ORIENTED_EDGE ( 'NONE', *, *, #8566, .T. ) ;
#4235 = EDGE_CURVE ( 'NONE', #6335, #2015, #4685, .T. ) ;
#4236 = SURFACE_STYLE_USAGE ( .BOTH. , #6369 ) ;
#4237 = ORIENTED_EDGE ( 'NONE', *, *, #9348, .T. ) ;
#4238 =( NAMED_UNIT ( * ) SI_UNIT ( $, .STERADIAN. ) SOLID_ANGLE_UNIT ( ) );
#4239 = CARTESIAN_POINT ( 'NONE',  ( -1.775000000000000577, 1.600000000000000977, 9.999999999999998224 ) ) ;
#4240 = FILL_AREA_STYLE ('',( #1280 ) ) ;
#4241 = DIRECTION ( 'NONE',  ( 2.098455817713879319E-16, 1.000000000000000000, -0.000000000000000000 ) ) ;
#4242 =( NAMED_UNIT ( * ) SI_UNIT ( $, .STERADIAN. ) SOLID_ANGLE_UNIT ( ) );
#4243 = FILL_AREA_STYLE_COLOUR ( '', #590 ) ;
#4244 = CARTESIAN_POINT ( 'NONE',  ( -2.175000000000000266, 0.8500000000000005329, 0.2699999999999999623 ) ) ;
#4245 = VERTEX_POINT ( 'NONE', #185 ) ;
#4246 =( GEOMETRIC_REPRESENTATION_CONTEXT ( 3 ) GLOBAL_UNCERTAINTY_ASSIGNED_CONTEXT ( ( #8975 ) ) GLOBAL_UNIT_ASSIGNED_CONTEXT ( ( #5535, #1940, #5482 ) ) REPRESENTATION_CONTEXT ( 'NONE', 'WORKASPACE' ) );
#4247 = CARTESIAN_POINT ( 'NONE',  ( 1.796356200846564111, 0.3500000000000000888, 0.6824701013908928138 ) ) ;
#4248 = VERTEX_POINT ( 'NONE', #2404 ) ;
#4249 = FILL_AREA_STYLE_COLOUR ( '', #9242 ) ;
#4250 = LINE ( 'NONE', #8900, #915 ) ;
#4251 = AXIS2_PLACEMENT_3D ( 'NONE', #7727, #3273, #359 ) ;
#4252 = CARTESIAN_POINT ( 'NONE',  ( 1.842347066681906398, -0.3046592002835658564, 0.1683676667047651065 ) ) ;
#4253 = ORIENTED_EDGE ( 'NONE', *, *, #5532, .T. ) ;
#4254 = CARTESIAN_POINT ( 'NONE',  ( 1.844142519712420158, -0.1298463881596779446, 0.1728562992810488974 ) ) ;
#4255 = CLOSED_SHELL ( 'NONE', ( #1622, #9129, #3106, #4530, #377, #6768, #2513, #4102, #3529, #659, #261, #2204, #7106, #4947, #7177, #2195, #7040, #9551, #5323, #2666, #3817, #3174 ) ) ;
#4256 = CARTESIAN_POINT ( 'NONE',  ( 1.910976896768753486, 0.4003538601946926012, 0.3668680659575582759 ) ) ;
#4257 = CARTESIAN_POINT ( 'NONE',  ( 1.915430940671291715, 0.5027162324846328190, 0.3510773516782325077 ) ) ;
#4258 = LINE ( 'NONE', #9468, #3190 ) ;
#4259 = SURFACE_SIDE_STYLE ('',( #7953 ) ) ;
#4260 = EDGE_CURVE ( 'NONE', #4675, #9352, #6705, .T. ) ;
#4261 = AXIS2_PLACEMENT_3D ( 'NONE', #8496, #1841, #4799 ) ;
#4262 = ADVANCED_FACE ( 'NONE', ( #1531 ), #6036, .T. ) ;
#4263 = EDGE_CURVE ( 'NONE', #4374, #7824, #1619, .T. ) ;
#4264 = FILL_AREA_STYLE_COLOUR ( '', #4707 ) ;
#4265 = FILL_AREA_STYLE_COLOUR ( '', #4034 ) ;
#4266 =( NAMED_UNIT ( * ) PLANE_ANGLE_UNIT ( ) SI_UNIT ( $, .RADIAN. ) );
#4267 = DIRECTION ( 'NONE',  ( 0.9284766908852604139, -0.000000000000000000, -0.3713906763541007794 ) ) ;
#4268 = CARTESIAN_POINT ( 'NONE',  ( 1.832530148537440784, 0.5082951576310625885, 0.1707511953792734960 ) ) ;
#4269 = COLOUR_RGB ( '',1.000000000000000000, 1.000000000000000000, 1.000000000000000000 ) ;
#4270 = CARTESIAN_POINT ( 'NONE',  ( 1.852471478075370159, -0.1103154712784189390, 0.2206045192240963793 ) ) ;
#4271 = DIRECTION ( 'NONE',  ( 1.447921622090529492E-16, 1.000000000000000000, -2.498792926766732971E-16 ) ) ;
#4272 = DIRECTION ( 'NONE',  ( 1.447921622090529492E-16, 1.000000000000000000, -2.498792926766732971E-16 ) ) ;
#4273 = DIRECTION ( 'NONE',  ( -0.9976723927324270269, 1.463531740886934826E-16, 0.06818941838404181388 ) ) ;
#4274 = STYLED_ITEM ( 'NONE', ( #7938 ), #1604 ) ;
#4275 = ADVANCED_FACE ( 'NONE', ( #3910 ), #3234, .F. ) ;
#4276 = DIRECTION ( 'NONE',  ( 0.000000000000000000, 0.000000000000000000, -1.000000000000000000 ) ) ;
#4277 = ORIENTED_EDGE ( 'NONE', *, *, #1253, .F. ) ;
#4278 = STYLED_ITEM ( 'NONE', ( #1409 ), #4892 ) ;
#4279 = ORIENTED_EDGE ( 'NONE', *, *, #6655, .T. ) ;
#4280 =( GEOMETRIC_REPRESENTATION_CONTEXT ( 3 ) GLOBAL_UNCERTAINTY_ASSIGNED_CONTEXT ( ( #6568 ) ) GLOBAL_UNIT_ASSIGNED_CONTEXT ( ( #5391, #6262, #1857 ) ) REPRESENTATION_CONTEXT ( 'NONE', 'WORKASPACE' ) );
#4281 = CARTESIAN_POINT ( 'NONE',  ( 1.851517220369499395, 0.5301159266143317117, 0.1912930509237479593 ) ) ;
#4282 = SURFACE_STYLE_USAGE ( .BOTH. , #1239 ) ;
#4283 = FILL_AREA_STYLE ('',( #5780 ) ) ;
#4284 = DIRECTION ( 'NONE',  ( 0.9284766908852604139, -0.000000000000000000, -0.3713906763541007794 ) ) ;
#4285 = FACE_OUTER_BOUND ( 'NONE', #1796, .T. ) ;
#4286 = SURFACE_SIDE_STYLE ('',( #2787 ) ) ;
#4287 =( NAMED_UNIT ( * ) PLANE_ANGLE_UNIT ( ) SI_UNIT ( $, .RADIAN. ) );
#4288 = B_SPLINE_CURVE_WITH_KNOTS ( 'NONE', 3,
 ( #8617, #3565, #7981, #4932, #4200, #521, #9406, #2731, #6513, #5702, #8661, #3516, #2014, #1284, #4834, #6467, #5564, #2788, #7045 ),
 .UNSPECIFIED., .F., .F.,
 ( 4, 1, 1, 1, 1, 1, 1, 1, 1, 1, 1, 1, 1, 1, 1, 1, 4 ),
 ( 0.000000000000000000, 0.07082199823409668360, 0.1381601096583845167, 0.2024622547020689944, 0.2639567057174984632, 0.3236342499071824252, 0.3817869263266495672, 0.4393756585350246380, 0.4971066655477042739, 0.5548623802280190365, 0.6127668894862257076, 0.6715600499945688640, 0.7316730530556697643, 0.7943110968516785553, 0.8594912802951153452, 0.9276859961409864574, 1.000000000000000000 ),
 .UNSPECIFIED. ) ;
#4289 = FACE_OUTER_BOUND ( 'NONE', #6173, .T. ) ;
#4290 = ORIENTED_EDGE ( 'NONE', *, *, #5230, .F. ) ;
#4291 = PRESENTATION_LAYER_ASSIGNMENT (  '', '', ( #1339 ) ) ;
#4292 = VECTOR ( 'NONE', #2457, 1000.000000000000114 ) ;
#4293 = CARTESIAN_POINT ( 'NONE',  ( 1.861084208237263393, 0.2659029683555808043, 0.2421363446288309074 ) ) ;
#4294 = SURFACE_STYLE_FILL_AREA ( #2832 ) ;
#4295 = ORIENTED_EDGE ( 'NONE', *, *, #9548, .T. ) ;
#4296 = PRESENTATION_STYLE_ASSIGNMENT (( #5752 ) ) ;
#4297 =( GEOMETRIC_REPRESENTATION_CONTEXT ( 3 ) GLOBAL_UNCERTAINTY_ASSIGNED_CONTEXT ( ( #7623 ) ) GLOBAL_UNIT_ASSIGNED_CONTEXT ( ( #1871, #7190, #7832 ) ) REPRESENTATION_CONTEXT ( 'NONE', 'WORKASPACE' ) );
#4298 = DIRECTION ( 'NONE',  ( 1.447921622090529492E-16, 1.000000000000000000, -2.498792926766732971E-16 ) ) ;
#4299 = CARTESIAN_POINT ( 'NONE',  ( 1.811065342574959880, 0.4149943487990441215, 0.1170891804730723046 ) ) ;
#4300 =( GEOMETRIC_REPRESENTATION_CONTEXT ( 3 ) GLOBAL_UNCERTAINTY_ASSIGNED_CONTEXT ( ( #3934 ) ) GLOBAL_UNIT_ASSIGNED_CONTEXT ( ( #9379, #2625, #9336 ) ) REPRESENTATION_CONTEXT ( 'NONE', 'WORKASPACE' ) );
#4301 = PRESENTATION_STYLE_ASSIGNMENT (( #1332 ) ) ;
#4302 = CIRCLE ( 'NONE', #4920, 0.3300000000000000155 ) ;
#4303 = CARTESIAN_POINT ( 'NONE',  ( -2.470334063891023292E-16, 2.250000000000000444, 1.000000000000000000 ) ) ;
#4304 = EDGE_LOOP ( 'NONE', ( #6993, #8319, #1534, #258 ) ) ;
#4305 = PRESENTATION_LAYER_ASSIGNMENT (  '', '', ( #4604 ) ) ;
#4306 = VECTOR ( 'NONE', #91, 1000.000000000000114 ) ;
#4307 = CARTESIAN_POINT ( 'NONE',  ( 1.912664077331819978, 0.4309187186376263745, 0.3710860173652221206 ) ) ;
#4308 = COLOUR_RGB ( '',1.000000000000000000, 1.000000000000000000, 1.000000000000000000 ) ;
#4309 = FILL_AREA_STYLE_COLOUR ( '', #947 ) ;
#4310 = VECTOR ( 'NONE', #4735, 1000.000000000000227 ) ;
#4311 = LINE ( 'NONE', #7802, #2411 ) ;
#4312 = DIRECTION ( 'NONE',  ( 0.000000000000000000, -1.000000000000000000, 0.000000000000000000 ) ) ;
#4313 = CIRCLE ( 'NONE', #1988, 0.3300000000000000155 ) ;
#4314 = CARTESIAN_POINT ( 'NONE',  ( 0.000000000000000000, 0.000000000000000000, 0.000000000000000000 ) ) ;
#4315 = DIRECTION ( 'NONE',  ( -0.9976723927324270269, 1.463531740886934826E-16, 0.06818941838404181388 ) ) ;
#4316 = DIRECTION ( 'NONE',  ( 0.000000000000000000, 0.000000000000000000, -1.000000000000000000 ) ) ;
#4317 = PRESENTATION_STYLE_ASSIGNMENT (( #546 ) ) ;
#4318 = VECTOR ( 'NONE', #6053, 1000.000000000000114 ) ;
#4319 = LINE ( 'NONE', #8774, #6435 ) ;
#4320 = CARTESIAN_POINT ( 'NONE',  ( 2.739492600163652813, -2.117500000000000160, 0.4129369826212098138 ) ) ;
#4321 = CARTESIAN_POINT ( 'NONE',  ( 1.824494396441659783, -0.01046229957547524514, 0.1506618151398217420 ) ) ;
#4322 = UNCERTAINTY_MEASURE_WITH_UNIT (LENGTH_MEASURE( 1.000000000000000082E-05 ), #3487, 'distance_accuracy_value', 'NONE');
#4323 =( NAMED_UNIT ( * ) SI_UNIT ( $, .STERADIAN. ) SOLID_ANGLE_UNIT ( ) );
#4324 = ADVANCED_FACE ( 'NONE', ( #1191 ), #5609, .T. ) ;
#4325 =( NAMED_UNIT ( * ) SI_UNIT ( $, .STERADIAN. ) SOLID_ANGLE_UNIT ( ) );
#4326 = EDGE_CURVE ( 'NONE', #664, #1275, #4151, .T. ) ;
#4327 = CARTESIAN_POINT ( 'NONE',  ( 2.235025199989362221, -2.189999999999999503, 0.5224701013908927827 ) ) ;
#4328 = CARTESIAN_POINT ( 'NONE',  ( 2.517749029844000397, -1.692499999999999893, 0.7103050971205200348 ) ) ;
#4329 = CARTESIAN_POINT ( 'NONE',  ( 1.924539567047501176, 0.4236074670952467147, 0.4007747416544274466 ) ) ;
#4330 = EDGE_LOOP ( 'NONE', ( #5349, #8219, #7161, #8894, #3657, #5399, #1140, #7221 ) ) ;
#4331 = DIRECTION ( 'NONE',  ( -1.000000000000000000, -1.097926250618232396E-16, 0.000000000000000000 ) ) ;
#4332 = CARTESIAN_POINT ( 'NONE',  ( 1.873279361281131150, 0.5473040738446763864, 0.2456984032028262932 ) ) ;
#4333 = CARTESIAN_POINT ( 'NONE',  ( 1.897201963496776278, 0.5731234391465963585, 0.3324307327776134247 ) ) ;
#4334 = AXIS2_PLACEMENT_3D ( 'NONE', #4717, #362, #9192 ) ;
#4335 = UNCERTAINTY_MEASURE_WITH_UNIT (LENGTH_MEASURE( 1.000000000000000082E-05 ), #5426, 'distance_accuracy_value', 'NONE');
#4336 = EDGE_CURVE ( 'NONE', #9204, #4922, #6930, .T. ) ;
#4337 = LINE ( 'NONE', #1455, #1512 ) ;
#4338 = FILL_AREA_STYLE_COLOUR ( '', #1373 ) ;
#4339 = SURFACE_STYLE_USAGE ( .BOTH. , #8794 ) ;
#4340 = VECTOR ( 'NONE', #6698, 1000.000000000000000 ) ;
#4341 = DIRECTION ( 'NONE',  ( 0.000000000000000000, -1.000000000000000000, 1.117179326706309555E-16 ) ) ;
#4342 = PRESENTATION_STYLE_ASSIGNMENT (( #18 ) ) ;
#4343 = VECTOR ( 'NONE', #6256, 1000.000000000000000 ) ;
#4344 = CARTESIAN_POINT ( 'NONE',  ( 1.924194054040121449, -0.08632325981206499799, 0.3729851351003055093 ) ) ;
#4345 = ORIENTED_EDGE ( 'NONE', *, *, #6754, .F. ) ;
#4346 = CARTESIAN_POINT ( 'NONE',  ( 1.868581217310732123, -0.1547081887870466743, 0.2608788673125024271 ) ) ;
#4347 = EDGE_CURVE ( 'NONE', #2395, #5980, #1973, .T. ) ;
#4348 = CARTESIAN_POINT ( 'NONE',  ( 2.196345996542119927, 1.620000000000000107, 0.3194445853922672218 ) ) ;
#4349 = VERTEX_POINT ( 'NONE', #9246 ) ;
#4350 = ORIENTED_EDGE ( 'NONE', *, *, #2961, .T. ) ;
#4351 = ORIENTED_EDGE ( 'NONE', *, *, #66, .F. ) ;
#4352 =( NAMED_UNIT ( * ) SI_UNIT ( $, .STERADIAN. ) SOLID_ANGLE_UNIT ( ) );
#4353 = DIRECTION ( 'NONE',  ( 0.3713906763541018896, 0.000000000000000000, 0.9284766908852600809 ) ) ;
#4354 = CARTESIAN_POINT ( 'NONE',  ( 1.813261450112310103, 0.3796421553258571557, 0.1225794493164462651 ) ) ;
#4355 = UNCERTAINTY_MEASURE_WITH_UNIT (LENGTH_MEASURE( 1.000000000000000082E-05 ), #323, 'distance_accuracy_value', 'NONE');
#4356 = FILL_AREA_STYLE ('',( #1386 ) ) ;
#4357 = CARTESIAN_POINT ( 'NONE',  ( 1.781319529336187202, 2.115000000000000213, 0.4624701013908927294 ) ) ;
#4358 = VERTEX_POINT ( 'NONE', #7681 ) ;
#4359 = FILL_AREA_STYLE ('',( #8679 ) ) ;
#4360 = SURFACE_STYLE_FILL_AREA ( #2895 ) ;
#4361 = CARTESIAN_POINT ( 'NONE',  ( 1.878521011062878276, 0.5459656908027549216, 0.2857283516928694755 ) ) ;
#4362 = EDGE_CURVE ( 'NONE', #4521, #2569, #2599, .T. ) ;
#4363 = VECTOR ( 'NONE', #9530, 1000.000000000000000 ) ;
#4364 = CARTESIAN_POINT ( 'NONE',  ( 2.909998327955510611, 1.692499999999999893, -0.1499999999999995226 ) ) ;
#4365 = DIRECTION ( 'NONE',  ( -5.061928863708876291E-16, -1.000000000000000000, 2.498792926766733464E-16 ) ) ;
#4366 = DIRECTION ( 'NONE',  ( -0.9976723927324270269, 1.463531740886934826E-16, 0.06818941838404181388 ) ) ;
#4367 = FILL_AREA_STYLE ('',( #5953 ) ) ;
#4368 = DIRECTION ( 'NONE',  ( 0.9284766908852605249, 0.000000000000000000, -0.3713906763541008349 ) ) ;
#4369 = MECHANICAL_DESIGN_GEOMETRIC_PRESENTATION_REPRESENTATION (  '', ( #7458 ), #6066 ) ;
#4370 = FILL_AREA_STYLE ('',( #5813 ) ) ;
#4371 = CARTESIAN_POINT ( 'NONE',  ( 1.820401429736785870, -0.08646556583372445870, 0.1404293983776345178 ) ) ;
#4372 = FACE_OUTER_BOUND ( 'NONE', #8943, .T. ) ;
#4373 =( NAMED_UNIT ( * ) SI_UNIT ( $, .STERADIAN. ) SOLID_ANGLE_UNIT ( ) );
#4374 = VERTEX_POINT ( 'NONE', #1870 ) ;
#4375 = PLANE ( 'NONE',  #4434 ) ;
#4376 =( NAMED_UNIT ( * ) PLANE_ANGLE_UNIT ( ) SI_UNIT ( $, .RADIAN. ) );
#4377 = FILL_AREA_STYLE_COLOUR ( '', #3526 ) ;
#4378 = EDGE_CURVE ( 'NONE', #3429, #2942, #4832, .T. ) ;
#4379 = PRESENTATION_STYLE_ASSIGNMENT (( #7326 ) ) ;
#4380 =( NAMED_UNIT ( * ) SI_UNIT ( $, .STERADIAN. ) SOLID_ANGLE_UNIT ( ) );
#4381 = SURFACE_STYLE_FILL_AREA ( #4928 ) ;
#4382 = CARTESIAN_POINT ( 'NONE',  ( 2.394122236080193034, 1.620000000000000107, 0.5394445853922671397 ) ) ;
#4383 = DIRECTION ( 'NONE',  ( 1.447921622090529738E-16, 1.000000000000000000, -2.783468775164169937E-17 ) ) ;
#4384 = CARTESIAN_POINT ( 'NONE',  ( 1.917587130895633152, -0.07303174634410218580, 0.3833936512747549430 ) ) ;
#4385 = VERTEX_POINT ( 'NONE', #614 ) ;
#4386 = EDGE_CURVE ( 'NONE', #1148, #5299, #5154, .T. ) ;
#4387 = DIRECTION ( 'NONE',  ( 1.488806659628715785E-32, 1.117179326706309308E-16, 1.000000000000000000 ) ) ;
#4388 = EDGE_CURVE ( 'NONE', #2297, #9540, #8105, .T. ) ;
#4389 = EDGE_LOOP ( 'NONE', ( #1391, #7195, #5123, #6421 ) ) ;
#4390 = EDGE_LOOP ( 'NONE', ( #8953, #8741, #6947, #1727 ) ) ;
#4391 = VERTEX_POINT ( 'NONE', #1421 ) ;
#4392 = EDGE_LOOP ( 'NONE', ( #4631, #8677, #2530, #2593 ) ) ;
#4393 = SURFACE_STYLE_USAGE ( .BOTH. , #8119 ) ;
#4394 = LINE ( 'NONE', #3659, #1361 ) ;
#4395 = DIRECTION ( 'NONE',  ( 0.9284766908852604139, -0.000000000000000000, -0.3713906763541007794 ) ) ;
#4396 = AXIS2_PLACEMENT_3D ( 'NONE', #8456, #5435, #7658 ) ;
#4397 = SURFACE_SIDE_STYLE ('',( #7299 ) ) ;
#4398 = CARTESIAN_POINT ( 'NONE',  ( 1.801604165149131243, -0.9199999999999999289, 0.7592525293217020632 ) ) ;
#4399 = PRESENTATION_LAYER_ASSIGNMENT (  '', '', ( #5026 ) ) ;
#4400 = CARTESIAN_POINT ( 'NONE',  ( 1.812169338668674579, 0.7268785781116783307, 0.1198491707073576495 ) ) ;
#4401 = VERTEX_POINT ( 'NONE', #2055 ) ;
#4402 = FILL_AREA_STYLE_COLOUR ( '', #7258 ) ;
#4403 = DIRECTION ( 'NONE',  ( 1.488806659628715785E-32, 1.117179326706309308E-16, 1.000000000000000000 ) ) ;
#4404 = FACE_BOUND ( 'NONE', #855, .T. ) ;
#4405 = EDGE_CURVE ( 'NONE', #127, #664, #7544, .T. ) ;
#4406 =( LENGTH_UNIT ( ) NAMED_UNIT ( * ) SI_UNIT ( .MILLI., .METRE. ) );
#4407 = CARTESIAN_POINT ( 'NONE',  ( 1.913298396101997589, -0.1207577311240254081, 0.3457459902549930852 ) ) ;
#4408 = SURFACE_STYLE_FILL_AREA ( #8870 ) ;
#4409 = LINE ( 'NONE', #5859, #312 ) ;
#4410 = CARTESIAN_POINT ( 'NONE',  ( 2.739492600163652813, -0.3500000000000000888, 0.4129369826212096473 ) ) ;
#4411 = DIRECTION ( 'NONE',  ( 0.9284766908852603029, 0.000000000000000000, -0.3713906763541015565 ) ) ;
#4412 = UNCERTAINTY_MEASURE_WITH_UNIT (LENGTH_MEASURE( 1.000000000000000082E-05 ), #4810, 'distance_accuracy_value', 'NONE');
#4413 = CARTESIAN_POINT ( 'NONE',  ( 1.823453346888581850, 0.4162092110068145168, 0.1480591912571257163 ) ) ;
#4414 = VECTOR ( 'NONE', #6720, 1000.000000000000000 ) ;
#4415 = PRESENTATION_STYLE_ASSIGNMENT (( #6502 ) ) ;
#4416 = FILL_AREA_STYLE_COLOUR ( '', #2757 ) ;
#4417 =( NAMED_UNIT ( * ) PLANE_ANGLE_UNIT ( ) SI_UNIT ( $, .RADIAN. ) );
#4418 = VERTEX_POINT ( 'NONE', #747 ) ;
#4419 = FACE_OUTER_BOUND ( 'NONE', #8156, .T. ) ;
#4420 = CARTESIAN_POINT ( 'NONE',  ( 1.857365463752284285, 0.5854422027189538635, 0.2328394834163818317 ) ) ;
#4421 = UNCERTAINTY_MEASURE_WITH_UNIT (LENGTH_MEASURE( 1.000000000000000082E-05 ), #6583, 'distance_accuracy_value', 'NONE');
#4422 = CARTESIAN_POINT ( 'NONE',  ( 1.842854361013784636, -0.3041999279858826899, 0.1696359025344611193 ) ) ;
#4423 =( NAMED_UNIT ( * ) PLANE_ANGLE_UNIT ( ) SI_UNIT ( $, .RADIAN. ) );
#4424 = FACE_OUTER_BOUND ( 'NONE', #6995, .T. ) ;
#4425 = CARTESIAN_POINT ( 'NONE',  ( 1.929059816575354303, -0.05894460301518211764, 0.3851495414383893645 ) ) ;
#4426 = ORIENTED_EDGE ( 'NONE', *, *, #2931, .T. ) ;
#4427 = VECTOR ( 'NONE', #6638, 1000.000000000000114 ) ;
#4428 = SURFACE_STYLE_FILL_AREA ( #853 ) ;
#4429 = VERTEX_POINT ( 'NONE', #4382 ) ;
#4430 = ORIENTED_EDGE ( 'NONE', *, *, #5243, .T. ) ;
#4431 = ORIENTED_EDGE ( 'NONE', *, *, #653, .T. ) ;
#4432 = CARTESIAN_POINT ( 'NONE',  ( 1.796356200846564111, -1.694999999999999840, 0.6824701013908927028 ) ) ;
#4433 = ORIENTED_EDGE ( 'NONE', *, *, #5392, .F. ) ;
#4434 = AXIS2_PLACEMENT_3D ( 'NONE', #9570, #798, #2233 ) ;
#4435 = CARTESIAN_POINT ( 'NONE',  ( -1.775000000000000577, 1.600000000000000977, 9.999999999999998224 ) ) ;
#4436 = CARTESIAN_POINT ( 'NONE',  ( 2.235025199989362221, 1.620000000000000107, 0.6824701013908928138 ) ) ;
#4437 =( NAMED_UNIT ( * ) SI_UNIT ( $, .STERADIAN. ) SOLID_ANGLE_UNIT ( ) );
#4438 = FILL_AREA_STYLE_COLOUR ( '', #2112 ) ;
#4439 = DIRECTION ( 'NONE',  ( 0.000000000000000000, -1.000000000000000000, 0.000000000000000000 ) ) ;
#4440 = AXIS2_PLACEMENT_3D ( 'NONE', #8005, #2771, #8701 ) ;
#4441 = SURFACE_STYLE_USAGE ( .BOTH. , #2892 ) ;
#4442 = ORIENTED_EDGE ( 'NONE', *, *, #6181, .T. ) ;
#4443 =( NAMED_UNIT ( * ) SI_UNIT ( $, .STERADIAN. ) SOLID_ANGLE_UNIT ( ) );
#4444 = DIRECTION ( 'NONE',  ( 0.9284766908852604139, 0.000000000000000000, -0.3713906763541007794 ) ) ;
#4445 = VECTOR ( 'NONE', #8036, 1000.000000000000227 ) ;
#4446 = DIRECTION ( 'NONE',  ( 0.000000000000000000, 0.000000000000000000, 1.000000000000000000 ) ) ;
#4447 = MECHANICAL_DESIGN_GEOMETRIC_PRESENTATION_REPRESENTATION (  '', ( #7701 ), #6129 ) ;
#4448 = DIRECTION ( 'NONE',  ( 0.000000000000000000, 0.000000000000000000, -1.000000000000000000 ) ) ;
#4449 = CARTESIAN_POINT ( 'NONE',  ( 1.873877400765091350, 0.5473641667897457541, 0.2741193259484003275 ) ) ;
#4450 =( GEOMETRIC_REPRESENTATION_CONTEXT ( 3 ) GLOBAL_UNCERTAINTY_ASSIGNED_CONTEXT ( ( #7919 ) ) GLOBAL_UNIT_ASSIGNED_CONTEXT ( ( #7737, #371, #411 ) ) REPRESENTATION_CONTEXT ( 'NONE', 'WORKASPACE' ) );
#4451 = PLANE ( 'NONE',  #8018 ) ;
#4452 = EDGE_LOOP ( 'NONE', ( #3267, #1045, #4234, #2595 ) ) ;
#4453 = MECHANICAL_DESIGN_GEOMETRIC_PRESENTATION_REPRESENTATION (  '', ( #8642 ), #2750 ) ;
#4454 = AXIS2_PLACEMENT_3D ( 'NONE', #5955, #5864, #8920 ) ;
#4455 = FILL_AREA_STYLE ('',( #2176 ) ) ;
#4456 = CIRCLE ( 'NONE', #3999, 0.3300000000000000155 ) ;
#4457 = VECTOR ( 'NONE', #9412, 1000.000000000000000 ) ;
#4458 = B_SPLINE_CURVE_WITH_KNOTS ( 'NONE', 3,
 ( #9426, #396, #4221, #7165, #6396, #9382, #2627, #8689, #4084, #497, #3448 ),
 .UNSPECIFIED., .F., .F.,
 ( 4, 1, 1, 1, 1, 1, 1, 1, 4 ),
 ( 0.000000000000000000, 0.1352946047634290827, 0.2667656579247491000, 0.3948160188358731948, 0.5200516544342462799, 0.6421757029708222708, 0.7626518205584237320, 0.8818340043805023010, 1.000000000000000000 ),
 .UNSPECIFIED. ) ;
#4459 = DIRECTION ( 'NONE',  ( 0.000000000000000000, -1.000000000000000000, 0.000000000000000000 ) ) ;
#4460 = ORIENTED_EDGE ( 'NONE', *, *, #8240, .T. ) ;
#4461 = LINE ( 'NONE', #5096, #4414 ) ;
#4462 = EDGE_CURVE ( 'NONE', #7583, #1908, #6601, .T. ) ;
#4463 = STYLED_ITEM ( 'NONE', ( #9554 ), #974 ) ;
#4464 = MECHANICAL_DESIGN_GEOMETRIC_PRESENTATION_REPRESENTATION (  '', ( #7399 ), #2458 ) ;
#4465 = CARTESIAN_POINT ( 'NONE',  ( 1.820350109483812595, 0.4149943487990441215, 0.1133752737095312935 ) ) ;
#4466 = VECTOR ( 'NONE', #5294, 1000.000000000000000 ) ;
#4467 = MECHANICAL_DESIGN_GEOMETRIC_PRESENTATION_REPRESENTATION (  '', ( #5569 ), #8965 ) ;
#4468 = DIRECTION ( 'NONE',  ( 2.369136632905469172E-16, 1.000000000000000000, -1.117179326706309308E-16 ) ) ;
#4469 = ORIENTED_EDGE ( 'NONE', *, *, #4336, .F. ) ;
#4470 = PRESENTATION_STYLE_ASSIGNMENT (( #1452 ) ) ;
#4471 = PLANE ( 'NONE',  #162 ) ;
#4472 = CARTESIAN_POINT ( 'NONE',  ( 1.828052694060982697, -0.3080189199727746963, 0.1595575591881302213 ) ) ;
#4473 = CARTESIAN_POINT ( 'NONE',  ( 1.877096918453560415, 0.5877229059209048145, 0.2552422961339010365 ) ) ;
#4474 = ADVANCED_FACE ( 'NONE', ( #5021 ), #2094, .T. ) ;
#4475 =( NAMED_UNIT ( * ) PLANE_ANGLE_UNIT ( ) SI_UNIT ( $, .RADIAN. ) );
#4476 = CARTESIAN_POINT ( 'NONE',  ( 1.847084059981175086, -0.09016687231472741981, 0.1802101499529371043 ) ) ;
#4477 = FILL_AREA_STYLE ('',( #5196 ) ) ;
#4478 = PRESENTATION_LAYER_ASSIGNMENT (  '', '', ( #5104 ) ) ;
#4479 = CARTESIAN_POINT ( 'NONE',  ( 1.921512128245509654, -0.04408653251887353908, 0.3932061446494458656 ) ) ;
#4480 = ORIENTED_EDGE ( 'NONE', *, *, #440, .F. ) ;
#4481 = LINE ( 'NONE', #5977, #5876 ) ;
#4482 = ORIENTED_EDGE ( 'NONE', *, *, #3147, .F. ) ;
#4483 = MECHANICAL_DESIGN_GEOMETRIC_PRESENTATION_REPRESENTATION (  '', ( #2166 ), #1241 ) ;
#4484 = EDGE_LOOP ( 'NONE', ( #5989, #6078, #4783, #3555 ) ) ;
#4485 = ORIENTED_EDGE ( 'NONE', *, *, #7651, .F. ) ;
#4486 = SURFACE_STYLE_USAGE ( .BOTH. , #8272 ) ;
#4487 = EDGE_LOOP ( 'NONE', ( #5257, #44, #437, #8610 ) ) ;
#4488 = CARTESIAN_POINT ( 'NONE',  ( 1.923586541574904940, 0.3061468707946052303, 0.3983921779729356905 ) ) ;
#4489 = CYLINDRICAL_SURFACE ( 'NONE', #3070, 0.3300000000000000155 ) ;
#4490 = STYLED_ITEM ( 'NONE', ( #4903 ), #6394 ) ;
#4491 = LINE ( 'NONE', #7446, #8760 ) ;
#4492 = SURFACE_STYLE_FILL_AREA ( #3908 ) ;
#4493 = EDGE_CURVE ( 'NONE', #9301, #8071, #8746, .T. ) ;
#4494 = CARTESIAN_POINT ( 'NONE',  ( 1.825756802437726867, -0.3099735560346631447, 0.1538178301299890360 ) ) ;
#4495 = FILL_AREA_STYLE ('',( #2889 ) ) ;
#4496 = ORIENTED_EDGE ( 'NONE', *, *, #1336, .T. ) ;
#4497 = PRESENTATION_LAYER_ASSIGNMENT (  '', '', ( #8205 ) ) ;
#4498 = DIRECTION ( 'NONE',  ( 0.000000000000000000, 0.000000000000000000, 1.000000000000000000 ) ) ;
#4499 =( GEOMETRIC_REPRESENTATION_CONTEXT ( 3 ) GLOBAL_UNCERTAINTY_ASSIGNED_CONTEXT ( ( #7726 ) ) GLOBAL_UNIT_ASSIGNED_CONTEXT ( ( #5174, #7305, #6670 ) ) REPRESENTATION_CONTEXT ( 'NONE', 'WORKASPACE' ) );
#4500 = FACE_OUTER_BOUND ( 'NONE', #1157, .T. ) ;
#4501 = FILL_AREA_STYLE ('',( #827 ) ) ;
#4502 = CARTESIAN_POINT ( 'NONE',  ( -2.375000000000000444, -2.007499999999998508, 0.2700000000000002953 ) ) ;
#4503 =( NAMED_UNIT ( * ) PLANE_ANGLE_UNIT ( ) SI_UNIT ( $, .RADIAN. ) );
#4505 = EDGE_CURVE ( 'NONE', #2512, #9174, #2149, .T. ) ;
#4504 = CARTESIAN_POINT ( 'NONE',  ( 1.923586541574904940, 0.005060742745824760476, 0.3983921779729356905 ) ) ;
#4506 = CIRCLE ( 'NONE', #331, 0.3300000000000000155 ) ;
#4507 = EDGE_LOOP ( 'NONE', ( #201, #165, #7753, #4460 ) ) ;
#4508 = ADVANCED_FACE ( 'NONE', ( #4424 ), #3645, .F. ) ;
#4509 = FACE_OUTER_BOUND ( 'NONE', #7223, .T. ) ;
#4510 = ADVANCED_FACE ( 'NONE', ( #17 ), #6126, .T. ) ;
#4511 = CARTESIAN_POINT ( 'NONE',  ( 2.241557824824784273, -0.9200000000000000400, -0.1043130896826914844 ) ) ;
#4512 = ORIENTED_EDGE ( 'NONE', *, *, #7473, .F. ) ;
#4513 = CARTESIAN_POINT ( 'NONE',  ( 1.905583152080910336, 0.3646834561604590519, 0.3533837042379490700 ) ) ;
#4514 = DIRECTION ( 'NONE',  ( 1.314184451497581013E-15, 0.000000000000000000, -1.000000000000000000 ) ) ;
#4515 = UNCERTAINTY_MEASURE_WITH_UNIT (LENGTH_MEASURE( 1.000000000000000082E-05 ), #7860, 'distance_accuracy_value', 'NONE');
#4516 = CARTESIAN_POINT ( 'NONE',  ( 2.235025199989362221, 0.3500000000000000888, 0.5224701013908927827 ) ) ;
#4517 = EDGE_CURVE ( 'NONE', #1463, #2543, #7682, .T. ) ;
#4518 =( NAMED_UNIT ( * ) SI_UNIT ( $, .STERADIAN. ) SOLID_ANGLE_UNIT ( ) );
#4519 = LINE ( 'NONE', #6832, #8266 ) ;
#4520 = VECTOR ( 'NONE', #1925, 1000.000000000000114 ) ;
#4521 = VERTEX_POINT ( 'NONE', #4686 ) ;
#4522 = SURFACE_SIDE_STYLE ('',( #8201 ) ) ;
#4523 = FILL_AREA_STYLE_COLOUR ( '', #8492 ) ;
#4524 = CARTESIAN_POINT ( 'NONE',  ( 1.845072939196671813, 0.5638672950501547598, 0.1751823479916792548 ) ) ;
#4525 = CARTESIAN_POINT ( 'NONE',  ( 1.836265664110889206, -0.04516537550076057950, 0.1531641602772209343 ) ) ;
#4526 = CARTESIAN_POINT ( 'NONE',  ( 1.920971133543797116, -0.09870585911182308547, 0.3649278338594917348 ) ) ;
#4527 = VERTEX_POINT ( 'NONE', #9101 ) ;
#4528 = CARTESIAN_POINT ( 'NONE',  ( 1.923586541574904940, 0.005060742745824760476, 0.3983921779729356905 ) ) ;
#4529 = EDGE_CURVE ( 'NONE', #6027, #7505, #1499, .T. ) ;
#4530 = ADVANCED_FACE ( 'NONE', ( #3141 ), #8389, .F. ) ;
#4531 = CARTESIAN_POINT ( 'NONE',  ( 1.681086225569887960, 2.189999999999999947, 0.6824701013908927028 ) ) ;
#4532 = ORIENTED_EDGE ( 'NONE', *, *, #2030, .F. ) ;
#4533 = VERTEX_POINT ( 'NONE', #3911 ) ;
#4534 = ORIENTED_EDGE ( 'NONE', *, *, #3916, .T. ) ;
#4535 = CARTESIAN_POINT ( 'NONE',  ( 3.016585226210213744, 2.117500000000000160, 0.6762103879284990793 ) ) ;
#4536 = ORIENTED_EDGE ( 'NONE', *, *, #8379, .F. ) ;
#4537 = PLANE ( 'NONE',  #3810 ) ;
#4538 =( NAMED_UNIT ( * ) PLANE_ANGLE_UNIT ( ) SI_UNIT ( $, .RADIAN. ) );
#4539 = SURFACE_SIDE_STYLE ('',( #3853 ) ) ;
#4540 = SURFACE_SIDE_STYLE ('',( #3757 ) ) ;
#4541 = UNCERTAINTY_MEASURE_WITH_UNIT (LENGTH_MEASURE( 1.000000000000000082E-05 ), #5871, 'distance_accuracy_value', 'NONE');
#4542 =( LENGTH_UNIT ( ) NAMED_UNIT ( * ) SI_UNIT ( .MILLI., .METRE. ) );
#4543 = ORIENTED_EDGE ( 'NONE', *, *, #2072, .F. ) ;
#4544 = PLANE ( 'NONE',  #7576 ) ;
#4545 =( LENGTH_UNIT ( ) NAMED_UNIT ( * ) SI_UNIT ( .MILLI., .METRE. ) );
#4546 = DIRECTION ( 'NONE',  ( 0.000000000000000000, 1.000000000000000000, 0.000000000000000000 ) ) ;
#4547 = CARTESIAN_POINT ( 'NONE',  ( 1.920535596195667161, -0.009535435921455700028, 0.3638389904891693449 ) ) ;
#4548 = B_SPLINE_SURFACE_WITH_KNOTS ( 'NONE', 3, 1, ( 
 ( #1240, #8931 ),
 ( #801, #4473 ),
 ( #3123, #8259 ),
 ( #4420, #5251 ),
 ( #8306, #4617 ),
 ( #2286, #5336 ),
 ( #1605, #3071 ),
 ( #2235, #4524 ),
 ( #846, #3741 ),
 ( #7572, #3891 ),
 ( #6690, #944 ),
 ( #7372, #62 ),
 ( #3015, #6069 ),
 ( #5920, #8204 ),
 ( #1561, #214 ),
 ( #7429, #7520 ),
 ( #6733, #4568 ),
 ( #6786, #6018 ),
 ( #896, #3167 ) ),
 .UNSPECIFIED., .F., .F., .F.,
 ( 4, 1, 1, 1, 1, 1, 1, 1, 1, 1, 1, 1, 1, 1, 1, 1, 4 ),
 ( 2, 2 ),
 ( 0.000000000000000000, 0.07064215072300332465, 0.1382536470674236573, 0.2033596107954856735, 0.2662484148830683295, 0.3279196778882910168, 0.3887512814041688691, 0.4494357474917641815, 0.5108718673107427444, 0.5720888932305402408, 0.6317426019427843098, 0.6911240658607696874, 0.7503655699490047182, 0.8100371166225086572, 0.8713653057843918637, 0.9344285965418711593, 1.000000000000000000 ),
 ( 0.000000000000000000, 1.000000000000000000 ),
 .UNSPECIFIED. ) ;
#4549 = VECTOR ( 'NONE', #5740, 1000.000000000000000 ) ;
#4550 = DIRECTION ( 'NONE',  ( -1.447921622090529492E-16, -1.000000000000000000, 2.498792926766732971E-16 ) ) ;
#4551 = EDGE_LOOP ( 'NONE', ( #7393, #8653, #2449, #4847, #751 ) ) ;
#4552 = SURFACE_SIDE_STYLE ('',( #6819 ) ) ;
#4553 = AXIS2_PLACEMENT_3D ( 'NONE', #3986, #7127, #9182 ) ;
#4554 = PRESENTATION_STYLE_ASSIGNMENT (( #1588 ) ) ;
#4555 = ORIENTED_EDGE ( 'NONE', *, *, #4901, .T. ) ;
#4556 = LINE ( 'NONE', #1694, #635 ) ;
#4557 = DIRECTION ( 'NONE',  ( -1.447921622090529492E-16, -1.000000000000000000, 2.498792926766732971E-16 ) ) ;
#4558 = DIRECTION ( 'NONE',  ( 0.000000000000000000, 1.000000000000000000, -0.000000000000000000 ) ) ;
#4559 = LINE ( 'NONE', #7508, #8553 ) ;
#4560 =( NAMED_UNIT ( * ) PLANE_ANGLE_UNIT ( ) SI_UNIT ( $, .RADIAN. ) );
#4561 = SURFACE_STYLE_FILL_AREA ( #5865 ) ;
#4562 = EDGE_CURVE ( 'NONE', #2967, #1953, #2550, .T. ) ;
#4563 = CARTESIAN_POINT ( 'NONE',  ( 2.461382810556700385, -0.8475000000000000311, -0.1143832811983291758 ) ) ;
#4564 = CARTESIAN_POINT ( 'NONE',  ( 1.855308322180464042, 0.5356109366806190986, 0.2007708054511591345 ) ) ;
#4565 = ORIENTED_EDGE ( 'NONE', *, *, #1162, .T. ) ;
#4566 =( LENGTH_UNIT ( ) NAMED_UNIT ( * ) SI_UNIT ( .MILLI., .METRE. ) );
#4567 = CARTESIAN_POINT ( 'NONE',  ( 1.918388926984430087, 0.3674984733929558822, 0.3853981414967485586 ) ) ;
#4568 = CARTESIAN_POINT ( 'NONE',  ( 1.820234029213047222, 0.4513295860160701500, 0.1130850730326164039 ) ) ;
#4569 =( NAMED_UNIT ( * ) PLANE_ANGLE_UNIT ( ) SI_UNIT ( $, .RADIAN. ) );
#4570 = FILL_AREA_STYLE_COLOUR ( '', #8141 ) ;
#4571 = VERTEX_POINT ( 'NONE', #6852 ) ;
#4572 =( NAMED_UNIT ( * ) SI_UNIT ( $, .STERADIAN. ) SOLID_ANGLE_UNIT ( ) );
#4573 = EDGE_LOOP ( 'NONE', ( #2048, #6791, #6799, #9026, #2721 ) ) ;
#4574 = ORIENTED_EDGE ( 'NONE', *, *, #9438, .F. ) ;
#4575 = ORIENTED_EDGE ( 'NONE', *, *, #7337, .T. ) ;
#4576 = PLANE ( 'NONE',  #4983 ) ;
#4577 = VERTEX_POINT ( 'NONE', #230 ) ;
#4578 =( NAMED_UNIT ( * ) SI_UNIT ( $, .STERADIAN. ) SOLID_ANGLE_UNIT ( ) );
#4579 = EDGE_CURVE ( 'NONE', #2396, #8037, #1724, .T. ) ;
#4580 = DIRECTION ( 'NONE',  ( 0.9284766908852604139, 0.000000000000000000, -0.3713906763541007794 ) ) ;
#4581 = CARTESIAN_POINT ( 'NONE',  ( 2.241557824824784273, 1.620000000000000107, -0.1043130896826914844 ) ) ;
#4582 = CARTESIAN_POINT ( 'NONE',  ( 2.440731734960332133, 1.692500000000000115, 0.1025869392388689683 ) ) ;
#4583 = ORIENTED_EDGE ( 'NONE', *, *, #7333, .F. ) ;
#4584 = STYLED_ITEM ( 'NONE', ( #2399 ), #1622 ) ;
#4585 = VECTOR ( 'NONE', #4267, 1000.000000000000227 ) ;
#4586 = CARTESIAN_POINT ( 'NONE',  ( 2.196345996542119927, 0.3500000000000000888, 0.3194445853922672218 ) ) ;
#4587 = CARTESIAN_POINT ( 'NONE',  ( 1.833569594104932143, -0.3041999279858826899, 0.1733498092980021443 ) ) ;
#4588 = PRESENTATION_STYLE_ASSIGNMENT (( #8909 ) ) ;
#4589 = CARTESIAN_POINT ( 'NONE',  ( 1.902433401214424613, -0.07521565093198097351, 0.3455093270717348175 ) ) ;
#4590 = AXIS2_PLACEMENT_3D ( 'NONE', #3090, #9009, #9160 ) ;
#4591 = EDGE_CURVE ( 'NONE', #192, #3189, #8475, .T. ) ;
#4592 = ORIENTED_EDGE ( 'NONE', *, *, #1482, .F. ) ;
#4593 = SURFACE_STYLE_USAGE ( .BOTH. , #3729 ) ;
#4594 = VECTOR ( 'NONE', #6252, 1000.000000000000000 ) ;
#4595 = STYLED_ITEM ( 'NONE', ( #3563 ), #4474 ) ;
#4596 = VECTOR ( 'NONE', #7826, 1000.000000000000000 ) ;
#4597 = VERTEX_POINT ( 'NONE', #6893 ) ;
#4598 =( LENGTH_UNIT ( ) NAMED_UNIT ( * ) SI_UNIT ( .MILLI., .METRE. ) );
#4599 = FILL_AREA_STYLE ('',( #154 ) ) ;
#4600 = FACE_OUTER_BOUND ( 'NONE', #5506, .T. ) ;
#4601 = UNCERTAINTY_MEASURE_WITH_UNIT (LENGTH_MEASURE( 1.000000000000000082E-05 ), #1288, 'distance_accuracy_value', 'NONE');
#4602 = MECHANICAL_DESIGN_GEOMETRIC_PRESENTATION_REPRESENTATION (  '', ( #5841 ), #4297 ) ;
#4603 = DIRECTION ( 'NONE',  ( 0.000000000000000000, 0.000000000000000000, 1.000000000000000000 ) ) ;
#4604 = STYLED_ITEM ( 'NONE', ( #4342 ), #4687 ) ;
#4605 = VECTOR ( 'NONE', #2374, 999.9999999999998863 ) ;
#4606 = VECTOR ( 'NONE', #7793, 1000.000000000000000 ) ;
#4607 = MECHANICAL_DESIGN_GEOMETRIC_PRESENTATION_REPRESENTATION (  '', ( #749 ), #5086 ) ;
#4608 = DIRECTION ( 'NONE',  ( 3.608224830031759742E-16, 1.000000000000000000, -1.117179326706309308E-16 ) ) ;
#4609 =( NAMED_UNIT ( * ) SI_UNIT ( $, .STERADIAN. ) SOLID_ANGLE_UNIT ( ) );
#4610 = EDGE_LOOP ( 'NONE', ( #5743, #9076, #6201, #6753 ) ) ;
#4611 = STYLED_ITEM ( 'NONE', ( #7267 ), #7531 ) ;
#4612 = FILL_AREA_STYLE ('',( #5917 ) ) ;
#4613 = EDGE_CURVE ( 'NONE', #8481, #4385, #8936, .T. ) ;
#4614 = CARTESIAN_POINT ( 'NONE',  ( 1.930542506889423304, 0.5048385250052412898, 0.3888562672235587048 ) ) ;
#4615 = CARTESIAN_POINT ( 'NONE',  ( 1.920985806471937174, 0.3822382348100662464, 0.3918903402155168303 ) ) ;
#4616 = PRESENTATION_LAYER_ASSIGNMENT (  '', '', ( #5705 ) ) ;
#4617 = CARTESIAN_POINT ( 'NONE',  ( 1.860774157805494156, 0.5820768785544553348, 0.2144353945137354445 ) ) ;
#4618 = UNCERTAINTY_MEASURE_WITH_UNIT (LENGTH_MEASURE( 1.000000000000000082E-05 ), #8948, 'distance_accuracy_value', 'NONE');
#4619 = CARTESIAN_POINT ( 'NONE',  ( 1.833715465505013631, -0.002126440003930568819, 0.1467886637625317181 ) ) ;
#4620 = FILL_AREA_STYLE ('',( #9032 ) ) ;
#4621 = ADVANCED_FACE ( 'NONE', ( #1099 ), #7001, .T. ) ;
#4622 = VECTOR ( 'NONE', #6158, 1000.000000000000114 ) ;
#4623 = FILL_AREA_STYLE_COLOUR ( '', #9440 ) ;
#4624 = VERTEX_POINT ( 'NONE', #4063 ) ;
#4625 = LINE ( 'NONE', #1807, #6194 ) ;
#4626 = MECHANICAL_DESIGN_GEOMETRIC_PRESENTATION_REPRESENTATION (  '', ( #7247 ), #7874 ) ;
#4628 = CARTESIAN_POINT ( 'NONE',  ( 1.923586541574904940, 0.1451712610385076929, 0.3983921779729356905 ) ) ;
#4627 = CARTESIAN_POINT ( 'NONE',  ( 1.812169338668674579, -0.3304384950590533720, 0.1198491707073576495 ) ) ;
#4629 = VERTEX_POINT ( 'NONE', #5610 ) ;
#4630 = EDGE_CURVE ( 'NONE', #2334, #2469, #8659, .T. ) ;
#4631 = ORIENTED_EDGE ( 'NONE', *, *, #4219, .F. ) ;
#4632 = ORIENTED_EDGE ( 'NONE', *, *, #6820, .T. ) ;
#4633 = ORIENTED_EDGE ( 'NONE', *, *, #363, .F. ) ;
#4634 = CARTESIAN_POINT ( 'NONE',  ( 1.823135430353505004, 0.4469755723107199930, 0.1472643999194343800 ) ) ;
#4635 = VECTOR ( 'NONE', #3288, 1000.000000000000000 ) ;
#4636 = SURFACE_SIDE_STYLE ('',( #6034 ) ) ;
#4637 = CARTESIAN_POINT ( 'NONE',  ( 1.833569594104932143, -0.3041999279858826899, 0.1733498092980021443 ) ) ;
#4638 =( NAMED_UNIT ( * ) PLANE_ANGLE_UNIT ( ) SI_UNIT ( $, .RADIAN. ) );
#4639 =( NAMED_UNIT ( * ) PLANE_ANGLE_UNIT ( ) SI_UNIT ( $, .RADIAN. ) );
#4640 = ORIENTED_EDGE ( 'NONE', *, *, #7224, .F. ) ;
#4641 = DIRECTION ( 'NONE',  ( -1.488806659628715785E-32, -1.117179326706309308E-16, -1.000000000000000000 ) ) ;
#4642 =( GEOMETRIC_REPRESENTATION_CONTEXT ( 3 ) GLOBAL_UNCERTAINTY_ASSIGNED_CONTEXT ( ( #63 ) ) GLOBAL_UNIT_ASSIGNED_CONTEXT ( ( #4545, #6088, #7495 ) ) REPRESENTATION_CONTEXT ( 'NONE', 'WORKASPACE' ) );
#4643 =( LENGTH_UNIT ( ) NAMED_UNIT ( * ) SI_UNIT ( .MILLI., .METRE. ) );
#4644 = ORIENTED_EDGE ( 'NONE', *, *, #8602, .F. ) ;
#4645 = EDGE_LOOP ( 'NONE', ( #9547, #7632, #969, #910 ) ) ;
#4646 = SURFACE_SIDE_STYLE ('',( #5419 ) ) ;
#4647 = CARTESIAN_POINT ( 'NONE',  ( 1.908981181694298090, -0.08347444828636312042, 0.3349529542357461698 ) ) ;
#4648 = AXIS2_PLACEMENT_3D ( 'NONE', #4729, #7686, #2556 ) ;
#4649 = LINE ( 'NONE', #5467, #1642 ) ;
#4650 = ORIENTED_EDGE ( 'NONE', *, *, #3338, .F. ) ;
#4651 = CIRCLE ( 'NONE', #1702, 0.3300000000000000155 ) ;
#4652 = LINE ( 'NONE', #3974, #8660 ) ;
#4653 = ADVANCED_FACE ( 'NONE', ( #3470 ), #4866, .T. ) ;
#4654 =( GEOMETRIC_REPRESENTATION_CONTEXT ( 3 ) GLOBAL_UNCERTAINTY_ASSIGNED_CONTEXT ( ( #1529 ) ) GLOBAL_UNIT_ASSIGNED_CONTEXT ( ( #6083, #4638, #2455 ) ) REPRESENTATION_CONTEXT ( 'NONE', 'WORKASPACE' ) );
#4655 = EDGE_LOOP ( 'NONE', ( #1018, #5776, #2157, #3011, #8509, #9038, #1670, #9364, #9110, #75 ) ) ;
#4656 = CIRCLE ( 'NONE', #4807, 0.3300000000000000155 ) ;
#4657 = CARTESIAN_POINT ( 'NONE',  ( 2.909998327955510611, 1.619999999999999885, -0.1499999999999994116 ) ) ;
#4658 = VECTOR ( 'NONE', #6721, 1000.000000000000000 ) ;
#4659 = PLANE ( 'NONE',  #4819 ) ;
#4660 = FACE_OUTER_BOUND ( 'NONE', #1717, .T. ) ;
#4661 = CARTESIAN_POINT ( 'NONE',  ( 2.037248960451289115, -1.619999999999999885, 0.4624701013908926184 ) ) ;
#4662 = COLOUR_RGB ( '',0.1019607843137254888, 0.1019607843137254888, 0.1019607843137254888 ) ;
#4663 =( NAMED_UNIT ( * ) PLANE_ANGLE_UNIT ( ) SI_UNIT ( $, .RADIAN. ) );
#4664 = DIRECTION ( 'NONE',  ( 0.3713906763540992251, 0.000000000000000000, 0.9284766908852610801 ) ) ;
#4665 = ORIENTED_EDGE ( 'NONE', *, *, #9524, .T. ) ;
#4666 = CARTESIAN_POINT ( 'NONE',  ( 2.540318690028105397, 0.3500000000000000333, 0.2060369536996492501 ) ) ;
#4667 = PRESENTATION_STYLE_ASSIGNMENT (( #4760 ) ) ;
#4668 = FACE_OUTER_BOUND ( 'NONE', #2521, .T. ) ;
#4669 = SURFACE_SIDE_STYLE ('',( #6936 ) ) ;
#4670 = DIRECTION ( 'NONE',  ( 1.447921622090529738E-16, 1.000000000000000000, -2.783468775164169937E-17 ) ) ;
#4671 =( NAMED_UNIT ( * ) SI_UNIT ( $, .STERADIAN. ) SOLID_ANGLE_UNIT ( ) );
#4672 = DIRECTION ( 'NONE',  ( -1.447921622090529492E-16, -1.000000000000000000, 2.498792926766732971E-16 ) ) ;
#4673 = CARTESIAN_POINT ( 'NONE',  ( -2.375000000000000444, -2.107499999999998153, 0.2700000000000002953 ) ) ;
#4674 = CARTESIAN_POINT ( 'NONE',  ( -2.175000000000000266, 1.050000000000000266, 0.2699999999999999623 ) ) ;
#4675 = VERTEX_POINT ( 'NONE', #698 ) ;
#4676 = EDGE_CURVE ( 'NONE', #8984, #2297, #2972, .T. ) ;
#4677 = ORIENTED_EDGE ( 'NONE', *, *, #1187, .F. ) ;
#4678 = VERTEX_POINT ( 'NONE', #5197 ) ;
#4679 = SURFACE_STYLE_USAGE ( .BOTH. , #6321 ) ;
#4680 = ORIENTED_EDGE ( 'NONE', *, *, #6958, .F. ) ;
#4681 = DIRECTION ( 'NONE',  ( -1.447921622090529492E-16, -1.000000000000000000, 2.498792926766732971E-16 ) ) ;
#4682 = SURFACE_STYLE_FILL_AREA ( #3422 ) ;
#4683 = DIRECTION ( 'NONE',  ( 1.447921622090529492E-16, 1.000000000000000000, -2.498792926766732971E-16 ) ) ;
#4684 = ADVANCED_FACE ( 'NONE', ( #5116 ), #7434, .T. ) ;
#4685 = LINE ( 'NONE', #2307, #2271 ) ;
#4686 = CARTESIAN_POINT ( 'NONE',  ( 1.923586541574904940, -0.4036092267663704547, 0.3983921779729356905 ) ) ;
#4687 = ADVANCED_FACE ( 'NONE', ( #804 ), #1372, .F. ) ;
#4688 =( NAMED_UNIT ( * ) SI_UNIT ( $, .STERADIAN. ) SOLID_ANGLE_UNIT ( ) );
#4689 = VERTEX_POINT ( 'NONE', #1422 ) ;
#4690 = EDGE_CURVE ( 'NONE', #7778, #2918, #5879, .T. ) ;
#4691 = PRESENTATION_STYLE_ASSIGNMENT (( #7099 ) ) ;
#4692 = ORIENTED_EDGE ( 'NONE', *, *, #9443, .T. ) ;
#4693 = ORIENTED_EDGE ( 'NONE', *, *, #1306, .T. ) ;
#4694 = LINE ( 'NONE', #5616, #5687 ) ;
#4695 = CARTESIAN_POINT ( 'NONE',  ( 2.517816181961371580, 1.620000000000000107, -0.1231949359020515777 ) ) ;
#4696 = ORIENTED_EDGE ( 'NONE', *, *, #9513, .T. ) ;
#4697 = DIRECTION ( 'NONE',  ( 1.447921622090529492E-16, 1.000000000000000000, -2.498792926766732971E-16 ) ) ;
#4698 = ADVANCED_FACE ( 'NONE', ( #7376 ), #3701, .F. ) ;
#4699 = SURFACE_STYLE_USAGE ( .BOTH. , #1692 ) ;
#4700 = CLOSED_SHELL ( 'NONE', ( #159, #4154, #1084, #8825, #4055, #3048, #1197, #6050, #4508, #2261, #1734, #4838, #2391, #6071, #8905, #4215, #9064, #1952, #5804, #3206, #1447, #9072, #4474, #5597, #6988, #2367, #7531, #5206 ) ) ;
#4701 = VERTEX_POINT ( 'NONE', #6166 ) ;
#4702 = FACE_OUTER_BOUND ( 'NONE', #3444, .T. ) ;
#4703 = FILL_AREA_STYLE ('',( #5431 ) ) ;
#4704 = UNCERTAINTY_MEASURE_WITH_UNIT (LENGTH_MEASURE( 1.000000000000000082E-05 ), #263, 'distance_accuracy_value', 'NONE');
#4705 = DIRECTION ( 'NONE',  ( 0.000000000000000000, 1.000000000000000000, 0.000000000000000000 ) ) ;
#4706 = PLANE ( 'NONE',  #1295 ) ;
#4707 = COLOUR_RGB ( '',0.7921568627450980005, 0.8196078431372548767, 0.9333333333333333481 ) ;
#4708 = DIRECTION ( 'NONE',  ( 0.000000000000000000, 0.000000000000000000, 1.000000000000000000 ) ) ;
#4709 = ORIENTED_EDGE ( 'NONE', *, *, #7910, .F. ) ;
#4710 = PRESENTATION_STYLE_ASSIGNMENT (( #7721 ) ) ;
#4711 =( NAMED_UNIT ( * ) SI_UNIT ( $, .STERADIAN. ) SOLID_ANGLE_UNIT ( ) );
#4712 = CARTESIAN_POINT ( 'NONE',  ( 1.874372953377086315, -0.1144864678170594841, 0.2484323834427146771 ) ) ;
#4713 = DIRECTION ( 'NONE',  ( -0.06818941838404181388, -1.789660620253718485E-17, -0.9976723927324270269 ) ) ;
#4714 = CARTESIAN_POINT ( 'NONE',  ( 2.540318690028105397, -0.4225000000000000422, 0.2060369536996491391 ) ) ;
#4715 = LINE ( 'NONE', #6838, #2139 ) ;
#4716 = AXIS2_PLACEMENT_3D ( 'NONE', #2282, #9025, #4183 ) ;
#4717 = CARTESIAN_POINT ( 'NONE',  ( 1.681086225569887960, 1.620000000000000329, 0.4624701013908927849 ) ) ;
#4718 = CARTESIAN_POINT ( 'NONE',  ( 1.917811869473057484, 0.3646834561604590519, 0.3839554977183173845 ) ) ;
#4719 = ORIENTED_EDGE ( 'NONE', *, *, #4098, .T. ) ;
#4720 = ORIENTED_EDGE ( 'NONE', *, *, #8675, .F. ) ;
#4721 = VERTEX_POINT ( 'NONE', #2440 ) ;
#4722 =( LENGTH_UNIT ( ) NAMED_UNIT ( * ) SI_UNIT ( .MILLI., .METRE. ) );
#4723 = DIRECTION ( 'NONE',  ( 5.061928863708876291E-16, 1.000000000000000000, -2.498792926766733464E-16 ) ) ;
#4724 = CARTESIAN_POINT ( 'NONE',  ( 1.892335374906084056, -0.3732548060346631003, 0.3202642613008832573 ) ) ;
#4725 = CARTESIAN_POINT ( 'NONE',  ( 1.810949262304194507, 0.4513295860160701500, 0.1167989797961574289 ) ) ;
#4726 = MECHANICAL_DESIGN_GEOMETRIC_PRESENTATION_REPRESENTATION (  '', ( #254 ), #710 ) ;
#4727 = DIRECTION ( 'NONE',  ( 1.000000000000000000, -2.652696298084526771E-16, -1.249000902703300861E-16 ) ) ;
#4728 = ORIENTED_EDGE ( 'NONE', *, *, #8767, .F. ) ;
#4729 = CARTESIAN_POINT ( 'NONE',  ( 2.739492600163652813, 0.8474999999999999201, 0.4129369826212097028 ) ) ;
#4730 = SURFACE_STYLE_FILL_AREA ( #6334 ) ;
#4731 = ORIENTED_EDGE ( 'NONE', *, *, #4893, .F. ) ;
#4732 = ORIENTED_EDGE ( 'NONE', *, *, #3092, .F. ) ;
#4733 =( GEOMETRIC_REPRESENTATION_CONTEXT ( 3 ) GLOBAL_UNCERTAINTY_ASSIGNED_CONTEXT ( ( #4355 ) ) GLOBAL_UNIT_ASSIGNED_CONTEXT ( ( #323, #3231, #7039 ) ) REPRESENTATION_CONTEXT ( 'NONE', 'WORKASPACE' ) );
#4734 = DIRECTION ( 'NONE',  ( -0.9976723927324270269, 1.463531740886934826E-16, 0.06818941838404175837 ) ) ;
#4735 = DIRECTION ( 'NONE',  ( 0.9284766908852604139, -0.000000000000000000, -0.3713906763541007794 ) ) ;
#4736 = CARTESIAN_POINT ( 'NONE',  ( 1.825805911321819464, -0.03421994177943805948, 0.1539406023402217216 ) ) ;
#4737 = FACE_OUTER_BOUND ( 'NONE', #4655, .T. ) ;
#4738 = VECTOR ( 'NONE', #2645, 1000.000000000000000 ) ;
#4739 =( LENGTH_UNIT ( ) NAMED_UNIT ( * ) SI_UNIT ( .MILLI., .METRE. ) );
#4740 = ORIENTED_EDGE ( 'NONE', *, *, #4957, .F. ) ;
#4741 = SURFACE_STYLE_FILL_AREA ( #3302 ) ;
#4742 = SURFACE_STYLE_FILL_AREA ( #7901 ) ;
#4743 =( GEOMETRIC_REPRESENTATION_CONTEXT ( 3 ) GLOBAL_UNCERTAINTY_ASSIGNED_CONTEXT ( ( #7521 ) ) GLOBAL_UNIT_ASSIGNED_CONTEXT ( ( #924, #8779, #9016 ) ) REPRESENTATION_CONTEXT ( 'NONE', 'WORKASPACE' ) );
#4744 = MECHANICAL_DESIGN_GEOMETRIC_PRESENTATION_REPRESENTATION (  '', ( #877 ), #7364 ) ;
#4745 = EDGE_LOOP ( 'NONE', ( #6957, #2192, #3666, #1423, #6946, #4728 ) ) ;
#4746 = DIRECTION ( 'NONE',  ( 0.000000000000000000, 0.000000000000000000, -1.000000000000000000 ) ) ;
#4747 = AXIS2_PLACEMENT_3D ( 'NONE', #3051, #6678, #7310 ) ;
#4748 = PRESENTATION_LAYER_ASSIGNMENT (  '', '', ( #8924 ) ) ;
#4749 = FILL_AREA_STYLE_COLOUR ( '', #4155 ) ;
#4750 = PRESENTATION_LAYER_ASSIGNMENT (  '', '', ( #3044 ) ) ;
#4751 =( GEOMETRIC_REPRESENTATION_CONTEXT ( 3 ) GLOBAL_UNCERTAINTY_ASSIGNED_CONTEXT ( ( #847 ) ) GLOBAL_UNIT_ASSIGNED_CONTEXT ( ( #5132, #3963, #5411 ) ) REPRESENTATION_CONTEXT ( 'NONE', 'WORKASPACE' ) );
#4752 = ADVANCED_FACE ( 'NONE', ( #6939 ), #116, .T. ) ;
#4753 = CARTESIAN_POINT ( 'NONE',  ( 1.835041569346579582, -0.3099735560346631447, 0.1501039233664480388 ) ) ;
#4754 =( NAMED_UNIT ( * ) PLANE_ANGLE_UNIT ( ) SI_UNIT ( $, .RADIAN. ) );
#4755 = EDGE_CURVE ( 'NONE', #5916, #2299, #6880, .T. ) ;
#4756 = CARTESIAN_POINT ( 'NONE',  ( 2.235025199989362221, 2.189999999999999947, 0.5224701013908925606 ) ) ;
#4757 = ORIENTED_EDGE ( 'NONE', *, *, #1806, .F. ) ;
#4758 = SURFACE_SIDE_STYLE ('',( #8364 ) ) ;
#4759 = AXIS2_PLACEMENT_3D ( 'NONE', #9161, #7933, #1283 ) ;
#4760 = SURFACE_STYLE_USAGE ( .BOTH. , #9186 ) ;
#4761 = COLOUR_RGB ( '',1.000000000000000000, 1.000000000000000000, 1.000000000000000000 ) ;
#4762 = DIRECTION ( 'NONE',  ( 0.3713906763541008349, 0.000000000000000000, 0.9284766908852605249 ) ) ;
#4763 = CARTESIAN_POINT ( 'NONE',  ( 1.821589186746074063, -0.01434432645197365221, 0.1164729668651846989 ) ) ;
#4764 =( NAMED_UNIT ( * ) PLANE_ANGLE_UNIT ( ) SI_UNIT ( $, .RADIAN. ) );
#4765 = AXIS2_PLACEMENT_3D ( 'NONE', #4999, #1844, #4851 ) ;
#4766 = CARTESIAN_POINT ( 'NONE',  ( 1.775000000000000133, -2.449999999999999734, 0.000000000000000000 ) ) ;
#4767 = VECTOR ( 'NONE', #1832, 1000.000000000000227 ) ;
#4768 =( GEOMETRIC_REPRESENTATION_CONTEXT ( 3 ) GLOBAL_UNCERTAINTY_ASSIGNED_CONTEXT ( ( #3632 ) ) GLOBAL_UNIT_ASSIGNED_CONTEXT ( ( #1469, #1328, #6610 ) ) REPRESENTATION_CONTEXT ( 'NONE', 'WORKASPACE' ) );
#4769 = ORIENTED_EDGE ( 'NONE', *, *, #5469, .T. ) ;
#4770 = ORIENTED_EDGE ( 'NONE', *, *, #4326, .T. ) ;
#4771 = ADVANCED_FACE ( 'NONE', ( #3125 ), #3277, .F. ) ;
#4772 = ORIENTED_EDGE ( 'NONE', *, *, #4517, .T. ) ;
#4773 = CARTESIAN_POINT ( 'NONE',  ( 1.823071769535721920, 0.4390036000856658016, 0.1471052478749760584 ) ) ;
#4774 = PRESENTATION_STYLE_ASSIGNMENT (( #1814 ) ) ;
#4775 = FACE_OUTER_BOUND ( 'NONE', #341, .T. ) ;
#4776 = CARTESIAN_POINT ( 'NONE',  ( 1.821454105577527294, 0.7671224805507027567, 0.1161352639438166245 ) ) ;
#4777 = CARTESIAN_POINT ( 'NONE',  ( 1.851489390896641440, 0.5820768785544553348, 0.2181493012772764695 ) ) ;
#4778 = VECTOR ( 'NONE', #183, 1000.000000000000114 ) ;
#4779 = LINE ( 'NONE', #9105, #1201 ) ;
#4780 = ORIENTED_EDGE ( 'NONE', *, *, #5802, .F. ) ;
#4781 = CARTESIAN_POINT ( 'NONE',  ( 1.923586541574904940, -0.4475116657907606821, 0.3983921779729356905 ) ) ;
#4782 = SURFACE_SIDE_STYLE ('',( #6232 ) ) ;
#4783 = ORIENTED_EDGE ( 'NONE', *, *, #5683, .T. ) ;
#4784 = VECTOR ( 'NONE', #9282, 1000.000000000000000 ) ;
#4785 = VERTEX_POINT ( 'NONE', #6404 ) ;
#4786 = ADVANCED_FACE ( 'NONE', ( #4187 ), #1176, .F. ) ;
#4787 = FACE_OUTER_BOUND ( 'NONE', #8288, .T. ) ;
#4788 = DIRECTION ( 'NONE',  ( 0.3713906763541008349, 0.000000000000000000, 0.9284766908852605249 ) ) ;
#4789 = STYLED_ITEM ( 'NONE', ( #3107 ), #5807 ) ;
#4790 = CARTESIAN_POINT ( 'NONE',  ( 1.876692671441371196, -0.1128587757613960380, 0.2811575026391015530 ) ) ;
#4791 =( LENGTH_UNIT ( ) NAMED_UNIT ( * ) SI_UNIT ( .MILLI., .METRE. ) );
#4792 = EDGE_LOOP ( 'NONE', ( #3465, #806, #131, #8077 ) ) ;
#4793 = AXIS2_PLACEMENT_3D ( 'NONE', #5223, #3619, #1580 ) ;
#4794 = CARTESIAN_POINT ( 'NONE',  ( 1.125000000000000666, 1.599999999999999645, 0.2700000000000000178 ) ) ;
#4795 = EDGE_LOOP ( 'NONE', ( #666, #24, #5279, #6120 ) ) ;
#4796 = CARTESIAN_POINT ( 'NONE',  ( 1.866650230661137000, 0.5854422027189538635, 0.2291255766528408067 ) ) ;
#4797 =( GEOMETRIC_REPRESENTATION_CONTEXT ( 3 ) GLOBAL_UNCERTAINTY_ASSIGNED_CONTEXT ( ( #358 ) ) GLOBAL_UNIT_ASSIGNED_CONTEXT ( ( #330, #378, #1011 ) ) REPRESENTATION_CONTEXT ( 'NONE', 'WORKASPACE' ) );
#4798 = EDGE_CURVE ( 'NONE', #5819, #2505, #4231, .T. ) ;
#4799 = DIRECTION ( 'NONE',  ( 0.000000000000000000, -0.000000000000000000, -1.000000000000000000 ) ) ;
#4800 = VECTOR ( 'NONE', #5726, 1000.000000000000000 ) ;
#4801 = UNCERTAINTY_MEASURE_WITH_UNIT (LENGTH_MEASURE( 1.000000000000000082E-05 ), #6728, 'distance_accuracy_value', 'NONE');
#4802 =( LENGTH_UNIT ( ) NAMED_UNIT ( * ) SI_UNIT ( .MILLI., .METRE. ) );
#4803 = EDGE_CURVE ( 'NONE', #2299, #2396, #7134, .T. ) ;
#4804 = MECHANICAL_DESIGN_GEOMETRIC_PRESENTATION_REPRESENTATION (  '', ( #2320 ), #4654 ) ;
#4805 = EDGE_CURVE ( 'NONE', #8010, #3728, #1273, .T. ) ;
#4806 = PRESENTATION_STYLE_ASSIGNMENT (( #9338 ) ) ;
#4807 = AXIS2_PLACEMENT_3D ( 'NONE', #5668, #7903, #4954 ) ;
#4808 = DIRECTION ( 'NONE',  ( 0.3481553119113931505, 0.3481553119113943162, 0.8703882797784907588 ) ) ;
#4809 =( GEOMETRIC_REPRESENTATION_CONTEXT ( 3 ) GLOBAL_UNCERTAINTY_ASSIGNED_CONTEXT ( ( #6149 ) ) GLOBAL_UNIT_ASSIGNED_CONTEXT ( ( #7171, #8600, #3543 ) ) REPRESENTATION_CONTEXT ( 'NONE', 'WORKASPACE' ) );
#4810 =( LENGTH_UNIT ( ) NAMED_UNIT ( * ) SI_UNIT ( .MILLI., .METRE. ) );
#4811 = SURFACE_SIDE_STYLE ('',( #5137 ) ) ;
#4812 = ORIENTED_EDGE ( 'NONE', *, *, #3993, .T. ) ;
#4813 =( NAMED_UNIT ( * ) SI_UNIT ( $, .STERADIAN. ) SOLID_ANGLE_UNIT ( ) );
#4814 = UNCERTAINTY_MEASURE_WITH_UNIT (LENGTH_MEASURE( 1.000000000000000082E-05 ), #1435, 'distance_accuracy_value', 'NONE');
#4815 = FILL_AREA_STYLE_COLOUR ( '', #2229 ) ;
#4816 = CARTESIAN_POINT ( 'NONE',  ( 1.814163151156635623, -0.04531032320607424058, 0.1248337019272601628 ) ) ;
#4817 = ADVANCED_FACE ( 'NONE', ( #2588 ), #3359, .T. ) ;
#4818 = COLOUR_RGB ( '',1.000000000000000000, 1.000000000000000000, 1.000000000000000000 ) ;
#4819 = AXIS2_PLACEMENT_3D ( 'NONE', #6917, #5473, #8294 ) ;
#4820 = LINE ( 'NONE', #5547, #1363 ) ;
#4821 = FILL_AREA_STYLE ('',( #4096 ) ) ;
#4822 = ADVANCED_FACE ( 'NONE', ( #7316 ), #1357, .F. ) ;
#4823 = VERTEX_POINT ( 'NONE', #8287 ) ;
#4824 = ORIENTED_EDGE ( 'NONE', *, *, #7823, .T. ) ;
#4825 = SURFACE_STYLE_FILL_AREA ( #8163 ) ;
#4826 = EDGE_LOOP ( 'NONE', ( #3708, #4574, #7876, #2880 ) ) ;
#4827 = CARTESIAN_POINT ( 'NONE',  ( 1.934230054860662795, 0.4472291878677761012, 0.3980751371516579873 ) ) ;
#4828 = LINE ( 'NONE', #5605, #5834 ) ;
#4829 = PLANE ( 'NONE',  #1949 ) ;
#4830 = DIRECTION ( 'NONE',  ( -1.000000000000000000, -1.097926250618232396E-16, 0.000000000000000000 ) ) ;
#4831 = FILL_AREA_STYLE ('',( #8429 ) ) ;
#4832 = LINE ( 'NONE', #7932, #9267 ) ;
#4833 = CARTESIAN_POINT ( 'NONE',  ( 1.827022141971183178, 0.3809938024947299717, 0.1569811789636292587 ) ) ;
#4834 = CARTESIAN_POINT ( 'NONE',  ( 1.881252891193229804, -0.1103984702200913742, 0.2925580520187475719 ) ) ;
#4835 = ORIENTED_EDGE ( 'NONE', *, *, #7249, .F. ) ;
#4836 = EDGE_CURVE ( 'NONE', #2345, #2298, #2134, .T. ) ;
#4837 = DIRECTION ( 'NONE',  ( -5.061928863708876291E-16, -1.000000000000000000, 2.498792926766733464E-16 ) ) ;
#4838 = ADVANCED_FACE ( 'NONE', ( #3593 ), #2316, .F. ) ;
#4839 = PLANE ( 'NONE',  #1851 ) ;
#4840 = ORIENTED_EDGE ( 'NONE', *, *, #555, .T. ) ;
#4841 = DIRECTION ( 'NONE',  ( 0.000000000000000000, -1.000000000000000000, 0.000000000000000000 ) ) ;
#4842 = DIRECTION ( 'NONE',  ( -1.447921622090529492E-16, -1.000000000000000000, 2.498792926766732971E-16 ) ) ;
#4843 = VECTOR ( 'NONE', #4713, 1000.000000000000114 ) ;
#4844 = FILL_AREA_STYLE_COLOUR ( '', #2041 ) ;
#4845 = ORIENTED_EDGE ( 'NONE', *, *, #1187, .T. ) ;
#4846 = DIRECTION ( 'NONE',  ( 0.000000000000000000, 1.000000000000000000, 0.000000000000000000 ) ) ;
#4847 = ORIENTED_EDGE ( 'NONE', *, *, #2899, .F. ) ;
#4848 = PLANE ( 'NONE',  #3727 ) ;
#4849 = PRESENTATION_LAYER_ASSIGNMENT (  '', '', ( #2361 ) ) ;
#4850 = CARTESIAN_POINT ( 'NONE',  ( -2.875000000000001332, -1.807499999999998552, 0.2700000000000002953 ) ) ;
#4851 = DIRECTION ( 'NONE',  ( -0.9284766908852605249, 0.000000000000000000, 0.3713906763541009459 ) ) ;
#4852 = DIRECTION ( 'NONE',  ( -0.9976723927324270269, 1.463531740886934826E-16, 0.06818941838404181388 ) ) ;
#4853 = LINE ( 'NONE', #9427, #1843 ) ;
#4854 = CARTESIAN_POINT ( 'NONE',  ( 1.577669998408546048, 0.4250000000000002109, 0.7745580952545570996 ) ) ;
#4855 = CARTESIAN_POINT ( 'NONE',  ( 1.821454105577527294, 0.3061468707946052303, 0.1161352639438166245 ) ) ;
#4856 = DIRECTION ( 'NONE',  ( -1.447921622090529492E-16, -1.000000000000000000, 2.498792926766732971E-16 ) ) ;
#4857 = CARTESIAN_POINT ( 'NONE',  ( 1.869066843201581563, 0.5476102854287516752, 0.2620929320396269135 ) ) ;
#4858 = CARTESIAN_POINT ( 'NONE',  ( 1.840970598039730843, -0.09675102867341718593, 0.1918523191349997548 ) ) ;
#4859 = EDGE_CURVE ( 'NONE', #4701, #407, #7270, .T. ) ;
#4860 = CARTESIAN_POINT ( 'NONE',  ( 2.378862465107961288, -0.9200000000000000400, 0.6824701013908928138 ) ) ;
#4861 =( NAMED_UNIT ( * ) SI_UNIT ( $, .STERADIAN. ) SOLID_ANGLE_UNIT ( ) );
#4862 = DIRECTION ( 'NONE',  ( -0.06818941838404181388, -1.789660620253718485E-17, -0.9976723927324270269 ) ) ;
#4863 = VECTOR ( 'NONE', #1990, 1000.000000000000000 ) ;
#4864 = STYLED_ITEM ( 'NONE', ( #4415 ), #9295 ) ;
#4865 = CARTESIAN_POINT ( 'NONE',  ( 1.915444787594175358, 0.3674411551991100811, 0.3511119689854390602 ) ) ;
#4866 = B_SPLINE_SURFACE_WITH_KNOTS ( 'NONE', 3, 1, ( 
 ( #6376, #472 ),
 ( #5562, #9359 ),
 ( #8531, #5652 ),
 ( #4833, #7785 ),
 ( #8615, #1962 ),
 ( #1146, #4929 ),
 ( #4199, #9404 ),
 ( #7145, #8106 ),
 ( #9494, #3564 ),
 ( #7328, #5022 ),
 ( #1319, #9535 ) ),
 .UNSPECIFIED., .F., .F., .F.,
 ( 4, 1, 1, 1, 1, 1, 1, 1, 4 ),
 ( 2, 2 ),
 ( 0.000000000000000000, 0.1252796967356255564, 0.2494199707420505230, 0.3733567994928196354, 0.4966812787822854069, 0.6202029157439822304, 0.7450863201614560394, 0.8712691950190974977, 1.000000000000000000 ),
 ( 0.000000000000000000, 1.000000000000000000 ),
 .UNSPECIFIED. ) ;
#4867 = MECHANICAL_DESIGN_GEOMETRIC_PRESENTATION_REPRESENTATION (  '', ( #2381 ), #1927 ) ;
#4868 = ORIENTED_EDGE ( 'NONE', *, *, #7993, .T. ) ;
#4869 = ORIENTED_EDGE ( 'NONE', *, *, #4235, .T. ) ;
#4870 = PRESENTATION_STYLE_ASSIGNMENT (( #4679 ) ) ;
#4871 = ORIENTED_EDGE ( 'NONE', *, *, #542, .F. ) ;
#4872 = LINE ( 'NONE', #2823, #7119 ) ;
#4873 = CARTESIAN_POINT ( 'NONE',  ( 2.235025199989362221, 0.9200000000000000400, 0.6824701013908925917 ) ) ;
#4874 =( NAMED_UNIT ( * ) SI_UNIT ( $, .STERADIAN. ) SOLID_ANGLE_UNIT ( ) );
#4875 = LINE ( 'NONE', #2784, #7873 ) ;
#4876 = CARTESIAN_POINT ( 'NONE',  ( 1.819885708292967808, 0.5219342765702187359, 0.1391400947680919431 ) ) ;
#4877 = SURFACE_STYLE_USAGE ( .BOTH. , #7743 ) ;
#4878 = FILL_AREA_STYLE_COLOUR ( '', #1818 ) ;
#4879 = ORIENTED_EDGE ( 'NONE', *, *, #3807, .F. ) ;
#4880 = FILL_AREA_STYLE ('',( #7237 ) ) ;
#4881 = EDGE_CURVE ( 'NONE', #5980, #3570, #7965, .T. ) ;
#4882 = ORIENTED_EDGE ( 'NONE', *, *, #9439, .F. ) ;
#4883 = SURFACE_STYLE_FILL_AREA ( #1109 ) ;
#4884 = FACE_OUTER_BOUND ( 'NONE', #4452, .T. ) ;
#4885 = LINE ( 'NONE', #6336, #1352 ) ;
#4886 =( NAMED_UNIT ( * ) PLANE_ANGLE_UNIT ( ) SI_UNIT ( $, .RADIAN. ) );
#4887 = CARTESIAN_POINT ( 'NONE',  ( 1.833569594104932143, -0.3041999279858826899, 0.1733498092980021443 ) ) ;
#4888 = ORIENTED_EDGE ( 'NONE', *, *, #3814, .F. ) ;
#4889 = DIRECTION ( 'NONE',  ( 0.06818941838404206368, 1.789660620253715096E-17, 0.9976723927324269159 ) ) ;
#4890 = ORIENTED_EDGE ( 'NONE', *, *, #6608, .F. ) ;
#4891 = SURFACE_SIDE_STYLE ('',( #2620 ) ) ;
#4892 = MANIFOLD_SOLID_BREP ( 'Òý½Å2-1-solid1', #4255 ) ;
#4893 = EDGE_CURVE ( 'NONE', #6234, #758, #9057, .T. ) ;
#4894 = LINE ( 'NONE', #6434, #1020 ) ;
#4895 = LINE ( 'NONE', #3401, #3679 ) ;
#4896 = VECTOR ( 'NONE', #8167, 1000.000000000000000 ) ;
#4897 = VECTOR ( 'NONE', #4272, 1000.000000000000000 ) ;
#4898 =( GEOMETRIC_REPRESENTATION_CONTEXT ( 3 ) GLOBAL_UNCERTAINTY_ASSIGNED_CONTEXT ( ( #7019 ) ) GLOBAL_UNIT_ASSIGNED_CONTEXT ( ( #8752, #622, #7891 ) ) REPRESENTATION_CONTEXT ( 'NONE', 'WORKASPACE' ) );
#4899 = DIRECTION ( 'NONE',  ( -1.000000000000000000, 3.608224830031759742E-16, -2.542227526591152421E-32 ) ) ;
#4900 = DIRECTION ( 'NONE',  ( 0.000000000000000000, 0.000000000000000000, 1.000000000000000000 ) ) ;
#4901 = EDGE_CURVE ( 'NONE', #9111, #2644, #5771, .T. ) ;
#4902 = PRESENTATION_LAYER_ASSIGNMENT (  '', '', ( #9411 ) ) ;
#4903 = PRESENTATION_STYLE_ASSIGNMENT (( #8559 ) ) ;
#4904 = SURFACE_STYLE_FILL_AREA ( #399 ) ;
#4905 = CARTESIAN_POINT ( 'NONE',  ( 2.212181053090767069, -2.189999999999999947, 0.1710270804468144445 ) ) ;
#4906 = LINE ( 'NONE', #5593, #2327 ) ;
#4907 = CARTESIAN_POINT ( 'NONE',  ( 1.835090678230672179, -0.03421994177943805948, 0.1502266955766806966 ) ) ;
#4908 = CARTESIAN_POINT ( 'NONE',  ( 1.870368975146116108, 0.2659029683555808043, 0.2384224378652898824 ) ) ;
#4909 = UNCERTAINTY_MEASURE_WITH_UNIT (LENGTH_MEASURE( 1.000000000000000082E-05 ), #4958, 'distance_accuracy_value', 'NONE');
#4910 = CARTESIAN_POINT ( 'NONE',  ( 1.858583455194542156, -0.1488588807642002021, 0.2089586379863542509 ) ) ;
#4911 = COLOUR_RGB ( '',1.000000000000000000, 1.000000000000000000, 1.000000000000000000 ) ;
#4912 = MANIFOLD_SOLID_BREP ( 'Òý½Å2-3-solid1', #9205 ) ;
#4913 = CARTESIAN_POINT ( 'NONE',  ( 1.877793837730221238, -0.1144813094689930560, 0.2569845943255526510 ) ) ;
#4914 = CIRCLE ( 'NONE', #6908, 0.1999999999999999833 ) ;
#4915 = VECTOR ( 'NONE', #4664, 1000.000000000000114 ) ;
#4916 = AXIS2_PLACEMENT_3D ( 'NONE', #7979, #8068, #1318 ) ;
#4917 = EDGE_CURVE ( 'NONE', #4213, #8337, #4649, .T. ) ;
#4918 = ORIENTED_EDGE ( 'NONE', *, *, #4798, .T. ) ;
#4919 = ORIENTED_EDGE ( 'NONE', *, *, #5242, .F. ) ;
#4920 = AXIS2_PLACEMENT_3D ( 'NONE', #7038, #3959, #1184 ) ;
#4921 = CARTESIAN_POINT ( 'NONE',  ( 2.716990092096919440, 0.8474999999999999201, 0.08370509301950876391 ) ) ;
#4922 = VERTEX_POINT ( 'NONE', #1778 ) ;
#4923 = DIRECTION ( 'NONE',  ( 0.1060905250085903556, -4.303867851713705188E-17, -0.9943564755676919109 ) ) ;
#4924 = CARTESIAN_POINT ( 'NONE',  ( 1.922923966979529498, 0.4915744821283195010, 0.3967357414844979169 ) ) ;
#4925 = DIRECTION ( 'NONE',  ( 1.000000000000000000, -2.431469460965334458E-17, -1.249000902703301354E-16 ) ) ;
#4926 = EDGE_CURVE ( 'NONE', #6133, #769, #1732, .T. ) ;
#4927 = SURFACE_STYLE_USAGE ( .BOTH. , #7041 ) ;
#4928 = FILL_AREA_STYLE ('',( #6463 ) ) ;
#4929 = CARTESIAN_POINT ( 'NONE',  ( 1.834074872566803460, 0.3982200169064918360, 0.1476871814170079567 ) ) ;
#4930 =( GEOMETRIC_REPRESENTATION_CONTEXT ( 3 ) GLOBAL_UNCERTAINTY_ASSIGNED_CONTEXT ( ( #5112 ) ) GLOBAL_UNIT_ASSIGNED_CONTEXT ( ( #5254, #7575, #4671 ) ) REPRESENTATION_CONTEXT ( 'NONE', 'WORKASPACE' ) );
#4931 = VECTOR ( 'NONE', #4705, 1000.000000000000000 ) ;
#4932 = CARTESIAN_POINT ( 'NONE',  ( 1.910688223339277014, -0.02238590137221027274, 0.3661463823838649878 ) ) ;
#4933 = ORIENTED_EDGE ( 'NONE', *, *, #2245, .T. ) ;
#4934 = VECTOR ( 'NONE', #6520, 1000.000000000000227 ) ;
#4935 = SURFACE_STYLE_USAGE ( .BOTH. , #6378 ) ;
#4936 = COLOUR_RGB ( '',1.000000000000000000, 1.000000000000000000, 1.000000000000000000 ) ;
#4937 = EDGE_CURVE ( 'NONE', #140, #8571, #4075, .T. ) ;
#4938 = ADVANCED_FACE ( 'NONE', ( #6968 ), #9300, .T. ) ;
#4939 = CARTESIAN_POINT ( 'NONE',  ( 1.887180616816534373, 0.5827437736997747031, 0.3073773660770091065 ) ) ;
#4940 = ORIENTED_EDGE ( 'NONE', *, *, #8551, .T. ) ;
#4941 = FACE_OUTER_BOUND ( 'NONE', #1569, .T. ) ;
#4942 = AXIS2_PLACEMENT_3D ( 'NONE', #1868, #9307, #1913 ) ;
#4943 = DIRECTION ( 'NONE',  ( 1.249000902703301354E-16, 1.960023273030422060E-17, 1.000000000000000000 ) ) ;
#4944 = SURFACE_SIDE_STYLE ('',( #4166 ) ) ;
#4945 = COLOUR_RGB ( '',1.000000000000000000, 1.000000000000000000, 1.000000000000000000 ) ;
#4946 =( LENGTH_UNIT ( ) NAMED_UNIT ( * ) SI_UNIT ( .MILLI., .METRE. ) );
#4947 = ADVANCED_FACE ( 'NONE', ( #579 ), #2747, .T. ) ;
#4948 =( LENGTH_UNIT ( ) NAMED_UNIT ( * ) SI_UNIT ( .MILLI., .METRE. ) );
#4949 = VERTEX_POINT ( 'NONE', #6482 ) ;
#4950 = CARTESIAN_POINT ( 'NONE',  ( 1.821589186746074063, -0.01434432645197365221, 0.1164729668651847128 ) ) ;
#4951 =( GEOMETRIC_REPRESENTATION_CONTEXT ( 3 ) GLOBAL_UNCERTAINTY_ASSIGNED_CONTEXT ( ( #2093 ) ) GLOBAL_UNIT_ASSIGNED_CONTEXT ( ( #2, #726, #7306 ) ) REPRESENTATION_CONTEXT ( 'NONE', 'WORKASPACE' ) );
#4952 = CARTESIAN_POINT ( 'NONE',  ( 1.923586541574904940, 0.6134639439653368775, 0.3983921779729356905 ) ) ;
#4953 = EDGE_LOOP ( 'NONE', ( #7482, #878, #9090, #5302 ) ) ;
#4954 = DIRECTION ( 'NONE',  ( 1.314184451497581013E-15, 0.000000000000000000, -1.000000000000000000 ) ) ;
#4955 =( GEOMETRIC_REPRESENTATION_CONTEXT ( 3 ) GLOBAL_UNCERTAINTY_ASSIGNED_CONTEXT ( ( #9188 ) ) GLOBAL_UNIT_ASSIGNED_CONTEXT ( ( #8864, #8282, #1478 ) ) REPRESENTATION_CONTEXT ( 'NONE', 'WORKASPACE' ) );
#4956 =( NAMED_UNIT ( * ) SI_UNIT ( $, .STERADIAN. ) SOLID_ANGLE_UNIT ( ) );
#4957 = EDGE_CURVE ( 'NONE', #2097, #2863, #1156, .T. ) ;
#4958 =( LENGTH_UNIT ( ) NAMED_UNIT ( * ) SI_UNIT ( .MILLI., .METRE. ) );
#4959 = COLOUR_RGB ( '',1.000000000000000000, 1.000000000000000000, 1.000000000000000000 ) ;
#4960 = VECTOR ( 'NONE', #7581, 1000.000000000000000 ) ;
#4961 = FACE_OUTER_BOUND ( 'NONE', #4645, .T. ) ;
#4962 = SURFACE_SIDE_STYLE ('',( #7811 ) ) ;
#4963 = DIRECTION ( 'NONE',  ( 0.000000000000000000, 0.000000000000000000, -1.000000000000000000 ) ) ;
#4964 = CARTESIAN_POINT ( 'NONE',  ( 1.820122773904806257, 0.4249841222896454385, 0.1128069347620151985 ) ) ;
#4965 = CARTESIAN_POINT ( 'NONE',  ( 1.911357824182757570, 0.04639077323362962579, 0.3678203844925673760 ) ) ;
#4966 = VECTOR ( 'NONE', #5394, 1000.000000000000000 ) ;
#4967 =( GEOMETRIC_REPRESENTATION_CONTEXT ( 3 ) GLOBAL_UNCERTAINTY_ASSIGNED_CONTEXT ( ( #3661 ) ) GLOBAL_UNIT_ASSIGNED_CONTEXT ( ( #1291, #5892, #2886 ) ) REPRESENTATION_CONTEXT ( 'NONE', 'WORKASPACE' ) );
#4968 = STYLED_ITEM ( 'NONE', ( #9121 ), #6623 ) ;
#4969 =( GEOMETRIC_REPRESENTATION_CONTEXT ( 3 ) GLOBAL_UNCERTAINTY_ASSIGNED_CONTEXT ( ( #1786 ) ) GLOBAL_UNIT_ASSIGNED_CONTEXT ( ( #7928, #2778, #4238 ) ) REPRESENTATION_CONTEXT ( 'NONE', 'WORKASPACE' ) );
#4970 = FILL_AREA_STYLE ('',( #2001 ) ) ;
#4971 = CARTESIAN_POINT ( 'NONE',  ( 1.923209622331227608, 0.4018808984307502552, 0.3974498798637424724 ) ) ;
#4972 = VERTEX_POINT ( 'NONE', #3481 ) ;
#4973 = ORIENTED_EDGE ( 'NONE', *, *, #4051, .F. ) ;
#4974 = SURFACE_STYLE_USAGE ( .BOTH. , #9399 ) ;
#4975 = PRESENTATION_STYLE_ASSIGNMENT (( #8655 ) ) ;
#4976 = DIRECTION ( 'NONE',  ( -0.3493550501174261247, 0.3393303772748779701, -0.8733876252935689477 ) ) ;
#4977 = CARTESIAN_POINT ( 'NONE',  ( -1.575000000000000400, -0.8499999999999997558, 2.033804600185867260E-16 ) ) ;
#4978 = SURFACE_SIDE_STYLE ('',( #414 ) ) ;
#4979 = DIRECTION ( 'NONE',  ( 0.3497469451815110042, 0.3363908276654486995, 0.8743673629537848102 ) ) ;
#4980 = ORIENTED_EDGE ( 'NONE', *, *, #2551, .F. ) ;
#4981 = PLANE ( 'NONE',  #9314 ) ;
#4982 = EDGE_CURVE ( 'NONE', #3301, #3143, #4118, .T. ) ;
#4983 = AXIS2_PLACEMENT_3D ( 'NONE', #5264, #1572, #757 ) ;
#4984 = CARTESIAN_POINT ( 'NONE',  ( 1.922923966979529498, 0.4915744821283195010, 0.3967357414844979169 ) ) ;
#4985 = ORIENTED_EDGE ( 'NONE', *, *, #9398, .T. ) ;
#4986 = FACE_OUTER_BOUND ( 'NONE', #8381, .T. ) ;
#4987 = EDGE_CURVE ( 'NONE', #6559, #6288, #8585, .T. ) ;
#4988 = CARTESIAN_POINT ( 'NONE',  ( 1.821172405259531057, 0.3963977902584609470, 0.1154310131488259783 ) ) ;
#4989 = EDGE_CURVE ( 'NONE', #8662, #5747, #9418, .T. ) ;
#4990 = SURFACE_STYLE_FILL_AREA ( #530 ) ;
#4991 = EDGE_CURVE ( 'NONE', #7546, #1115, #1205, .T. ) ;
#4992 = ORIENTED_EDGE ( 'NONE', *, *, #9564, .T. ) ;
#4993 = CARTESIAN_POINT ( 'NONE',  ( 1.781319529336187202, 1.620000000000000329, 0.4624701013908927849 ) ) ;
#4994 = FILL_AREA_STYLE_COLOUR ( '', #7886 ) ;
#4995 = VECTOR ( 'NONE', #8417, 1000.000000000000000 ) ;
#4996 = CARTESIAN_POINT ( 'NONE',  ( 1.903825577376641487, 0.5313503996380554151, 0.3220639434416047164 ) ) ;
#4997 = MANIFOLD_SOLID_BREP ( 'Òý½Å1-1-solid1', #4700 ) ;
#4998 = CARTESIAN_POINT ( 'NONE',  ( 2.235025199989362221, 2.189999999999999947, 0.6824701013908925917 ) ) ;
#4999 = CARTESIAN_POINT ( 'NONE',  ( 1.923586541574904940, 0.1451712610385076929, 0.3983921779729356905 ) ) ;
#5000 = MECHANICAL_DESIGN_GEOMETRIC_PRESENTATION_REPRESENTATION (  '', ( #4218 ), #510 ) ;
#5001 = PRODUCT_DEFINITION ( 'Î´Öª', '', #5480, #2769 ) ;
#5002 = SURFACE_SIDE_STYLE ('',( #7069 ) ) ;
#5003 = SURFACE_STYLE_FILL_AREA ( #2037 ) ;
#5004 = SURFACE_SIDE_STYLE ('',( #2038 ) ) ;
#5005 = SURFACE_STYLE_FILL_AREA ( #2816 ) ;
#5006 = CARTESIAN_POINT ( 'NONE',  ( 1.834275474257613947, -0.02266035243378160605, 0.1481886856440344236 ) ) ;
#5007 = UNCERTAINTY_MEASURE_WITH_UNIT (LENGTH_MEASURE( 1.000000000000000082E-05 ), #7745, 'distance_accuracy_value', 'NONE');
#5008 =( NAMED_UNIT ( * ) PLANE_ANGLE_UNIT ( ) SI_UNIT ( $, .RADIAN. ) );
#5009 = LINE ( 'NONE', #1305, #4897 ) ;
#5010 = VECTOR ( 'NONE', #9201, 1000.000000000000227 ) ;
#5011 = DIRECTION ( 'NONE',  ( -1.000000000000000000, 2.112773557637960693E-16, -8.715402809761551965E-33 ) ) ;
#5012 = CARTESIAN_POINT ( 'NONE',  ( 1.921053473953778790, 0.4101820854507777225, 0.3651336848844468075 ) ) ;
#5013 =( NAMED_UNIT ( * ) PLANE_ANGLE_UNIT ( ) SI_UNIT ( $, .RADIAN. ) );
#5014 = ORIENTED_EDGE ( 'NONE', *, *, #5614, .T. ) ;
#5015 =( NAMED_UNIT ( * ) SI_UNIT ( $, .STERADIAN. ) SOLID_ANGLE_UNIT ( ) );
#5016 = ORIENTED_EDGE ( 'NONE', *, *, #2957, .T. ) ;
#5017 = FACE_OUTER_BOUND ( 'NONE', #4392, .T. ) ;
#5018 = UNCERTAINTY_MEASURE_WITH_UNIT (LENGTH_MEASURE( 1.000000000000000082E-05 ), #6751, 'distance_accuracy_value', 'NONE');
#5019 = SURFACE_STYLE_FILL_AREA ( #5826 ) ;
#5020 = SURFACE_STYLE_USAGE ( .BOTH. , #8846 ) ;
#5021 = FACE_OUTER_BOUND ( 'NONE', #4826, .T. ) ;
#5022 = CARTESIAN_POINT ( 'NONE',  ( 1.832341852159763196, 0.4317731526134859776, 0.1433546303994069071 ) ) ;
#5023 = VECTOR ( 'NONE', #3885, 1000.000000000000000 ) ;
#5024 = LINE ( 'NONE', #416, #3373 ) ;
#5025 = EDGE_LOOP ( 'NONE', ( #7471, #3955, #2247, #7278 ) ) ;
#5026 = STYLED_ITEM ( 'NONE', ( #5632 ), #196 ) ;
#5027 = DIRECTION ( 'NONE',  ( 0.3713906763541002798, 0.000000000000000000, 0.9284766908852607470 ) ) ;
#5028 = CARTESIAN_POINT ( 'NONE',  ( 1.925826039712288607, 0.5289792466201791443, 0.3770650992807236812 ) ) ;
#5029 = ORIENTED_EDGE ( 'NONE', *, *, #4836, .F. ) ;
#5030 = DIRECTION ( 'NONE',  ( 1.000000000000000000, -2.112773557637960693E-16, 8.715402809761551965E-33 ) ) ;
#5031 = CARTESIAN_POINT ( 'NONE',  ( 1.875761499829458723, -0.1548287389614922960, 0.2519037495736468069 ) ) ;
#5032 = COLOUR_RGB ( '',1.000000000000000000, 1.000000000000000000, 1.000000000000000000 ) ;
#5033 = UNCERTAINTY_MEASURE_WITH_UNIT (LENGTH_MEASURE( 1.000000000000000082E-05 ), #9559, 'distance_accuracy_value', 'NONE');
#5034 = DIRECTION ( 'NONE',  ( -1.488806659628716058E-32, -1.117179326706309308E-16, -1.000000000000000000 ) ) ;
#5035 = CARTESIAN_POINT ( 'NONE',  ( 1.833062299773053683, -0.3046592002835658564, 0.1720815734683061038 ) ) ;
#5036 = ORIENTED_EDGE ( 'NONE', *, *, #3520, .T. ) ;
#5037 = SURFACE_STYLE_FILL_AREA ( #4359 ) ;
#5038 =( GEOMETRIC_REPRESENTATION_CONTEXT ( 3 ) GLOBAL_UNCERTAINTY_ASSIGNED_CONTEXT ( ( #2373 ) ) GLOBAL_UNIT_ASSIGNED_CONTEXT ( ( #2775, #4417, #4373 ) ) REPRESENTATION_CONTEXT ( 'NONE', 'WORKASPACE' ) );
#5039 = CARTESIAN_POINT ( 'NONE',  ( 1.912716570559662710, 0.4416842183555810264, 0.3712172504348305035 ) ) ;
#5040 = CARTESIAN_POINT ( 'NONE',  ( 1.919126451828340407, 0.4845686622405123711, 0.3603161295708525169 ) ) ;
#5041 = CARTESIAN_POINT ( 'NONE',  ( 0.000000000000000000, -1.799775028121500808, 0.9899999999999999911 ) ) ;
#5042 = DIRECTION ( 'NONE',  ( -1.488806659628715785E-32, -1.117179326706309308E-16, -1.000000000000000000 ) ) ;
#5043 = VECTOR ( 'NONE', #7163, 1000.000000000000000 ) ;
#5044 = DIRECTION ( 'NONE',  ( 0.1313320594610506986, -0.9353882635801356038, 0.3283301486526296609 ) ) ;
#5045 = EDGE_CURVE ( 'NONE', #5345, #8873, #6383, .T. ) ;
#5046 = LINE ( 'NONE', #1403, #2786 ) ;
#5047 = CYLINDRICAL_SURFACE ( 'NONE', #1442, 0.1599999999999999756 ) ;
#5048 = CARTESIAN_POINT ( 'NONE',  ( 1.873312925629410541, 0.2659029683555808043, 0.2727081381091993051 ) ) ;
#5049 =( GEOMETRIC_REPRESENTATION_CONTEXT ( 3 ) GLOBAL_UNCERTAINTY_ASSIGNED_CONTEXT ( ( #5986 ) ) GLOBAL_UNIT_ASSIGNED_CONTEXT ( ( #9005, #5305, #2454 ) ) REPRESENTATION_CONTEXT ( 'NONE', 'WORKASPACE' ) );
#5050 = CARTESIAN_POINT ( 'NONE',  ( 2.440731734960332133, -1.692499999999999893, 0.1025869392388688572 ) ) ;
#5051 = DIRECTION ( 'NONE',  ( 1.447921622090529738E-16, 1.000000000000000000, -2.783468775164169937E-17 ) ) ;
#5052 =( NAMED_UNIT ( * ) SI_UNIT ( $, .STERADIAN. ) SOLID_ANGLE_UNIT ( ) );
#5053 = ADVANCED_FACE ( 'NONE', ( #3093 ), #5219, .F. ) ;
#5054 = PRESENTATION_LAYER_ASSIGNMENT (  '', '', ( #7842 ) ) ;
#5055 = STYLED_ITEM ( 'NONE', ( #5127 ), #1554 ) ;
#5056 = SURFACE_SIDE_STYLE ('',( #553 ) ) ;
#5057 = CARTESIAN_POINT ( 'NONE',  ( 1.920985806471937174, 0.3822382348100662464, 0.3918903402155168303 ) ) ;
#5058 = ORIENTED_EDGE ( 'NONE', *, *, #3186, .F. ) ;
#5059 = PRESENTATION_LAYER_ASSIGNMENT (  '', '', ( #8478 ) ) ;
#5060 = CARTESIAN_POINT ( 'NONE',  ( 1.781319529336187202, -1.694999999999999840, 0.4624701013908927294 ) ) ;
#5061 = VECTOR ( 'NONE', #4011, 1000.000000000000000 ) ;
#5062 = DIRECTION ( 'NONE',  ( -1.447921622090529492E-16, -1.000000000000000000, 2.498792926766732971E-16 ) ) ;
#5063 =( NAMED_UNIT ( * ) PLANE_ANGLE_UNIT ( ) SI_UNIT ( $, .RADIAN. ) );
#5064 = SURFACE_STYLE_USAGE ( .BOTH. , #560 ) ;
#5065 = DIRECTION ( 'NONE',  ( 0.000000000000000000, 0.000000000000000000, 1.000000000000000000 ) ) ;
#5066 = PRESENTATION_STYLE_ASSIGNMENT (( #8848 ) ) ;
#5067 = FILL_AREA_STYLE ('',( #9577 ) ) ;
#5068 = ORIENTED_EDGE ( 'NONE', *, *, #7349, .F. ) ;
#5069 = COLOUR_RGB ( '',1.000000000000000000, 1.000000000000000000, 1.000000000000000000 ) ;
#5070 = MECHANICAL_DESIGN_GEOMETRIC_PRESENTATION_REPRESENTATION (  '', ( #4138 ), #1041 ) ;
#5071 = CARTESIAN_POINT ( 'NONE',  ( 2.235025199989362221, -1.619999999999999885, 0.6824701013908925917 ) ) ;
#5072 = EDGE_CURVE ( 'NONE', #6833, #7789, #713, .T. ) ;
#5073 = CARTESIAN_POINT ( 'NONE',  ( 1.869979750923564943, 0.5878541878677761012, 0.2643752013445849758 ) ) ;
#5074 = ORIENTED_EDGE ( 'NONE', *, *, #1460, .F. ) ;
#5075 = ORIENTED_EDGE ( 'NONE', *, *, #7823, .F. ) ;
#5076 = CARTESIAN_POINT ( 'NONE',  ( -1.774999999999999245, -2.007500000000001616, 3.326939670848421915E-16 ) ) ;
#5077 = VECTOR ( 'NONE', #473, 1000.000000000000000 ) ;
#5078 = CARTESIAN_POINT ( 'NONE',  ( 2.394122236080193034, 0.3500000000000000333, 0.5394445853922671397 ) ) ;
#5079 = COLOUR_RGB ( '',1.000000000000000000, 1.000000000000000000, 1.000000000000000000 ) ;
#5080 =( NAMED_UNIT ( * ) PLANE_ANGLE_UNIT ( ) SI_UNIT ( $, .RADIAN. ) );
#5081 =( LENGTH_UNIT ( ) NAMED_UNIT ( * ) SI_UNIT ( .MILLI., .METRE. ) );
#5082 = AXIS2_PLACEMENT_3D ( 'NONE', #7973, #2779, #9400 ) ;
#5083 = CARTESIAN_POINT ( 'NONE',  ( 1.780853464843130451, 0.9200000000000001510, 0.4556511595524884717 ) ) ;
#5084 = ORIENTED_EDGE ( 'NONE', *, *, #6472, .T. ) ;
#5085 = CARTESIAN_POINT ( 'NONE',  ( 2.517749029844000397, 0.8475000000000000311, 0.7103050971205200348 ) ) ;
#5086 =( GEOMETRIC_REPRESENTATION_CONTEXT ( 3 ) GLOBAL_UNCERTAINTY_ASSIGNED_CONTEXT ( ( #5474 ) ) GLOBAL_UNIT_ASSIGNED_CONTEXT ( ( #746, #7432, #3700 ) ) REPRESENTATION_CONTEXT ( 'NONE', 'WORKASPACE' ) );
#5087 = FILL_AREA_STYLE ('',( #6620 ) ) ;
#5088 = VECTOR ( 'NONE', #6381, 1000.000000000000000 ) ;
#5089 = CARTESIAN_POINT ( 'NONE',  ( -2.374999999999999112, 2.107500000000000817, 0.2699999999999998512 ) ) ;
#5090 = DIRECTION ( 'NONE',  ( -0.06818941838404206368, -1.789660620253715096E-17, -0.9976723927324269159 ) ) ;
#5091 = B_SPLINE_CURVE_WITH_KNOTS ( 'NONE', 3,
 ( #7428, #4567, #1454, #4615, #2382, #5190, #8150, #3014, #1507, #800, #8305 ),
 .UNSPECIFIED., .F., .F.,
 ( 4, 1, 1, 1, 1, 1, 1, 1, 4 ),
 ( 0.000000000000000000, 0.1124483899088002947, 0.2265276752126784143, 0.3444019493260280784, 0.4658649724874587283, 0.5916594493521164511, 0.7221684870248873400, 0.8586063875549269087, 1.000000000000000000 ),
 .UNSPECIFIED. ) ;
#5092 = AXIS2_PLACEMENT_3D ( 'NONE', #5213, #4060, #324 ) ;
#5093 = EDGE_CURVE ( 'NONE', #9040, #1853, #83, .T. ) ;
#5094 = CARTESIAN_POINT ( 'NONE',  ( 1.681086225569887960, -0.3499999999999999223, 0.4624701013908926739 ) ) ;
#5095 = VECTOR ( 'NONE', #4180, 1000.000000000000000 ) ;
#5096 = CARTESIAN_POINT ( 'NONE',  ( 1.681086225569887960, 0.8450000000000001954, 0.4624701013908926739 ) ) ;
#5097 = FILL_AREA_STYLE_COLOUR ( '', #4308 ) ;
#5098 = UNCERTAINTY_MEASURE_WITH_UNIT (LENGTH_MEASURE( 1.000000000000000082E-05 ), #3336, 'distance_accuracy_value', 'NONE');
#5099 = CARTESIAN_POINT ( 'NONE',  ( 1.821768794738804154, 0.3877776894142094255, 0.1169219868470096207 ) ) ;
#5100 =( LENGTH_UNIT ( ) NAMED_UNIT ( * ) SI_UNIT ( .MILLI., .METRE. ) );
#5101 = EDGE_CURVE ( 'NONE', #9174, #5135, #34, .T. ) ;
#5102 = SURFACE_SIDE_STYLE ('',( #5815 ) ) ;
#5103 = EDGE_CURVE ( 'NONE', #7033, #6366, #1389, .T. ) ;
#5104 = STYLED_ITEM ( 'NONE', ( #5899 ), #8835 ) ;
#5105 = MECHANICAL_DESIGN_GEOMETRIC_PRESENTATION_REPRESENTATION (  '', ( #8529 ), #2161 ) ;
#5106 = CARTESIAN_POINT ( 'NONE',  ( -2.375000000000000444, -2.007499999999998508, 0.2700000000000002953 ) ) ;
#5107 = FACE_OUTER_BOUND ( 'NONE', #665, .T. ) ;
#5108 = ORIENTED_EDGE ( 'NONE', *, *, #6915, .T. ) ;
#5109 = PRESENTATION_STYLE_ASSIGNMENT (( #5288 ) ) ;
#5110 = CARTESIAN_POINT ( 'NONE',  ( 1.892349508502534139, 0.5785802008621927506, 0.3202995952920080769 ) ) ;
#5111 = CYLINDRICAL_SURFACE ( 'NONE', #9350, 0.2000000000000000944 ) ;
#5112 = UNCERTAINTY_MEASURE_WITH_UNIT (LENGTH_MEASURE( 1.000000000000000082E-05 ), #5254, 'distance_accuracy_value', 'NONE');
#5113 = CARTESIAN_POINT ( 'NONE',  ( 1.835041569346579582, -0.3090017572541753355, 0.1501039233664480388 ) ) ;
#5114 = DIRECTION ( 'NONE',  ( 1.447921622090529492E-16, 1.000000000000000000, -2.498792926766732971E-16 ) ) ;
#5115 = LINE ( 'NONE', #3513, #2830 ) ;
#5116 = FACE_OUTER_BOUND ( 'NONE', #7822, .T. ) ;
#5117 = CARTESIAN_POINT ( 'NONE',  ( 1.893720740476607878, -0.1488567948748908965, 0.2968018511915195834 ) ) ;
#5118 = VERTEX_POINT ( 'NONE', #8172 ) ;
#5119 = EDGE_CURVE ( 'NONE', #3507, #8538, #139, .T. ) ;
#5120 = SURFACE_SIDE_STYLE ('',( #9581 ) ) ;
#5121 = CARTESIAN_POINT ( 'NONE',  ( 1.930542506889423304, 0.5048385250052412898, 0.3888562672235587048 ) ) ;
#5122 = ORIENTED_EDGE ( 'NONE', *, *, #9262, .F. ) ;
#5123 = ORIENTED_EDGE ( 'NONE', *, *, #3786, .F. ) ;
#5124 = ORIENTED_EDGE ( 'NONE', *, *, #3762, .F. ) ;
#5125 = MECHANICAL_DESIGN_GEOMETRIC_PRESENTATION_REPRESENTATION (  '', ( #8395 ), #6976 ) ;
#5126 = VERTEX_POINT ( 'NONE', #5847 ) ;
#5127 = PRESENTATION_STYLE_ASSIGNMENT (( #2160 ) ) ;
#5128 = PLANE ( 'NONE',  #9280 ) ;
#5129 =( LENGTH_UNIT ( ) NAMED_UNIT ( * ) SI_UNIT ( .MILLI., .METRE. ) );
#5130 = CARTESIAN_POINT ( 'NONE',  ( 1.814132545935595697, 0.3719400464255406269, 0.1247571888746616259 ) ) ;
#5131 = UNCERTAINTY_MEASURE_WITH_UNIT (LENGTH_MEASURE( 1.000000000000000082E-05 ), #8013, 'distance_accuracy_value', 'NONE');
#5132 =( LENGTH_UNIT ( ) NAMED_UNIT ( * ) SI_UNIT ( .MILLI., .METRE. ) );
#5133 = CARTESIAN_POINT ( 'NONE',  ( 1.812169338668674579, 0.001973852501922329118, 0.1198491707073576495 ) ) ;
#5134 =( NAMED_UNIT ( * ) SI_UNIT ( $, .STERADIAN. ) SOLID_ANGLE_UNIT ( ) );
#5135 = VERTEX_POINT ( 'NONE', #4357 ) ;
#5136 = LINE ( 'NONE', #3583, #304 ) ;
#5137 = SURFACE_STYLE_FILL_AREA ( #8640 ) ;
#5138 = CARTESIAN_POINT ( 'NONE',  ( 1.882911597786516067, 0.5437003175297734359, 0.2967048185019620088 ) ) ;
#5139 = COLOUR_RGB ( '',1.000000000000000000, 1.000000000000000000, 1.000000000000000000 ) ;
#5140 = CARTESIAN_POINT ( 'NONE',  ( 1.888010124031781256, -0.1522925754920230745, 0.2825253100794518635 ) ) ;
#5141 = CARTESIAN_POINT ( 'NONE',  ( 1.892335374906084056, -0.2493218792053948363, 0.3202642613008832573 ) ) ;
#5142 = DIRECTION ( 'NONE',  ( -1.488806659628715785E-32, -1.117179326706309308E-16, -1.000000000000000000 ) ) ;
#5143 = CARTESIAN_POINT ( 'NONE',  ( 1.825756802437726867, -0.3090017572541753355, 0.1538178301299890360 ) ) ;
#5144 = CARTESIAN_POINT ( 'NONE',  ( 1.502272727272729425, 1.977272727272729513, 1.681818181818180102 ) ) ;
#5145 = PLANE ( 'NONE',  #1633 ) ;
#5146 = FILL_AREA_STYLE_COLOUR ( '', #2064 ) ;
#5147 = ORIENTED_EDGE ( 'NONE', *, *, #4755, .T. ) ;
#5148 = CARTESIAN_POINT ( 'NONE',  ( 1.860507637460958597, -0.1544766134468990304, 0.2406949176880700259 ) ) ;
#5149 = CARTESIAN_POINT ( 'NONE',  ( 0.3017393217012238060, -1.799775028121500808, 0.9899999999999999911 ) ) ;
#5150 = STYLED_ITEM ( 'NONE', ( #3124 ), #3923 ) ;
#5151 = FACE_OUTER_BOUND ( 'NONE', #7481, .T. ) ;
#5152 = CARTESIAN_POINT ( 'NONE',  ( 1.835835756970323418, -0.3086617772668205917, 0.1520893924258082119 ) ) ;
#5153 = CARTESIAN_POINT ( 'NONE',  ( 1.871055757149018062, -0.1142953091791326092, 0.2401393928725442939 ) ) ;
#5154 = LINE ( 'NONE', #5878, #7218 ) ;
#5155 = DIRECTION ( 'NONE',  ( 1.447921622090529492E-16, 1.000000000000000000, -2.498792926766732971E-16 ) ) ;
#5156 = SURFACE_SIDE_STYLE ('',( #6598 ) ) ;
#5157 = ORIENTED_EDGE ( 'NONE', *, *, #6631, .F. ) ;
#5158 = DIRECTION ( 'NONE',  ( -1.447921622090529492E-16, -1.000000000000000000, 2.498792926766732971E-16 ) ) ;
#5159 = DIRECTION ( 'NONE',  ( -1.000000000000000000, 2.369136632905468679E-16, -1.157943808795868639E-32 ) ) ;
#5160 = ORIENTED_EDGE ( 'NONE', *, *, #6524, .F. ) ;
#5161 = ORIENTED_EDGE ( 'NONE', *, *, #9390, .F. ) ;
#5162 = EDGE_LOOP ( 'NONE', ( #7340, #7483, #4204, #8422 ) ) ;
#5163 = ORIENTED_EDGE ( 'NONE', *, *, #481, .T. ) ;
#5164 =( NAMED_UNIT ( * ) SI_UNIT ( $, .STERADIAN. ) SOLID_ANGLE_UNIT ( ) );
#5165 = LINE ( 'NONE', #2800, #8020 ) ;
#5166 = CARTESIAN_POINT ( 'NONE',  ( 1.821768794738804154, 0.3877776894142094255, 0.1169219868470096069 ) ) ;
#5167 = STYLED_ITEM ( 'NONE', ( #7273 ), #9330 ) ;
#5168 =( NAMED_UNIT ( * ) PLANE_ANGLE_UNIT ( ) SI_UNIT ( $, .RADIAN. ) );
#5169 = STYLED_ITEM ( 'NONE', ( #8872 ), #368 ) ;
#5170 = ORIENTED_EDGE ( 'NONE', *, *, #8719, .T. ) ;
#5171 = DIRECTION ( 'NONE',  ( 0.000000000000000000, -1.000000000000000000, 0.000000000000000000 ) ) ;
#5172 = CARTESIAN_POINT ( 'NONE',  ( 1.812169338668674579, 0.1524883342092393790, 0.1198491707073576495 ) ) ;
#5173 = LINE ( 'NONE', #1200, #3990 ) ;
#5174 =( LENGTH_UNIT ( ) NAMED_UNIT ( * ) SI_UNIT ( .MILLI., .METRE. ) );
#5175 = VECTOR ( 'NONE', #9292, 1000.000000000000000 ) ;
#5176 =( GEOMETRIC_REPRESENTATION_CONTEXT ( 3 ) GLOBAL_UNCERTAINTY_ASSIGNED_CONTEXT ( ( #2108 ) ) GLOBAL_UNIT_ASSIGNED_CONTEXT ( ( #3788, #4569, #1904 ) ) REPRESENTATION_CONTEXT ( 'NONE', 'WORKASPACE' ) );
#5177 = VECTOR ( 'NONE', #5960, 1000.000000000000000 ) ;
#5178 = LINE ( 'NONE', #8049, #8680 ) ;
#5179 = SURFACE_STYLE_FILL_AREA ( #880 ) ;
#5180 = ORIENTED_EDGE ( 'NONE', *, *, #1178, .F. ) ;
#5181 = PRESENTATION_STYLE_ASSIGNMENT (( #2227 ) ) ;
#5182 = UNCERTAINTY_MEASURE_WITH_UNIT (LENGTH_MEASURE( 1.000000000000000082E-05 ), #6873, 'distance_accuracy_value', 'NONE');
#5183 = CARTESIAN_POINT ( 'NONE',  ( -2.775000000000000355, -2.107499999999998597, 0.2700000000000002953 ) ) ;
#5184 = MECHANICAL_DESIGN_GEOMETRIC_PRESENTATION_REPRESENTATION (  '', ( #87 ), #3792 ) ;
#5185 = CARTESIAN_POINT ( 'NONE',  ( 1.892335374906084056, -0.3732548060346631003, 0.3202642613008832573 ) ) ;
#5186 =( GEOMETRIC_REPRESENTATION_CONTEXT ( 3 ) GLOBAL_UNCERTAINTY_ASSIGNED_CONTEXT ( ( #2305 ) ) GLOBAL_UNIT_ASSIGNED_CONTEXT ( ( #372, #2689, #4874 ) ) REPRESENTATION_CONTEXT ( 'NONE', 'WORKASPACE' ) );
#5187 = CARTESIAN_POINT ( 'NONE',  ( 1.841814915446293499, 0.5082951576310625885, 0.1670372886157324710 ) ) ;
#5188 = ORIENTED_EDGE ( 'NONE', *, *, #3291, .F. ) ;
#5189 = CARTESIAN_POINT ( 'NONE',  ( 1.812304419837221348, -0.01434432645197365221, 0.1201868736287257239 ) ) ;
#5190 = CARTESIAN_POINT ( 'NONE',  ( 1.923209622331227608, 0.4018808984307502552, 0.3974498798637424724 ) ) ;
#5191 = FILL_AREA_STYLE_COLOUR ( '', #2191 ) ;
#5192 = UNCERTAINTY_MEASURE_WITH_UNIT (LENGTH_MEASURE( 1.000000000000000082E-05 ), #8042, 'distance_accuracy_value', 'NONE');
#5193 = CARTESIAN_POINT ( 'NONE',  ( -2.774999999999999467, 2.007500000000001616, -1.158535325877412554E-16 ) ) ;
#5194 = CARTESIAN_POINT ( 'NONE',  ( 1.850255364948583559, -0.09675102867341718593, 0.1881384123714587020 ) ) ;
#5195 =( GEOMETRIC_REPRESENTATION_CONTEXT ( 3 ) GLOBAL_UNCERTAINTY_ASSIGNED_CONTEXT ( ( #1696 ) ) GLOBAL_UNIT_ASSIGNED_CONTEXT ( ( #320, #2544, #4104 ) ) REPRESENTATION_CONTEXT ( 'NONE', 'WORKASPACE' ) );
#5196 = FILL_AREA_STYLE_COLOUR ( '', #5079 ) ;
#5197 = CARTESIAN_POINT ( 'NONE',  ( 2.483214825035667594, -0.4225000000000000422, 0.2050386854289296401 ) ) ;
#5198 = AXIS2_PLACEMENT_3D ( 'NONE', #6110, #6162, #401 ) ;
#5199 = CARTESIAN_POINT ( 'NONE',  ( 1.908062368787740049, -0.1102850454782583201, 0.3595817460050248493 ) ) ;
#5200 = ORIENTED_EDGE ( 'NONE', *, *, #5912, .T. ) ;
#5201 = PRESENTATION_LAYER_ASSIGNMENT (  '', '', ( #1035 ) ) ;
#5202 = VECTOR ( 'NONE', #7962, 1000.000000000000227 ) ;
#5203 = MECHANICAL_DESIGN_GEOMETRIC_PRESENTATION_REPRESENTATION (  '', ( #1483 ), #5195 ) ;
#5204 = CARTESIAN_POINT ( 'NONE',  ( 1.892335374906084056, -0.2493218792053948363, 0.3202642613008832573 ) ) ;
#5205 = VERTEX_POINT ( 'NONE', #822 ) ;
#5206 = ADVANCED_FACE ( 'NONE', ( #9011 ), #2355, .F. ) ;
#5207 = VERTEX_POINT ( 'NONE', #9203 ) ;
#5208 = ORIENTED_EDGE ( 'NONE', *, *, #890, .F. ) ;
#5209 = ORIENTED_EDGE ( 'NONE', *, *, #5857, .T. ) ;
#5210 = AXIS2_PLACEMENT_3D ( 'NONE', #1445, #789, #3003 ) ;
#5211 = CARTESIAN_POINT ( 'NONE',  ( 1.125000000000000666, 1.599999999999999645, 0.2700000000000000178 ) ) ;
#5212 = CARTESIAN_POINT ( 'NONE',  ( 1.801604165149131243, -0.8449999999999998623, 0.7592525293217020632 ) ) ;
#5213 = CARTESIAN_POINT ( 'NONE',  ( 2.037248960451289115, -0.3499999999999999778, 0.3024701013908925873 ) ) ;
#5214 = UNCERTAINTY_MEASURE_WITH_UNIT (LENGTH_MEASURE( 1.000000000000000082E-05 ), #6635, 'distance_accuracy_value', 'NONE');
#5215 =( NAMED_UNIT ( * ) SI_UNIT ( $, .STERADIAN. ) SOLID_ANGLE_UNIT ( ) );
#5216 = CARTESIAN_POINT ( 'NONE',  ( 2.440731734960332133, 0.3500000000000000333, 0.1025869392388689683 ) ) ;
#5217 =( GEOMETRIC_REPRESENTATION_CONTEXT ( 3 ) GLOBAL_UNCERTAINTY_ASSIGNED_CONTEXT ( ( #5389 ) ) GLOBAL_UNIT_ASSIGNED_CONTEXT ( ( #3818, #2819, #4325 ) ) REPRESENTATION_CONTEXT ( 'NONE', 'WORKASPACE' ) );
#5218 = STYLED_ITEM ( 'NONE', ( #81 ), #4275 ) ;
#5219 = PLANE ( 'NONE',  #7542 ) ;
#5220 = ORIENTED_EDGE ( 'NONE', *, *, #1073, .F. ) ;
#5221 = EDGE_CURVE ( 'NONE', #7515, #9587, #8333, .T. ) ;
#5222 = EDGE_CURVE ( 'NONE', #4245, #6483, #962, .T. ) ;
#5223 = CARTESIAN_POINT ( 'NONE',  ( -2.775000000000000355, -2.007499999999998952, 0.2700000000000002953 ) ) ;
#5224 = CARTESIAN_POINT ( 'NONE',  ( 1.911357824182757570, 0.04639077323362962579, 0.3678203844925673760 ) ) ;
#5225 =( GEOMETRIC_REPRESENTATION_CONTEXT ( 3 ) GLOBAL_UNCERTAINTY_ASSIGNED_CONTEXT ( ( #6734 ) ) GLOBAL_UNIT_ASSIGNED_CONTEXT ( ( #6238, #291, #3250 ) ) REPRESENTATION_CONTEXT ( 'NONE', 'WORKASPACE' ) );
#5226 =( GEOMETRIC_REPRESENTATION_CONTEXT ( 3 ) GLOBAL_UNCERTAINTY_ASSIGNED_CONTEXT ( ( #1122 ) ) GLOBAL_UNIT_ASSIGNED_CONTEXT ( ( #3099, #2993, #3037 ) ) REPRESENTATION_CONTEXT ( 'NONE', 'WORKASPACE' ) );
#5227 = COLOUR_RGB ( '',1.000000000000000000, 1.000000000000000000, 1.000000000000000000 ) ;
#5228 = FACE_OUTER_BOUND ( 'NONE', #3965, .T. ) ;
#5229 = AXIS2_PLACEMENT_3D ( 'NONE', #405, #1903, #7132 ) ;
#5230 = EDGE_CURVE ( 'NONE', #6218, #8271, #9047, .T. ) ;
#5231 = CARTESIAN_POINT ( 'NONE',  ( 1.681086225569887960, 0.8450000000000001954, 0.4624701013908926739 ) ) ;
#5232 = ORIENTED_EDGE ( 'NONE', *, *, #5222, .T. ) ;
#5233 = PRESENTATION_LAYER_ASSIGNMENT (  '', '', ( #591 ) ) ;
#5234 =( NAMED_UNIT ( * ) SI_UNIT ( $, .STERADIAN. ) SOLID_ANGLE_UNIT ( ) );
#5235 = EDGE_CURVE ( 'NONE', #8114, #714, #6956, .T. ) ;
#5236 = DIRECTION ( 'NONE',  ( 1.000000000000000000, 0.000000000000000000, 0.000000000000000000 ) ) ;
#5237 = SURFACE_STYLE_FILL_AREA ( #4599 ) ;
#5238 = ORIENTED_EDGE ( 'NONE', *, *, #2613, .F. ) ;
#5239 = CARTESIAN_POINT ( 'NONE',  ( 1.869066843201581563, 0.5476102854287516752, 0.2620929320396269135 ) ) ;
#5240 = CARTESIAN_POINT ( 'NONE',  ( 2.461382810556700385, -0.9200000000000000400, -0.1143832811983292869 ) ) ;
#5241 = VECTOR ( 'NONE', #6214, 1000.000000000000000 ) ;
#5242 = EDGE_CURVE ( 'NONE', #140, #1427, #916, .T. ) ;
#5243 = EDGE_CURVE ( 'NONE', #3418, #5580, #4779, .T. ) ;
#5244 = SURFACE_STYLE_FILL_AREA ( #8196 ) ;
#5245 = VECTOR ( 'NONE', #6439, 1000.000000000000000 ) ;
#5246 = SURFACE_SIDE_STYLE ('',( #3693 ) ) ;
#5247 = COLOUR_RGB ( '',1.000000000000000000, 1.000000000000000000, 1.000000000000000000 ) ;
#5248 = DIRECTION ( 'NONE',  ( -0.06818941838404175837, -1.789660620253720026E-17, -0.9976723927324270269 ) ) ;
#5249 = EDGE_LOOP ( 'NONE', ( #7661, #854, #3610, #3132 ) ) ;
#5250 =( LENGTH_UNIT ( ) NAMED_UNIT ( * ) SI_UNIT ( .MILLI., .METRE. ) );
#5251 = CARTESIAN_POINT ( 'NONE',  ( 1.866650230661137000, 0.5854422027189538635, 0.2291255766528408067 ) ) ;
#5252 = CARTESIAN_POINT ( 'NONE',  ( 2.241557824824784273, 0.3500000000000000333, -0.1043130896826914844 ) ) ;
#5253 = PRESENTATION_STYLE_ASSIGNMENT (( #8889 ) ) ;
#5254 =( LENGTH_UNIT ( ) NAMED_UNIT ( * ) SI_UNIT ( .MILLI., .METRE. ) );
#5255 = COLOUR_RGB ( '',1.000000000000000000, 1.000000000000000000, 1.000000000000000000 ) ;
#5256 = CARTESIAN_POINT ( 'NONE',  ( 1.866476732920606008, -0.1548287389614922960, 0.2556176563371878041 ) ) ;
#5257 = ORIENTED_EDGE ( 'NONE', *, *, #8656, .T. ) ;
#5258 = STYLED_ITEM ( 'NONE', ( #9599 ), #5972 ) ;
#5259 = DIRECTION ( 'NONE',  ( 0.3515846998101371246, 0.3222024856061130871, 0.8789617495253465584 ) ) ;
#5260 = EDGE_LOOP ( 'NONE', ( #2540, #3750, #3797, #2539, #4592, #8524 ) ) ;
#5261 = VECTOR ( 'NONE', #9206, 999.9999999999998863 ) ;
#5262 = ORIENTED_EDGE ( 'NONE', *, *, #1653, .T. ) ;
#5263 = ORIENTED_EDGE ( 'NONE', *, *, #7638, .T. ) ;
#5264 = CARTESIAN_POINT ( 'NONE',  ( 1.577669998408546048, -0.4249999999999999334, 0.7745580952545570996 ) ) ;
#5265 = EDGE_LOOP ( 'NONE', ( #4740, #236, #7406, #4161, #6962, #4076, #1322, #7151, #2325, #6254 ) ) ;
#5266 = VECTOR ( 'NONE', #7957, 1000.000000000000114 ) ;
#5267 = FILL_AREA_STYLE ('',( #6748 ) ) ;
#5268 = PRESENTATION_STYLE_ASSIGNMENT (( #8228 ) ) ;
#5269 = VERTEX_POINT ( 'NONE', #1100 ) ;
#5270 = MECHANICAL_DESIGN_GEOMETRIC_PRESENTATION_REPRESENTATION (  '', ( #8687 ), #4809 ) ;
#5271 = EDGE_CURVE ( 'NONE', #8857, #2822, #2459, .T. ) ;
#5272 = CARTESIAN_POINT ( 'NONE',  ( 1.921964447446121049, 0.4455382208589459547, 0.3674111186153046771 ) ) ;
#5273 = PRESENTATION_STYLE_ASSIGNMENT (( #1731 ) ) ;
#5274 = EDGE_CURVE ( 'NONE', #9166, #2321, #4914, .T. ) ;
#5275 = VECTOR ( 'NONE', #1584, 1000.000000000000000 ) ;
#5276 = PRESENTATION_LAYER_ASSIGNMENT (  '', '', ( #12 ) ) ;
#5277 = ORIENTED_EDGE ( 'NONE', *, *, #793, .T. ) ;
#5278 = FILL_AREA_STYLE_COLOUR ( '', #5247 ) ;
#5279 = ORIENTED_EDGE ( 'NONE', *, *, #9439, .T. ) ;
#5280 = DIRECTION ( 'NONE',  ( -1.488806659628715785E-32, -1.117179326706309308E-16, -1.000000000000000000 ) ) ;
#5281 = ORIENTED_EDGE ( 'NONE', *, *, #2241, .T. ) ;
#5282 =( NAMED_UNIT ( * ) SI_UNIT ( $, .STERADIAN. ) SOLID_ANGLE_UNIT ( ) );
#5283 = UNCERTAINTY_MEASURE_WITH_UNIT (LENGTH_MEASURE( 1.000000000000000082E-05 ), #9024, 'distance_accuracy_value', 'NONE');
#5284 = FILL_AREA_STYLE_COLOUR ( '', #6585 ) ;
#5285 = DIRECTION ( 'NONE',  ( -1.000000000000000000, 2.369136632905469172E-16, -1.157943808795868913E-32 ) ) ;
#5286 = ORIENTED_EDGE ( 'NONE', *, *, #2236, .T. ) ;
#5287 = PLANE ( 'NONE',  #2577 ) ;
#5288 = SURFACE_STYLE_USAGE ( .BOTH. , #8930 ) ;
#5289 = CARTESIAN_POINT ( 'NONE',  ( 1.833569594104932143, -0.3041999279858826899, 0.1733498092980021443 ) ) ;
#5290 = UNCERTAINTY_MEASURE_WITH_UNIT (LENGTH_MEASURE( 1.000000000000000082E-05 ), #8480, 'distance_accuracy_value', 'NONE');
#5291 = CARTESIAN_POINT ( 'NONE',  ( 1.842347066681906398, -0.3046592002835658564, 0.1683676667047651065 ) ) ;
#5292 = FACE_OUTER_BOUND ( 'NONE', #5448, .T. ) ;
#5293 = SURFACE_SIDE_STYLE ('',( #6789 ) ) ;
#5294 = DIRECTION ( 'NONE',  ( 1.000000000000000000, -2.652696298084526771E-16, -1.249000902703300861E-16 ) ) ;
#5295 = ORIENTED_EDGE ( 'NONE', *, *, #6043, .T. ) ;
#5296 = LINE ( 'NONE', #7671, #6794 ) ;
#5297 = CARTESIAN_POINT ( 'NONE',  ( 1.932871308483757433, 0.005060742745824760476, 0.3946782712093946377 ) ) ;
#5298 = ORIENTED_EDGE ( 'NONE', *, *, #7617, .F. ) ;
#5299 = VERTEX_POINT ( 'NONE', #7683 ) ;
#5300 = ORIENTED_EDGE ( 'NONE', *, *, #2683, .F. ) ;
#5301 = SURFACE_STYLE_FILL_AREA ( #6744 ) ;
#5302 = ORIENTED_EDGE ( 'NONE', *, *, #1355, .F. ) ;
#5303 = LINE ( 'NONE', #1523, #5968 ) ;
#5304 =( NAMED_UNIT ( * ) PLANE_ANGLE_UNIT ( ) SI_UNIT ( $, .RADIAN. ) );
#5305 =( NAMED_UNIT ( * ) PLANE_ANGLE_UNIT ( ) SI_UNIT ( $, .RADIAN. ) );
#5306 = DIRECTION ( 'NONE',  ( 0.000000000000000000, -1.000000000000000000, 0.000000000000000000 ) ) ;
#5307 = VECTOR ( 'NONE', #2598, 1000.000000000000114 ) ;
#5308 = LINE ( 'NONE', #7002, #731 ) ;
#5309 = ORIENTED_EDGE ( 'NONE', *, *, #189, .F. ) ;
#5310 =( NAMED_UNIT ( * ) SI_UNIT ( $, .STERADIAN. ) SOLID_ANGLE_UNIT ( ) );
#5311 = CARTESIAN_POINT ( 'NONE',  ( 2.411354963226314929, 0.3500000000000000333, 0.3779271093683748695 ) ) ;
#5312 = CARTESIAN_POINT ( 'NONE',  ( 2.483214825035667594, 1.620000000000000107, 0.2050386854289296956 ) ) ;
#5313 = PRODUCT_DEFINITION_SHAPE ( 'NONE', 'NONE',  #5001 ) ;
#5314 = PRESENTATION_LAYER_ASSIGNMENT (  '', '', ( #5928 ) ) ;
#5315 = ORIENTED_EDGE ( 'NONE', *, *, #3778, .T. ) ;
#5316 =( GEOMETRIC_REPRESENTATION_CONTEXT ( 3 ) GLOBAL_UNCERTAINTY_ASSIGNED_CONTEXT ( ( #550 ) ) GLOBAL_UNIT_ASSIGNED_CONTEXT ( ( #1125, #7067, #3404 ) ) REPRESENTATION_CONTEXT ( 'NONE', 'WORKASPACE' ) );
#5317 = DIRECTION ( 'NONE',  ( 0.9284766908852604139, -0.000000000000000000, -0.3713906763541007794 ) ) ;
#5318 = EDGE_CURVE ( 'NONE', #9353, #4401, #5308, .T. ) ;
#5319 =( GEOMETRIC_REPRESENTATION_CONTEXT ( 3 ) GLOBAL_UNCERTAINTY_ASSIGNED_CONTEXT ( ( #6826 ) ) GLOBAL_UNIT_ASSIGNED_CONTEXT ( ( #7915, #4266, #8827 ) ) REPRESENTATION_CONTEXT ( 'NONE', 'WORKASPACE' ) );
#5320 =( LENGTH_UNIT ( ) NAMED_UNIT ( * ) SI_UNIT ( .MILLI., .METRE. ) );
#5321 = EDGE_LOOP ( 'NONE', ( #5300, #9317, #8200, #8116, #858, #2165, #4068, #7800 ) ) ;
#5322 = LINE ( 'NONE', #3878, #6547 ) ;
#5323 = ADVANCED_FACE ( 'NONE', ( #3328 ), #6853, .F. ) ;
#5324 = B_SPLINE_CURVE_WITH_KNOTS ( 'NONE', 3,
 ( #5113, #5152, #3016, #9575, #2237, #5291, #4422 ),
 .UNSPECIFIED., .F., .F.,
 ( 4, 1, 1, 1, 4 ),
 ( 0.000000000000000000, 0.3005748677701809424, 0.5683474126119628655, 0.8000111549537444189, 1.000000000000000000 ),
 .UNSPECIFIED. ) ;
#5325 = FACE_OUTER_BOUND ( 'NONE', #1823, .T. ) ;
#5326 = MECHANICAL_DESIGN_GEOMETRIC_PRESENTATION_REPRESENTATION (  '', ( #2848 ), #233 ) ;
#5327 = CARTESIAN_POINT ( 'NONE',  ( 1.833569594104932143, -0.3041999279858826899, 0.1733498092980021443 ) ) ;
#5328 = FILL_AREA_STYLE ('',( #4749 ) ) ;
#5329 = FILL_AREA_STYLE_COLOUR ( '', #8142 ) ;
#5330 = EDGE_CURVE ( 'NONE', #7113, #1682, #2601, .T. ) ;
#5331 = FILL_AREA_STYLE ('',( #8980 ) ) ;
#5332 =( NAMED_UNIT ( * ) PLANE_ANGLE_UNIT ( ) SI_UNIT ( $, .RADIAN. ) );
#5333 = ORIENTED_EDGE ( 'NONE', *, *, #8016, .F. ) ;
#5334 = PRESENTATION_STYLE_ASSIGNMENT (( #8928 ) ) ;
#5335 = CARTESIAN_POINT ( 'NONE',  ( 1.933392887477723754, 0.4774987331228205956, 0.3959822186943098843 ) ) ;
#5336 = CARTESIAN_POINT ( 'NONE',  ( 1.855207193354832640, 0.5774163431243485300, 0.2005179833870792960 ) ) ;
#5337 = PLANE ( 'NONE',  #2389 ) ;
#5338 = CARTESIAN_POINT ( 'NONE',  ( 1.833779163350512498, -0.01046229957547524514, 0.1469479083762806615 ) ) ;
#5339 = SURFACE_STYLE_USAGE ( .BOTH. , #5293 ) ;
#5340 = FILL_AREA_STYLE ('',( #4623 ) ) ;
#5341 = ORIENTED_EDGE ( 'NONE', *, *, #6195, .T. ) ;
#5342 = PRESENTATION_LAYER_ASSIGNMENT (  '', '', ( #87 ) ) ;
#5344 = FILL_AREA_STYLE ('',( #2896 ) ) ;
#5343 = PLANE ( 'NONE',  #2168 ) ;
#5345 = VERTEX_POINT ( 'NONE', #1963 ) ;
#5346 = EDGE_LOOP ( 'NONE', ( #4845, #5315, #9034, #4973 ) ) ;
#5347 = ORIENTED_EDGE ( 'NONE', *, *, #7524, .T. ) ;
#5348 = FACE_OUTER_BOUND ( 'NONE', #4745, .T. ) ;
#5349 = ORIENTED_EDGE ( 'NONE', *, *, #8372, .F. ) ;
#5350 = CARTESIAN_POINT ( 'NONE',  ( 2.517749029844000397, 2.189999999999999947, 0.7103050971205200348 ) ) ;
#5351 = DIRECTION ( 'NONE',  ( 1.447921622090529492E-16, 1.000000000000000000, -2.498792926766732971E-16 ) ) ;
#5352 = LINE ( 'NONE', #3856, #2491 ) ;
#5353 = DIRECTION ( 'NONE',  ( -0.06818941838404181388, -1.789660620253718485E-17, -0.9976723927324270269 ) ) ;
#5354 =( NAMED_UNIT ( * ) SI_UNIT ( $, .STERADIAN. ) SOLID_ANGLE_UNIT ( ) );
#5355 = DIRECTION ( 'NONE',  ( 3.608224830031759249E-16, 1.000000000000000000, -1.117179326706309062E-16 ) ) ;
#5356 = ORIENTED_EDGE ( 'NONE', *, *, #5995, .T. ) ;
#5357 = EDGE_CURVE ( 'NONE', #6742, #9197, #5746, .T. ) ;
#5358 = VECTOR ( 'NONE', #1998, 1000.000000000000114 ) ;
#5359 =( GEOMETRIC_REPRESENTATION_CONTEXT ( 3 ) GLOBAL_UNCERTAINTY_ASSIGNED_CONTEXT ( ( #4601 ) ) GLOBAL_UNIT_ASSIGNED_CONTEXT ( ( #1288, #7196, #6562 ) ) REPRESENTATION_CONTEXT ( 'NONE', 'WORKASPACE' ) );
#5360 = SURFACE_SIDE_STYLE ('',( #9250 ) ) ;
#5361 = VERTEX_POINT ( 'NONE', #1321 ) ;
#5362 = ORIENTED_EDGE ( 'NONE', *, *, #2319, .T. ) ;
#5363 = SURFACE_STYLE_USAGE ( .BOTH. , #2219 ) ;
#5364 = CARTESIAN_POINT ( 'NONE',  ( 2.235025199989362221, -0.3499999999999999778, 0.5224701013908925606 ) ) ;
#5365 = COLOUR_RGB ( '',1.000000000000000000, 1.000000000000000000, 1.000000000000000000 ) ;
#5366 = CARTESIAN_POINT ( 'NONE',  ( 1.914111551829253521, -0.06618890234083459057, 0.3477788795731346361 ) ) ;
#5367 = AXIS2_PLACEMENT_3D ( 'NONE', #3759, #7594, #5306 ) ;
#5368 = ORIENTED_EDGE ( 'NONE', *, *, #3291, .T. ) ;
#5369 = VECTOR ( 'NONE', #2553, 1000.000000000000000 ) ;
#5370 = MECHANICAL_DESIGN_GEOMETRIC_PRESENTATION_REPRESENTATION (  '', ( #3056 ), #9425 ) ;
#5371 = ORIENTED_EDGE ( 'NONE', *, *, #1102, .F. ) ;
#5372 =( LENGTH_UNIT ( ) NAMED_UNIT ( * ) SI_UNIT ( .MILLI., .METRE. ) );
#5373 =( LENGTH_UNIT ( ) NAMED_UNIT ( * ) SI_UNIT ( .MILLI., .METRE. ) );
#5374 = UNCERTAINTY_MEASURE_WITH_UNIT (LENGTH_MEASURE( 1.000000000000000082E-05 ), #732, 'distance_accuracy_value', 'NONE');
#5375 = LINE ( 'NONE', #6104, #1661 ) ;
#5376 = FACE_OUTER_BOUND ( 'NONE', #476, .T. ) ;
#5377 = VECTOR ( 'NONE', #1539, 1000.000000000000000 ) ;
#5378 = VECTOR ( 'NONE', #7102, 1000.000000000000000 ) ;
#5379 = EDGE_CURVE ( 'NONE', #6526, #617, #4156, .T. ) ;
#5380 = CARTESIAN_POINT ( 'NONE',  ( 1.812169338668674579, 0.3061468707946052303, 0.1198491707073576495 ) ) ;
#5381 = COLOUR_RGB ( '',1.000000000000000000, 1.000000000000000000, 1.000000000000000000 ) ;
#5382 = CARTESIAN_POINT ( 'NONE',  ( 1.911357824182757570, 0.2659029683555808043, 0.3678203844925673760 ) ) ;
#5383 = LINE ( 'NONE', #8362, #6697 ) ;
#5384 = EDGE_LOOP ( 'NONE', ( #4732, #1379, #4430, #1047 ) ) ;
#5385 = SURFACE_STYLE_FILL_AREA ( #1081 ) ;
#5386 = ADVANCED_FACE ( 'NONE', ( #4289 ), #2056, .F. ) ;
#5387 = VECTOR ( 'NONE', #5828, 1000.000000000000000 ) ;
#5388 = PLANE ( 'NONE',  #8861 ) ;
#5389 = UNCERTAINTY_MEASURE_WITH_UNIT (LENGTH_MEASURE( 1.000000000000000082E-05 ), #3818, 'distance_accuracy_value', 'NONE');
#5390 =( NAMED_UNIT ( * ) PLANE_ANGLE_UNIT ( ) SI_UNIT ( $, .RADIAN. ) );
#5391 =( LENGTH_UNIT ( ) NAMED_UNIT ( * ) SI_UNIT ( .MILLI., .METRE. ) );
#5392 = EDGE_CURVE ( 'NONE', #2515, #3025, #7548, .T. ) ;
#5393 = VECTOR ( 'NONE', #4976, 1000.000000000000114 ) ;
#5394 = DIRECTION ( 'NONE',  ( 0.000000000000000000, -1.000000000000000000, 0.000000000000000000 ) ) ;
#5395 = COLOUR_RGB ( '',1.000000000000000000, 1.000000000000000000, 1.000000000000000000 ) ;
#5397 = SURFACE_SIDE_STYLE ('',( #220 ) ) ;
#5396 = CARTESIAN_POINT ( 'NONE',  ( 2.739492600163652813, 1.620000000000000107, 0.4129369826212098138 ) ) ;
#5398 = ORIENTED_EDGE ( 'NONE', *, *, #9443, .F. ) ;
#5399 = ORIENTED_EDGE ( 'NONE', *, *, #5274, .T. ) ;
#5400 = VERTEX_POINT ( 'NONE', #9312 ) ;
#5401 = DIRECTION ( 'NONE',  ( -1.447921622090529492E-16, -1.000000000000000000, 2.498792926766732971E-16 ) ) ;
#5402 = VERTEX_POINT ( 'NONE', #565 ) ;
#5403 = SURFACE_STYLE_USAGE ( .BOTH. , #3285 ) ;
#5404 = CARTESIAN_POINT ( 'NONE',  ( 0.3017393217012238060, -1.799775028121500808, 1.000000000000000000 ) ) ;
#5405 = AXIS2_PLACEMENT_3D ( 'NONE', #6749, #3088, #4580 ) ;
#5406 = PRESENTATION_STYLE_ASSIGNMENT (( #3087 ) ) ;
#5407 = STYLED_ITEM ( 'NONE', ( #2806 ), #8825 ) ;
#5408 = CARTESIAN_POINT ( 'NONE',  ( 1.869979750923564943, 0.5878541878677761012, 0.2643752013445849758 ) ) ;
#5409 = SURFACE_STYLE_USAGE ( .BOTH. , #3909 ) ;
#5410 = MECHANICAL_DESIGN_GEOMETRIC_PRESENTATION_REPRESENTATION (  '', ( #6629 ), #4951 ) ;
#5411 =( NAMED_UNIT ( * ) SI_UNIT ( $, .STERADIAN. ) SOLID_ANGLE_UNIT ( ) );
#5412 = CARTESIAN_POINT ( 'NONE',  ( 2.739492600163652813, -1.692499999999999893, 0.4129369826212097028 ) ) ;
#5413 = EDGE_CURVE ( 'NONE', #4385, #9120, #5024, .T. ) ;
#5414 = ORIENTED_EDGE ( 'NONE', *, *, #9139, .T. ) ;
#5415 = PRESENTATION_LAYER_ASSIGNMENT (  '', '', ( #7890 ) ) ;
#5416 = EDGE_LOOP ( 'NONE', ( #2612, #2776, #1934, #7821 ) ) ;
#5417 = ORIENTED_EDGE ( 'NONE', *, *, #7066, .T. ) ;
#5418 = DIRECTION ( 'NONE',  ( 1.249000902703301601E-16, 2.498792926766732971E-16, 1.000000000000000000 ) ) ;
#5419 = SURFACE_STYLE_FILL_AREA ( #2466 ) ;
#5420 = CARTESIAN_POINT ( 'NONE',  ( 1.902492753649069668, -0.09718891838032335528, 0.3187318841226751687 ) ) ;
#5421 =( GEOMETRIC_REPRESENTATION_CONTEXT ( 3 ) GLOBAL_UNCERTAINTY_ASSIGNED_CONTEXT ( ( #1406 ) ) GLOBAL_UNIT_ASSIGNED_CONTEXT ( ( #8021, #8216, #2875 ) ) REPRESENTATION_CONTEXT ( 'NONE', 'WORKASPACE' ) );
#5422 = CARTESIAN_POINT ( 'NONE',  ( 1.923586541574904940, 0.005060742745824760476, 0.3983921779729356905 ) ) ;
#5423 = VERTEX_POINT ( 'NONE', #6330 ) ;
#5424 = MECHANICAL_DESIGN_GEOMETRIC_PRESENTATION_REPRESENTATION (  '', ( #8993 ), #8212 ) ;
#5425 = CARTESIAN_POINT ( 'NONE',  ( 1.880106657513936907, -0.3597639523761265723, 0.2896924678205149983 ) ) ;
#5426 =( LENGTH_UNIT ( ) NAMED_UNIT ( * ) SI_UNIT ( .MILLI., .METRE. ) );
#5427 = ORIENTED_EDGE ( 'NONE', *, *, #784, .T. ) ;
#5428 =( NAMED_UNIT ( * ) SI_UNIT ( $, .STERADIAN. ) SOLID_ANGLE_UNIT ( ) );
#5429 =( LENGTH_UNIT ( ) NAMED_UNIT ( * ) SI_UNIT ( .MILLI., .METRE. ) );
#5430 = AXIS2_PLACEMENT_3D ( 'NONE', #6148, #882, #6977 ) ;
#5431 = FILL_AREA_STYLE_COLOUR ( '', #1258 ) ;
#5432 = B_SPLINE_CURVE_WITH_KNOTS ( 'NONE', 3,
 ( #168, #112, #4472, #3069, #8986, #2337, #5289 ),
 .UNSPECIFIED., .F., .F.,
 ( 4, 1, 1, 1, 4 ),
 ( 0.000000000000000000, 0.3005748677701809424, 0.5683474126119628655, 0.8000111549537444189, 1.000000000000000000 ),
 .UNSPECIFIED. ) ;
#5433 = SURFACE_STYLE_USAGE ( .BOTH. , #6919 ) ;
#5434 = COLOUR_RGB ( '',1.000000000000000000, 1.000000000000000000, 1.000000000000000000 ) ;
#5435 = DIRECTION ( 'NONE',  ( 0.000000000000000000, 0.000000000000000000, 1.000000000000000000 ) ) ;
#5436 = CARTESIAN_POINT ( 'NONE',  ( 2.739492600163652813, 1.692499999999999893, 0.4129369826212098138 ) ) ;
#5437 = VERTEX_POINT ( 'NONE', #3428 ) ;
#5438 = FACE_OUTER_BOUND ( 'NONE', #1784, .T. ) ;
#5439 = DIRECTION ( 'NONE',  ( -1.447921622090529492E-16, -1.000000000000000000, 2.498792926766732971E-16 ) ) ;
#5440 = DIRECTION ( 'NONE',  ( -0.06818941838404206368, -1.789660620253715096E-17, -0.9976723927324269159 ) ) ;
#5441 =( LENGTH_UNIT ( ) NAMED_UNIT ( * ) SI_UNIT ( .MILLI., .METRE. ) );
#5442 = CARTESIAN_POINT ( 'NONE',  ( 1.920642591091610285, 0.6134639439653368775, 0.3641064777290263788 ) ) ;
#5443 = DIRECTION ( 'NONE',  ( 0.9284766908852604139, -0.000000000000000000, -0.3713906763541007794 ) ) ;
#5444 = LINE ( 'NONE', #4766, #4966 ) ;
#5445 =( GEOMETRIC_REPRESENTATION_CONTEXT ( 3 ) GLOBAL_UNCERTAINTY_ASSIGNED_CONTEXT ( ( #6663 ) ) GLOBAL_UNIT_ASSIGNED_CONTEXT ( ( #114, #8886, #6835 ) ) REPRESENTATION_CONTEXT ( 'NONE', 'WORKASPACE' ) );
#5446 = LINE ( 'NONE', #2393, #7805 ) ;
#5447 = ORIENTED_EDGE ( 'NONE', *, *, #8566, .F. ) ;
#5448 = EDGE_LOOP ( 'NONE', ( #9193, #9195, #8651, #9361, #6743, #1757, #1108, #272, #2347, #5263 ) ) ;
#5449 = ORIENTED_EDGE ( 'NONE', *, *, #6626, .F. ) ;
#5450 = PRESENTATION_STYLE_ASSIGNMENT (( #5403 ) ) ;
#5451 = DIRECTION ( 'NONE',  ( -1.000000000000000000, 1.447921622090530231E-16, 1.249000902703301108E-16 ) ) ;
#5452 = SURFACE_STYLE_FILL_AREA ( #1049 ) ;
#5453 = CARTESIAN_POINT ( 'NONE',  ( 1.681086225569887960, -2.114999999999999769, 0.4624701013908927849 ) ) ;
#5454 = PLANE ( 'NONE',  #833 ) ;
#5455 = PRESENTATION_LAYER_ASSIGNMENT (  '', '', ( #4218 ) ) ;
#5456 =( NAMED_UNIT ( * ) SI_UNIT ( $, .STERADIAN. ) SOLID_ANGLE_UNIT ( ) );
#5457 = DIRECTION ( 'NONE',  ( -0.3713906763541008349, 0.000000000000000000, -0.9284766908852605249 ) ) ;
#5458 = DIRECTION ( 'NONE',  ( -5.364482804331031595E-16, 1.000000000000000000, -1.117179326706309308E-16 ) ) ;
#5459 = ORIENTED_EDGE ( 'NONE', *, *, #6608, .T. ) ;
#5460 = ORIENTED_EDGE ( 'NONE', *, *, #4505, .T. ) ;
#5461 = ORIENTED_EDGE ( 'NONE', *, *, #7333, .T. ) ;
#5462 = LINE ( 'NONE', #1880, #4310 ) ;
#5463 = CARTESIAN_POINT ( 'NONE',  ( 1.840970598039730843, -0.09675102867341718593, 0.1918523191349996992 ) ) ;
#5464 = PLANE ( 'NONE',  #9345 ) ;
#5465 = PRESENTATION_LAYER_ASSIGNMENT (  '', '', ( #7010 ) ) ;
#5466 = MECHANICAL_DESIGN_GEOMETRIC_PRESENTATION_REPRESENTATION (  '', ( #1587 ), #7011 ) ;
#5467 = CARTESIAN_POINT ( 'NONE',  ( 2.181086225569887738, -1.619999999999999885, 0.4624701013908926184 ) ) ;
#5468 = ORIENTED_EDGE ( 'NONE', *, *, #7302, .T. ) ;
#5469 = EDGE_CURVE ( 'NONE', #2505, #6335, #4288, .T. ) ;
#5470 =( NAMED_UNIT ( * ) PLANE_ANGLE_UNIT ( ) SI_UNIT ( $, .RADIAN. ) );
#5471 = CARTESIAN_POINT ( 'NONE',  ( 1.780853464843130451, 2.189999999999999947, 0.4556511595524884717 ) ) ;
#5472 = ORIENTED_EDGE ( 'NONE', *, *, #6509, .T. ) ;
#5473 = DIRECTION ( 'NONE',  ( 0.000000000000000000, -1.000000000000000000, 0.000000000000000000 ) ) ;
#5474 = UNCERTAINTY_MEASURE_WITH_UNIT (LENGTH_MEASURE( 1.000000000000000082E-05 ), #746, 'distance_accuracy_value', 'NONE');
#5475 = VECTOR ( 'NONE', #5867, 1000.000000000000227 ) ;
#5476 = B_SPLINE_SURFACE_WITH_KNOTS ( 'NONE', 3, 1, ( 
 ( #1112, #5843 ),
 ( #1330, #8810 ),
 ( #3660, #6427 ),
 ( #4299, #2212 ),
 ( #6565, #5754 ),
 ( #669, #4988 ),
 ( #5712, #5166 ),
 ( #4354, #7298 ),
 ( #5130, #6612 ),
 ( #3573, #8673 ),
 ( #8079, #7245 ) ),
 .UNSPECIFIED., .F., .F., .F.,
 ( 4, 1, 1, 1, 1, 1, 1, 1, 4 ),
 ( 2, 2 ),
 ( 0.000000000000000000, 0.1451868664724690061, 0.2834426109197298316, 0.4165243659288281886, 0.5431811235350826328, 0.6651530826377136663, 0.7813602063127147446, 0.8927566556418089494, 0.9999999999999998890 ),
 ( 0.000000000000000000, 1.000000000000000000 ),
 .UNSPECIFIED. ) ;
#5477 = ADVANCED_FACE ( 'NONE', ( #3376 ), #1926, .T. ) ;
#5478 = DIRECTION ( 'NONE',  ( 1.000000000000000000, -1.447921622090529738E-16, -1.249000902703301108E-16 ) ) ;
#5479 = CARTESIAN_POINT ( 'NONE',  ( -2.774999999999999467, 2.107500000000001261, 0.2699999999999998512 ) ) ;
#5480 = PRODUCT_DEFINITION_FORMATION_WITH_SPECIFIED_SOURCE ( 'ÈÎºÎ', '', #4024, .NOT_KNOWN. ) ;
#5481 = DIRECTION ( 'NONE',  ( 0.000000000000000000, -1.000000000000000000, 0.000000000000000000 ) ) ;
#5482 =( NAMED_UNIT ( * ) SI_UNIT ( $, .STERADIAN. ) SOLID_ANGLE_UNIT ( ) );
#5483 = ORIENTED_EDGE ( 'NONE', *, *, #3492, .F. ) ;
#5484 = DIRECTION ( 'NONE',  ( -0.9284766908852605249, 0.000000000000000000, 0.3713906763541009459 ) ) ;
#5485 = CARTESIAN_POINT ( 'NONE',  ( 1.885234556201959233, 0.5875765517206066324, 0.2755863905048982487 ) ) ;
#5486 = FACE_OUTER_BOUND ( 'NONE', #2006, .T. ) ;
#5487 = AXIS2_PLACEMENT_3D ( 'NONE', #3892, #9082, #945 ) ;
#5488 =( LENGTH_UNIT ( ) NAMED_UNIT ( * ) SI_UNIT ( .MILLI., .METRE. ) );
#5489 = UNCERTAINTY_MEASURE_WITH_UNIT (LENGTH_MEASURE( 1.000000000000000082E-05 ), #2136, 'distance_accuracy_value', 'NONE');
#5490 = PRESENTATION_STYLE_ASSIGNMENT (( #6878 ) ) ;
#5491 = CARTESIAN_POINT ( 'NONE',  ( 1.812214963113915500, -0.003537706734066100710, 0.1199632318204601200 ) ) ;
#5492 = SURFACE_STYLE_FILL_AREA ( #7921 ) ;
#5493 = CARTESIAN_POINT ( 'NONE',  ( 1.812169338668674579, -0.2901945926200290016, 0.1198491707073576495 ) ) ;
#5494 = EDGE_CURVE ( 'NONE', #6233, #7462, #1565, .T. ) ;
#5495 = CARTESIAN_POINT ( 'NONE',  ( -2.375000000000000444, -2.107499999999998153, 0.2700000000000002953 ) ) ;
#5496 = VERTEX_POINT ( 'NONE', #6555 ) ;
#5497 = ORIENTED_EDGE ( 'NONE', *, *, #7250, .T. ) ;
#5498 = ORIENTED_EDGE ( 'NONE', *, *, #1044, .F. ) ;
#5499 = ORIENTED_EDGE ( 'NONE', *, *, #9216, .T. ) ;
#5500 = DIRECTION ( 'NONE',  ( 0.000000000000000000, 0.000000000000000000, -1.000000000000000000 ) ) ;
#5501 = LINE ( 'NONE', #1094, #4596 ) ;
#5502 = SURFACE_STYLE_USAGE ( .BOTH. , #6950 ) ;
#5503 = FILL_AREA_STYLE_COLOUR ( '', #9261 ) ;
#5504 = DIRECTION ( 'NONE',  ( -0.3713906763541007239, 0.000000000000000000, -0.9284766908852605249 ) ) ;
#5505 = COLOUR_RGB ( '',1.000000000000000000, 1.000000000000000000, 1.000000000000000000 ) ;
#5506 = EDGE_LOOP ( 'NONE', ( #6591, #8533, #8995, #9253, #8946, #2018, #692, #7601, #2249, #8376 ) ) ;
#5507 = EDGE_CURVE ( 'NONE', #1505, #812, #9536, .T. ) ;
#5508 = FILL_AREA_STYLE_COLOUR ( '', #7260 ) ;
#5509 = ORIENTED_EDGE ( 'NONE', *, *, #6043, .F. ) ;
#5510 = EDGE_LOOP ( 'NONE', ( #3929, #8025, #6040, #3243, #5468, #5575, #5347, #4351, #6884, #1725 ) ) ;
#5511 = CARTESIAN_POINT ( 'NONE',  ( 1.833125057910107492, -0.3142295198634995068, 0.1722384688109409867 ) ) ;
#5512 = CARTESIAN_POINT ( 'NONE',  ( 2.411354963226314929, 2.189999999999999947, 0.3779271093683747029 ) ) ;
#5513 = SURFACE_STYLE_USAGE ( .BOTH. , #8623 ) ;
#5514 = EDGE_CURVE ( 'NONE', #1602, #2334, #8796, .T. ) ;
#5515 = EDGE_CURVE ( 'NONE', #5207, #7583, #2343, .T. ) ;
#5516 = PRESENTATION_LAYER_ASSIGNMENT (  '', '', ( #4274 ) ) ;
#5517 = SURFACE_SIDE_STYLE ('',( #7696 ) ) ;
#5518 = ORIENTED_EDGE ( 'NONE', *, *, #5507, .T. ) ;
#5519 = MECHANICAL_DESIGN_GEOMETRIC_PRESENTATION_REPRESENTATION (  '', ( #9245 ), #2104 ) ;
#5520 = DIRECTION ( 'NONE',  ( -0.06818941838404181388, -1.789660620253718485E-17, -0.9976723927324270269 ) ) ;
#5521 = VECTOR ( 'NONE', #4550, 1000.000000000000000 ) ;
#5522 = MECHANICAL_DESIGN_GEOMETRIC_PRESENTATION_REPRESENTATION (  '', ( #7842 ), #2264 ) ;
#5523 = EDGE_CURVE ( 'NONE', #8469, #6807, #8994, .T. ) ;
#5524 = EDGE_LOOP ( 'NONE', ( #5014, #7006, #6073, #5603 ) ) ;
#5525 = DIRECTION ( 'NONE',  ( 0.9284766908852604139, -0.000000000000000000, -0.3713906763541007794 ) ) ;
#5526 = FACE_OUTER_BOUND ( 'NONE', #8944, .T. ) ;
#5527 = SURFACE_SIDE_STYLE ('',( #6773 ) ) ;
#5528 = CARTESIAN_POINT ( 'NONE',  ( 1.892335374906084056, -0.3732548060346631003, 0.3202642613008832573 ) ) ;
#5529 = VECTOR ( 'NONE', #7844, 1000.000000000000000 ) ;
#5530 = AXIS2_PLACEMENT_3D ( 'NONE', #7810, #6355, #7024 ) ;
#5531 = PRESENTATION_LAYER_ASSIGNMENT (  '', '', ( #8003 ) ) ;
#5532 = EDGE_CURVE ( 'NONE', #128, #714, #6790, .T. ) ;
#5533 = LINE ( 'NONE', #9281, #4095 ) ;
#5534 = CARTESIAN_POINT ( 'NONE',  ( 2.440731734960332133, -2.117500000000000160, 0.1025869392388689683 ) ) ;
#5535 =( LENGTH_UNIT ( ) NAMED_UNIT ( * ) SI_UNIT ( .MILLI., .METRE. ) );
#5536 = ORIENTED_EDGE ( 'NONE', *, *, #1044, .T. ) ;
#5537 = FILL_AREA_STYLE_COLOUR ( '', #4132 ) ;
#5538 = PRESENTATION_LAYER_ASSIGNMENT (  '', '', ( #5832 ) ) ;
#5539 = SURFACE_STYLE_USAGE ( .BOTH. , #2582 ) ;
#5540 =( NAMED_UNIT ( * ) SI_UNIT ( $, .STERADIAN. ) SOLID_ANGLE_UNIT ( ) );
#5541 = LINE ( 'NONE', #1799, #4995 ) ;
#5542 = VECTOR ( 'NONE', #2688, 1000.000000000000114 ) ;
#5543 = ADVANCED_FACE ( 'NONE', ( #3995 ), #3126, .F. ) ;
#5544 = CARTESIAN_POINT ( 'NONE',  ( 1.821499730022768215, -0.003537706734066100710, 0.1162493250569190950 ) ) ;
#5545 = EDGE_CURVE ( 'NONE', #6807, #49, #4715, .T. ) ;
#5546 = CARTESIAN_POINT ( 'NONE',  ( 2.181086225569887738, -0.9200000000000000400, 0.4624701013908927294 ) ) ;
#5547 = CARTESIAN_POINT ( 'NONE',  ( 1.774999999999999689, 0.000000000000000000, 1.000000000000000000 ) ) ;
#5548 = STYLED_ITEM ( 'NONE', ( #5926 ), #4684 ) ;
#5549 = AXIS2_PLACEMENT_3D ( 'NONE', #5106, #4468, #5285 ) ;
#5550 = CARTESIAN_POINT ( 'NONE',  ( 1.826619377909545205, -0.1091969856451484172, 0.1559742688095346330 ) ) ;
#5551 =( GEOMETRIC_REPRESENTATION_CONTEXT ( 3 ) GLOBAL_UNCERTAINTY_ASSIGNED_CONTEXT ( ( #1996 ) ) GLOBAL_UNIT_ASSIGNED_CONTEXT ( ( #1574, #4538, #7487 ) ) REPRESENTATION_CONTEXT ( 'NONE', 'WORKASPACE' ) );
#5552 = ORIENTED_EDGE ( 'NONE', *, *, #6509, .F. ) ;
#5553 = VERTEX_POINT ( 'NONE', #218 ) ;
#5554 = LINE ( 'NONE', #408, #2341 ) ;
#5555 = EDGE_LOOP ( 'NONE', ( #3957, #4644, #2057, #5509 ) ) ;
#5556 = FILL_AREA_STYLE_COLOUR ( '', #5139 ) ;
#5557 = CARTESIAN_POINT ( 'NONE',  ( 2.440731734960332133, 0.4225000000000000422, 0.1025869392388689683 ) ) ;
#5558 = CARTESIAN_POINT ( 'NONE',  ( 1.559848484848486816, -2.034848484848486905, 1.537878787878786069 ) ) ;
#5559 = DIRECTION ( 'NONE',  ( 1.000000000000000000, -2.652696298084526771E-16, -1.249000902703300861E-16 ) ) ;
#5560 = CIRCLE ( 'NONE', #5855, 0.3017393217012238060 ) ;
#5561 = CARTESIAN_POINT ( 'NONE',  ( 1.923586541574904940, -0.4036092267663704547, 0.3983921779729356905 ) ) ;
#5562 = CARTESIAN_POINT ( 'NONE',  ( 1.829597796121446240, 0.3673475718487866915, 0.1634203143392871094 ) ) ;
#5563 = AXIS2_PLACEMENT_3D ( 'NONE', #5842, #6478, #8809 ) ;
#5564 = CARTESIAN_POINT ( 'NONE',  ( 1.871839204864093720, -0.1142801526672352769, 0.2690238361959062519 ) ) ;
#5565 = ORIENTED_EDGE ( 'NONE', *, *, #1196, .F. ) ;
#5566 = CARTESIAN_POINT ( 'NONE',  ( 2.924999999999999822, 2.117500000000000160, 0.06948792640113432562 ) ) ;
#5567 = FILL_AREA_STYLE ('',( #3432 ) ) ;
#5568 = VERTEX_POINT ( 'NONE', #6737 ) ;
#5569 = STYLED_ITEM ( 'NONE', ( #3512 ), #8207 ) ;
#5570 = ORIENTED_EDGE ( 'NONE', *, *, #1783, .T. ) ;
#5571 = DIRECTION ( 'NONE',  ( 0.9284766908852604139, 0.000000000000000000, -0.3713906763541007794 ) ) ;
#5572 = VECTOR ( 'NONE', #343, 1000.000000000000000 ) ;
#5573 = CARTESIAN_POINT ( 'NONE',  ( -2.775000000000000355, -2.107499999999998597, 0.2700000000000002953 ) ) ;
#5574 = FACE_OUTER_BOUND ( 'NONE', #2087, .T. ) ;
#5575 = ORIENTED_EDGE ( 'NONE', *, *, #8185, .T. ) ;
#5576 = VECTOR ( 'NONE', #8039, 1000.000000000000000 ) ;
#5577 = CARTESIAN_POINT ( 'NONE',  ( 2.483214825035667594, 0.9200000000000000400, 0.2050386854289296401 ) ) ;
#5578 = EDGE_CURVE ( 'NONE', #8118, #9043, #3171, .T. ) ;
#5579 = DIRECTION ( 'NONE',  ( -1.488806659628715785E-32, -1.117179326706309308E-16, -1.000000000000000000 ) ) ;
#5580 = VERTEX_POINT ( 'NONE', #2387 ) ;
#5581 =( NAMED_UNIT ( * ) PLANE_ANGLE_UNIT ( ) SI_UNIT ( $, .RADIAN. ) );
#5582 = VECTOR ( 'NONE', #8996, 1000.000000000000000 ) ;
#5583 = LINE ( 'NONE', #2808, #3489 ) ;
#5584 = SURFACE_STYLE_FILL_AREA ( #1842 ) ;
#5585 = STYLED_ITEM ( 'NONE', ( #3794 ), #6296 ) ;
#5586 = UNCERTAINTY_MEASURE_WITH_UNIT (LENGTH_MEASURE( 1.000000000000000082E-05 ), #815, 'distance_accuracy_value', 'NONE');
#5587 = AXIS2_PLACEMENT_3D ( 'NONE', #4320, #402, #4134 ) ;
#5588 = PRESENTATION_LAYER_ASSIGNMENT (  '', '', ( #172 ) ) ;
#5589 = COLOUR_RGB ( '',0.1019607843137254888, 0.1019607843137254888, 0.1019607843137254888 ) ;
#5590 = FILL_AREA_STYLE_COLOUR ( '', #5727 ) ;
#5591 = DIRECTION ( 'NONE',  ( 5.220691603892102636E-17, -1.000000000000000000, 1.117179326706309308E-16 ) ) ;
#5592 = CARTESIAN_POINT ( 'NONE',  ( -3.075000000000000178, 2.007500000000001172, 0.2699999999999998512 ) ) ;
#5593 = CARTESIAN_POINT ( 'NONE',  ( -2.775000000000000355, -2.107499999999998597, 3.438657603519050110E-16 ) ) ;
#5594 = SURFACE_STYLE_FILL_AREA ( #6111 ) ;
#5595 =( NAMED_UNIT ( * ) PLANE_ANGLE_UNIT ( ) SI_UNIT ( $, .RADIAN. ) );
#5596 = FILL_AREA_STYLE_COLOUR ( '', #1058 ) ;
#5597 = ADVANCED_FACE ( 'NONE', ( #9191 ), #173, .T. ) ;
#5598 = DIRECTION ( 'NONE',  ( 0.000000000000000000, 0.000000000000000000, -1.000000000000000000 ) ) ;
#5599 = VERTEX_POINT ( 'NONE', #4052 ) ;
#5600 = ORIENTED_EDGE ( 'NONE', *, *, #2670, .F. ) ;
#5601 = STYLED_ITEM ( 'NONE', ( #5334 ), #2367 ) ;
#5602 = FACE_OUTER_BOUND ( 'NONE', #4018, .T. ) ;
#5603 = ORIENTED_EDGE ( 'NONE', *, *, #2610, .T. ) ;
#5604 = CARTESIAN_POINT ( 'NONE',  ( 1.832324076592769302, 0.4349387915263127069, 0.1433101914819218115 ) ) ;
#5605 = CARTESIAN_POINT ( 'NONE',  ( 1.923586541574904940, -0.4036092267663704547, 0.3983921779729356905 ) ) ;
#5606 = DIRECTION ( 'NONE',  ( 0.9284766908852605249, 0.000000000000000000, -0.3713906763541008349 ) ) ;
#5607 =( LENGTH_UNIT ( ) NAMED_UNIT ( * ) SI_UNIT ( .MILLI., .METRE. ) );
#5608 = DIRECTION ( 'NONE',  ( -1.000000000000000000, 2.652696298084526771E-16, 1.249000902703300861E-16 ) ) ;
#5609 = PLANE ( 'NONE',  #3519 ) ;
#5610 = CARTESIAN_POINT ( 'NONE',  ( 1.882597692538263257, 0.1598054073799710928, 0.2689942313456583078 ) ) ;
#5611 = EDGE_LOOP ( 'NONE', ( #2653, #1630, #5889, #1648, #8336, #5188, #4879, #8758 ) ) ;
#5612 = VECTOR ( 'NONE', #6113, 1000.000000000000227 ) ;
#5613 =( NAMED_UNIT ( * ) SI_UNIT ( $, .STERADIAN. ) SOLID_ANGLE_UNIT ( ) );
#5614 = EDGE_CURVE ( 'NONE', #5887, #3301, #4820, .T. ) ;
#5615 = EDGE_LOOP ( 'NONE', ( #74, #8618, #1001, #7293 ) ) ;
#5616 = CARTESIAN_POINT ( 'NONE',  ( 2.440731734960332133, 0.8475000000000000311, 0.1025869392388688572 ) ) ;
#5617 =( NAMED_UNIT ( * ) SI_UNIT ( $, .STERADIAN. ) SOLID_ANGLE_UNIT ( ) );
#5618 = VECTOR ( 'NONE', #5440, 1000.000000000000114 ) ;
#5619 = DIRECTION ( 'NONE',  ( -1.000000000000000000, 2.431469460965334458E-17, 1.249000902703301354E-16 ) ) ;
#5620 = DIRECTION ( 'NONE',  ( -1.000000000000000000, -1.097926250618232396E-16, 0.000000000000000000 ) ) ;
#5621 = EDGE_LOOP ( 'NONE', ( #901, #380, #7500, #810 ) ) ;
#5622 = EDGE_CURVE ( 'NONE', #1682, #835, #361, .T. ) ;
#5623 = CARTESIAN_POINT ( 'NONE',  ( 1.858583455194542156, -0.1488588807642002021, 0.2089586379863542509 ) ) ;
#5624 = VERTEX_POINT ( 'NONE', #6264 ) ;
#5625 = SURFACE_SIDE_STYLE ('',( #1985 ) ) ;
#5626 = CARTESIAN_POINT ( 'NONE',  ( -1.775000000000000577, 1.599999999999999867, 0.2699999999999992961 ) ) ;
#5627 = EDGE_CURVE ( 'NONE', #6424, #3507, #9234, .T. ) ;
#5628 = DIRECTION ( 'NONE',  ( -0.9976723927324270269, 1.463531740886934826E-16, 0.06818941838404175837 ) ) ;
#5629 = DIRECTION ( 'NONE',  ( 0.9976723927324270269, -1.463531740886934826E-16, -0.06818941838404175837 ) ) ;
#5630 = EDGE_CURVE ( 'NONE', #5269, #5568, #2214, .T. ) ;
#5631 = CARTESIAN_POINT ( 'NONE',  ( 2.517749029844000397, -0.9200000000000000400, 0.7103050971205200348 ) ) ;
#5632 = PRESENTATION_STYLE_ASSIGNMENT (( #2675 ) ) ;
#5633 =( LENGTH_UNIT ( ) NAMED_UNIT ( * ) SI_UNIT ( .MILLI., .METRE. ) );
#5634 =( GEOMETRIC_REPRESENTATION_CONTEXT ( 3 ) GLOBAL_UNCERTAINTY_ASSIGNED_CONTEXT ( ( #6540 ) ) GLOBAL_UNIT_ASSIGNED_CONTEXT ( ( #7871, #8703, #9298 ) ) REPRESENTATION_CONTEXT ( 'NONE', 'WORKASPACE' ) );
#5635 = FACE_BOUND ( 'NONE', #1770, .T. ) ;
#5636 = CARTESIAN_POINT ( 'NONE',  ( 1.923586541574904940, 0.1451712610385076929, 0.3983921779729356905 ) ) ;
#5637 = DIRECTION ( 'NONE',  ( 0.000000000000000000, -1.000000000000000000, 0.000000000000000000 ) ) ;
#5638 = DIRECTION ( 'NONE',  ( 0.3713906763541022227, 0.000000000000000000, 0.9284766908852599698 ) ) ;
#5639 = CARTESIAN_POINT ( 'NONE',  ( 1.848621844011757664, -0.1376835536101280455, 0.1840546100293924958 ) ) ;
#5640 = PRESENTATION_LAYER_ASSIGNMENT (  '', '', ( #2070 ) ) ;
#5641 = EDGE_CURVE ( 'NONE', #1062, #9174, #5987, .T. ) ;
#5642 = ADVANCED_FACE ( 'NONE', ( #1532 ), #8035, .F. ) ;
#5643 = CARTESIAN_POINT ( 'NONE',  ( 1.922001337468515425, 0.4416842183555810264, 0.3675033436712895063 ) ) ;
#5644 = ORIENTED_EDGE ( 'NONE', *, *, #6213, .F. ) ;
#5645 = ORIENTED_EDGE ( 'NONE', *, *, #5627, .F. ) ;
#5646 = EDGE_LOOP ( 'NONE', ( #4719, #8802, #7836, #1057 ) ) ;
#5647 = EDGE_CURVE ( 'NONE', #4823, #6518, #7450, .T. ) ;
#5648 = CARTESIAN_POINT ( 'NONE',  ( 1.846023555271611549, 0.5356109366806190986, 0.2044847122147001317 ) ) ;
#5649 = CARTESIAN_POINT ( 'NONE',  ( 1.923586541574904940, -0.4475116657907606821, 0.3983921779729356905 ) ) ;
#5650 = CARTESIAN_POINT ( 'NONE',  ( -1.975000000000000089, 1.600000000000000311, 0.5000000000000048850 ) ) ;
#5651 = DIRECTION ( 'NONE',  ( 1.019398932010077273E-16, -0.9284766908852601919, -0.3713906763541018896 ) ) ;
#5652 = CARTESIAN_POINT ( 'NONE',  ( 1.837737927972608265, 0.3726515730105900426, 0.1568448199315189973 ) ) ;
#5653 = CARTESIAN_POINT ( 'NONE',  ( 1.681086225569887960, -0.9199999999999999289, 0.6824701013908928138 ) ) ;
#5654 = ORIENTED_EDGE ( 'NONE', *, *, #5802, .T. ) ;
#5655 = CARTESIAN_POINT ( 'NONE',  ( 1.906486730405628993, 0.5731234391465963585, 0.3287168260140724274 ) ) ;
#5656 = VERTEX_POINT ( 'NONE', #6569 ) ;
#5657 = PRESENTATION_STYLE_ASSIGNMENT (( #3335 ) ) ;
#5658 = DIRECTION ( 'NONE',  ( 1.488806659628715785E-32, 1.117179326706309308E-16, 1.000000000000000000 ) ) ;
#5659 = CARTESIAN_POINT ( 'NONE',  ( -1.774999999999999245, -2.007500000000000284, 9.999999999999998224 ) ) ;
#5660 = SURFACE_SIDE_STYLE ('',( #1738 ) ) ;
#5661 = EDGE_CURVE ( 'NONE', #3022, #68, #3031, .T. ) ;
#5662 = CARTESIAN_POINT ( 'NONE',  ( 1.831967364148659350, -0.3056504859503476057, 0.1693442344073204653 ) ) ;
#5663 = ORIENTED_EDGE ( 'NONE', *, *, #7820, .F. ) ;
#5664 = CARTESIAN_POINT ( 'NONE',  ( 2.739492600163652813, 0.4225000000000000422, 0.4129369826212098138 ) ) ;
#5665 = COLOUR_RGB ( '',0.1019607843137254888, 0.1019607843137254888, 0.1019607843137254888 ) ;
#5666 = DIRECTION ( 'NONE',  ( 0.3481553119113938721, 0.3481553119113935391, 0.8703882797784907588 ) ) ;
#5667 = ORIENTED_EDGE ( 'NONE', *, *, #4217, .T. ) ;
#5668 = CARTESIAN_POINT ( 'NONE',  ( 2.540318690028105397, 0.4225000000000000422, 0.2060369536996492501 ) ) ;
#5669 = LINE ( 'NONE', #8633, #7044 ) ;
#5670 = PRESENTATION_LAYER_ASSIGNMENT (  '', '', ( #3508 ) ) ;
#5671 = MECHANICAL_DESIGN_GEOMETRIC_PRESENTATION_REPRESENTATION (  '', ( #7056 ), #6736 ) ;
#5672 = DIRECTION ( 'NONE',  ( 0.9284766908852604139, -0.000000000000000000, -0.3713906763541007794 ) ) ;
#5673 = MECHANICAL_DESIGN_GEOMETRIC_PRESENTATION_REPRESENTATION (  '', ( #3658 ), #1639 ) ;
#5674 =( LENGTH_UNIT ( ) NAMED_UNIT ( * ) SI_UNIT ( .MILLI., .METRE. ) );
#5675 = CARTESIAN_POINT ( 'NONE',  ( 2.235025199989362221, 1.620000000000000107, 0.5224701013908927827 ) ) ;
#5676 = DIRECTION ( 'NONE',  ( -1.447921622090529492E-16, -1.000000000000000000, 2.498792926766732971E-16 ) ) ;
#5677 = CARTESIAN_POINT ( 'NONE',  ( 1.826980897202036269, -0.04516537550076057950, 0.1568780670407619870 ) ) ;
#5678 = UNCERTAINTY_MEASURE_WITH_UNIT (LENGTH_MEASURE( 1.000000000000000082E-05 ), #1502, 'distance_accuracy_value', 'NONE');
#5679 =( NAMED_UNIT ( * ) SI_UNIT ( $, .STERADIAN. ) SOLID_ANGLE_UNIT ( ) );
#5680 = CARTESIAN_POINT ( 'NONE',  ( 1.823447918065488116, -0.04531032320607424058, 0.1211197951637191378 ) ) ;
#5681 = PRESENTATION_LAYER_ASSIGNMENT (  '', '', ( #4138 ) ) ;
#5682 = DIRECTION ( 'NONE',  ( 0.3713906763541002798, 0.000000000000000000, 0.9284766908852607470 ) ) ;
#5683 = EDGE_CURVE ( 'NONE', #177, #8570, #8949, .T. ) ;
#5684 = CARTESIAN_POINT ( 'NONE',  ( 1.920535596195667161, -0.009535435921455700028, 0.3638389904891693449 ) ) ;
#5685 = EDGE_CURVE ( 'NONE', #1828, #7897, #9506, .T. ) ;
#5686 = STYLED_ITEM ( 'NONE', ( #9370 ), #4997 ) ;
#5687 = VECTOR ( 'NONE', #4734, 1000.000000000000000 ) ;
#5688 = VECTOR ( 'NONE', #3859, 1000.000000000000000 ) ;
#5689 = ADVANCED_FACE ( 'NONE', ( #2838 ), #3662, .F. ) ;
#5690 = ORIENTED_EDGE ( 'NONE', *, *, #8688, .F. ) ;
#5691 = COLOUR_RGB ( '',1.000000000000000000, 1.000000000000000000, 1.000000000000000000 ) ;
#5692 = FILL_AREA_STYLE ('',( #9396 ) ) ;
#5694 = EDGE_LOOP ( 'NONE', ( #3184, #6694, #7050, #4919 ) ) ;
#5693 = ADVANCED_FACE ( 'NONE', ( #3730 ), #6535, .F. ) ;
#5695 = FILL_AREA_STYLE ('',( #2726 ) ) ;
#5696 = SURFACE_SIDE_STYLE ('',( #2727 ) ) ;
#5697 = CARTESIAN_POINT ( 'NONE',  ( 2.517816181961371580, -2.189999999999999947, -0.1231949359020515777 ) ) ;
#5698 = DIRECTION ( 'NONE',  ( -1.447921622090529492E-16, -1.000000000000000000, 2.498792926766732971E-16 ) ) ;
#5699 = CARTESIAN_POINT ( 'NONE',  ( 1.125000000000000888, -1.599999999999998312, 0.2700000000000002398 ) ) ;
#5700 = AXIS2_PLACEMENT_3D ( 'NONE', #1037, #310, #3169 ) ;
#5701 = PRESENTATION_LAYER_ASSIGNMENT (  '', '', ( #5845 ) ) ;
#5702 = CARTESIAN_POINT ( 'NONE',  ( 1.899696414785445597, -0.08347444828636312042, 0.3386668609992871670 ) ) ;
#5703 = ORIENTED_EDGE ( 'NONE', *, *, #9380, .F. ) ;
#5704 = AXIS2_PLACEMENT_3D ( 'NONE', #3214, #5439, #3269 ) ;
#5705 = STYLED_ITEM ( 'NONE', ( #4296 ), #7040 ) ;
#5706 = DIRECTION ( 'NONE',  ( 1.447921622090529492E-16, 1.000000000000000000, -2.498792926766732971E-16 ) ) ;
#5707 = ORIENTED_EDGE ( 'NONE', *, *, #7795, .T. ) ;
#5708 = PLANE ( 'NONE',  #568 ) ;
#5709 = SURFACE_SIDE_STYLE ('',( #5891 ) ) ;
#5710 = PRESENTATION_LAYER_ASSIGNMENT (  '', '', ( #749 ) ) ;
#5711 = CARTESIAN_POINT ( 'NONE',  ( 1.866795189102693264, -0.1145848365224679255, 0.2564137967924057238 ) ) ;
#5712 = CARTESIAN_POINT ( 'NONE',  ( 1.812484027829951438, 0.3877776894142094255, 0.1206358936105506319 ) ) ;
#5713 = ADVANCED_FACE ( 'NONE', ( #8691 ), #8729, .T. ) ;
#5714 = VECTOR ( 'NONE', #3576, 1000.000000000000000 ) ;
#5715 = CARTESIAN_POINT ( 'NONE',  ( 1.932494389240080102, 0.4018808984307502552, 0.3937359731002014751 ) ) ;
#5716 = SURFACE_STYLE_FILL_AREA ( #9459 ) ;
#5717 = ORIENTED_EDGE ( 'NONE', *, *, #6495, .T. ) ;
#5718 = CARTESIAN_POINT ( 'NONE',  ( 1.681086225569887960, 2.189999999999999947, 0.4624701013908926739 ) ) ;
#5719 = VECTOR ( 'NONE', #351, 1000.000000000000114 ) ;
#5720 = COLOUR_RGB ( '',1.000000000000000000, 1.000000000000000000, 1.000000000000000000 ) ;
#5721 = CARTESIAN_POINT ( 'NONE',  ( 1.918025513289326911, 0.3817746361060514459, 0.3575637832233196645 ) ) ;
#5722 = LINE ( 'NONE', #2031, #1625 ) ;
#5723 = AXIS2_PLACEMENT_3D ( 'NONE', #5664, #1259, #2703 ) ;
#5724 = FACE_OUTER_BOUND ( 'NONE', #3887, .T. ) ;
#5725 = COLOUR_RGB ( '',1.000000000000000000, 1.000000000000000000, 1.000000000000000000 ) ;
#5726 = DIRECTION ( 'NONE',  ( -1.447921622090529492E-16, -1.000000000000000000, 2.498792926766732971E-16 ) ) ;
#5727 = COLOUR_RGB ( '',1.000000000000000000, 1.000000000000000000, 1.000000000000000000 ) ;
#5728 = CARTESIAN_POINT ( 'NONE',  ( 1.681086225569887960, -0.9199999999999999289, 0.4624701013908927849 ) ) ;
#5729 = CARTESIAN_POINT ( 'NONE',  ( 1.911357824182757570, 0.2659029683555808043, 0.3678203844925673760 ) ) ;
#5730 = CARTESIAN_POINT ( 'NONE',  ( 1.835448280649506048, 0.5163965005809414421, 0.1780465256594366275 ) ) ;
#5731 = CARTESIAN_POINT ( 'NONE',  ( 1.833682822969674442, 0.002145346404361332410, 0.1467070574241849112 ) ) ;
#5732 = CARTESIAN_POINT ( 'NONE',  ( 2.540318690028105397, 2.117500000000000160, 0.2060369536996491391 ) ) ;
#5733 = CARTESIAN_POINT ( 'NONE',  ( 1.801604165149131243, -2.189999999999999503, 0.7592525293217020632 ) ) ;
#5734 = SURFACE_STYLE_FILL_AREA ( #9483 ) ;
#5735 = CIRCLE ( 'NONE', #316, 0.1600000000000000033 ) ;
#5736 = MECHANICAL_DESIGN_GEOMETRIC_PRESENTATION_REPRESENTATION (  '', ( #1124 ), #7905 ) ;
#5737 = VECTOR ( 'NONE', #3154, 1000.000000000000000 ) ;
#5738 = PRESENTATION_LAYER_ASSIGNMENT (  '', '', ( #8993 ) ) ;
#5739 = CARTESIAN_POINT ( 'NONE',  ( 2.235025199989362221, 1.620000000000000107, 0.5224701013908927827 ) ) ;
#5740 = DIRECTION ( 'NONE',  ( -0.3713906763541007239, 0.000000000000000000, -0.9284766908852605249 ) ) ;
#5741 = ORIENTED_EDGE ( 'NONE', *, *, #3265, .T. ) ;
#5742 = CARTESIAN_POINT ( 'NONE',  ( -1.775000000000000133, 2.007500000000000728, -1.158535325877412061E-16 ) ) ;
#5743 = ORIENTED_EDGE ( 'NONE', *, *, #2197, .F. ) ;
#5744 =( NAMED_UNIT ( * ) SI_UNIT ( $, .STERADIAN. ) SOLID_ANGLE_UNIT ( ) );
#5745 = DIRECTION ( 'NONE',  ( 1.447921622090529492E-16, 1.000000000000000000, -2.498792926766732971E-16 ) ) ;
#5746 = LINE ( 'NONE', #8711, #5992 ) ;
#5747 = VERTEX_POINT ( 'NONE', #7410 ) ;
#5748 = AXIS2_PLACEMENT_3D ( 'NONE', #8012, #5775, #8705 ) ;
#5749 = CARTESIAN_POINT ( 'NONE',  ( 1.919163372975153159, 0.5173406441163430625, 0.3873342564735572369 ) ) ;
#5750 = VERTEX_POINT ( 'NONE', #6575 ) ;
#5751 = SURFACE_STYLE_FILL_AREA ( #2105 ) ;
#5752 = SURFACE_STYLE_USAGE ( .BOTH. , #5709 ) ;
#5753 = LINE ( 'NONE', #7986, #3236 ) ;
#5754 = CARTESIAN_POINT ( 'NONE',  ( 1.820671404243186853, 0.4054701656606333748, 0.1141785106079654943 ) ) ;
#5755 = CARTESIAN_POINT ( 'NONE',  ( 1.830142567413359123, -0.3067809204963437009, 0.1647822425690673165 ) ) ;
#5756 = VERTEX_POINT ( 'NONE', #7994 ) ;
#5757 = LINE ( 'NONE', #3669, #8193 ) ;
#5758 = COLOUR_RGB ( '',1.000000000000000000, 1.000000000000000000, 1.000000000000000000 ) ;
#5759 = CARTESIAN_POINT ( 'NONE',  ( 1.911136890426778479, 0.4746557565248060717, 0.3672680501026184263 ) ) ;
#5760 = EDGE_CURVE ( 'NONE', #2469, #4100, #1346, .T. ) ;
#5761 = SURFACE_SIDE_STYLE ('',( #7992 ) ) ;
#5762 = EDGE_CURVE ( 'NONE', #3146, #8785, #9558, .T. ) ;
#5763 = DIRECTION ( 'NONE',  ( -0.9284766908852607470, 0.000000000000000000, 0.3713906763541002798 ) ) ;
#5764 = DIRECTION ( 'NONE',  ( -0.06818941838404181388, -1.789660620253718794E-17, -0.9976723927324270269 ) ) ;
#5765 = SURFACE_STYLE_USAGE ( .BOTH. , #5004 ) ;
#5766 = CARTESIAN_POINT ( 'NONE',  ( 1.823039309683916587, 0.4349387915263127069, 0.1470240982454628087 ) ) ;
#5767 = CARTESIAN_POINT ( 'NONE',  ( 1.856959780044092234, -0.1128089173948937513, 0.2318252741459037591 ) ) ;
#5768 = UNCERTAINTY_MEASURE_WITH_UNIT (LENGTH_MEASURE( 1.000000000000000082E-05 ), #3820, 'distance_accuracy_value', 'NONE');
#5769 = DIRECTION ( 'NONE',  ( 1.447921622090529492E-16, 1.000000000000000000, -2.498792926766732971E-16 ) ) ;
#5770 = CARTESIAN_POINT ( 'NONE',  ( 1.860507637460958597, -0.1544766134468990304, 0.2406949176880700259 ) ) ;
#5771 = LINE ( 'NONE', #5422, #8927 ) ;
#5772 = EDGE_CURVE ( 'NONE', #5839, #5207, #3248, .T. ) ;
#5773 =( NAMED_UNIT ( * ) SI_UNIT ( $, .STERADIAN. ) SOLID_ANGLE_UNIT ( ) );
#5774 = ORIENTED_EDGE ( 'NONE', *, *, #2908, .F. ) ;
#5775 = DIRECTION ( 'NONE',  ( -1.000000000000000000, 3.608224830031759249E-16, -2.542227526591152421E-32 ) ) ;
#5776 = ORIENTED_EDGE ( 'NONE', *, *, #8264, .F. ) ;
#5777 = COLOUR_RGB ( '',1.000000000000000000, 1.000000000000000000, 1.000000000000000000 ) ;
#5778 = DIRECTION ( 'NONE',  ( -1.084202172485504434E-15, -1.000000000000000000, 1.117179326706309062E-16 ) ) ;
#5779 = CARTESIAN_POINT ( 'NONE',  ( 1.916541272803435891, 0.5289792466201791443, 0.3807790060442646785 ) ) ;
#5780 = FILL_AREA_STYLE_COLOUR ( '', #4269 ) ;
#5781 = UNCERTAINTY_MEASURE_WITH_UNIT (LENGTH_MEASURE( 1.000000000000000082E-05 ), #5081, 'distance_accuracy_value', 'NONE');
#5782 = CARTESIAN_POINT ( 'NONE',  ( 2.924999999999999822, -1.692499999999999893, 0.06948792640113432562 ) ) ;
#5783 = FILL_AREA_STYLE_COLOUR ( '', #6840 ) ;
#5784 = SURFACE_SIDE_STYLE ('',( #6597 ) ) ;
#5785 = EDGE_CURVE ( 'NONE', #2309, #4429, #8823, .T. ) ;
#5786 = PRESENTATION_LAYER_ASSIGNMENT (  '', '', ( #7490 ) ) ;
#5787 =( NAMED_UNIT ( * ) PLANE_ANGLE_UNIT ( ) SI_UNIT ( $, .RADIAN. ) );
#5788 = ORIENTED_EDGE ( 'NONE', *, *, #2555, .T. ) ;
#5789 = LINE ( 'NONE', #7192, #2010 ) ;
#5790 =( LENGTH_UNIT ( ) NAMED_UNIT ( * ) SI_UNIT ( .MILLI., .METRE. ) );
#5791 = ORIENTED_EDGE ( 'NONE', *, *, #7307, .T. ) ;
#5792 = CARTESIAN_POINT ( 'NONE',  ( 1.681086225569887960, -1.694999999999999840, 0.4624701013908926739 ) ) ;
#5793 = CARTESIAN_POINT ( 'NONE',  ( 2.540318690028105397, -2.189999999999999947, 0.2060369536996492501 ) ) ;
#5794 =( GEOMETRIC_REPRESENTATION_CONTEXT ( 3 ) GLOBAL_UNCERTAINTY_ASSIGNED_CONTEXT ( ( #2571 ) ) GLOBAL_UNIT_ASSIGNED_CONTEXT ( ( #6171, #3622, #5852 ) ) REPRESENTATION_CONTEXT ( 'NONE', 'WORKASPACE' ) );
#5795 = UNCERTAINTY_MEASURE_WITH_UNIT (LENGTH_MEASURE( 1.000000000000000082E-05 ), #7186, 'distance_accuracy_value', 'NONE');
#5796 = PRESENTATION_STYLE_ASSIGNMENT (( #6481 ) ) ;
#5797 = FILL_AREA_STYLE_COLOUR ( '', #2117 ) ;
#5798 = VERTEX_POINT ( 'NONE', #5141 ) ;
#5799 = ADVANCED_FACE ( 'NONE', ( #8089 ), #8290, .T. ) ;
#5800 = DIRECTION ( 'NONE',  ( -0.06818941838404181388, -1.789660620253718485E-17, -0.9976723927324270269 ) ) ;
#5801 = CARTESIAN_POINT ( 'NONE',  ( 2.959881947592131635, 0.8474999999999999201, -0.1534094709192015960 ) ) ;
#5802 = EDGE_CURVE ( 'NONE', #1115, #7889, #8405, .T. ) ;
#5803 = DIRECTION ( 'NONE',  ( 1.447921622090529492E-16, 1.000000000000000000, -2.498792926766732971E-16 ) ) ;
#5804 = ADVANCED_FACE ( 'NONE', ( #3927 ), #2417, .F. ) ;
#5805 = CARTESIAN_POINT ( 'NONE',  ( -1.774999999999999689, -1.599999999999998757, 9.999999999999998224 ) ) ;
#5806 = VECTOR ( 'NONE', #9423, 1000.000000000000000 ) ;
#5807 = ADVANCED_FACE ( 'NONE', ( #4509 ), #9128, .T. ) ;
#5808 = DIRECTION ( 'NONE',  ( 1.000000000000000000, -1.447921622090530231E-16, -1.249000902703301108E-16 ) ) ;
#5809 = PRESENTATION_STYLE_ASSIGNMENT (( #7209 ) ) ;
#5810 = LINE ( 'NONE', #4905, #7526 ) ;
#5811 = PRESENTATION_STYLE_ASSIGNMENT (( #8053 ) ) ;
#5812 = CARTESIAN_POINT ( 'NONE',  ( 1.839609028908480548, -0.06515991332025482252, 0.1615225722711991774 ) ) ;
#5813 = FILL_AREA_STYLE_COLOUR ( '', #6301 ) ;
#5814 = EDGE_CURVE ( 'NONE', #5848, #1079, #3340, .T. ) ;
#5815 = SURFACE_STYLE_FILL_AREA ( #2858 ) ;
#5816 = LINE ( 'NONE', #5185, #5475 ) ;
#5817 = PRESENTATION_STYLE_ASSIGNMENT (( #6543 ) ) ;
#5818 = LINE ( 'NONE', #8784, #1749 ) ;
#5819 = VERTEX_POINT ( 'NONE', #7112 ) ;
#5820 =( GEOMETRIC_REPRESENTATION_CONTEXT ( 3 ) GLOBAL_UNCERTAINTY_ASSIGNED_CONTEXT ( ( #8791 ) ) GLOBAL_UNIT_ASSIGNED_CONTEXT ( ( #8402, #6861, #197 ) ) REPRESENTATION_CONTEXT ( 'NONE', 'WORKASPACE' ) );
#5821 = EDGE_CURVE ( 'NONE', #1466, #8398, #7704, .T. ) ;
#5822 = AXIS2_PLACEMENT_3D ( 'NONE', #8123, #7248, #626 ) ;
#5823 = SURFACE_STYLE_USAGE ( .BOTH. , #7472 ) ;
#5824 = DIRECTION ( 'NONE',  ( 1.488806659628715785E-32, 1.117179326706309308E-16, 1.000000000000000000 ) ) ;
#5825 = PLANE ( 'NONE',  #4163 ) ;
#5826 = FILL_AREA_STYLE ('',( #4338 ) ) ;
#5827 =( LENGTH_UNIT ( ) NAMED_UNIT ( * ) SI_UNIT ( .MILLI., .METRE. ) );
#5828 = DIRECTION ( 'NONE',  ( -1.000000000000000000, 1.447921622090530231E-16, 1.249000902703301108E-16 ) ) ;
#5829 = ORIENTED_EDGE ( 'NONE', *, *, #5685, .T. ) ;
#5830 = PRESENTATION_LAYER_ASSIGNMENT (  '', '', ( #3988 ) ) ;
#5831 =( GEOMETRIC_REPRESENTATION_CONTEXT ( 3 ) GLOBAL_UNCERTAINTY_ASSIGNED_CONTEXT ( ( #1594 ) ) GLOBAL_UNIT_ASSIGNED_CONTEXT ( ( #9285, #2630, #8560 ) ) REPRESENTATION_CONTEXT ( 'NONE', 'WORKASPACE' ) );
#5832 = STYLED_ITEM ( 'NONE', ( #3427 ), #4621 ) ;
#5833 = FILL_AREA_STYLE_COLOUR ( '', #4959 ) ;
#5834 = VECTOR ( 'NONE', #8574, 1000.000000000000227 ) ;
#5835 = CARTESIAN_POINT ( 'NONE',  ( 1.928448139884005874, 0.5173406441163430625, 0.3836203497100161841 ) ) ;
#5836 = ORIENTED_EDGE ( 'NONE', *, *, #6205, .F. ) ;
#5837 = ORIENTED_EDGE ( 'NONE', *, *, #3993, .F. ) ;
#5838 = ORIENTED_EDGE ( 'NONE', *, *, #3916, .F. ) ;
#5839 = VERTEX_POINT ( 'NONE', #1066 ) ;
#5840 = SURFACE_SIDE_STYLE ('',( #9365 ) ) ;
#5841 = STYLED_ITEM ( 'NONE', ( #6420 ), #5386 ) ;
#5842 = CARTESIAN_POINT ( 'NONE',  ( 1.681086225569887960, 0.3500000000000001443, 0.6824701013908928138 ) ) ;
#5843 = CARTESIAN_POINT ( 'NONE',  ( 1.820095359200621710, 0.4352817793311907768, 0.1127383980015534970 ) ) ;
#5844 =( GEOMETRIC_REPRESENTATION_CONTEXT ( 3 ) GLOBAL_UNCERTAINTY_ASSIGNED_CONTEXT ( ( #1606 ) ) GLOBAL_UNIT_ASSIGNED_CONTEXT ( ( #8710, #7093, #3326 ) ) REPRESENTATION_CONTEXT ( 'NONE', 'WORKASPACE' ) );
#5845 = STYLED_ITEM ( 'NONE', ( #2425 ), #774 ) ;
#5846 = SURFACE_STYLE_FILL_AREA ( #4495 ) ;
#5847 = CARTESIAN_POINT ( 'NONE',  ( 1.922001337468515425, 0.4416842183555810264, 0.3675033436712895063 ) ) ;
#5848 = VERTEX_POINT ( 'NONE', #1933 ) ;
#5849 = ADVANCED_BREP_SHAPE_REPRESENTATION ( 'LFPAK56-5_L4.9-W4.0-H1.0-P1.27-LS6.1-BR', ( #7974, #4892, #4997, #1554, #4912, #7943, #3626 ), #3170 ) ;
#5850 = FILL_AREA_STYLE_COLOUR ( '', #7739 ) ;
#5851 = STYLED_ITEM ( 'NONE', ( #4196 ), #7974 ) ;
#5852 =( NAMED_UNIT ( * ) SI_UNIT ( $, .STERADIAN. ) SOLID_ANGLE_UNIT ( ) );
#5853 = FACE_OUTER_BOUND ( 'NONE', #3617, .T. ) ;
#5854 = CARTESIAN_POINT ( 'NONE',  ( 1.877865984219584838, -0.1547081887870466743, 0.2571649605489614299 ) ) ;
#5855 = AXIS2_PLACEMENT_3D ( 'NONE', #8412, #4708, #3118 ) ;
#5856 = VECTOR ( 'NONE', #3855, 1000.000000000000000 ) ;
#5857 = EDGE_CURVE ( 'NONE', #2097, #8609, #4173, .T. ) ;
#5858 = DIRECTION ( 'NONE',  ( -2.168404344971008868E-15, -1.000000000000000000, 1.117179326706308322E-16 ) ) ;
#5859 = CARTESIAN_POINT ( 'NONE',  ( 1.812169338668674579, -0.3304384950590533720, 0.1198491707073576495 ) ) ;
#5860 = VECTOR ( 'NONE', #3043, 1000.000000000000000 ) ;
#5861 =( NAMED_UNIT ( * ) PLANE_ANGLE_UNIT ( ) SI_UNIT ( $, .RADIAN. ) );
#5862 =( LENGTH_UNIT ( ) NAMED_UNIT ( * ) SI_UNIT ( .MILLI., .METRE. ) );
#5863 = UNCERTAINTY_MEASURE_WITH_UNIT (LENGTH_MEASURE( 1.000000000000000082E-05 ), #7611, 'distance_accuracy_value', 'NONE');
#5864 = DIRECTION ( 'NONE',  ( 1.447921622090529492E-16, 1.000000000000000000, -2.498792926766732971E-16 ) ) ;
#5865 = FILL_AREA_STYLE ('',( #5329 ) ) ;
#5866 =( GEOMETRIC_REPRESENTATION_CONTEXT ( 3 ) GLOBAL_UNCERTAINTY_ASSIGNED_CONTEXT ( ( #5007 ) ) GLOBAL_UNIT_ASSIGNED_CONTEXT ( ( #7745, #6280, #4066 ) ) REPRESENTATION_CONTEXT ( 'NONE', 'WORKASPACE' ) );
#5867 = DIRECTION ( 'NONE',  ( 0.9284766908852604139, -0.000000000000000000, -0.3713906763541007794 ) ) ;
#5868 = PRESENTATION_LAYER_ASSIGNMENT (  '', '', ( #8671 ) ) ;
#5869 = CARTESIAN_POINT ( 'NONE',  ( 2.540318690028105397, 0.3500000000000000333, 0.2060369536996492501 ) ) ;
#5870 = ORIENTED_EDGE ( 'NONE', *, *, #5357, .F. ) ;
#5871 =( LENGTH_UNIT ( ) NAMED_UNIT ( * ) SI_UNIT ( .MILLI., .METRE. ) );
#5872 = CARTESIAN_POINT ( 'NONE',  ( 1.823405801418424232, -0.09876988648517828762, 0.1479403275817334773 ) ) ;
#5873 = FILL_AREA_STYLE ('',( #4377 ) ) ;
#5874 =( NAMED_UNIT ( * ) PLANE_ANGLE_UNIT ( ) SI_UNIT ( $, .RADIAN. ) );
#5875 = CARTESIAN_POINT ( 'NONE',  ( 2.411354963226314929, -0.9200000000000000400, 0.3779271093683748695 ) ) ;
#5876 = VECTOR ( 'NONE', #2246, 1000.000000000000114 ) ;
#5877 = EDGE_CURVE ( 'NONE', #9152, #755, #6290, .T. ) ;
#5878 = CARTESIAN_POINT ( 'NONE',  ( 2.411354963226314929, -0.3500000000000000333, 0.3779271093683748139 ) ) ;
#5879 = LINE ( 'NONE', #8849, #1503 ) ;
#5880 = VECTOR ( 'NONE', #7825, 1000.000000000000000 ) ;
#5881 = CARTESIAN_POINT ( 'NONE',  ( 1.913298396101997589, -0.1207577311240254081, 0.3457459902549930852 ) ) ;
#5882 = ORIENTED_EDGE ( 'NONE', *, *, #7250, .F. ) ;
#5883 = COLOUR_RGB ( '',1.000000000000000000, 1.000000000000000000, 1.000000000000000000 ) ;
#5884 = VECTOR ( 'NONE', #6632, 1000.000000000000114 ) ;
#5885 = CARTESIAN_POINT ( 'NONE',  ( 1.811065342574959880, 0.4149943487990441215, 0.1170891804730723046 ) ) ;
#5886 = ORIENTED_EDGE ( 'NONE', *, *, #8771, .T. ) ;
#5887 = VERTEX_POINT ( 'NONE', #3442 ) ;
#5888 = ORIENTED_EDGE ( 'NONE', *, *, #2621, .F. ) ;
#5889 = ORIENTED_EDGE ( 'NONE', *, *, #4937, .F. ) ;
#5890 = FILL_AREA_STYLE ('',( #2982 ) ) ;
#5891 = SURFACE_STYLE_FILL_AREA ( #6563 ) ;
#5892 =( NAMED_UNIT ( * ) PLANE_ANGLE_UNIT ( ) SI_UNIT ( $, .RADIAN. ) );
#5893 = UNCERTAINTY_MEASURE_WITH_UNIT (LENGTH_MEASURE( 1.000000000000000082E-05 ), #5827, 'distance_accuracy_value', 'NONE');
#5894 =( NAMED_UNIT ( * ) SI_UNIT ( $, .STERADIAN. ) SOLID_ANGLE_UNIT ( ) );
#5895 = SURFACE_STYLE_FILL_AREA ( #2255 ) ;
#5896 = VERTEX_POINT ( 'NONE', #4029 ) ;
#5897 = EDGE_CURVE ( 'NONE', #140, #5423, #6386, .T. ) ;
#5898 = STYLED_ITEM ( 'NONE', ( #2503 ), #2221 ) ;
#5899 = PRESENTATION_STYLE_ASSIGNMENT (( #1623 ) ) ;
#5900 = CARTESIAN_POINT ( 'NONE',  ( 1.681086225569887960, 1.695000000000000284, 0.4624701013908927849 ) ) ;
#5901 = FILL_AREA_STYLE_COLOUR ( '', #6299 ) ;
#5902 = CARTESIAN_POINT ( 'NONE',  ( 1.883162167673944065, 0.5473641667897457541, 0.2704054191848593303 ) ) ;
#5903 = B_SPLINE_CURVE_WITH_KNOTS ( 'NONE', 3,
 ( #3685, #5908, #8969, #2225, #7612, #3200, #977, #6866, #3931, #249, #3899 ),
 .UNSPECIFIED., .F., .F.,
 ( 4, 1, 1, 1, 1, 1, 1, 1, 4 ),
 ( 0.000000000000000000, 0.1252796967356255564, 0.2494199707420505230, 0.3733567994928196354, 0.4966812787822854069, 0.6202029157439822304, 0.7450863201614560394, 0.8712691950190974977, 1.000000000000000000 ),
 .UNSPECIFIED. ) ;
#5904 =( LENGTH_UNIT ( ) NAMED_UNIT ( * ) SI_UNIT ( .MILLI., .METRE. ) );
#5905 = VECTOR ( 'NONE', #3455, 1000.000000000000000 ) ;
#5906 = FILL_AREA_STYLE_COLOUR ( '', #2617 ) ;
#5907 = DIRECTION ( 'NONE',  ( 1.000000000000000000, -1.447921622090530231E-16, -1.249000902703301108E-16 ) ) ;
#5908 = CARTESIAN_POINT ( 'NONE',  ( 1.838882563030298734, 0.3673475718487866915, 0.1597064075757460844 ) ) ;
#5909 =( NAMED_UNIT ( * ) SI_UNIT ( $, .STERADIAN. ) SOLID_ANGLE_UNIT ( ) );
#5910 = SURFACE_SIDE_STYLE ('',( #2956 ) ) ;
#5911 = SURFACE_STYLE_USAGE ( .BOTH. , #7419 ) ;
#5912 = EDGE_CURVE ( 'NONE', #2543, #7889, #6780, .T. ) ;
#5913 =( GEOMETRIC_REPRESENTATION_CONTEXT ( 3 ) GLOBAL_UNCERTAINTY_ASSIGNED_CONTEXT ( ( #9592 ) ) GLOBAL_UNIT_ASSIGNED_CONTEXT ( ( #7883, #3561, #7284 ) ) REPRESENTATION_CONTEXT ( 'NONE', 'WORKASPACE' ) );
#5914 = ADVANCED_FACE ( 'NONE', ( #8629 ), #2568, .T. ) ;
#5915 = FILL_AREA_STYLE ('',( #2965 ) ) ;
#5916 = VERTEX_POINT ( 'NONE', #1209 ) ;
#5917 = FILL_AREA_STYLE_COLOUR ( '', #8139 ) ;
#5918 = LINE ( 'NONE', #8885, #1655 ) ;
#5919 = PRESENTATION_LAYER_ASSIGNMENT (  '', '', ( #1587 ) ) ;
#5920 = CARTESIAN_POINT ( 'NONE',  ( 1.814766314260152669, 0.4958875841690918995, 0.1263416096860529858 ) ) ;
#5921 = ADVANCED_FACE ( 'NONE', ( #8681 ), #8265, .T. ) ;
#5922 = FACE_OUTER_BOUND ( 'NONE', #5384, .T. ) ;
#5923 = FILL_AREA_STYLE ('',( #6020 ) ) ;
#5924 = EDGE_CURVE ( 'NONE', #2272, #1968, #5757, .T. ) ;
#5925 = DIRECTION ( 'NONE',  ( -0.06818941838404175837, -1.789660620253720026E-17, -0.9976723927324270269 ) ) ;
#5926 = PRESENTATION_STYLE_ASSIGNMENT (( #615 ) ) ;
#5927 = VERTEX_POINT ( 'NONE', #4212 ) ;
#5928 = STYLED_ITEM ( 'NONE', ( #2379 ), #125 ) ;
#5929 = EDGE_CURVE ( 'NONE', #8125, #5580, #1337, .T. ) ;
#5930 = ORIENTED_EDGE ( 'NONE', *, *, #8449, .F. ) ;
#5931 = ORIENTED_EDGE ( 'NONE', *, *, #6695, .T. ) ;
#5932 = ORIENTED_EDGE ( 'NONE', *, *, #6393, .F. ) ;
#5933 = DIRECTION ( 'NONE',  ( 1.447921622090529738E-16, 1.000000000000000000, -2.783468775164169937E-17 ) ) ;
#5934 = ORIENTED_EDGE ( 'NONE', *, *, #3603, .F. ) ;
#5935 = CARTESIAN_POINT ( 'NONE',  ( -2.175000000000000266, 0.8500000000000005329, 0.2699999999999999623 ) ) ;
#5936 = SURFACE_STYLE_FILL_AREA ( #9004 ) ;
#5937 = CARTESIAN_POINT ( 'NONE',  ( 2.037248960451289115, -2.189999999999999503, 0.4624701013908927294 ) ) ;
#5938 = FILL_AREA_STYLE_COLOUR ( '', #9582 ) ;
#5939 = AXIS2_PLACEMENT_3D ( 'NONE', #2529, #2579, #6304 ) ;
#5940 =( LENGTH_UNIT ( ) NAMED_UNIT ( * ) SI_UNIT ( .MILLI., .METRE. ) );
#5941 = ORIENTED_EDGE ( 'NONE', *, *, #6472, .F. ) ;
#5942 =( NAMED_UNIT ( * ) SI_UNIT ( $, .STERADIAN. ) SOLID_ANGLE_UNIT ( ) );
#5943 = SHAPE_DEFINITION_REPRESENTATION ( #5313, #5849 ) ;
#5944 = CARTESIAN_POINT ( 'NONE',  ( 2.483214825035667594, 0.4225000000000000422, 0.2050386854289297511 ) ) ;
#5945 = PRESENTATION_LAYER_ASSIGNMENT (  '', '', ( #7650 ) ) ;
#5946 = EDGE_CURVE ( 'NONE', #8891, #1463, #3253, .T. ) ;
#5947 = CARTESIAN_POINT ( 'NONE',  ( 1.932757102147926620, -0.01193570643909260334, 0.3943927553698175492 ) ) ;
#5948 = EDGE_LOOP ( 'NONE', ( #1573, #9442, #1716, #972 ) ) ;
#5949 = STYLED_ITEM ( 'NONE', ( #2190 ), #61 ) ;
#5950 = LINE ( 'NONE', #3540, #6033 ) ;
#5951 = CARTESIAN_POINT ( 'NONE',  ( 2.037248960451289115, 0.3500000000000000888, 0.4624701013908927294 ) ) ;
#5952 = ORIENTED_EDGE ( 'NONE', *, *, #1308, .F. ) ;
#5953 = FILL_AREA_STYLE_COLOUR ( '', #4121 ) ;
#5954 = UNCERTAINTY_MEASURE_WITH_UNIT (LENGTH_MEASURE( 1.000000000000000082E-05 ), #3072, 'distance_accuracy_value', 'NONE');
#5955 = CARTESIAN_POINT ( 'NONE',  ( 2.540318690028105397, -0.9200000000000000400, 0.2060369536996492501 ) ) ;
#5956 = CARTESIAN_POINT ( 'NONE',  ( 1.823092284558444742, 0.4255045313271630381, 0.1471565354317838359 ) ) ;
#5957 = STYLED_ITEM ( 'NONE', ( #978 ), #2795 ) ;
#5958 = SURFACE_STYLE_USAGE ( .BOTH. , #6640 ) ;
#5959 = COLOUR_RGB ( '',1.000000000000000000, 1.000000000000000000, 1.000000000000000000 ) ;
#5960 = DIRECTION ( 'NONE',  ( -0.3713906763541007239, 0.000000000000000000, -0.9284766908852605249 ) ) ;
#5961 = ORIENTED_EDGE ( 'NONE', *, *, #2908, .T. ) ;
#5962 = SURFACE_SIDE_STYLE ('',( #3012 ) ) ;
#5963 = FILL_AREA_STYLE ('',( #3013 ) ) ;
#5964 = SURFACE_STYLE_USAGE ( .BOTH. , #3740 ) ;
#5965 = UNCERTAINTY_MEASURE_WITH_UNIT (LENGTH_MEASURE( 1.000000000000000082E-05 ), #8297, 'distance_accuracy_value', 'NONE');
#5966 = SURFACE_STYLE_USAGE ( .BOTH. , #8103 ) ;
#5967 = CARTESIAN_POINT ( 'NONE',  ( 1.577669998408546048, -2.114999999999999769, 0.7745580952545570996 ) ) ;
#5968 = VECTOR ( 'NONE', #8165, 1000.000000000000000 ) ;
#5969 =( NAMED_UNIT ( * ) SI_UNIT ( $, .STERADIAN. ) SOLID_ANGLE_UNIT ( ) );
#5970 = EDGE_LOOP ( 'NONE', ( #9041, #9248, #3596, #4985, #4253, #7628, #7348, #5707, #9327, #2451, #9254, #6086 ) ) ;
#5971 = EDGE_CURVE ( 'NONE', #5798, #663, #5136, .T. ) ;
#5972 = ADVANCED_FACE ( 'NONE', ( #8761 ), #534, .T. ) ;
#5973 = CARTESIAN_POINT ( 'NONE',  ( 1.904013629193145096, -0.1207577311240254081, 0.3494598970185340825 ) ) ;
#5974 = COLOUR_RGB ( '',0.7921568627450980005, 0.8196078431372548767, 0.9333333333333333481 ) ;
#5975 = ADVANCED_FACE ( 'NONE', ( #826, #6810 ), #772, .F. ) ;
#5976 = COLOUR_RGB ( '',1.000000000000000000, 1.000000000000000000, 1.000000000000000000 ) ;
#5977 = CARTESIAN_POINT ( 'NONE',  ( 1.812169338668674579, 0.1524883342092393790, 0.1198491707073576495 ) ) ;
#5978 = EDGE_LOOP ( 'NONE', ( #6729, #5703, #332, #25 ) ) ;
#5979 = ORIENTED_EDGE ( 'NONE', *, *, #348, .F. ) ;
#5980 = VERTEX_POINT ( 'NONE', #5311 ) ;
#5981 = VERTEX_POINT ( 'NONE', #967 ) ;
#5982 = MECHANICAL_DESIGN_GEOMETRIC_PRESENTATION_REPRESENTATION (  '', ( #8924 ), #5176 ) ;
#5983 = LINE ( 'NONE', #861, #1943 ) ;
#5984 = LINE ( 'NONE', #4637, #2137 ) ;
#5985 = CARTESIAN_POINT ( 'NONE',  ( -1.775000000000001021, 1.076549042530281299E-15, 0.2700000000000000733 ) ) ;
#5986 = UNCERTAINTY_MEASURE_WITH_UNIT (LENGTH_MEASURE( 1.000000000000000082E-05 ), #9005, 'distance_accuracy_value', 'NONE');
#5987 = LINE ( 'NONE', #712, #5714 ) ;
#5988 = DIRECTION ( 'NONE',  ( -0.06818941838404206368, -1.789660620253715096E-17, -0.9976723927324269159 ) ) ;
#5989 = ORIENTED_EDGE ( 'NONE', *, *, #4881, .F. ) ;
#5990 = PRESENTATION_STYLE_ASSIGNMENT (( #2310 ) ) ;
#5991 = CARTESIAN_POINT ( 'NONE',  ( 2.716990092096919440, 1.620000000000000107, 0.08370509301950881942 ) ) ;
#5992 = VECTOR ( 'NONE', #9360, 1000.000000000000227 ) ;
#5993 = VECTOR ( 'NONE', #7286, 1000.000000000000000 ) ;
#5994 =( NAMED_UNIT ( * ) PLANE_ANGLE_UNIT ( ) SI_UNIT ( $, .RADIAN. ) );
#5995 = EDGE_CURVE ( 'NONE', #2822, #7515, #2312, .T. ) ;
#5996 = CARTESIAN_POINT ( 'NONE',  ( 1.922001337468515425, 0.4416842183555810264, 0.3675033436712895063 ) ) ;
#5997 = MECHANICAL_DESIGN_GEOMETRIC_PRESENTATION_REPRESENTATION (  '', ( #591 ), #7711 ) ;
#5998 = PRESENTATION_LAYER_ASSIGNMENT (  '', '', ( #6912 ) ) ;
#5999 = FACE_OUTER_BOUND ( 'NONE', #1257, .T. ) ;
#6000 = ORIENTED_EDGE ( 'NONE', *, *, #839, .T. ) ;
#6001 = COLOUR_RGB ( '',1.000000000000000000, 1.000000000000000000, 1.000000000000000000 ) ;
#6002 =( NAMED_UNIT ( * ) PLANE_ANGLE_UNIT ( ) SI_UNIT ( $, .RADIAN. ) );
#6003 = VECTOR ( 'NONE', #5658, 1000.000000000000000 ) ;
#6004 = MECHANICAL_DESIGN_GEOMETRIC_PRESENTATION_REPRESENTATION (  '', ( #5705 ), #8343 ) ;
#6005 = DIRECTION ( 'NONE',  ( -0.9976723927324270269, 1.463531740886934826E-16, 0.06818941838404181388 ) ) ;
#6006 = CARTESIAN_POINT ( 'NONE',  ( -2.374999999999999112, 2.007500000000001172, 0.2699999999999998512 ) ) ;
#6007 = EDGE_LOOP ( 'NONE', ( #4480, #8631, #7534, #1182 ) ) ;
#6008 = CARTESIAN_POINT ( 'NONE',  ( -3.075000000000001066, -1.807499999999998774, 0.2700000000000002953 ) ) ;
#6009 = CARTESIAN_POINT ( 'NONE',  ( 1.829597796121446240, 0.3673475718487866915, 0.1634203143392871094 ) ) ;
#6010 = MECHANICAL_DESIGN_GEOMETRIC_PRESENTATION_REPRESENTATION (  '', ( #6332 ), #1838 ) ;
#6011 = CARTESIAN_POINT ( 'NONE',  ( 2.909998327955510611, 0.3499999999999999223, -0.1499999999999994116 ) ) ;
#6012 = FACE_OUTER_BOUND ( 'NONE', #658, .T. ) ;
#6013 = AXIS2_PLACEMENT_3D ( 'NONE', #3628, #5044, #8135 ) ;
#6014 = SURFACE_STYLE_FILL_AREA ( #1647 ) ;
#6015 = ORIENTED_EDGE ( 'NONE', *, *, #2811, .F. ) ;
#6016 = FILL_AREA_STYLE ('',( #2336 ) ) ;
#6017 =( LENGTH_UNIT ( ) NAMED_UNIT ( * ) SI_UNIT ( .MILLI., .METRE. ) );
#6018 = CARTESIAN_POINT ( 'NONE',  ( 1.820142179498445811, 0.4407001324074164561, 0.1128554487461128908 ) ) ;
#6019 = DIRECTION ( 'NONE',  ( -1.000000000000000000, 1.806425379650513017E-15, -1.869220423420277720E-31 ) ) ;
#6020 = FILL_AREA_STYLE_COLOUR ( '', #2267 ) ;
#6021 = MECHANICAL_DESIGN_GEOMETRIC_PRESENTATION_REPRESENTATION (  '', ( #5104 ), #8371 ) ;
#6022 = ORIENTED_EDGE ( 'NONE', *, *, #8666, .T. ) ;
#6023 = CARTESIAN_POINT ( 'NONE',  ( 1.912716570559662710, 0.4416842183555810264, 0.3712172504348305035 ) ) ;
#6024 = LINE ( 'NONE', #5297, #8826 ) ;
#6025 = EDGE_LOOP ( 'NONE', ( #8896, #6474, #4812, #7234, #2207, #7640 ) ) ;
#6026 = AXIS2_PLACEMENT_3D ( 'NONE', #1377, #5158, #700 ) ;
#6027 = VERTEX_POINT ( 'NONE', #3145 ) ;
#6028 = VERTEX_POINT ( 'NONE', #4586 ) ;
#6029 =( NAMED_UNIT ( * ) PLANE_ANGLE_UNIT ( ) SI_UNIT ( $, .RADIAN. ) );
#6030 = ORIENTED_EDGE ( 'NONE', *, *, #3607, .T. ) ;
#6031 =( LENGTH_UNIT ( ) NAMED_UNIT ( * ) SI_UNIT ( .MILLI., .METRE. ) );
#6032 = FILL_AREA_STYLE_COLOUR ( '', #2914 ) ;
#6033 = VECTOR ( 'NONE', #7264, 1000.000000000000227 ) ;
#6034 = SURFACE_STYLE_FILL_AREA ( #5267 ) ;
#6035 = FILL_AREA_STYLE ('',( #2304 ) ) ;
#6036 = PLANE ( 'NONE',  #7369 ) ;
#6037 = SURFACE_STYLE_USAGE ( .BOTH. , #280 ) ;
#6038 = ADVANCED_FACE ( 'NONE', ( #4500 ), #7453, .F. ) ;
#6039 = DIRECTION ( 'NONE',  ( 0.9284766908852604139, -0.000000000000000000, -0.3713906763541007794 ) ) ;
#6040 = ORIENTED_EDGE ( 'NONE', *, *, #1246, .T. ) ;
#6041 = SURFACE_STYLE_FILL_AREA ( #2990 ) ;
#6042 =( GEOMETRIC_REPRESENTATION_CONTEXT ( 3 ) GLOBAL_UNCERTAINTY_ASSIGNED_CONTEXT ( ( #4322 ) ) GLOBAL_UNIT_ASSIGNED_CONTEXT ( ( #3487, #5581, #1888 ) ) REPRESENTATION_CONTEXT ( 'NONE', 'WORKASPACE' ) );
#6043 = EDGE_CURVE ( 'NONE', #1840, #2541, #4112, .T. ) ;
#6044 = CIRCLE ( 'NONE', #5587, 0.3300000000000000155 ) ;
#6045 = FILL_AREA_STYLE ('',( #4264 ) ) ;
#6046 = SURFACE_STYLE_FILL_AREA ( #3187 ) ;
#6047 = FILL_AREA_STYLE ('',( #5901 ) ) ;
#6048 = PLANE ( 'NONE',  #794 ) ;
#6049 = CARTESIAN_POINT ( 'NONE',  ( 1.917799994668218044, -0.04583407930681691889, 0.3569999866705453329 ) ) ;
#6050 = ADVANCED_FACE ( 'NONE', ( #7788 ), #4839, .F. ) ;
#6051 = MECHANICAL_DESIGN_GEOMETRIC_PRESENTATION_REPRESENTATION (  '', ( #2026 ), #1875 ) ;
#6052 = ORIENTED_EDGE ( 'NONE', *, *, #8365, .T. ) ;
#6053 = DIRECTION ( 'NONE',  ( 0.3713906763541016676, 0.000000000000000000, 0.9284766908852601919 ) ) ;
#6054 = EDGE_CURVE ( 'NONE', #1043, #4678, #3705, .T. ) ;
#6055 = DIRECTION ( 'NONE',  ( -0.9284766908852605249, 0.000000000000000000, 0.3713906763541009459 ) ) ;
#6056 =( GEOMETRIC_REPRESENTATION_CONTEXT ( 3 ) GLOBAL_UNCERTAINTY_ASSIGNED_CONTEXT ( ( #6480 ) ) GLOBAL_UNIT_ASSIGNED_CONTEXT ( ( #813, #7536, #2300 ) ) REPRESENTATION_CONTEXT ( 'NONE', 'WORKASPACE' ) );
#6057 = VERTEX_POINT ( 'NONE', #8396 ) ;
#6058 = SURFACE_SIDE_STYLE ('',( #2369 ) ) ;
#6059 = DIRECTION ( 'NONE',  ( 0.3713906763540992251, 0.000000000000000000, 0.9284766908852610801 ) ) ;
#6060 = UNCERTAINTY_MEASURE_WITH_UNIT (LENGTH_MEASURE( 1.000000000000000082E-05 ), #8605, 'distance_accuracy_value', 'NONE');
#6061 = DIRECTION ( 'NONE',  ( 0.000000000000000000, 0.000000000000000000, 1.000000000000000000 ) ) ;
#6062 = FILL_AREA_STYLE ('',( #5284 ) ) ;
#6063 = CARTESIAN_POINT ( 'NONE',  ( 1.883162167673944065, 0.5473641667897457541, 0.2704054191848593303 ) ) ;
#6064 = DIRECTION ( 'NONE',  ( 1.447921622090529492E-16, 1.000000000000000000, -2.498792926766732971E-16 ) ) ;
#6065 = DIRECTION ( 'NONE',  ( 0.1060905250085903556, -4.303867851713705188E-17, -0.9943564755676919109 ) ) ;
#6066 =( GEOMETRIC_REPRESENTATION_CONTEXT ( 3 ) GLOBAL_UNCERTAINTY_ASSIGNED_CONTEXT ( ( #9504 ) ) GLOBAL_UNIT_ASSIGNED_CONTEXT ( ( #1508, #7075, #4813 ) ) REPRESENTATION_CONTEXT ( 'NONE', 'WORKASPACE' ) );
#6067 = ORIENTED_EDGE ( 'NONE', *, *, #2868, .T. ) ;
#6068 = CARTESIAN_POINT ( 'NONE',  ( 1.824398056060821727, 0.04639077323362962579, 0.1504209641877259362 ) ) ;
#6069 = CARTESIAN_POINT ( 'NONE',  ( 1.826362683976955337, 0.5092669249321555291, 0.1284067099423872871 ) ) ;
#6070 = UNCERTAINTY_MEASURE_WITH_UNIT (LENGTH_MEASURE( 1.000000000000000082E-05 ), #5100, 'distance_accuracy_value', 'NONE');
#6071 = ADVANCED_FACE ( 'NONE', ( #2558 ), #4160, .F. ) ;
#6072 =( NAMED_UNIT ( * ) SI_UNIT ( $, .STERADIAN. ) SOLID_ANGLE_UNIT ( ) );
#6073 = ORIENTED_EDGE ( 'NONE', *, *, #1536, .T. ) ;
#6074 = PLANE ( 'NONE',  #6966 ) ;
#6076 = DIRECTION ( 'NONE',  ( -1.447921622090529985E-16, -1.000000000000000000, 1.117179326706309308E-16 ) ) ;
#6075 = CARTESIAN_POINT ( 'NONE',  ( 1.810838006995953764, 0.4249841222896454385, 0.1165208415255562097 ) ) ;
#6077 = ORIENTED_EDGE ( 'NONE', *, *, #1436, .F. ) ;
#6078 = ORIENTED_EDGE ( 'NONE', *, *, #2613, .T. ) ;
#6079 = EDGE_LOOP ( 'NONE', ( #3482, #4482, #489, #7005 ) ) ;
#6080 = ORIENTED_EDGE ( 'NONE', *, *, #1068, .F. ) ;
#6081 = CARTESIAN_POINT ( 'NONE',  ( -2.375000000000000444, -2.107499999999998153, 0.2700000000000002953 ) ) ;
#6082 =( NAMED_UNIT ( * ) PLANE_ANGLE_UNIT ( ) SI_UNIT ( $, .RADIAN. ) );
#6083 =( LENGTH_UNIT ( ) NAMED_UNIT ( * ) SI_UNIT ( .MILLI., .METRE. ) );
#6084 = CARTESIAN_POINT ( 'NONE',  ( 2.517749029844000397, -0.3500000000000000333, 0.7103050971205200348 ) ) ;
#6085 = CARTESIAN_POINT ( 'NONE',  ( -1.774999999999999689, -1.599999999999998757, 9.999999999999998224 ) ) ;
#6086 = ORIENTED_EDGE ( 'NONE', *, *, #633, .T. ) ;
#6087 = CARTESIAN_POINT ( 'NONE',  ( 2.483214825035667594, 2.189999999999999947, 0.2050386854289296401 ) ) ;
#6088 =( NAMED_UNIT ( * ) PLANE_ANGLE_UNIT ( ) SI_UNIT ( $, .RADIAN. ) );
#6089 = ORIENTED_EDGE ( 'NONE', *, *, #965, .T. ) ;
#6090 = CARTESIAN_POINT ( 'NONE',  ( 2.037248960451289115, 1.620000000000000107, 0.3024701013908927538 ) ) ;
#6091 = SURFACE_SIDE_STYLE ('',( #828 ) ) ;
#6092 = CARTESIAN_POINT ( 'NONE',  ( 1.916140976904577187, -0.05639344399829729348, 0.3528524422614436329 ) ) ;
#6093 = EDGE_CURVE ( 'NONE', #8291, #8317, #1826, .T. ) ;
#6094 =( NAMED_UNIT ( * ) PLANE_ANGLE_UNIT ( ) SI_UNIT ( $, .RADIAN. ) );
#6095 = ORIENTED_EDGE ( 'NONE', *, *, #9548, .F. ) ;
#6096 = COLOUR_RGB ( '',1.000000000000000000, 1.000000000000000000, 1.000000000000000000 ) ;
#6097 = CIRCLE ( 'NONE', #3164, 0.1600000000000000033 ) ;
#6098 = EDGE_CURVE ( 'NONE', #7688, #8803, #2631, .T. ) ;
#6099 = DIRECTION ( 'NONE',  ( -0.3713906763541009459, 0.000000000000000000, -0.9284766908852605249 ) ) ;
#6100 = ADVANCED_FACE ( 'NONE', ( #8536 ), #147, .T. ) ;
#6101 = ORIENTED_EDGE ( 'NONE', *, *, #2315, .F. ) ;
#6102 = FILL_AREA_STYLE_COLOUR ( '', #3423 ) ;
#6103 = PLANE ( 'NONE',  #3623 ) ;
#6104 = CARTESIAN_POINT ( 'NONE',  ( 2.959881947592131635, 1.692499999999999893, -0.1534094709192015960 ) ) ;
#6105 = CARTESIAN_POINT ( 'NONE',  ( 1.934177858848354692, 0.4352460477745915823, 0.3979446471208873959 ) ) ;
#6106 = CARTESIAN_POINT ( 'NONE',  ( 1.907181335580492521, 0.5253545943121129547, 0.3304533389512324115 ) ) ;
#6107 =( NAMED_UNIT ( * ) SI_UNIT ( $, .STERADIAN. ) SOLID_ANGLE_UNIT ( ) );
#6108 = CARTESIAN_POINT ( 'NONE',  ( 1.844733047558358541, 0.5163965005809414421, 0.1743326188958956025 ) ) ;
#6109 = VERTEX_POINT ( 'NONE', #1378 ) ;
#6110 = CARTESIAN_POINT ( 'NONE',  ( 2.739492600163652813, 0.3499999999999999778, 0.4129369826212098138 ) ) ;
#6111 = FILL_AREA_STYLE ('',( #8416 ) ) ;
#6112 = EDGE_CURVE ( 'NONE', #9353, #7295, #7150, .T. ) ;
#6113 = DIRECTION ( 'NONE',  ( -0.3473944798647143894, -0.3536223923290757742, -0.8684861996617940783 ) ) ;
#6114 = SURFACE_STYLE_FILL_AREA ( #2586 ) ;
#6115 = FILL_AREA_STYLE_COLOUR ( '', #4945 ) ;
#6117 = CARTESIAN_POINT ( 'NONE',  ( 2.909998327955510611, -0.4225000000000001532, -0.1499999999999995226 ) ) ;
#6116 = SURFACE_STYLE_FILL_AREA ( #446 ) ;
#6118 = ORIENTED_EDGE ( 'NONE', *, *, #7201, .F. ) ;
#6119 = EDGE_LOOP ( 'NONE', ( #6101, #1579, #1520, #4888 ) ) ;
#6120 = ORIENTED_EDGE ( 'NONE', *, *, #5235, .T. ) ;
#6121 = ORIENTED_EDGE ( 'NONE', *, *, #5045, .T. ) ;
#6122 = CARTESIAN_POINT ( 'NONE',  ( 1.827830608835617099, 0.4901864121143290620, 0.1590023461247133119 ) ) ;
#6123 =( NAMED_UNIT ( * ) SI_UNIT ( $, .STERADIAN. ) SOLID_ANGLE_UNIT ( ) );
#6124 = FACE_OUTER_BOUND ( 'NONE', #3739, .T. ) ;
#6125 = SURFACE_STYLE_FILL_AREA ( #3183 ) ;
#6126 = PLANE ( 'NONE',  #281 ) ;
#6127 =( LENGTH_UNIT ( ) NAMED_UNIT ( * ) SI_UNIT ( .MILLI., .METRE. ) );
#6128 = ORIENTED_EDGE ( 'NONE', *, *, #9270, .F. ) ;
#6129 =( GEOMETRIC_REPRESENTATION_CONTEXT ( 3 ) GLOBAL_UNCERTAINTY_ASSIGNED_CONTEXT ( ( #7418 ) ) GLOBAL_UNIT_ASSIGNED_CONTEXT ( ( #334, #9168, #7007 ) ) REPRESENTATION_CONTEXT ( 'NONE', 'WORKASPACE' ) );
#6130 = CARTESIAN_POINT ( 'NONE',  ( 1.781319529336187202, -0.3499999999999999223, 0.4624701013908926739 ) ) ;
#6131 = MECHANICAL_DESIGN_GEOMETRIC_PRESENTATION_REPRESENTATION (  '', ( #8627 ), #3973 ) ;
#6132 = ORIENTED_EDGE ( 'NONE', *, *, #6343, .T. ) ;
#6133 = VERTEX_POINT ( 'NONE', #6423 ) ;
#6134 = SURFACE_STYLE_FILL_AREA ( #2656 ) ;
#6135 = FACE_OUTER_BOUND ( 'NONE', #8223, .T. ) ;
#6136 = AXIS2_PLACEMENT_3D ( 'NONE', #5546, #8607, #1999 ) ;
#6137 = DIRECTION ( 'NONE',  ( -1.447921622090529492E-16, -1.000000000000000000, 2.498792926766732971E-16 ) ) ;
#6138 =( GEOMETRIC_REPRESENTATION_CONTEXT ( 3 ) GLOBAL_UNCERTAINTY_ASSIGNED_CONTEXT ( ( #8101 ) ) GLOBAL_UNIT_ASSIGNED_CONTEXT ( ( #6892, #4639, #5215 ) ) REPRESENTATION_CONTEXT ( 'NONE', 'WORKASPACE' ) );
#6139 = SURFACE_STYLE_USAGE ( .BOTH. , #5517 ) ;
#6140 = VERTEX_POINT ( 'NONE', #9409 ) ;
#6141 = DIRECTION ( 'NONE',  ( 1.447921622090529492E-16, 1.000000000000000000, -2.498792926766732971E-16 ) ) ;
#6142 = STYLED_ITEM ( 'NONE', ( #1679 ), #5323 ) ;
#6143 = AXIS2_PLACEMENT_3D ( 'NONE', #3764, #6812, #4546 ) ;
#6144 = VECTOR ( 'NONE', #8530, 1000.000000000000114 ) ;
#6145 =( LENGTH_UNIT ( ) NAMED_UNIT ( * ) SI_UNIT ( .MILLI., .METRE. ) );
#6146 = VERTEX_POINT ( 'NONE', #2736 ) ;
#6147 = DIRECTION ( 'NONE',  ( -1.000000000000000000, 6.994852725712931474E-17, 0.000000000000000000 ) ) ;
#6148 = CARTESIAN_POINT ( 'NONE',  ( 1.801604165149131243, -1.619999999999999885, 0.7592525293217018412 ) ) ;
#6149 = UNCERTAINTY_MEASURE_WITH_UNIT (LENGTH_MEASURE( 1.000000000000000082E-05 ), #7171, 'distance_accuracy_value', 'NONE');
#6150 = CYLINDRICAL_SURFACE ( 'NONE', #1504, 0.1599999999999999756 ) ;
#6151 = DIRECTION ( 'NONE',  ( 0.9284766908852605249, 0.000000000000000000, -0.3713906763541009459 ) ) ;
#6152 = AXIS2_PLACEMENT_3D ( 'NONE', #9311, #6418, #2651 ) ;
#6153 = MECHANICAL_DESIGN_GEOMETRIC_PRESENTATION_REPRESENTATION (  '', ( #7219 ), #2443 ) ;
#6154 = COLOUR_RGB ( '',1.000000000000000000, 1.000000000000000000, 1.000000000000000000 ) ;
#6155 = VECTOR ( 'NONE', #133, 1000.000000000000000 ) ;
#6156 = DIRECTION ( 'NONE',  ( 0.000000000000000000, -1.000000000000000000, 0.000000000000000000 ) ) ;
#6157 = COLOUR_RGB ( '',1.000000000000000000, 1.000000000000000000, 1.000000000000000000 ) ;
#6158 = DIRECTION ( 'NONE',  ( -0.9976723927324270269, 1.463531740886934579E-16, 0.06818941838404170286 ) ) ;
#6159 = FILL_AREA_STYLE ('',( #3266 ) ) ;
#6160 = ORIENTED_EDGE ( 'NONE', *, *, #1367, .T. ) ;
#6161 = MECHANICAL_DESIGN_GEOMETRIC_PRESENTATION_REPRESENTATION (  '', ( #5851 ), #8959 ) ;
#6162 = DIRECTION ( 'NONE',  ( -1.447921622090529492E-16, -1.000000000000000000, 2.498792926766732971E-16 ) ) ;
#6163 = CARTESIAN_POINT ( 'NONE',  ( 1.925826039712288607, 0.5289792466201791443, 0.3770650992807236812 ) ) ;
#6164 = CARTESIAN_POINT ( 'NONE',  ( 1.844264138969913924, -0.08259705088813759644, 0.1731603474247839780 ) ) ;
#6165 = CARTESIAN_POINT ( 'NONE',  ( -1.774999999999999689, -1.599999999999999867, 2.871689095215599919E-16 ) ) ;
#6166 = CARTESIAN_POINT ( 'NONE',  ( 1.125000000000000666, 1.599999999999999201, -7.032847502445894485E-17 ) ) ;
#6167 = DIRECTION ( 'NONE',  ( 0.3713906763541018896, 0.000000000000000000, 0.9284766908852600809 ) ) ;
#6168 = PRESENTATION_LAYER_ASSIGNMENT (  '', '', ( #8182 ) ) ;
#6169 = CARTESIAN_POINT ( 'NONE',  ( 1.812169338668674579, 0.08663467567265401015, 0.1198491707073576495 ) ) ;
#6170 = PRESENTATION_LAYER_ASSIGNMENT (  '', '', ( #4789 ) ) ;
#6171 =( LENGTH_UNIT ( ) NAMED_UNIT ( * ) SI_UNIT ( .MILLI., .METRE. ) );
#6172 = VERTEX_POINT ( 'NONE', #4348 ) ;
#6173 = EDGE_LOOP ( 'NONE', ( #8321, #2881, #8668, #2874, #9488, #3954, #888, #5281 ) ) ;
#6174 = VERTEX_POINT ( 'NONE', #2017 ) ;
#6175 = SURFACE_STYLE_FILL_AREA ( #6222 ) ;
#6176 = CARTESIAN_POINT ( 'NONE',  ( 2.959881947592131635, -0.4225000000000001532, -0.1534094709192015960 ) ) ;
#6177 =( GEOMETRIC_REPRESENTATION_CONTEXT ( 3 ) GLOBAL_UNCERTAINTY_ASSIGNED_CONTEXT ( ( #8227 ) ) GLOBAL_UNIT_ASSIGNED_CONTEXT ( ( #1528, #8277, #913 ) ) REPRESENTATION_CONTEXT ( 'NONE', 'WORKASPACE' ) );
#6178 = VECTOR ( 'NONE', #6141, 1000.000000000000000 ) ;
#6179 = SURFACE_STYLE_USAGE ( .BOTH. , #4540 ) ;
#6180 = SURFACE_SIDE_STYLE ('',( #3233 ) ) ;
#6181 = EDGE_CURVE ( 'NONE', #607, #49, #7532, .T. ) ;
#6182 = SURFACE_SIDE_STYLE ('',( #6125 ) ) ;
#6183 = CARTESIAN_POINT ( 'NONE',  ( 1.932871308483757433, 0.7671224805507027567, 0.3946782712093946377 ) ) ;
#6184 = CARTESIAN_POINT ( 'NONE',  ( 1.577669998408546048, 2.115000000000000213, 0.7745580952545570996 ) ) ;
#6185 = ORIENTED_EDGE ( 'NONE', *, *, #8722, .T. ) ;
#6186 = CARTESIAN_POINT ( 'NONE',  ( 1.911357824182757570, 0.1451712610385076929, 0.3678203844925673760 ) ) ;
#6187 = VECTOR ( 'NONE', #8479, 1000.000000000000000 ) ;
#6188 = CARTESIAN_POINT ( 'NONE',  ( -3.075000000000000178, 2.007500000000001172, 0.2699999999999998512 ) ) ;
#6189 = ORIENTED_EDGE ( 'NONE', *, *, #7404, .F. ) ;
#6190 = VERTEX_POINT ( 'NONE', #7384 ) ;
#6191 = CARTESIAN_POINT ( 'NONE',  ( -1.774999999999999689, 0.000000000000000000, 1.000000000000000000 ) ) ;
#6192 = LINE ( 'NONE', #8442, #7869 ) ;
#6193 = FILL_AREA_STYLE_COLOUR ( '', #2643 ) ;
#6194 = VECTOR ( 'NONE', #9147, 1000.000000000000000 ) ;
#6195 = EDGE_CURVE ( 'NONE', #174, #381, #1611, .T. ) ;
#6196 = DIRECTION ( 'NONE',  ( 0.000000000000000000, 1.000000000000000000, 0.000000000000000000 ) ) ;
#6197 = PRESENTATION_LAYER_ASSIGNMENT (  '', '', ( #787 ) ) ;
#6198 = ORIENTED_EDGE ( 'NONE', *, *, #8406, .F. ) ;
#6199 = PRESENTATION_LAYER_ASSIGNMENT (  '', '', ( #3104 ) ) ;
#6200 = FILL_AREA_STYLE_COLOUR ( '', #5255 ) ;
#6201 = ORIENTED_EDGE ( 'NONE', *, *, #8495, .T. ) ;
#6202 = CARTESIAN_POINT ( 'NONE',  ( 1.796356200846564111, 1.620000000000000329, 0.6824701013908929248 ) ) ;
#6203 = VECTOR ( 'NONE', #6858, 1000.000000000000000 ) ;
#6204 =( NAMED_UNIT ( * ) SI_UNIT ( $, .STERADIAN. ) SOLID_ANGLE_UNIT ( ) );
#6205 = EDGE_CURVE ( 'NONE', #8609, #6109, #2976, .T. ) ;
#6206 = CARTESIAN_POINT ( 'NONE',  ( 1.842854361013783970, -0.3146038914005166998, 0.1696359025344611193 ) ) ;
#6207 = LINE ( 'NONE', #3208, #3392 ) ;
#6208 = ORIENTED_EDGE ( 'NONE', *, *, #6395, .T. ) ;
#6209 = SURFACE_STYLE_USAGE ( .BOTH. , #453 ) ;
#6210 = CARTESIAN_POINT ( 'NONE',  ( 1.774999999999999689, 2.250000000000000444, 1.000000000000000000 ) ) ;
#6211 = FILL_AREA_STYLE_COLOUR ( '', #2849 ) ;
#6212 = SURFACE_SIDE_STYLE ('',( #1750 ) ) ;
#6213 = EDGE_CURVE ( 'NONE', #617, #9197, #1664, .T. ) ;
#6214 = DIRECTION ( 'NONE',  ( 0.000000000000000000, -1.000000000000000000, 0.000000000000000000 ) ) ;
#6215 = CARTESIAN_POINT ( 'NONE',  ( 1.920642591091610285, 0.003803120794605252368, 0.3641064777290263788 ) ) ;
#6216 = EDGE_CURVE ( 'NONE', #4922, #788, #8215, .T. ) ;
#6217 = ORIENTED_EDGE ( 'NONE', *, *, #3484, .F. ) ;
#6218 = VERTEX_POINT ( 'NONE', #7439 ) ;
#6219 = DIRECTION ( 'NONE',  ( -5.256737805990324050E-15, 0.000000000000000000, -1.000000000000000000 ) ) ;
#6221 = ORIENTED_EDGE ( 'NONE', *, *, #9513, .F. ) ;
#6220 = EDGE_CURVE ( 'NONE', #8114, #4248, #4481, .T. ) ;
#6222 = FILL_AREA_STYLE ('',( #3323 ) ) ;
#6223 = SURFACE_SIDE_STYLE ('',( #4682 ) ) ;
#6224 = LINE ( 'NONE', #7089, #9073 ) ;
#6225 = LINE ( 'NONE', #9200, #4164 ) ;
#6226 = DIRECTION ( 'NONE',  ( 1.447921622090529492E-16, 1.000000000000000000, -2.498792926766732971E-16 ) ) ;
#6227 = CARTESIAN_POINT ( 'NONE',  ( 1.857365463752284285, 0.5854422027189538635, 0.2328394834163818317 ) ) ;
#6228 = DIRECTION ( 'NONE',  ( -3.942553354492743038E-15, 0.000000000000000000, 1.000000000000000000 ) ) ;
#6229 = EDGE_LOOP ( 'NONE', ( #3226, #7637, #705, #317 ) ) ;
#6230 = EDGE_CURVE ( 'NONE', #1728, #6894, #6024, .T. ) ;
#6231 = CARTESIAN_POINT ( 'NONE',  ( 2.212181053090767069, 1.620000000000000107, 0.1710270804468144445 ) ) ;
#6232 = SURFACE_STYLE_FILL_AREA ( #5567 ) ;
#6233 = VERTEX_POINT ( 'NONE', #8940 ) ;
#6234 = VERTEX_POINT ( 'NONE', #2296 ) ;
#6235 = CARTESIAN_POINT ( 'NONE',  ( 1.871839204864093720, -0.1142801526672352769, 0.2690238361959062519 ) ) ;
#6236 = CARTESIAN_POINT ( 'NONE',  ( -2.374999999999999112, 2.107500000000000817, -1.270253258548042721E-16 ) ) ;
#6237 = STYLED_ITEM ( 'NONE', ( #4197 ), #3883 ) ;
#6238 =( LENGTH_UNIT ( ) NAMED_UNIT ( * ) SI_UNIT ( .MILLI., .METRE. ) );
#6239 = ORIENTED_EDGE ( 'NONE', *, *, #9497, .F. ) ;
#6240 = LINE ( 'NONE', #9217, #1689 ) ;
#6241 =( NAMED_UNIT ( * ) PLANE_ANGLE_UNIT ( ) SI_UNIT ( $, .RADIAN. ) );
#6242 = EDGE_CURVE ( 'NONE', #5798, #2102, #3847, .T. ) ;
#6243 = ORIENTED_EDGE ( 'NONE', *, *, #7945, .T. ) ;
#6244 = FILL_AREA_STYLE_COLOUR ( '', #8685 ) ;
#6245 = EDGE_CURVE ( 'NONE', #2822, #3022, #2317, .T. ) ;
#6246 = PLANE ( 'NONE',  #4261 ) ;
#6247 = PRESENTATION_STYLE_ASSIGNMENT (( #251 ) ) ;
#6248 = UNCERTAINTY_MEASURE_WITH_UNIT (LENGTH_MEASURE( 1.000000000000000082E-05 ), #6775, 'distance_accuracy_value', 'NONE');
#6249 = PLANE ( 'NONE',  #4765 ) ;
#6250 = AXIS2_PLACEMENT_3D ( 'NONE', #3346, #4038, #7023 ) ;
#6251 = DIRECTION ( 'NONE',  ( 1.000000000000000000, -2.369136632905468679E-16, 1.157943808795868639E-32 ) ) ;
#6252 = DIRECTION ( 'NONE',  ( 1.447921622090529492E-16, 1.000000000000000000, -2.498792926766732971E-16 ) ) ;
#6253 = SURFACE_SIDE_STYLE ('',( #1170 ) ) ;
#6254 = ORIENTED_EDGE ( 'NONE', *, *, #2555, .F. ) ;
#6255 = SURFACE_SIDE_STYLE ('',( #3944 ) ) ;
#6256 = DIRECTION ( 'NONE',  ( 1.447921622090529492E-16, 1.000000000000000000, -2.498792926766732971E-16 ) ) ;
#6257 = CARTESIAN_POINT ( 'NONE',  ( 1.856959780044092012, -0.1128089173948937513, 0.2318252741459038146 ) ) ;
#6258 = STYLED_ITEM ( 'NONE', ( #6837 ), #494 ) ;
#6259 = LINE ( 'NONE', #1945, #7936 ) ;
#6260 = UNCERTAINTY_MEASURE_WITH_UNIT (LENGTH_MEASURE( 1.000000000000000082E-05 ), #7318, 'distance_accuracy_value', 'NONE');
#6261 = FACE_OUTER_BOUND ( 'NONE', #7535, .T. ) ;
#6262 =( NAMED_UNIT ( * ) PLANE_ANGLE_UNIT ( ) SI_UNIT ( $, .RADIAN. ) );
#6263 = PRESENTATION_STYLE_ASSIGNMENT (( #6313 ) ) ;
#6264 = CARTESIAN_POINT ( 'NONE',  ( 2.037248960451289115, 0.9200000000000000400, 0.4624701013908926184 ) ) ;
#6265 = CARTESIAN_POINT ( 'NONE',  ( 1.919071699296936329, -0.03448273847512536849, 0.3601792482423431530 ) ) ;
#6266 = ORIENTED_EDGE ( 'NONE', *, *, #1476, .F. ) ;
#6267 = ORIENTED_EDGE ( 'NONE', *, *, #8966, .T. ) ;
#6268 =( LENGTH_UNIT ( ) NAMED_UNIT ( * ) SI_UNIT ( .MILLI., .METRE. ) );
#6269 = ORIENTED_EDGE ( 'NONE', *, *, #2642, .F. ) ;
#6270 = FACE_OUTER_BOUND ( 'NONE', #3849, .T. ) ;
#6271 = DIRECTION ( 'NONE',  ( 0.000000000000000000, 0.3175924547727947966, -0.9482273106546712516 ) ) ;
#6272 = FACE_OUTER_BOUND ( 'NONE', #866, .T. ) ;
#6273 = CARTESIAN_POINT ( 'NONE',  ( 2.181086225569887738, 1.620000000000000107, 0.4624701013908927294 ) ) ;
#6274 = DIRECTION ( 'NONE',  ( -1.000000000000000000, 2.431469460965334458E-17, 1.249000902703301354E-16 ) ) ;
#6275 = CARTESIAN_POINT ( 'NONE',  ( 1.817077917068102622, 0.5092669249321555291, 0.1321206167059282843 ) ) ;
#6276 = VECTOR ( 'NONE', #6147, 1000.000000000000000 ) ;
#6277 = EDGE_CURVE ( 'NONE', #2918, #9152, #1462, .T. ) ;
#6278 = FILL_AREA_STYLE_COLOUR ( '', #2741 ) ;
#6279 = VERTEX_POINT ( 'NONE', #3898 ) ;
#6280 =( NAMED_UNIT ( * ) PLANE_ANGLE_UNIT ( ) SI_UNIT ( $, .RADIAN. ) );
#6281 =( NAMED_UNIT ( * ) PLANE_ANGLE_UNIT ( ) SI_UNIT ( $, .RADIAN. ) );
#6282 = VERTEX_POINT ( 'NONE', #9036 ) ;
#6283 = ORIENTED_EDGE ( 'NONE', *, *, #8267, .T. ) ;
#6284 = VECTOR ( 'NONE', #1279, 1000.000000000000000 ) ;
#6285 = PRESENTATION_STYLE_ASSIGNMENT (( #7838 ) ) ;
#6286 = DIRECTION ( 'NONE',  ( -0.06818941838404181388, -1.789660620253718794E-17, -0.9976723927324270269 ) ) ;
#6287 = CARTESIAN_POINT ( 'NONE',  ( 1.681086225569887960, 1.620000000000000329, 0.4624701013908927849 ) ) ;
#6288 = VERTEX_POINT ( 'NONE', #7480 ) ;
#6289 = LINE ( 'NONE', #1780, #8044 ) ;
#6290 = LINE ( 'NONE', #5471, #7103 ) ;
#6291 = AXIS2_PLACEMENT_3D ( 'NONE', #8674, #2745, #6151 ) ;
#6292 = ORIENTED_EDGE ( 'NONE', *, *, #9251, .F. ) ;
#6293 = FACE_OUTER_BOUND ( 'NONE', #3397, .T. ) ;
#6294 = SURFACE_STYLE_USAGE ( .BOTH. , #6975 ) ;
#6295 =( NAMED_UNIT ( * ) PLANE_ANGLE_UNIT ( ) SI_UNIT ( $, .RADIAN. ) );
#6296 = ADVANCED_FACE ( 'NONE', ( #6656 ), #5343, .F. ) ;
#6297 = DIRECTION ( 'NONE',  ( -0.9284766908852604139, 0.000000000000000000, 0.3713906763541007794 ) ) ;
#6298 = PRESENTATION_LAYER_ASSIGNMENT (  '', '', ( #5686 ) ) ;
#6299 = COLOUR_RGB ( '',1.000000000000000000, 1.000000000000000000, 1.000000000000000000 ) ;
#6300 = COLOUR_RGB ( '',1.000000000000000000, 1.000000000000000000, 1.000000000000000000 ) ;
#6301 = COLOUR_RGB ( '',1.000000000000000000, 1.000000000000000000, 1.000000000000000000 ) ;
#6302 = CARTESIAN_POINT ( 'NONE',  ( 1.810810592291769217, 0.4352817793311907768, 0.1164523047650945220 ) ) ;
#6303 = LINE ( 'NONE', #2628, #1526 ) ;
#6304 = DIRECTION ( 'NONE',  ( 0.06818941838404181388, 1.789660620253718794E-17, 0.9976723927324270269 ) ) ;
#6305 = VECTOR ( 'NONE', #4979, 1000.000000000000000 ) ;
#6306 = AXIS2_PLACEMENT_3D ( 'NONE', #4977, #7187, #4341 ) ;
#6307 = FACE_BOUND ( 'NONE', #6862, .T. ) ;
#6308 = CARTESIAN_POINT ( 'NONE',  ( 1.861770990240165347, -0.1142953091791326092, 0.2438532996360853466 ) ) ;
#6309 = SURFACE_STYLE_FILL_AREA ( #9290 ) ;
#6310 = AXIS2_PLACEMENT_3D ( 'NONE', #6647, #213, #2234 ) ;
#6311 = LINE ( 'NONE', #6402, #3047 ) ;
#6312 =( NAMED_UNIT ( * ) SI_UNIT ( $, .STERADIAN. ) SOLID_ANGLE_UNIT ( ) );
#6313 = SURFACE_STYLE_USAGE ( .BOTH. , #2717 ) ;
#6314 = EDGE_CURVE ( 'NONE', #2395, #1468, #9386, .T. ) ;
#6315 = MECHANICAL_DESIGN_GEOMETRIC_PRESENTATION_REPRESENTATION (  '', ( #8175 ), #914 ) ;
#6316 = DIRECTION ( 'NONE',  ( 0.000000000000000000, 0.000000000000000000, -1.000000000000000000 ) ) ;
#6317 = COLOUR_RGB ( '',1.000000000000000000, 1.000000000000000000, 1.000000000000000000 ) ;
#6318 = MECHANICAL_DESIGN_GEOMETRIC_PRESENTATION_REPRESENTATION (  '', ( #6471 ), #4000 ) ;
#6319 = ORIENTED_EDGE ( 'NONE', *, *, #5235, .F. ) ;
#6320 = ORIENTED_EDGE ( 'NONE', *, *, #7473, .T. ) ;
#6321 = SURFACE_SIDE_STYLE ('',( #3365 ) ) ;
#6322 = ORIENTED_EDGE ( 'NONE', *, *, #7667, .F. ) ;
#6323 = FACE_OUTER_BOUND ( 'NONE', #998, .T. ) ;
#6324 = CARTESIAN_POINT ( 'NONE',  ( -1.774999999999999689, 2.250000000000000000, 1.000000000000000000 ) ) ;
#6325 = CYLINDRICAL_SURFACE ( 'NONE', #4942, 0.1599999999999999756 ) ;
#6326 = AXIS2_PLACEMENT_3D ( 'NONE', #4756, #3264, #6980 ) ;
#6327 = SURFACE_STYLE_FILL_AREA ( #6954 ) ;
#6328 =( NAMED_UNIT ( * ) SI_UNIT ( $, .STERADIAN. ) SOLID_ANGLE_UNIT ( ) );
#6329 = PRESENTATION_LAYER_ASSIGNMENT (  '', '', ( #7399 ) ) ;
#6330 = CARTESIAN_POINT ( 'NONE',  ( -1.774999999999999689, -2.250000000000000444, 1.000000000000000000 ) ) ;
#6331 = ORIENTED_EDGE ( 'NONE', *, *, #9013, .F. ) ;
#6332 = STYLED_ITEM ( 'NONE', ( #9087 ), #5597 ) ;
#6333 = PRESENTATION_STYLE_ASSIGNMENT (( #7887 ) ) ;
#6334 = FILL_AREA_STYLE ('',( #5508 ) ) ;
#6335 = VERTEX_POINT ( 'NONE', #545 ) ;
#6336 = CARTESIAN_POINT ( 'NONE',  ( 2.181086225569887738, 0.3500000000000000888, 0.4624701013908927294 ) ) ;
#6337 = CARTESIAN_POINT ( 'NONE',  ( -1.974999999999999867, 1.600000000000000311, 0.000000000000000000 ) ) ;
#6338 = EDGE_CURVE ( 'NONE', #6845, #4701, #8693, .T. ) ;
#6339 = FACE_OUTER_BOUND ( 'NONE', #940, .T. ) ;
#6340 = CARTESIAN_POINT ( 'NONE',  ( 1.835835756970323418, -0.3086617772668205917, 0.1520893924258082119 ) ) ;
#6341 = EDGE_LOOP ( 'NONE', ( #4992, #1031, #6864, #4169, #7191, #1667, #354, #931 ) ) ;
#6342 = PRESENTATION_LAYER_ASSIGNMENT (  '', '', ( #3406 ) ) ;
#6343 = EDGE_CURVE ( 'NONE', #6279, #2606, #8598, .T. ) ;
#6344 = DIRECTION ( 'NONE',  ( -2.166085619527817307E-16, 1.000000000000000000, -2.498792926766732478E-16 ) ) ;
#6345 = DIRECTION ( 'NONE',  ( 0.000000000000000000, -1.000000000000000000, 1.117179326706309555E-16 ) ) ;
#6346 = ORIENTED_EDGE ( 'NONE', *, *, #1358, .F. ) ;
#6347 = CARTESIAN_POINT ( 'NONE',  ( 0.000000000000000000, 0.000000000000000000, 0.000000000000000000 ) ) ;
#6348 = PRESENTATION_LAYER_ASSIGNMENT (  '', '', ( #2166 ) ) ;
#6349 = ADVANCED_FACE ( 'NONE', ( #2711 ), #7913, .F. ) ;
#6350 = LINE ( 'NONE', #634, #6876 ) ;
#6351 = COLOUR_RGB ( '',1.000000000000000000, 1.000000000000000000, 1.000000000000000000 ) ;
#6352 = LINE ( 'NONE', #2710, #7021 ) ;
#6353 = CARTESIAN_POINT ( 'NONE',  ( 1.821454105577527294, -0.3304384950590533720, 0.1161352639438166245 ) ) ;
#6354 = DIRECTION ( 'NONE',  ( -0.9976723927324270269, 1.463531740886935072E-16, 0.06818941838404207756 ) ) ;
#6355 = DIRECTION ( 'NONE',  ( -0.9284766908852605249, 0.000000000000000000, 0.3713906763541007239 ) ) ;
#6356 = PLANE ( 'NONE',  #4553 ) ;
#6357 = LINE ( 'NONE', #4225, #1485 ) ;
#6358 = SURFACE_STYLE_USAGE ( .BOTH. , #3409 ) ;
#6359 = CARTESIAN_POINT ( 'NONE',  ( 2.483214825035667594, -1.692499999999999893, 0.2050386854289296401 ) ) ;
#6360 =( NAMED_UNIT ( * ) PLANE_ANGLE_UNIT ( ) SI_UNIT ( $, .RADIAN. ) );
#6361 = UNCERTAINTY_MEASURE_WITH_UNIT (LENGTH_MEASURE( 1.000000000000000082E-05 ), #958, 'distance_accuracy_value', 'NONE');
#6362 = CARTESIAN_POINT ( 'NONE',  ( 1.866476732920606008, -0.1548287389614922960, 0.2556176563371878041 ) ) ;
#6363 = CARTESIAN_POINT ( 'NONE',  ( 1.825756802437726867, -0.3099735560346631447, 0.1538178301299890360 ) ) ;
#6364 = CIRCLE ( 'NONE', #2178, 0.3300000000000000155 ) ;
#6365 = DIRECTION ( 'NONE',  ( -1.447921622090529492E-16, -1.000000000000000000, 2.498792926766732971E-16 ) ) ;
#6366 = VERTEX_POINT ( 'NONE', #1126 ) ;
#6367 = ORIENTED_EDGE ( 'NONE', *, *, #3949, .F. ) ;
#6368 = EDGE_CURVE ( 'NONE', #3979, #664, #2446, .T. ) ;
#6369 = SURFACE_SIDE_STYLE ('',( #2047 ) ) ;
#6370 = ORIENTED_EDGE ( 'NONE', *, *, #2791, .T. ) ;
#6371 = DIRECTION ( 'NONE',  ( -0.1060905250085903556, 4.303867851713705188E-17, 0.9943564755676919109 ) ) ;
#6372 = DIRECTION ( 'NONE',  ( -0.1260241383236091472, -0.9406672605435404400, -0.3150603458090256992 ) ) ;
#6373 = DIRECTION ( 'NONE',  ( 0.000000000000000000, -1.000000000000000000, 0.000000000000000000 ) ) ;
#6374 = SURFACE_STYLE_USAGE ( .BOTH. , #1143 ) ;
#6375 = FILL_AREA_STYLE ('',( #8576 ) ) ;
#6376 = CARTESIAN_POINT ( 'NONE',  ( 1.830172728162668960, 0.3646834561604590519, 0.1648576444423442422 ) ) ;
#6377 = VERTEX_POINT ( 'NONE', #9283 ) ;
#6378 = SURFACE_SIDE_STYLE ('',( #8664 ) ) ;
#6379 = ORIENTED_EDGE ( 'NONE', *, *, #8963, .T. ) ;
#6380 = CARTESIAN_POINT ( 'NONE',  ( 1.781319529336186980, 1.620000000000000107, 0.4624701013908927849 ) ) ;
#6381 = DIRECTION ( 'NONE',  ( 1.447921622090529492E-16, 1.000000000000000000, -2.498792926766732971E-16 ) ) ;
#6382 = PLANE ( 'NONE',  #6291 ) ;
#6383 = LINE ( 'NONE', #674, #8000 ) ;
#6384 = VERTEX_POINT ( 'NONE', #1938 ) ;
#6385 = SURFACE_SIDE_STYLE ('',( #5037 ) ) ;
#6386 = LINE ( 'NONE', #2663, #1376 ) ;
#6387 = ORIENTED_EDGE ( 'NONE', *, *, #7772, .F. ) ;
#6388 = CARTESIAN_POINT ( 'NONE',  ( 1.826362683976955337, 0.5092669249321555291, 0.1284067099423872871 ) ) ;
#6389 = COLOUR_RGB ( '',1.000000000000000000, 1.000000000000000000, 1.000000000000000000 ) ;
#6390 = EDGE_CURVE ( 'NONE', #1466, #2309, #475, .T. ) ;
#6391 = CARTESIAN_POINT ( 'NONE',  ( -2.775000000000000355, -2.007499999999998952, 0.2700000000000002953 ) ) ;
#6392 = PRESENTATION_STYLE_ASSIGNMENT (( #1164 ) ) ;
#6393 = EDGE_CURVE ( 'NONE', #8570, #3570, #9428, .T. ) ;
#6394 = ADVANCED_FACE ( 'NONE', ( #499 ), #4133, .F. ) ;
#6395 = EDGE_CURVE ( 'NONE', #3979, #1148, #7900, .T. ) ;
#6396 = CARTESIAN_POINT ( 'NONE',  ( 1.911768707044926074, 0.4101820854507777225, 0.3688475916479878047 ) ) ;
#6397 = DIRECTION ( 'NONE',  ( 0.9284766908852604139, -0.000000000000000000, -0.3713906763541007794 ) ) ;
#6398 = DIRECTION ( 'NONE',  ( 5.061928863708876291E-16, 1.000000000000000000, -2.498792926766733464E-16 ) ) ;
#6399 =( NAMED_UNIT ( * ) PLANE_ANGLE_UNIT ( ) SI_UNIT ( $, .RADIAN. ) );
#6400 = LINE ( 'NONE', #2713, #4863 ) ;
#6401 = CARTESIAN_POINT ( 'NONE',  ( 2.517816181961371580, 0.4225000000000000422, -0.1231949359020517998 ) ) ;
#6402 = CARTESIAN_POINT ( 'NONE',  ( 2.181086225569887738, 0.9200000000000000400, 0.4624701013908926184 ) ) ;
#6403 = SURFACE_SIDE_STYLE ('',( #3547 ) ) ;
#6404 = CARTESIAN_POINT ( 'NONE',  ( 1.796356200846564111, 0.4250000000000002109, 0.6824701013908928138 ) ) ;
#6405 = FACE_OUTER_BOUND ( 'NONE', #6738, .T. ) ;
#6406 = EDGE_CURVE ( 'NONE', #9164, #128, #5950, .T. ) ;
#6407 = VECTOR ( 'NONE', #8699, 1000.000000000000000 ) ;
#6408 =( NAMED_UNIT ( * ) SI_UNIT ( $, .STERADIAN. ) SOLID_ANGLE_UNIT ( ) );
#6409 = EDGE_LOOP ( 'NONE', ( #7733, #8302, #8804, #4345 ) ) ;
#6410 = LINE ( 'NONE', #649, #4363 ) ;
#6411 = ORIENTED_EDGE ( 'NONE', *, *, #7766, .F. ) ;
#6412 = CARTESIAN_POINT ( 'NONE',  ( 1.835448280649506048, 0.5163965005809414421, 0.1780465256594366275 ) ) ;
#6413 = PLANE ( 'NONE',  #5082 ) ;
#6414 = FILL_AREA_STYLE ('',( #3468 ) ) ;
#6415 = PLANE ( 'NONE',  #9448 ) ;
#6416 =( NAMED_UNIT ( * ) PLANE_ANGLE_UNIT ( ) SI_UNIT ( $, .RADIAN. ) );
#6417 = DIRECTION ( 'NONE',  ( 1.447921622090529492E-16, 1.000000000000000000, -2.498792926766732971E-16 ) ) ;
#6418 = DIRECTION ( 'NONE',  ( -0.3713906763541008349, 0.000000000000000000, -0.9284766908852605249 ) ) ;
#6419 = MECHANICAL_DESIGN_GEOMETRIC_PRESENTATION_REPRESENTATION (  '', ( #5949 ), #7657 ) ;
#6420 = PRESENTATION_STYLE_ASSIGNMENT (( #9449 ) ) ;
#6421 = ORIENTED_EDGE ( 'NONE', *, *, #7922, .T. ) ;
#6422 = DIRECTION ( 'NONE',  ( 0.9284766908852604139, -0.000000000000000000, -0.3713906763541007794 ) ) ;
#6423 = CARTESIAN_POINT ( 'NONE',  ( 2.517816181961371580, 1.692499999999999893, -0.1231949359020517998 ) ) ;
#6424 = VERTEX_POINT ( 'NONE', #8914 ) ;
#6425 = FILL_AREA_STYLE ('',( #9456 ) ) ;
#6426 = FILL_AREA_STYLE ('',( #9502 ) ) ;
#6427 = CARTESIAN_POINT ( 'NONE',  ( 1.820122773904806257, 0.4249841222896454385, 0.1128069347620151847 ) ) ;
#6428 = AXIS2_PLACEMENT_3D ( 'NONE', #8763, #3756, #2401 ) ;
#6429 = CARTESIAN_POINT ( 'NONE',  ( 1.930270573380789889, 0.3822382348100662464, 0.3881764334519758330 ) ) ;
#6430 = DIRECTION ( 'NONE',  ( -0.06818941838404181388, -1.789660620253718794E-17, -0.9976723927324270269 ) ) ;
#6431 = EDGE_LOOP ( 'NONE', ( #6906, #3042, #8241, #1720, #3900, #108 ) ) ;
#6432 = CARTESIAN_POINT ( 'NONE',  ( 2.394122236080193034, -0.9200000000000000400, 0.5394445853922671397 ) ) ;
#6433 = MECHANICAL_DESIGN_GEOMETRIC_PRESENTATION_REPRESENTATION (  '', ( #1320 ), #5049 ) ;
#6434 = CARTESIAN_POINT ( 'NONE',  ( 2.461382810556700385, 1.620000000000000107, -0.1143832811983292869 ) ) ;
#6435 = VECTOR ( 'NONE', #7861, 1000.000000000000000 ) ;
#6436 = VECTOR ( 'NONE', #6692, 1000.000000000000000 ) ;
#6437 = PRESENTATION_LAYER_ASSIGNMENT (  '', '', ( #7685 ) ) ;
#6438 = DIRECTION ( 'NONE',  ( -1.447921622090529492E-16, -1.000000000000000000, 2.498792926766732971E-16 ) ) ;
#6439 = DIRECTION ( 'NONE',  ( 0.000000000000000000, 1.000000000000000000, 0.000000000000000000 ) ) ;
#6440 = VECTOR ( 'NONE', #8091, 1000.000000000000227 ) ;
#6441 = DIRECTION ( 'NONE',  ( 1.447921622090529492E-16, 1.000000000000000000, -2.498792926766732971E-16 ) ) ;
#6442 = DIRECTION ( 'NONE',  ( -5.061928863708876291E-16, -1.000000000000000000, 2.498792926766733464E-16 ) ) ;
#6443 = SURFACE_STYLE_USAGE ( .BOTH. , #4962 ) ;
#6444 = CARTESIAN_POINT ( 'NONE',  ( 2.909998327955510611, 2.117500000000000160, -0.1499999999999995226 ) ) ;
#6445 = UNCERTAINTY_MEASURE_WITH_UNIT (LENGTH_MEASURE( 1.000000000000000082E-05 ), #3812, 'distance_accuracy_value', 'NONE');
#6446 = COLOUR_RGB ( '',0.1019607843137254888, 0.1019607843137254888, 0.1019607843137254888 ) ;
#6447 = PRESENTATION_STYLE_ASSIGNMENT (( #9346 ) ) ;
#6448 = CARTESIAN_POINT ( 'NONE',  ( 1.817826940012908121, -0.07350380936248969432, 0.1339931740679407013 ) ) ;
#6449 = PRESENTATION_LAYER_ASSIGNMENT (  '', '', ( #3046 ) ) ;
#6450 = CARTESIAN_POINT ( 'NONE',  ( 1.894816717180773269, -0.1070026367163823683, 0.2995417929519333389 ) ) ;
#6451 = AXIS2_PLACEMENT_3D ( 'NONE', #1729, #3384, #1772 ) ;
#6452 =( GEOMETRIC_REPRESENTATION_CONTEXT ( 3 ) GLOBAL_UNCERTAINTY_ASSIGNED_CONTEXT ( ( #7227 ) ) GLOBAL_UNIT_ASSIGNED_CONTEXT ( ( #1007, #2405, #5354 ) ) REPRESENTATION_CONTEXT ( 'NONE', 'WORKASPACE' ) );
#6453 = SURFACE_STYLE_USAGE ( .BOTH. , #8840 ) ;
#6454 = ORIENTED_EDGE ( 'NONE', *, *, #5523, .F. ) ;
#6455 = CIRCLE ( 'NONE', #592, 0.1999999999999998723 ) ;
#6456 =( LENGTH_UNIT ( ) NAMED_UNIT ( * ) SI_UNIT ( .MILLI., .METRE. ) );
#6457 = ORIENTED_EDGE ( 'NONE', *, *, #8086, .T. ) ;
#6458 = PLANE ( 'NONE',  #4189 ) ;
#6459 =( LENGTH_UNIT ( ) NAMED_UNIT ( * ) SI_UNIT ( .MILLI., .METRE. ) );
#6460 = SURFACE_STYLE_FILL_AREA ( #4283 ) ;
#6461 = UNCERTAINTY_MEASURE_WITH_UNIT (LENGTH_MEASURE( 1.000000000000000082E-05 ), #1371, 'distance_accuracy_value', 'NONE');
#6462 = CARTESIAN_POINT ( 'NONE',  ( 1.812169338668674579, 0.1524883342092393790, 0.1198491707073576495 ) ) ;
#6463 = FILL_AREA_STYLE_COLOUR ( '', #3760 ) ;
#6464 = DIRECTION ( 'NONE',  ( -1.488806659628715785E-32, -1.117179326706309308E-16, -1.000000000000000000 ) ) ;
#6465 = STYLED_ITEM ( 'NONE', ( #6263 ), #4786 ) ;
#6466 = VECTOR ( 'NONE', #3156, 1000.000000000000000 ) ;
#6467 = CARTESIAN_POINT ( 'NONE',  ( 1.876692671441371196, -0.1128587757613960380, 0.2811575026391015530 ) ) ;
#6468 = ORIENTED_EDGE ( 'NONE', *, *, #9398, .F. ) ;
#6469 = STYLED_ITEM ( 'NONE', ( #1059 ), #7699 ) ;
#6470 = FACE_OUTER_BOUND ( 'NONE', #9395, .T. ) ;
#6471 = STYLED_ITEM ( 'NONE', ( #5657 ), #6926 ) ;
#6472 = EDGE_CURVE ( 'NONE', #8873, #3228, #6492, .T. ) ;
#6473 = CARTESIAN_POINT ( 'NONE',  ( 1.924817823676765460, 0.4626212356505565171, 0.4014703832275867690 ) ) ;
#6474 = ORIENTED_EDGE ( 'NONE', *, *, #2243, .F. ) ;
#6475 = EDGE_CURVE ( 'NONE', #6282, #3083, #5178, .T. ) ;
#6476 = CARTESIAN_POINT ( 'NONE',  ( 2.924999999999999822, -0.9200000000000001510, 0.06948792640113442276 ) ) ;
#6477 = VECTOR ( 'NONE', #1431, 1000.000000000000000 ) ;
#6478 = DIRECTION ( 'NONE',  ( -1.249000902703301601E-16, -2.498792926766732971E-16, -1.000000000000000000 ) ) ;
#6479 = DIRECTION ( 'NONE',  ( 0.06818941838404181388, 1.789660620253718794E-17, 0.9976723927324270269 ) ) ;
#6480 = UNCERTAINTY_MEASURE_WITH_UNIT (LENGTH_MEASURE( 1.000000000000000082E-05 ), #813, 'distance_accuracy_value', 'NONE');
#6481 = SURFACE_STYLE_USAGE ( .BOTH. , #8721 ) ;
#6482 = CARTESIAN_POINT ( 'NONE',  ( 2.461382810556700385, 0.3500000000000000333, -0.1143832811983292869 ) ) ;
#6483 = VERTEX_POINT ( 'NONE', #2076 ) ;
#6484 = SURFACE_STYLE_USAGE ( .BOTH. , #6385 ) ;
#6485 = CARTESIAN_POINT ( 'NONE',  ( 1.921983673324174857, 0.4380615921858540540, 0.3674591833104375316 ) ) ;
#6486 = CARTESIAN_POINT ( 'NONE',  ( 1.907181335580492521, 0.5253545943121129547, 0.3304533389512324115 ) ) ;
#6487 = EDGE_CURVE ( 'NONE', #223, #4025, #3587, .T. ) ;
#6488 = CARTESIAN_POINT ( 'NONE',  ( 2.716990092096919440, -0.9200000000000000400, 0.08370509301950881942 ) ) ;
#6489 = LINE ( 'NONE', #2809, #293 ) ;
#6490 = VECTOR ( 'NONE', #7160, 1000.000000000000114 ) ;
#6491 =( GEOMETRIC_REPRESENTATION_CONTEXT ( 3 ) GLOBAL_UNCERTAINTY_ASSIGNED_CONTEXT ( ( #8093 ) ) GLOBAL_UNIT_ASSIGNED_CONTEXT ( ( #524, #8749, #1149 ) ) REPRESENTATION_CONTEXT ( 'NONE', 'WORKASPACE' ) );
#6492 = LINE ( 'NONE', #5094, #1860 ) ;
#6493 = VECTOR ( 'NONE', #8218, 1000.000000000000227 ) ;
#6494 = DIRECTION ( 'NONE',  ( 1.447921622090529492E-16, 1.000000000000000000, -2.498792926766732971E-16 ) ) ;
#6495 = EDGE_CURVE ( 'NONE', #8398, #7584, #5046, .T. ) ;
#6496 = CARTESIAN_POINT ( 'NONE',  ( 1.823135430353505004, 0.4469755723107199930, 0.1472643999194343800 ) ) ;
#6497 = CARTESIAN_POINT ( 'NONE',  ( 1.830324261999627611, -0.06515991332025482252, 0.1652364790347402579 ) ) ;
#6498 = CARTESIAN_POINT ( 'NONE',  ( 1.823405801418424232, -0.09876988648517828762, 0.1479403275817334773 ) ) ;
#6499 = SURFACE_STYLE_USAGE ( .BOTH. , #3548 ) ;
#6500 = AXIS2_PLACEMENT_3D ( 'NONE', #1722, #959, #763 ) ;
#6501 = MECHANICAL_DESIGN_GEOMETRIC_PRESENTATION_REPRESENTATION (  '', ( #7123 ), #7597 ) ;
#6502 = SURFACE_STYLE_USAGE ( .BOTH. , #5056 ) ;
#6503 = ORIENTED_EDGE ( 'NONE', *, *, #4235, .F. ) ;
#6504 = CARTESIAN_POINT ( 'NONE',  ( -1.375000000000000444, 0.8500000000000004219, 0.2699999999999999623 ) ) ;
#6505 = ORIENTED_EDGE ( 'NONE', *, *, #4062, .F. ) ;
#6506 = FACE_OUTER_BOUND ( 'NONE', #4389, .T. ) ;
#6507 = VECTOR ( 'NONE', #8234, 1000.000000000000000 ) ;
#6508 = LINE ( 'NONE', #2922, #7670 ) ;
#6509 = EDGE_CURVE ( 'NONE', #607, #8074, #4409, .T. ) ;
#6510 = CARTESIAN_POINT ( 'NONE',  ( 2.483214825035667594, 0.3500000000000000333, 0.2050386854289296956 ) ) ;
#6511 = FILL_AREA_STYLE ('',( #8709 ) ) ;
#6512 = SURFACE_STYLE_FILL_AREA ( #2827 ) ;
#6513 = CARTESIAN_POINT ( 'NONE',  ( 1.902433401214424613, -0.07521565093198097351, 0.3455093270717348175 ) ) ;
#6514 = ORIENTED_EDGE ( 'NONE', *, *, #3492, .T. ) ;
#6515 = ADVANCED_FACE ( 'NONE', ( #1348 ), #7411, .T. ) ;
#6516 = VECTOR ( 'NONE', #2723, 1000.000000000000000 ) ;
#6517 = EDGE_CURVE ( 'NONE', #306, #2356, #727, .T. ) ;
#6518 = VERTEX_POINT ( 'NONE', #4 ) ;
#6519 =( LENGTH_UNIT ( ) NAMED_UNIT ( * ) SI_UNIT ( .MILLI., .METRE. ) );
#6520 = DIRECTION ( 'NONE',  ( 0.9284766908852604139, -0.000000000000000000, -0.3713906763541007794 ) ) ;
#6521 = SURFACE_STYLE_FILL_AREA ( #2835 ) ;
#6522 = FACE_BOUND ( 'NONE', #6341, .T. ) ;
#6523 = DIRECTION ( 'NONE',  ( 0.9976723927324270269, -5.069126992984629345E-16, -0.06818941838404181388 ) ) ;
#6524 = EDGE_CURVE ( 'NONE', #7058, #7595, #1548, .T. ) ;
#6525 = CARTESIAN_POINT ( 'NONE',  ( 1.837337460969835412, -0.3080189199727746963, 0.1558436524245891963 ) ) ;
#6526 = VERTEX_POINT ( 'NONE', #8187 ) ;
#6527 = CARTESIAN_POINT ( 'NONE',  ( 1.821454105577527294, 0.001973852501922329118, 0.1161352639438166245 ) ) ;
#6528 = CARTESIAN_POINT ( 'NONE',  ( 1.911768707044926074, 0.4101820854507777225, 0.3688475916479878047 ) ) ;
#6529 =( NAMED_UNIT ( * ) PLANE_ANGLE_UNIT ( ) SI_UNIT ( $, .RADIAN. ) );
#6530 = PLANE ( 'NONE',  #2573 ) ;
#6531 =( NAMED_UNIT ( * ) SI_UNIT ( $, .STERADIAN. ) SOLID_ANGLE_UNIT ( ) );
#6532 = ADVANCED_FACE ( 'NONE', ( #594 ), #9475, .F. ) ;
#6533 = AXIS2_PLACEMENT_3D ( 'NONE', #2054, #7978, #1317 ) ;
#6534 = EDGE_CURVE ( 'NONE', #7385, #7058, #7562, .T. ) ;
#6535 = PLANE ( 'NONE',  #8818 ) ;
#6536 = FILL_AREA_STYLE_COLOUR ( '', #1543 ) ;
#6537 = LINE ( 'NONE', #9519, #2999 ) ;
#6538 = DIRECTION ( 'NONE',  ( -0.06818941838404181388, -1.789660620253718794E-17, -0.9976723927324270269 ) ) ;
#6539 = DIRECTION ( 'NONE',  ( -1.000000000000000000, -1.767672579545045689E-15, 2.123687928216210699E-31 ) ) ;
#6540 = UNCERTAINTY_MEASURE_WITH_UNIT (LENGTH_MEASURE( 1.000000000000000082E-05 ), #7871, 'distance_accuracy_value', 'NONE');
#6541 = SURFACE_STYLE_USAGE ( .BOTH. , #3689 ) ;
#6542 = CARTESIAN_POINT ( 'NONE',  ( 1.825056615712218333, -0.05974215834349466681, 0.1251415392805462212 ) ) ;
#6543 = SURFACE_STYLE_USAGE ( .BOTH. , #9527 ) ;
#6544 = CARTESIAN_POINT ( 'NONE',  ( 1.924893091939501977, 0.4352460477745915823, 0.4016585538844283931 ) ) ;
#6545 = ORIENTED_EDGE ( 'NONE', *, *, #1954, .T. ) ;
#6546 = CARTESIAN_POINT ( 'NONE',  ( 1.781319529336187202, -0.4250000000000000444, 0.4624701013908927294 ) ) ;
#6547 = VECTOR ( 'NONE', #8136, 1000.000000000000000 ) ;
#6548 = CARTESIAN_POINT ( 'NONE',  ( 1.859399854924411288, 0.5400113300577781272, 0.2109996373110260837 ) ) ;
#6549 = UNCERTAINTY_MEASURE_WITH_UNIT (LENGTH_MEASURE( 1.000000000000000082E-05 ), #8017, 'distance_accuracy_value', 'NONE');
#6550 = DIRECTION ( 'NONE',  ( 0.3713906763541007239, 0.000000000000000000, 0.9284766908852605249 ) ) ;
#6551 = SURFACE_SIDE_STYLE ('',( #5019 ) ) ;
#6552 =( NAMED_UNIT ( * ) PLANE_ANGLE_UNIT ( ) SI_UNIT ( $, .RADIAN. ) );
#6553 =( LENGTH_UNIT ( ) NAMED_UNIT ( * ) SI_UNIT ( .MILLI., .METRE. ) );
#6554 = MECHANICAL_DESIGN_GEOMETRIC_PRESENTATION_REPRESENTATION (  '', ( #5167 ), #7958 ) ;
#6555 = CARTESIAN_POINT ( 'NONE',  ( 1.911357824182757570, 0.7268785781116783307, 0.3678203844925673760 ) ) ;
#6556 = ORIENTED_EDGE ( 'NONE', *, *, #2197, .T. ) ;
#6557 = CARTESIAN_POINT ( 'NONE',  ( 1.911686366634944623, -0.09870585911182308547, 0.3686417406230327320 ) ) ;
#6558 = EDGE_LOOP ( 'NONE', ( #2707, #8801, #5961, #7138 ) ) ;
#6559 = VERTEX_POINT ( 'NONE', #6202 ) ;
#6560 = EDGE_LOOP ( 'NONE', ( #7085, #5932, #84, #4056 ) ) ;
#6561 = ORIENTED_EDGE ( 'NONE', *, *, #6630, .F. ) ;
#6562 =( NAMED_UNIT ( * ) SI_UNIT ( $, .STERADIAN. ) SOLID_ANGLE_UNIT ( ) );
#6563 = FILL_AREA_STYLE ('',( #7342 ) ) ;
#6564 = CARTESIAN_POINT ( 'NONE',  ( -2.875000000000000444, 2.007500000000001616, -1.158535325877412554E-16 ) ) ;
#6565 = CARTESIAN_POINT ( 'NONE',  ( 1.811386637334334360, 0.4054701656606333748, 0.1178924173715065193 ) ) ;
#6566 = EDGE_CURVE ( 'NONE', #8189, #6234, #8352, .T. ) ;
#6567 = CIRCLE ( 'NONE', #8111, 0.3300000000000000155 ) ;
#6568 = UNCERTAINTY_MEASURE_WITH_UNIT (LENGTH_MEASURE( 1.000000000000000082E-05 ), #5391, 'distance_accuracy_value', 'NONE');
#6569 = CARTESIAN_POINT ( 'NONE',  ( 2.235025199989362221, -0.3499999999999999778, 0.6824701013908925917 ) ) ;
#6570 = FILL_AREA_STYLE_COLOUR ( '', #8935 ) ;
#6571 = ORIENTED_EDGE ( 'NONE', *, *, #9438, .T. ) ;
#6572 = SURFACE_STYLE_USAGE ( .BOTH. , #1437 ) ;
#6573 = CARTESIAN_POINT ( 'NONE',  ( 1.894540810467788994, 0.5313503996380554151, 0.3257778502051457137 ) ) ;
#6574 = AXIS2_PLACEMENT_3D ( 'NONE', #5041, #1263, #3399 ) ;
#6575 = CARTESIAN_POINT ( 'NONE',  ( 1.824511284925564247, 0.3646834561604591074, 0.1237782123139087309 ) ) ;
#6576 = DIRECTION ( 'NONE',  ( -0.06818941838404181388, -1.789660620253718485E-17, -0.9976723927324270269 ) ) ;
#6577 = EDGE_CURVE ( 'NONE', #8189, #8481, #3770, .T. ) ;
#6578 = FILL_AREA_STYLE_COLOUR ( '', #8279 ) ;
#6579 = CARTESIAN_POINT ( 'NONE',  ( 1.911136890426778479, 0.4746557565248060717, 0.3672680501026184263 ) ) ;
#6580 =( NAMED_UNIT ( * ) SI_UNIT ( $, .STERADIAN. ) SOLID_ANGLE_UNIT ( ) );
#6581 = PRESENTATION_LAYER_ASSIGNMENT (  '', '', ( #1320 ) ) ;
#6582 = FACE_OUTER_BOUND ( 'NONE', #5510, .T. ) ;
#6583 =( LENGTH_UNIT ( ) NAMED_UNIT ( * ) SI_UNIT ( .MILLI., .METRE. ) );
#6584 = SURFACE_SIDE_STYLE ('',( #3041 ) ) ;
#6585 = COLOUR_RGB ( '',1.000000000000000000, 1.000000000000000000, 1.000000000000000000 ) ;
#6586 = PRESENTATION_LAYER_ASSIGNMENT (  '', '', ( #5055 ) ) ;
#6587 = B_SPLINE_CURVE_WITH_KNOTS ( 'NONE', 3,
 ( #9388, #1997, #4964, #4465, #7314, #791, #5099, #3591, #685, #2856, #3633 ),
 .UNSPECIFIED., .F., .F.,
 ( 4, 1, 1, 1, 1, 1, 1, 1, 4 ),
 ( 0.000000000000000000, 0.1451868664724690061, 0.2834426109197298316, 0.4165243659288281886, 0.5431811235350826328, 0.6651530826377136663, 0.7813602063127147446, 0.8927566556418089494, 0.9999999999999998890 ),
 .UNSPECIFIED. ) ;
#6588 = COLOUR_RGB ( '',1.000000000000000000, 1.000000000000000000, 1.000000000000000000 ) ;
#6589 = DIRECTION ( 'NONE',  ( 0.9284766908852604139, -0.000000000000000000, -0.3713906763541007794 ) ) ;
#6590 = CARTESIAN_POINT ( 'NONE',  ( 1.927673693893282580, 0.3674984733929558822, 0.3816842347332075613 ) ) ;
#6591 = ORIENTED_EDGE ( 'NONE', *, *, #7841, .T. ) ;
#6592 = COLOUR_RGB ( '',0.7921568627450980005, 0.8196078431372548767, 0.9333333333333333481 ) ;
#6593 = CARTESIAN_POINT ( 'NONE',  ( 2.461382810556700385, -2.189999999999999947, -0.1143832811983292869 ) ) ;
#6594 = CARTESIAN_POINT ( 'NONE',  ( 1.869979750923564943, 0.5878541878677761012, 0.2643752013445849758 ) ) ;
#6595 = SURFACE_STYLE_FILL_AREA ( #7976 ) ;
#6596 = EDGE_CURVE ( 'NONE', #758, #8481, #7506, .T. ) ;
#6597 = SURFACE_STYLE_FILL_AREA ( #6511 ) ;
#6598 = SURFACE_STYLE_FILL_AREA ( #9495 ) ;
#6599 = VERTEX_POINT ( 'NONE', #879 ) ;
#6600 = AXIS2_PLACEMENT_3D ( 'NONE', #6085, #5458, #8476 ) ;
#6601 = CIRCLE ( 'NONE', #6306, 0.1999999999999999833 ) ;
#6602 = CARTESIAN_POINT ( 'NONE',  ( 1.917587130895633152, -0.07303174634410218580, 0.3833936512747549430 ) ) ;
#6603 = VECTOR ( 'NONE', #3890, 1000.000000000000000 ) ;
#6604 = ORIENTED_EDGE ( 'NONE', *, *, #4676, .T. ) ;
#6605 = ORIENTED_EDGE ( 'NONE', *, *, #1929, .F. ) ;
#6606 = ORIENTED_EDGE ( 'NONE', *, *, #4074, .T. ) ;
#6607 = EDGE_LOOP ( 'NONE', ( #5886, #2619, #6505, #2388 ) ) ;
#6608 = EDGE_CURVE ( 'NONE', #6894, #1312, #4556, .T. ) ;
#6609 = SURFACE_STYLE_FILL_AREA ( #759 ) ;
#6610 =( NAMED_UNIT ( * ) SI_UNIT ( $, .STERADIAN. ) SOLID_ANGLE_UNIT ( ) );
#6611 = PRESENTATION_STYLE_ASSIGNMENT (( #2940 ) ) ;
#6612 = CARTESIAN_POINT ( 'NONE',  ( 1.823417312844448412, 0.3719400464255406269, 0.1210432821111206009 ) ) ;
#6613 =( GEOMETRIC_REPRESENTATION_CONTEXT ( 3 ) GLOBAL_UNCERTAINTY_ASSIGNED_CONTEXT ( ( #6549 ) ) GLOBAL_UNIT_ASSIGNED_CONTEXT ( ( #8017, #4287, #2095 ) ) REPRESENTATION_CONTEXT ( 'NONE', 'WORKASPACE' ) );
#6614 =( GEOMETRIC_REPRESENTATION_CONTEXT ( 3 ) GLOBAL_UNCERTAINTY_ASSIGNED_CONTEXT ( ( #8295 ) ) GLOBAL_UNIT_ASSIGNED_CONTEXT ( ( #643, #8877, #7268 ) ) REPRESENTATION_CONTEXT ( 'NONE', 'WORKASPACE' ) );
#6615 = PLANE ( 'NONE',  #1643 ) ;
#6616 = MECHANICAL_DESIGN_GEOMETRIC_PRESENTATION_REPRESENTATION (  '', ( #4611 ), #7235 ) ;
#6617 =( NAMED_UNIT ( * ) PLANE_ANGLE_UNIT ( ) SI_UNIT ( $, .RADIAN. ) );
#6618 = EDGE_LOOP ( 'NONE', ( #8164, #118, #7180, #4237 ) ) ;
#6619 = AXIS2_PLACEMENT_3D ( 'NONE', #8716, #1289, #572 ) ;
#6620 = FILL_AREA_STYLE_COLOUR ( '', #6953 ) ;
#6621 = PRESENTATION_LAYER_ASSIGNMENT (  '', '', ( #3394 ) ) ;
#6622 =( NAMED_UNIT ( * ) SI_UNIT ( $, .STERADIAN. ) SOLID_ANGLE_UNIT ( ) );
#6623 = ADVANCED_FACE ( 'NONE', ( #9062 ), #8453, .F. ) ;
#6624 = PRESENTATION_STYLE_ASSIGNMENT (( #1169 ) ) ;
#6626 = EDGE_CURVE ( 'NONE', #5981, #699, #7872, .T. ) ;
#6625 = CARTESIAN_POINT ( 'NONE',  ( 1.930796895154362369, -0.04408653251887353908, 0.3894922378859048129 ) ) ;
#6627 = STYLED_ITEM ( 'NONE', ( #875 ), #8430 ) ;
#6628 =( NAMED_UNIT ( * ) PLANE_ANGLE_UNIT ( ) SI_UNIT ( $, .RADIAN. ) );
#6629 = STYLED_ITEM ( 'NONE', ( #8047 ), #5713 ) ;
#6630 = EDGE_CURVE ( 'NONE', #4385, #3083, #1262, .T. ) ;
#6631 = EDGE_CURVE ( 'NONE', #7443, #8189, #3877, .T. ) ;
#6632 = DIRECTION ( 'NONE',  ( -0.06818941838404181388, -1.789660620253718485E-17, -0.9976723927324270269 ) ) ;
#6633 = VECTOR ( 'NONE', #7091, 999.9999999999998863 ) ;
#6634 = COLOUR_RGB ( '',1.000000000000000000, 1.000000000000000000, 1.000000000000000000 ) ;
#6635 =( LENGTH_UNIT ( ) NAMED_UNIT ( * ) SI_UNIT ( .MILLI., .METRE. ) );
#6636 = CARTESIAN_POINT ( 'NONE',  ( 2.037248960451289115, 1.620000000000000107, 0.4624701013908927294 ) ) ;
#6637 = UNCERTAINTY_MEASURE_WITH_UNIT (LENGTH_MEASURE( 1.000000000000000082E-05 ), #8670, 'distance_accuracy_value', 'NONE');
#6638 = DIRECTION ( 'NONE',  ( -0.06818941838404181388, -1.789660620253718485E-17, -0.9976723927324270269 ) ) ;
#6639 = EDGE_CURVE ( 'NONE', #956, #3418, #4656, .T. ) ;
#6640 = SURFACE_SIDE_STYLE ('',( #2188 ) ) ;
#6641 = MECHANICAL_DESIGN_GEOMETRIC_PRESENTATION_REPRESENTATION (  '', ( #9603 ), #7893 ) ;
#6642 = SURFACE_STYLE_USAGE ( .BOTH. , #5246 ) ;
#6643 = CARTESIAN_POINT ( 'NONE',  ( 1.934212450518060677, 0.4431875897776986206, 0.3980311262951516382 ) ) ;
#6644 = ORIENTED_EDGE ( 'NONE', *, *, #5093, .T. ) ;
#6645 = CARTESIAN_POINT ( 'NONE',  ( 1.923586541574904940, -0.4475116657907606821, 0.3983921779729356905 ) ) ;
#6646 = CARTESIAN_POINT ( 'NONE',  ( 3.016585226210213744, -1.692499999999999893, 0.6762103879284990793 ) ) ;
#6647 = CARTESIAN_POINT ( 'NONE',  ( 2.517749029844000397, -2.189999999999999947, 0.7103050971205200348 ) ) ;
#6648 = PRESENTATION_STYLE_ASSIGNMENT (( #3699 ) ) ;
#6649 = UNCERTAINTY_MEASURE_WITH_UNIT (LENGTH_MEASURE( 1.000000000000000082E-05 ), #2761, 'distance_accuracy_value', 'NONE');
#6650 = AXIS2_PLACEMENT_3D ( 'NONE', #7126, #6354, #9089 ) ;
#6651 = CARTESIAN_POINT ( 'NONE',  ( -2.374999999999999112, 2.007500000000001172, 0.2699999999999998512 ) ) ;
#6652 = CARTESIAN_POINT ( 'NONE',  ( 1.932871308483757433, -0.2206823974980777758, 0.3946782712093946377 ) ) ;
#6653 = ORIENTED_EDGE ( 'NONE', *, *, #7553, .F. ) ;
#6654 = PRESENTATION_STYLE_ASSIGNMENT (( #3706 ) ) ;
#6655 = EDGE_CURVE ( 'NONE', #1668, #1285, #7017, .T. ) ;
#6656 = FACE_OUTER_BOUND ( 'NONE', #3925, .T. ) ;
#6657 = ORIENTED_EDGE ( 'NONE', *, *, #1068, .T. ) ;
#6658 = ORIENTED_EDGE ( 'NONE', *, *, #243, .T. ) ;
#6659 = ORIENTED_EDGE ( 'NONE', *, *, #4210, .F. ) ;
#6660 = ORIENTED_EDGE ( 'NONE', *, *, #7302, .F. ) ;
#6661 = DIRECTION ( 'NONE',  ( -1.447921622090529492E-16, -1.000000000000000000, 2.498792926766732971E-16 ) ) ;
#6662 = CARTESIAN_POINT ( 'NONE',  ( 1.923586541574904940, 0.7671224805507027567, 0.3983921779729356905 ) ) ;
#6663 = UNCERTAINTY_MEASURE_WITH_UNIT (LENGTH_MEASURE( 1.000000000000000082E-05 ), #114, 'distance_accuracy_value', 'NONE');
#6664 = EDGE_LOOP ( 'NONE', ( #4543, #3209, #6745, #8269, #702, #4144, #6221, #3341 ) ) ;
#6665 = PRESENTATION_LAYER_ASSIGNMENT (  '', '', ( #5898 ) ) ;
#6666 = DIRECTION ( 'NONE',  ( 0.000000000000000000, 1.000000000000000000, -0.000000000000000000 ) ) ;
#6667 =( NAMED_UNIT ( * ) PLANE_ANGLE_UNIT ( ) SI_UNIT ( $, .RADIAN. ) );
#6668 = SURFACE_STYLE_FILL_AREA ( #3724 ) ;
#6669 = DIRECTION ( 'NONE',  ( 0.9284766908852604139, -0.000000000000000000, -0.3713906763541007794 ) ) ;
#6670 =( NAMED_UNIT ( * ) SI_UNIT ( $, .STERADIAN. ) SOLID_ANGLE_UNIT ( ) );
#6671 = LINE ( 'NONE', #1439, #9268 ) ;
#6672 = ORIENTED_EDGE ( 'NONE', *, *, #4630, .T. ) ;
#6673 = CARTESIAN_POINT ( 'NONE',  ( 1.873312925629410541, 0.2659029683555808043, 0.2727081381091993051 ) ) ;
#6674 = ADVANCED_FACE ( 'NONE', ( #6293 ), #4848, .T. ) ;
#6675 = CARTESIAN_POINT ( 'NONE',  ( 0.000000000000000000, -1.799775028121500808, 1.000000000000000000 ) ) ;
#6676 =( NAMED_UNIT ( * ) PLANE_ANGLE_UNIT ( ) SI_UNIT ( $, .RADIAN. ) );
#6677 = ORIENTED_EDGE ( 'NONE', *, *, #5821, .T. ) ;
#6678 = DIRECTION ( 'NONE',  ( -1.447921622090529492E-16, -1.000000000000000000, 2.498792926766732971E-16 ) ) ;
#6679 = EDGE_CURVE ( 'NONE', #5361, #7425, #7801, .T. ) ;
#6680 = STYLED_ITEM ( 'NONE', ( #4975 ), #3207 ) ;
#6681 = FACE_OUTER_BOUND ( 'NONE', #3127, .T. ) ;
#6682 = CARTESIAN_POINT ( 'NONE',  ( 1.828453161063755772, 0.3726515730105900426, 0.1605587266950600223 ) ) ;
#6683 = ADVANCED_FACE ( 'NONE', ( #345 ), #3304, .F. ) ;
#6684 = ADVANCED_FACE ( 'NONE', ( #1480 ), #3937, .T. ) ;
#6685 =( LENGTH_UNIT ( ) NAMED_UNIT ( * ) SI_UNIT ( .MILLI., .METRE. ) );
#6686 = CARTESIAN_POINT ( 'NONE',  ( 1.837115375744469592, 0.4901864121143290620, 0.1552884393611722869 ) ) ;
#6687 = ORIENTED_EDGE ( 'NONE', *, *, #4347, .F. ) ;
#6688 = FACE_OUTER_BOUND ( 'NONE', #675, .T. ) ;
#6689 = SURFACE_STYLE_FILL_AREA ( #8099 ) ;
#6690 = CARTESIAN_POINT ( 'NONE',  ( 1.823208238062372866, 0.5338714812122425935, 0.1474464191916016742 ) ) ;
#6691 = DIRECTION ( 'NONE',  ( -1.000000000000000000, 2.431469460965334458E-17, 1.249000902703301354E-16 ) ) ;
#6692 = DIRECTION ( 'NONE',  ( 1.000000000000000000, 5.364482804331031595E-16, -7.481895947098831472E-32 ) ) ;
#6693 = CARTESIAN_POINT ( 'NONE',  ( 1.923472335239073905, -0.01193570643909260334, 0.3981066621333585465 ) ) ;
#6694 = ORIENTED_EDGE ( 'NONE', *, *, #1536, .F. ) ;
#6695 = EDGE_CURVE ( 'NONE', #3022, #8904, #8340, .T. ) ;
#6696 = CARTESIAN_POINT ( 'NONE',  ( 1.889805408054162861, -0.1438821353300510641, 0.3139393441710822130 ) ) ;
#6697 = VECTOR ( 'NONE', #8146, 1000.000000000000227 ) ;
#6698 = DIRECTION ( 'NONE',  ( 0.000000000000000000, -1.000000000000000000, 0.000000000000000000 ) ) ;
#6699 = ORIENTED_EDGE ( 'NONE', *, *, #8569, .T. ) ;
#6700 = ORIENTED_EDGE ( 'NONE', *, *, #961, .F. ) ;
#6701 = ORIENTED_EDGE ( 'NONE', *, *, #7395, .F. ) ;
#6702 = VERTEX_POINT ( 'NONE', #1685 ) ;
#6703 = DIRECTION ( 'NONE',  ( 1.447921622090529738E-16, 1.000000000000000000, -2.783468775164169937E-17 ) ) ;
#6704 =( LENGTH_UNIT ( ) NAMED_UNIT ( * ) SI_UNIT ( .MILLI., .METRE. ) );
#6705 = LINE ( 'NONE', #864, #4292 ) ;
#6706 = AXIS2_PLACEMENT_3D ( 'NONE', #6771, #1591, #7461 ) ;
#6707 = DIRECTION ( 'NONE',  ( -0.06818941838404181388, -1.789660620253718794E-17, -0.9976723927324270269 ) ) ;
#6708 = ORIENTED_EDGE ( 'NONE', *, *, #2930, .T. ) ;
#6709 = FILL_AREA_STYLE ('',( #3763 ) ) ;
#6710 = FILL_AREA_STYLE ('',( #8958 ) ) ;
#6711 = CYLINDRICAL_SURFACE ( 'NONE', #6143, 0.1999999999999999833 ) ;
#6712 = CARTESIAN_POINT ( 'NONE',  ( 1.833682822969674220, 0.04639077323362962579, 0.1467070574241849112 ) ) ;
#6713 = ORIENTED_EDGE ( 'NONE', *, *, #6534, .F. ) ;
#6714 = PRESENTATION_LAYER_ASSIGNMENT (  '', '', ( #3780 ) ) ;
#6715 = CARTESIAN_POINT ( 'NONE',  ( -2.774999999999999467, 2.107500000000001261, 0.2699999999999998512 ) ) ;
#6716 = FILL_AREA_STYLE ('',( #1021 ) ) ;
#6717 = CARTESIAN_POINT ( 'NONE',  ( 2.394122236080193034, -2.189999999999999947, 0.5394445853922671397 ) ) ;
#6718 =( NAMED_UNIT ( * ) SI_UNIT ( $, .STERADIAN. ) SOLID_ANGLE_UNIT ( ) );
#6719 = ORIENTED_EDGE ( 'NONE', *, *, #5760, .F. ) ;
#6720 = DIRECTION ( 'NONE',  ( -1.249000902703301354E-16, -3.606914277297914115E-17, -1.000000000000000000 ) ) ;
#6721 = DIRECTION ( 'NONE',  ( -1.447921622090529492E-16, -1.000000000000000000, 2.498792926766732971E-16 ) ) ;
#6722 = UNCERTAINTY_MEASURE_WITH_UNIT (LENGTH_MEASURE( 1.000000000000000082E-05 ), #9435, 'distance_accuracy_value', 'NONE');
#6723 = PRESENTATION_STYLE_ASSIGNMENT (( #6541 ) ) ;
#6724 = DIRECTION ( 'NONE',  ( 0.000000000000000000, 0.000000000000000000, -1.000000000000000000 ) ) ;
#6725 = VECTOR ( 'NONE', #492, 1000.000000000000000 ) ;
#6726 = LINE ( 'NONE', #3984, #5023 ) ;
#6727 = COLOUR_RGB ( '',1.000000000000000000, 1.000000000000000000, 1.000000000000000000 ) ;
#6728 =( LENGTH_UNIT ( ) NAMED_UNIT ( * ) SI_UNIT ( .MILLI., .METRE. ) );
#6729 = ORIENTED_EDGE ( 'NONE', *, *, #1251, .F. ) ;
#6730 = FACE_OUTER_BOUND ( 'NONE', #9508, .T. ) ;
#6731 = DIRECTION ( 'NONE',  ( -0.06818941838404181388, -1.789660620253718794E-17, -0.9976723927324270269 ) ) ;
#6732 = CARTESIAN_POINT ( 'NONE',  ( 1.932871308483757433, 0.1451712610385076929, 0.3946782712093946377 ) ) ;
#6733 = CARTESIAN_POINT ( 'NONE',  ( 1.810949262304194507, 0.4513295860160701500, 0.1167989797961574289 ) ) ;
#6734 = UNCERTAINTY_MEASURE_WITH_UNIT (LENGTH_MEASURE( 1.000000000000000082E-05 ), #6238, 'distance_accuracy_value', 'NONE');
#6735 = CARTESIAN_POINT ( 'NONE',  ( 1.911357824182757570, 0.6134639439653368775, 0.3678203844925673760 ) ) ;
#6736 =( GEOMETRIC_REPRESENTATION_CONTEXT ( 3 ) GLOBAL_UNCERTAINTY_ASSIGNED_CONTEXT ( ( #5586 ) ) GLOBAL_UNIT_ASSIGNED_CONTEXT ( ( #815, #7341, #2210 ) ) REPRESENTATION_CONTEXT ( 'NONE', 'WORKASPACE' ) );
#6737 = CARTESIAN_POINT ( 'NONE',  ( 2.461382810556700385, -2.117500000000000160, -0.1143832811983291758 ) ) ;
#6738 = EDGE_LOOP ( 'NONE', ( #8076, #3656, #2981, #3901 ) ) ;
#6739 = CARTESIAN_POINT ( 'NONE',  ( 1.681086225569888182, 0.8450000000000001954, 0.6824701013908927028 ) ) ;
#6740 = ORIENTED_EDGE ( 'NONE', *, *, #4529, .T. ) ;
#6741 = EDGE_CURVE ( 'NONE', #192, #6483, #3765, .T. ) ;
#6742 = VERTEX_POINT ( 'NONE', #8961 ) ;
#6743 = ORIENTED_EDGE ( 'NONE', *, *, #7579, .T. ) ;
#6744 = FILL_AREA_STYLE ('',( #857 ) ) ;
#6745 = ORIENTED_EDGE ( 'NONE', *, *, #7841, .F. ) ;
#6746 = DIRECTION ( 'NONE',  ( 1.488806659628715785E-32, 1.117179326706309308E-16, 1.000000000000000000 ) ) ;
#6747 = FACE_OUTER_BOUND ( 'NONE', #129, .T. ) ;
#6748 = FILL_AREA_STYLE_COLOUR ( '', #6727 ) ;
#6749 = CARTESIAN_POINT ( 'NONE',  ( 1.812169338668674579, 0.08663467567265401015, 0.1198491707073576495 ) ) ;
#6750 = UNCERTAINTY_MEASURE_WITH_UNIT (LENGTH_MEASURE( 1.000000000000000082E-05 ), #2181, 'distance_accuracy_value', 'NONE');
#6751 =( LENGTH_UNIT ( ) NAMED_UNIT ( * ) SI_UNIT ( .MILLI., .METRE. ) );
#6752 = CARTESIAN_POINT ( 'NONE',  ( 1.861084208237263393, 0.1598054073799710928, 0.2421363446288309074 ) ) ;
#6753 = ORIENTED_EDGE ( 'NONE', *, *, #4630, .F. ) ;
#6754 = EDGE_CURVE ( 'NONE', #6140, #8662, #970, .T. ) ;
#6755 = FILL_AREA_STYLE_COLOUR ( '', #4182 ) ;
#6756 = PRESENTATION_LAYER_ASSIGNMENT (  '', '', ( #8782 ) ) ;
#6757 = MECHANICAL_DESIGN_GEOMETRIC_PRESENTATION_REPRESENTATION (  '', ( #893 ), #1820 ) ;
#6758 = LINE ( 'NONE', #4587, #733 ) ;
#6759 =( LENGTH_UNIT ( ) NAMED_UNIT ( * ) SI_UNIT ( .MILLI., .METRE. ) );
#6760 = CIRCLE ( 'NONE', #2600, 0.1599999999999999756 ) ;
#6761 = VECTOR ( 'NONE', #6949, 1000.000000000000227 ) ;
#6762 = CARTESIAN_POINT ( 'NONE',  ( 1.908515227759365329, -0.04583407930681691889, 0.3607138934340863301 ) ) ;
#6763 = ORIENTED_EDGE ( 'NONE', *, *, #6495, .F. ) ;
#6764 = MECHANICAL_DESIGN_GEOMETRIC_PRESENTATION_REPRESENTATION (  '', ( #4463 ), #2608 ) ;
#6765 = AXIS2_PLACEMENT_3D ( 'NONE', #7104, #479, #30 ) ;
#6766 = AXIS2_PLACEMENT_3D ( 'NONE', #7153, #478, #9256 ) ;
#6767 = DIRECTION ( 'NONE',  ( -1.000000000000000000, -1.084780413644159491E-15, 1.360774918102045266E-31 ) ) ;
#6768 = ADVANCED_FACE ( 'NONE', ( #870 ), #6048, .F. ) ;
#6769 = ORIENTED_EDGE ( 'NONE', *, *, #2852, .T. ) ;
#6770 =( NAMED_UNIT ( * ) SI_UNIT ( $, .STERADIAN. ) SOLID_ANGLE_UNIT ( ) );
#6771 = CARTESIAN_POINT ( 'NONE',  ( 2.470334063891022798E-16, -2.250000000000000000, 1.000000000000000000 ) ) ;
#6772 = CARTESIAN_POINT ( 'NONE',  ( 1.900969829405686706, 0.5185101243728922338, 0.3418503975498891623 ) ) ;
#6773 = SURFACE_STYLE_FILL_AREA ( #4703 ) ;
#6774 = MECHANICAL_DESIGN_GEOMETRIC_PRESENTATION_REPRESENTATION (  '', ( #3045 ), #110 ) ;
#6775 =( LENGTH_UNIT ( ) NAMED_UNIT ( * ) SI_UNIT ( .MILLI., .METRE. ) );
#6776 = LINE ( 'NONE', #103, #265 ) ;
#6777 = AXIS2_PLACEMENT_3D ( 'NONE', #5216, #5925, #782 ) ;
#6778 = B_SPLINE_SURFACE_WITH_KNOTS ( 'NONE', 3, 1, ( 
 ( #6934, #8564 ),
 ( #8462, #4712 ),
 ( #6308, #1900 ),
 ( #6257, #7026 ),
 ( #988, #9232 ),
 ( #2583, #404 ),
 ( #8512, #1855 ),
 ( #4858, #1172 ),
 ( #4135, #7074 ),
 ( #3945, #6164 ),
 ( #9344, #1351 ),
 ( #6497, #5812 ),
 ( #1944, #8054 ),
 ( #5677, #2854 ),
 ( #3454, #4907 ),
 ( #2129, #5006 ),
 ( #4321, #4227 ),
 ( #8697, #1303 ),
 ( #7212, #5731 ) ),
 .UNSPECIFIED., .F., .F., .F.,
 ( 4, 1, 1, 1, 1, 1, 1, 1, 1, 1, 1, 1, 1, 1, 1, 1, 4 ),
 ( 2, 2 ),
 ( 0.000000000000000000, 0.07429619169027840142, 0.1443788321467840141, 0.2104779521626760630, 0.2735146103050152822, 0.3337905786993327628, 0.3923332665120534690, 0.4498851578508358817, 0.5076124060056994569, 0.5652508075195161741, 0.6231872918394519845, 0.6813298109894395660, 0.7409400148196149116, 0.8018760316168768165, 0.8652550298431297415, 0.9309487249441326107, 1.000000000000000000 ),
 ( 0.000000000000000000, 1.000000000000000000 ),
 .UNSPECIFIED. ) ;
#6779 = CARTESIAN_POINT ( 'NONE',  ( 1.879980663952173670, 0.5475269394737135586, 0.2624516598804345624 ) ) ;
#6780 = CIRCLE ( 'NONE', #2626, 0.1999999999999998723 ) ;
#6781 = CARTESIAN_POINT ( 'NONE',  ( 1.832324076592769302, 0.4349387915263127069, 0.1433101914819218115 ) ) ;
#6782 = ORIENTED_EDGE ( 'NONE', *, *, #6098, .T. ) ;
#6783 = FILL_AREA_STYLE ('',( #58 ) ) ;
#6784 = PLANE ( 'NONE',  #7272 ) ;
#6785 = DIRECTION ( 'NONE',  ( 0.000000000000000000, 1.000000000000000000, -0.000000000000000000 ) ) ;
#6786 = CARTESIAN_POINT ( 'NONE',  ( 1.810857412589593318, 0.4407001324074164561, 0.1165693555096539158 ) ) ;
#6787 = SURFACE_SIDE_STYLE ('',( #3839 ) ) ;
#6788 = CARTESIAN_POINT ( 'NONE',  ( 1.853768149623908235, -0.1022405680955968399, 0.1969203740597695318 ) ) ;
#6789 = SURFACE_STYLE_FILL_AREA ( #4620 ) ;
#6790 = LINE ( 'NONE', #991, #5241 ) ;
#6791 = ORIENTED_EDGE ( 'NONE', *, *, #5469, .F. ) ;
#6792 = VECTOR ( 'NONE', #1920, 1000.000000000000000 ) ;
#6793 = VERTEX_POINT ( 'NONE', #237 ) ;
#6794 = VECTOR ( 'NONE', #950, 1000.000000000000000 ) ;
#6795 = EDGE_CURVE ( 'NONE', #5656, #3024, #2024, .T. ) ;
#6796 = ORIENTED_EDGE ( 'NONE', *, *, #6230, .F. ) ;
#6797 = ORIENTED_EDGE ( 'NONE', *, *, #1196, .T. ) ;
#6798 = FILL_AREA_STYLE_COLOUR ( '', #3880 ) ;
#6799 = ORIENTED_EDGE ( 'NONE', *, *, #4798, .F. ) ;
#6800 = CARTESIAN_POINT ( 'NONE',  ( 1.681086225569887960, 1.620000000000000329, 0.4624701013908927849 ) ) ;
#6801 = PRESENTATION_LAYER_ASSIGNMENT (  '', '', ( #6960 ) ) ;
#6802 = LINE ( 'NONE', #2402, #7720 ) ;
#6803 = DIRECTION ( 'NONE',  ( -1.000000000000000000, 2.652696298084526771E-16, 1.249000902703300861E-16 ) ) ;
#6804 = FILL_AREA_STYLE ('',( #3235 ) ) ;
#6805 = EDGE_CURVE ( 'NONE', #4675, #8571, #9014, .T. ) ;
#6806 = DIRECTION ( 'NONE',  ( -1.488806659628715785E-32, -1.117179326706309308E-16, -1.000000000000000000 ) ) ;
#6807 = VERTEX_POINT ( 'NONE', #3191 ) ;
#6808 = ADVANCED_FACE ( 'NONE', ( #6135 ), #8178, .T. ) ;
#6809 = VECTOR ( 'NONE', #8497, 1000.000000000000000 ) ;
#6810 = FACE_OUTER_BOUND ( 'NONE', #5524, .T. ) ;
#6811 = ORIENTED_EDGE ( 'NONE', *, *, #3218, .T. ) ;
#6812 = DIRECTION ( 'NONE',  ( 1.488806659628715785E-32, 1.117179326706309308E-16, 1.000000000000000000 ) ) ;
#6813 = DIRECTION ( 'NONE',  ( -0.06818941838404175837, -1.789660620253720026E-17, -0.9976723927324270269 ) ) ;
#6814 =( LENGTH_UNIT ( ) NAMED_UNIT ( * ) SI_UNIT ( .MILLI., .METRE. ) );
#6815 = EDGE_CURVE ( 'NONE', #6288, #2158, #335, .T. ) ;
#6816 = AXIS2_PLACEMENT_3D ( 'NONE', #4535, #9042, #2397 ) ;
#6817 = DIRECTION ( 'NONE',  ( 0.1060905250085903556, -4.303867851713705188E-17, -0.9943564755676919109 ) ) ;
#6818 = VERTEX_POINT ( 'NONE', #7892 ) ;
#6819 = SURFACE_STYLE_FILL_AREA ( #3105 ) ;
#6820 = EDGE_CURVE ( 'NONE', #2644, #3871, #7750, .T. ) ;
#6821 = PRESENTATION_STYLE_ASSIGNMENT (( #4699 ) ) ;
#6822 =( GEOMETRIC_REPRESENTATION_CONTEXT ( 3 ) GLOBAL_UNCERTAINTY_ASSIGNED_CONTEXT ( ( #3735 ) ) GLOBAL_UNIT_ASSIGNED_CONTEXT ( ( #4722, #4006, #1866 ) ) REPRESENTATION_CONTEXT ( 'NONE', 'WORKASPACE' ) );
#6823 = ORIENTED_EDGE ( 'NONE', *, *, #6181, .F. ) ;
#6824 = LINE ( 'NONE', #9019, #7963 ) ;
#6825 = FILL_AREA_STYLE ('',( #934 ) ) ;
#6826 = UNCERTAINTY_MEASURE_WITH_UNIT (LENGTH_MEASURE( 1.000000000000000082E-05 ), #7915, 'distance_accuracy_value', 'NONE');
#6827 = CARTESIAN_POINT ( 'NONE',  ( 1.781319529336187202, 2.189999999999999947, 0.4624701013908926739 ) ) ;
#6828 = SURFACE_STYLE_USAGE ( .BOTH. , #2659 ) ;
#6829 = VECTOR ( 'NONE', #1882, 1000.000000000000000 ) ;
#6830 = CARTESIAN_POINT ( 'NONE',  ( 1.681086225569887960, 0.3500000000000001443, 0.4624701013908927849 ) ) ;
#6831 = CARTESIAN_POINT ( 'NONE',  ( 2.909998327955510611, 0.4224999999999999867, -0.1499999999999995226 ) ) ;
#6832 = CARTESIAN_POINT ( 'NONE',  ( 2.181086225569887738, 2.189999999999999947, 0.4624701013908926184 ) ) ;
#6833 = VERTEX_POINT ( 'NONE', #4162 ) ;
#6834 = CARTESIAN_POINT ( 'NONE',  ( 1.934186928678617523, 0.4524369235607308970, 0.3979673216965450844 ) ) ;
#6835 =( NAMED_UNIT ( * ) SI_UNIT ( $, .STERADIAN. ) SOLID_ANGLE_UNIT ( ) );
#6836 = UNCERTAINTY_MEASURE_WITH_UNIT (LENGTH_MEASURE( 1.000000000000000082E-05 ), #1961, 'distance_accuracy_value', 'NONE');
#6837 = PRESENTATION_STYLE_ASSIGNMENT (( #8308 ) ) ;
#6838 = CARTESIAN_POINT ( 'NONE',  ( 1.821454105577527294, -0.2901945926200290016, 0.1161352639438166245 ) ) ;
#6839 = LINE ( 'NONE', #7580, #5582 ) ;
#6840 = COLOUR_RGB ( '',0.1019607843137254888, 0.1019607843137254888, 0.1019607843137254888 ) ;
#6841 = CARTESIAN_POINT ( 'NONE',  ( 1.813261450112310103, 0.3796421553258571557, 0.1225794493164462651 ) ) ;
#6842 = ORIENTED_EDGE ( 'NONE', *, *, #3403, .F. ) ;
#6843 = ORIENTED_EDGE ( 'NONE', *, *, #3114, .F. ) ;
#6844 = EDGE_LOOP ( 'NONE', ( #917, #6856, #9265, #4279 ) ) ;
#6845 = VERTEX_POINT ( 'NONE', #4021 ) ;
#6846 = CARTESIAN_POINT ( 'NONE',  ( 1.125000000000000888, -2.007499999999999396, 0.2700000000000002953 ) ) ;
#6847 = DIRECTION ( 'NONE',  ( -1.447921622090529492E-16, -1.000000000000000000, 2.498792926766732971E-16 ) ) ;
#6848 = FACE_OUTER_BOUND ( 'NONE', #9238, .T. ) ;
#6849 = FILL_AREA_STYLE ('',( #7634 ) ) ;
#6850 = DIRECTION ( 'NONE',  ( 1.000000000000000000, -2.652696298084526771E-16, -1.249000902703300861E-16 ) ) ;
#6851 = B_SPLINE_CURVE_WITH_KNOTS ( 'NONE', 3,
 ( #6215, #1233, #5684, #2719, #6265, #7081, #9437, #9236, #1950, #4140, #459, #604, #3416, #6450, #3502, #7819, #1177, #4913, #4232 ),
 .UNSPECIFIED., .F., .F.,
 ( 4, 1, 1, 1, 1, 1, 1, 1, 1, 1, 1, 1, 1, 1, 1, 1, 4 ),
 ( 0.000000000000000000, 0.07082199823409668360, 0.1381601096583845167, 0.2024622547020689944, 0.2639567057174984632, 0.3236342499071824252, 0.3817869263266495672, 0.4393756585350246380, 0.4971066655477042739, 0.5548623802280190365, 0.6127668894862257076, 0.6715600499945688640, 0.7316730530556697643, 0.7943110968516785553, 0.8594912802951153452, 0.9276859961409864574, 1.000000000000000000 ),
 .UNSPECIFIED. ) ;
#6852 = CARTESIAN_POINT ( 'NONE',  ( 1.824398056060821949, 0.002145346404361332410, 0.1504209641877259640 ) ) ;
#6853 = PLANE ( 'NONE',  #3053 ) ;
#6854 = ORIENTED_EDGE ( 'NONE', *, *, #4051, .T. ) ;
#6855 =( LENGTH_UNIT ( ) NAMED_UNIT ( * ) SI_UNIT ( .MILLI., .METRE. ) );
#6856 = ORIENTED_EDGE ( 'NONE', *, *, #1162, .F. ) ;
#6857 = ORIENTED_EDGE ( 'NONE', *, *, #6368, .F. ) ;
#6858 = DIRECTION ( 'NONE',  ( -1.488806659628715785E-32, -1.117179326706309308E-16, -1.000000000000000000 ) ) ;
#6859 = CARTESIAN_POINT ( 'NONE',  ( 1.911321564656006888, -0.0007171859901089932317, 0.3677297356756908941 ) ) ;
#6860 = VECTOR ( 'NONE', #9286, 1000.000000000000000 ) ;
#6861 =( NAMED_UNIT ( * ) PLANE_ANGLE_UNIT ( ) SI_UNIT ( $, .RADIAN. ) );
#6862 = EDGE_LOOP ( 'NONE', ( #7367, #5277, #954, #6545, #3752, #4431, #7925, #2841, #2301, #4692 ) ) ;
#6863 = DIRECTION ( 'NONE',  ( 0.000000000000000000, 1.000000000000000000, 0.000000000000000000 ) ) ;
#6864 = ORIENTED_EDGE ( 'NONE', *, *, #148, .T. ) ;
#6865 = DIRECTION ( 'NONE',  ( -0.1060905250085902862, 4.303867851713703955E-17, 0.9943564755676917999 ) ) ;
#6866 = CARTESIAN_POINT ( 'NONE',  ( 1.832738113797434565, 0.4162092110068145168, 0.1443452844935847190 ) ) ;
#6867 = FILL_AREA_STYLE ('',( #3202 ) ) ;
#6868 = CARTESIAN_POINT ( 'NONE',  ( 2.037248960451289115, -0.9200000000000000400, 0.3024701013908927538 ) ) ;
#6869 = CARTESIAN_POINT ( 'NONE',  ( 2.037248960451289115, -0.9200000000000000400, 0.4624701013908927294 ) ) ;
#6870 = MECHANICAL_DESIGN_GEOMETRIC_PRESENTATION_REPRESENTATION (  '', ( #8739 ), #2704 ) ;
#6871 = CARTESIAN_POINT ( 'NONE',  ( -2.875000000000000444, 2.007500000000001616, 0.2699999999999998512 ) ) ;
#6872 = CARTESIAN_POINT ( 'NONE',  ( 2.959881947592131635, 2.117500000000000160, -0.1534094709192015960 ) ) ;
#6873 =( LENGTH_UNIT ( ) NAMED_UNIT ( * ) SI_UNIT ( .MILLI., .METRE. ) );
#6874 = ORIENTED_EDGE ( 'NONE', *, *, #6406, .T. ) ;
#6875 = DIRECTION ( 'NONE',  ( 1.084780413644159491E-15, -1.000000000000000000, 1.117179326706309308E-16 ) ) ;
#6876 = VECTOR ( 'NONE', #9273, 1000.000000000000000 ) ;
#6877 = DIRECTION ( 'NONE',  ( 1.000000000000000000, -1.447921622090529738E-16, -1.249000902703301108E-16 ) ) ;
#6878 = SURFACE_STYLE_USAGE ( .BOTH. , #4669 ) ;
#6879 = DIRECTION ( 'NONE',  ( -1.249000902703301354E-16, -2.783468775164168088E-17, -1.000000000000000000 ) ) ;
#6880 = LINE ( 'NONE', #5442, #7550 ) ;
#6881 = STYLED_ITEM ( 'NONE', ( #6997 ), #3159 ) ;
#6882 = CARTESIAN_POINT ( 'NONE',  ( 2.181086225569887738, -0.3499999999999999778, 0.4624701013908926184 ) ) ;
#6883 = CARTESIAN_POINT ( 'NONE',  ( 2.196345996542119927, -0.3499999999999999778, 0.3194445853922670553 ) ) ;
#6884 = ORIENTED_EDGE ( 'NONE', *, *, #7494, .T. ) ;
#6885 = ORIENTED_EDGE ( 'NONE', *, *, #9143, .F. ) ;
#6886 = ORIENTED_EDGE ( 'NONE', *, *, #3675, .F. ) ;
#6887 = CARTESIAN_POINT ( 'NONE',  ( 1.924945287951810080, 0.4472291878677761012, 0.4017890439151989845 ) ) ;
#6888 = SURFACE_STYLE_FILL_AREA ( #4059 ) ;
#6889 = CARTESIAN_POINT ( 'NONE',  ( 1.801604165149131243, -2.114999999999999769, 0.7592525293217020632 ) ) ;
#6890 = LINE ( 'NONE', #5650, #5307 ) ;
#6891 = AXIS2_PLACEMENT_3D ( 'NONE', #3067, #166, #2335 ) ;
#6892 =( LENGTH_UNIT ( ) NAMED_UNIT ( * ) SI_UNIT ( .MILLI., .METRE. ) );
#6893 = CARTESIAN_POINT ( 'NONE',  ( 2.212181053090767069, 0.3500000000000000333, 0.1710270804468144445 ) ) ;
#6894 = VERTEX_POINT ( 'NONE', #6963 ) ;
#6895 = COLOUR_RGB ( '',1.000000000000000000, 1.000000000000000000, 1.000000000000000000 ) ;
#6896 = LINE ( 'NONE', #966, #6187 ) ;
#6897 = COLOUR_RGB ( '',1.000000000000000000, 1.000000000000000000, 1.000000000000000000 ) ;
#6898 =( NAMED_UNIT ( * ) PLANE_ANGLE_UNIT ( ) SI_UNIT ( $, .RADIAN. ) );
#6899 = ORIENTED_EDGE ( 'NONE', *, *, #7307, .F. ) ;
#6900 = ORIENTED_EDGE ( 'NONE', *, *, #45, .F. ) ;
#6901 = DIRECTION ( 'NONE',  ( 0.9284766908852604139, -0.000000000000000000, -0.3713906763541007794 ) ) ;
#6902 =( NAMED_UNIT ( * ) PLANE_ANGLE_UNIT ( ) SI_UNIT ( $, .RADIAN. ) );
#6903 = AXIS2_PLACEMENT_3D ( 'NONE', #9296, #2636, #4139 ) ;
#6904 = CARTESIAN_POINT ( 'NONE',  ( 2.235025199989362221, 0.3500000000000000888, 0.5224701013908927827 ) ) ;
#6905 =( GEOMETRIC_REPRESENTATION_CONTEXT ( 3 ) GLOBAL_UNCERTAINTY_ASSIGNED_CONTEXT ( ( #8307 ) ) GLOBAL_UNIT_ASSIGNED_CONTEXT ( ( #2837, #2888, #5894 ) ) REPRESENTATION_CONTEXT ( 'NONE', 'WORKASPACE' ) );
#6906 = ORIENTED_EDGE ( 'NONE', *, *, #7208, .T. ) ;
#6907 = FACE_OUTER_BOUND ( 'NONE', #2978, .T. ) ;
#6908 = AXIS2_PLACEMENT_3D ( 'NONE', #186, #6806, #375 ) ;
#6909 = PRESENTATION_LAYER_ASSIGNMENT (  '', '', ( #893 ) ) ;
#6910 = VECTOR ( 'NONE', #5638, 999.9999999999998863 ) ;
#6911 =( NAMED_UNIT ( * ) SI_UNIT ( $, .STERADIAN. ) SOLID_ANGLE_UNIT ( ) );
#6912 = STYLED_ITEM ( 'NONE', ( #2436 ), #7475 ) ;
#6913 = VERTEX_POINT ( 'NONE', #7839 ) ;
#6914 = DIRECTION ( 'NONE',  ( -0.000000000000000000, -0.000000000000000000, 1.000000000000000000 ) ) ;
#6915 = EDGE_CURVE ( 'NONE', #4103, #663, #3298, .T. ) ;
#6916 = DIRECTION ( 'NONE',  ( -0.3713906763541008349, 0.000000000000000000, -0.9284766908852605249 ) ) ;
#6917 = CARTESIAN_POINT ( 'NONE',  ( 1.923586541574904940, 0.7671224805507027567, 0.3983921779729356905 ) ) ;
#6918 = UNCERTAINTY_MEASURE_WITH_UNIT (LENGTH_MEASURE( 1.000000000000000082E-05 ), #2561, 'distance_accuracy_value', 'NONE');
#6919 = SURFACE_SIDE_STYLE ('',( #1595 ) ) ;
#6920 =( LENGTH_UNIT ( ) NAMED_UNIT ( * ) SI_UNIT ( .MILLI., .METRE. ) );
#6921 = COLOUR_RGB ( '',1.000000000000000000, 1.000000000000000000, 1.000000000000000000 ) ;
#6922 = COLOUR_RGB ( '',1.000000000000000000, 1.000000000000000000, 1.000000000000000000 ) ;
#6923 = COLOUR_RGB ( '',1.000000000000000000, 1.000000000000000000, 1.000000000000000000 ) ;
#6924 = MECHANICAL_DESIGN_GEOMETRIC_PRESENTATION_REPRESENTATION (  '', ( #1356 ), #4768 ) ;
#6925 = EDGE_CURVE ( 'NONE', #2356, #8873, #9212, .T. ) ;
#6926 = ADVANCED_FACE ( 'NONE', ( #4884 ), #3385, .F. ) ;
#6927 = AXIS2_PLACEMENT_3D ( 'NONE', #2281, #2916, #1450 ) ;
#6928 = CARTESIAN_POINT ( 'NONE',  ( 1.911357824182757570, 0.1451712610385076929, 0.3678203844925673760 ) ) ;
#6929 = FACE_BOUND ( 'NONE', #4330, .T. ) ;
#6930 = B_SPLINE_CURVE_WITH_KNOTS ( 'NONE', 3,
 ( #7784, #2650, #471, #6227, #4777, #7000, #3426, #7742, #520, #3325, #8577, #4876, #6275, #1145, #7829, #2691, #4725, #4198, #8431 ),
 .UNSPECIFIED., .F., .F.,
 ( 4, 1, 1, 1, 1, 1, 1, 1, 1, 1, 1, 1, 1, 1, 1, 1, 4 ),
 ( 0.000000000000000000, 0.07064215072300332465, 0.1382536470674236573, 0.2033596107954856735, 0.2662484148830683295, 0.3279196778882910168, 0.3887512814041688691, 0.4494357474917641815, 0.5108718673107427444, 0.5720888932305402408, 0.6317426019427843098, 0.6911240658607696874, 0.7503655699490047182, 0.8100371166225086572, 0.8713653057843918637, 0.9344285965418711593, 1.000000000000000000 ),
 .UNSPECIFIED. ) ;
#6931 = ORIENTED_EDGE ( 'NONE', *, *, #7519, .F. ) ;
#6932 = PRESENTATION_LAYER_ASSIGNMENT (  '', '', ( #7243 ) ) ;
#6933 = FILL_AREA_STYLE_COLOUR ( '', #2019 ) ;
#6934 = CARTESIAN_POINT ( 'NONE',  ( 1.866795189102693264, -0.1145848365224679394, 0.2564137967924058348 ) ) ;
#6935 = MECHANICAL_DESIGN_GEOMETRIC_PRESENTATION_REPRESENTATION (  '', ( #2759 ), #8513 ) ;
#6936 = SURFACE_STYLE_FILL_AREA ( #1710 ) ;
#6937 = DIRECTION ( 'NONE',  ( -1.019398932010077273E-16, 0.9284766908852601919, -0.3713906763541018896 ) ) ;
#6938 = EDGE_CURVE ( 'NONE', #3024, #8748, #6192, .T. ) ;
#6939 = FACE_OUTER_BOUND ( 'NONE', #4792, .T. ) ;
#6940 = SURFACE_STYLE_FILL_AREA ( #117 ) ;
#6941 = MECHANICAL_DESIGN_GEOMETRIC_PRESENTATION_REPRESENTATION (  '', ( #6627 ), #2624 ) ;
#6942 =( NAMED_UNIT ( * ) PLANE_ANGLE_UNIT ( ) SI_UNIT ( $, .RADIAN. ) );
#6943 = MECHANICAL_DESIGN_GEOMETRIC_PRESENTATION_REPRESENTATION (  '', ( #1530 ), #3857 ) ;
#6944 = B_SPLINE_SURFACE_WITH_KNOTS ( 'NONE', 3, 1, ( 
 ( #1813, #5604 ),
 ( #4773, #9095 ),
 ( #4634, #1671 ),
 ( #7736, #1093 ),
 ( #7588, #3905 ),
 ( #226, #3178 ),
 ( #6122, #559 ),
 ( #1368, #1911 ),
 ( #464, #516 ),
 ( #6412, #7879 ),
 ( #2687, #8743 ),
 ( #7141, #4281 ),
 ( #5648, #1313 ),
 ( #8707, #6548 ),
 ( #9354, #2049 ),
 ( #7087, #4147 ),
 ( #650, #4332 ),
 ( #3556, #9531 ),
 ( #1238, #610 ) ),
 .UNSPECIFIED., .F., .F., .F.,
 ( 4, 1, 1, 1, 1, 1, 1, 1, 1, 1, 1, 1, 1, 1, 1, 1, 4 ),
 ( 2, 2 ),
 ( 0.000000000000000000, 0.06460397028839237610, 0.1267024139629473745, 0.1867568140356182238, 0.2455056873654372918, 0.3036520244499755217, 0.3615030739706256435, 0.4202402229284677992, 0.4800333407766963489, 0.5406781347755159617, 0.6011918063807819568, 0.6623335024774429369, 0.7247395102972318259, 0.7894677361728866805, 0.8565048600438309734, 0.9263120958391900528, 1.000000000000000000 ),
 ( 0.000000000000000000, 1.000000000000000000 ),
 .UNSPECIFIED. ) ;
#6945 =( LENGTH_UNIT ( ) NAMED_UNIT ( * ) SI_UNIT ( .MILLI., .METRE. ) );
#6946 = ORIENTED_EDGE ( 'NONE', *, *, #5271, .F. ) ;
#6947 = ORIENTED_EDGE ( 'NONE', *, *, #4462, .F. ) ;
#6948 = ORIENTED_EDGE ( 'NONE', *, *, #6577, .F. ) ;
#6949 = DIRECTION ( 'NONE',  ( 0.9284766908852604139, -0.000000000000000000, -0.3713906763541007794 ) ) ;
#6950 = SURFACE_SIDE_STYLE ('',( #5452 ) ) ;
#6951 = MECHANICAL_DESIGN_GEOMETRIC_PRESENTATION_REPRESENTATION (  '', ( #7109 ), #4955 ) ;
#6952 = SURFACE_STYLE_USAGE ( .BOTH. , #6180 ) ;
#6953 = COLOUR_RGB ( '',1.000000000000000000, 1.000000000000000000, 1.000000000000000000 ) ;
#6954 = FILL_AREA_STYLE ('',( #5503 ) ) ;
#6955 = PRESENTATION_STYLE_ASSIGNMENT (( #6037 ) ) ;
#6956 = LINE ( 'NONE', #8434, #4141 ) ;
#6957 = ORIENTED_EDGE ( 'NONE', *, *, #1355, .T. ) ;
#6958 = EDGE_CURVE ( 'NONE', #6702, #9002, #5462, .T. ) ;
#6959 = CARTESIAN_POINT ( 'NONE',  ( 2.394122236080193034, 1.620000000000000107, 0.5394445853922671397 ) ) ;
#6960 = STYLED_ITEM ( 'NONE', ( #5809 ), #6515 ) ;
#6961 = ORIENTED_EDGE ( 'NONE', *, *, #6741, .T. ) ;
#6962 = ORIENTED_EDGE ( 'NONE', *, *, #1803, .T. ) ;
#6963 = CARTESIAN_POINT ( 'NONE',  ( 1.932871308483757433, 0.08663467567265401015, 0.3946782712093946377 ) ) ;
#6964 = CARTESIAN_POINT ( 'NONE',  ( 1.681086225569887960, -2.114999999999999769, 0.4624701013908927849 ) ) ;
#6965 = FILL_AREA_STYLE_COLOUR ( '', #6991 ) ;
#6966 = AXIS2_PLACEMENT_3D ( 'NONE', #3845, #9035, #7732 ) ;
#6967 = STYLED_ITEM ( 'NONE', ( #2743 ), #3552 ) ;
#6968 = FACE_OUTER_BOUND ( 'NONE', #3382, .T. ) ;
#6969 = VECTOR ( 'NONE', #3198, 1000.000000000000000 ) ;
#6970 = ORIENTED_EDGE ( 'NONE', *, *, #3036, .F. ) ;
#6971 = STYLED_ITEM ( 'NONE', ( #8063 ), #1905 ) ;
#6972 = DIRECTION ( 'NONE',  ( 0.9976723927324270269, -1.463531740886934579E-16, -0.06818941838404170286 ) ) ;
#6973 =( LENGTH_UNIT ( ) NAMED_UNIT ( * ) SI_UNIT ( .MILLI., .METRE. ) );
#6974 = ORIENTED_EDGE ( 'NONE', *, *, #6795, .F. ) ;
#6975 = SURFACE_SIDE_STYLE ('',( #9122 ) ) ;
#6976 =( GEOMETRIC_REPRESENTATION_CONTEXT ( 3 ) GLOBAL_UNCERTAINTY_ASSIGNED_CONTEXT ( ( #2478 ) ) GLOBAL_UNIT_ASSIGNED_CONTEXT ( ( #3774, #8875, #729 ) ) REPRESENTATION_CONTEXT ( 'NONE', 'WORKASPACE' ) );
#6977 = DIRECTION ( 'NONE',  ( 0.06818941838404181388, 1.789660620253718794E-17, 0.9976723927324270269 ) ) ;
#6978 = MECHANICAL_DESIGN_GEOMETRIC_PRESENTATION_REPRESENTATION (  '', ( #8847 ), #8556 ) ;
#6979 = LINE ( 'NONE', #7124, #7407 ) ;
#6980 = DIRECTION ( 'NONE',  ( 0.000000000000000000, 0.000000000000000000, -1.000000000000000000 ) ) ;
#6981 = PRESENTATION_STYLE_ASSIGNMENT (( #1897 ) ) ;
#6982 = ORIENTED_EDGE ( 'NONE', *, *, #8344, .F. ) ;
#6983 =( NAMED_UNIT ( * ) SI_UNIT ( $, .STERADIAN. ) SOLID_ANGLE_UNIT ( ) );
#6984 = ADVANCED_FACE ( 'NONE', ( #8541 ), #7791, .F. ) ;
#6985 = CARTESIAN_POINT ( 'NONE',  ( 2.517816181961371580, -2.117500000000000160, -0.1231949359020517998 ) ) ;
#6986 = FILL_AREA_STYLE ('',( #897 ) ) ;
#6987 = LINE ( 'NONE', #264, #7030 ) ;
#6988 = ADVANCED_FACE ( 'NONE', ( #4986 ), #5128, .F. ) ;
#6989 = SURFACE_STYLE_USAGE ( .BOTH. , #7176 ) ;
#6990 = DIRECTION ( 'NONE',  ( -1.488806659628715785E-32, -1.117179326706309308E-16, -1.000000000000000000 ) ) ;
#6991 = COLOUR_RGB ( '',1.000000000000000000, 1.000000000000000000, 1.000000000000000000 ) ;
#6992 = ORIENTED_EDGE ( 'NONE', *, *, #5924, .F. ) ;
#6993 = ORIENTED_EDGE ( 'NONE', *, *, #7349, .T. ) ;
#6994 = FACE_OUTER_BOUND ( 'NONE', #5162, .T. ) ;
#6995 = EDGE_LOOP ( 'NONE', ( #57, #8911, #2464, #5979 ) ) ;
#6996 = DIRECTION ( 'NONE',  ( -1.000000000000000000, 2.431469460965334458E-17, 1.249000902703301354E-16 ) ) ;
#6997 = PRESENTATION_STYLE_ASSIGNMENT (( #276 ) ) ;
#6998 = DIRECTION ( 'NONE',  ( 0.000000000000000000, 1.000000000000000000, 0.000000000000000000 ) ) ;
#6999 = LINE ( 'NONE', #1097, #47 ) ;
#7000 = CARTESIAN_POINT ( 'NONE',  ( 1.845922426445979925, 0.5774163431243485300, 0.2042318901506203210 ) ) ;
#7001 = PLANE ( 'NONE',  #6152 ) ;
#7002 = CARTESIAN_POINT ( 'NONE',  ( 1.681086225569887960, 0.3500000000000001443, 0.6824701013908928138 ) ) ;
#7003 = ORIENTED_EDGE ( 'NONE', *, *, #4987, .F. ) ;
#7004 = DIRECTION ( 'NONE',  ( -1.000000000000000000, 2.383578030884405303E-16, -1.174077440066674895E-32 ) ) ;
#7005 = ORIENTED_EDGE ( 'NONE', *, *, #7645, .T. ) ;
#7006 = ORIENTED_EDGE ( 'NONE', *, *, #4982, .T. ) ;
#7007 =( NAMED_UNIT ( * ) SI_UNIT ( $, .STERADIAN. ) SOLID_ANGLE_UNIT ( ) );
#7008 = DIRECTION ( 'NONE',  ( 5.061928863708876291E-16, 1.000000000000000000, -2.498792926766733464E-16 ) ) ;
#7009 = CARTESIAN_POINT ( 'NONE',  ( 1.890537658102082519, -0.1103984702200913742, 0.2888441452552065747 ) ) ;
#7010 = STYLED_ITEM ( 'NONE', ( #4092 ), #3971 ) ;
#7011 =( GEOMETRIC_REPRESENTATION_CONTEXT ( 3 ) GLOBAL_UNCERTAINTY_ASSIGNED_CONTEXT ( ( #5795 ) ) GLOBAL_UNIT_ASSIGNED_CONTEXT ( ( #7186, #6416, #9492 ) ) REPRESENTATION_CONTEXT ( 'NONE', 'WORKASPACE' ) );
#7012 = PRESENTATION_STYLE_ASSIGNMENT (( #6139 ) ) ;
#7013 = ORIENTED_EDGE ( 'NONE', *, *, #7766, .T. ) ;
#7014 = CARTESIAN_POINT ( 'NONE',  ( 2.212181053090767069, 2.189999999999999947, 0.1710270804468143335 ) ) ;
#7015 = PRESENTATION_STYLE_ASSIGNMENT (( #7798 ) ) ;
#7016 = ORIENTED_EDGE ( 'NONE', *, *, #6475, .F. ) ;
#7017 = LINE ( 'NONE', #3342, #4195 ) ;
#7018 = FILL_AREA_STYLE_COLOUR ( '', #554 ) ;
#7019 = UNCERTAINTY_MEASURE_WITH_UNIT (LENGTH_MEASURE( 1.000000000000000082E-05 ), #8752, 'distance_accuracy_value', 'NONE');
#7020 = FACE_OUTER_BOUND ( 'NONE', #6844, .T. ) ;
#7021 = VECTOR ( 'NONE', #5628, 1000.000000000000000 ) ;
#7022 = PRESENTATION_LAYER_ASSIGNMENT (  '', '', ( #3938 ) ) ;
#7023 = DIRECTION ( 'NONE',  ( 0.000000000000000000, 0.000000000000000000, 1.000000000000000000 ) ) ;
#7024 = DIRECTION ( 'NONE',  ( 0.3713906763541007239, 0.000000000000000000, 0.9284766908852605249 ) ) ;
#7025 = CARTESIAN_POINT ( 'NONE',  ( 1.906486730405628993, 0.5731234391465963585, 0.3287168260140724274 ) ) ;
#7026 = CARTESIAN_POINT ( 'NONE',  ( 1.866244546952944949, -0.1128089173948937513, 0.2281113673823627341 ) ) ;
#7027 =( GEOMETRIC_REPRESENTATION_CONTEXT ( 3 ) GLOBAL_UNCERTAINTY_ASSIGNED_CONTEXT ( ( #9179 ) ) GLOBAL_UNIT_ASSIGNED_CONTEXT ( ( #8866, #8127, #6622 ) ) REPRESENTATION_CONTEXT ( 'NONE', 'WORKASPACE' ) );
#7028 = SURFACE_SIDE_STYLE ('',( #6309 ) ) ;
#7029 = UNCERTAINTY_MEASURE_WITH_UNIT (LENGTH_MEASURE( 1.000000000000000082E-05 ), #2244, 'distance_accuracy_value', 'NONE');
#7030 = VECTOR ( 'NONE', #4862, 1000.000000000000114 ) ;
#7031 = CARTESIAN_POINT ( 'NONE',  ( 2.037248960451289115, -2.189999999999999503, 0.3024701013908927538 ) ) ;
#7032 = EDGE_CURVE ( 'NONE', #3833, #1955, #528, .T. ) ;
#7033 = VERTEX_POINT ( 'NONE', #3572 ) ;
#7034 = ORIENTED_EDGE ( 'NONE', *, *, #3789, .F. ) ;
#7035 = DIRECTION ( 'NONE',  ( 0.3713906763540981149, 0.000000000000000000, 0.9284766908852615241 ) ) ;
#7036 = ORIENTED_EDGE ( 'NONE', *, *, #3894, .F. ) ;
#7037 = FILL_AREA_STYLE ('',( #5556 ) ) ;
#7038 = CARTESIAN_POINT ( 'NONE',  ( 2.739492600163652813, 2.189999999999999947, 0.4129369826212096473 ) ) ;
#7039 =( NAMED_UNIT ( * ) SI_UNIT ( $, .STERADIAN. ) SOLID_ANGLE_UNIT ( ) );
#7040 = ADVANCED_FACE ( 'NONE', ( #1383 ), #2106, .F. ) ;
#7041 = SURFACE_SIDE_STYLE ('',( #4492 ) ) ;
#7042 = PRESENTATION_STYLE_ASSIGNMENT (( #4106 ) ) ;
#7043 = PRESENTATION_STYLE_ASSIGNMENT (( #1915 ) ) ;
#7044 = VECTOR ( 'NONE', #537, 1000.000000000000114 ) ;
#7045 = CARTESIAN_POINT ( 'NONE',  ( 1.866795189102693264, -0.1145848365224679255, 0.2564137967924057238 ) ) ;
#7046 = VERTEX_POINT ( 'NONE', #5076 ) ;
#7047 = CARTESIAN_POINT ( 'NONE',  ( 1.681086225569887960, -2.189999999999999503, 0.4624701013908927849 ) ) ;
#7048 = EDGE_CURVE ( 'NONE', #7462, #6807, #3611, .T. ) ;
#7049 = DIRECTION ( 'NONE',  ( -2.383578030884405303E-16, -1.000000000000000000, 1.117179326706309308E-16 ) ) ;
#7050 = ORIENTED_EDGE ( 'NONE', *, *, #1104, .F. ) ;
#7051 = CARTESIAN_POINT ( 'NONE',  ( -3.075000000000000178, 2.007500000000001172, -1.158535325877412061E-16 ) ) ;
#7052 = SURFACE_STYLE_FILL_AREA ( #2562 ) ;
#7053 = CARTESIAN_POINT ( 'NONE',  ( 2.196345996542119927, -0.3500000000000001998, 0.3194445853922670553 ) ) ;
#7054 = LINE ( 'NONE', #5659, #8713 ) ;
#7055 = VECTOR ( 'NONE', #7616, 1000.000000000000000 ) ;
#7056 = STYLED_ITEM ( 'NONE', ( #8274 ), #1734 ) ;
#7057 = PRESENTATION_STYLE_ASSIGNMENT (( #9507 ) ) ;
#7058 = VERTEX_POINT ( 'NONE', #5404 ) ;
#7059 =( NAMED_UNIT ( * ) SI_UNIT ( $, .STERADIAN. ) SOLID_ANGLE_UNIT ( ) );
#7060 = VECTOR ( 'NONE', #7647, 1000.000000000000000 ) ;
#7061 = ORIENTED_EDGE ( 'NONE', *, *, #8130, .T. ) ;
#7062 = CARTESIAN_POINT ( 'NONE',  ( -2.775000000000000355, -2.007499999999998952, 3.326939670848419450E-16 ) ) ;
#7063 = DIRECTION ( 'NONE',  ( 1.000000000000000000, -1.447921622090530231E-16, -1.249000902703301108E-16 ) ) ;
#7064 = VECTOR ( 'NONE', #3390, 1000.000000000000114 ) ;
#7066 = EDGE_CURVE ( 'NONE', #6384, #2606, #957, .T. ) ;
#7065 = STYLED_ITEM ( 'NONE', ( #7518 ), #7398 ) ;
#7067 =( NAMED_UNIT ( * ) PLANE_ANGLE_UNIT ( ) SI_UNIT ( $, .RADIAN. ) );
#7068 = DIRECTION ( 'NONE',  ( 1.447921622090529492E-16, 1.000000000000000000, -2.498792926766732971E-16 ) ) ;
#7069 = SURFACE_STYLE_FILL_AREA ( #8506 ) ;
#7070 = SURFACE_STYLE_USAGE ( .BOTH. , #3407 ) ;
#7071 = SURFACE_SIDE_STYLE ('',( #449 ) ) ;
#7072 = CARTESIAN_POINT ( 'NONE',  ( 1.681086225569887960, 2.115000000000000213, 0.6824701013908927028 ) ) ;
#7073 = PRESENTATION_LAYER_ASSIGNMENT (  '', '', ( #8642 ) ) ;
#7074 = CARTESIAN_POINT ( 'NONE',  ( 1.847084059981175086, -0.09016687231472741981, 0.1802101499529370765 ) ) ;
#7075 =( NAMED_UNIT ( * ) PLANE_ANGLE_UNIT ( ) SI_UNIT ( $, .RADIAN. ) );
#7076 = COLOUR_RGB ( '',1.000000000000000000, 1.000000000000000000, 1.000000000000000000 ) ;
#7077 = LINE ( 'NONE', #7920, #9381 ) ;
#7078 = FILL_AREA_STYLE_COLOUR ( '', #9384 ) ;
#7079 = VECTOR ( 'NONE', #384, 1000.000000000000000 ) ;
#7080 = PRESENTATION_LAYER_ASSIGNMENT (  '', '', ( #3687 ) ) ;
#7081 = CARTESIAN_POINT ( 'NONE',  ( 1.917799994668218044, -0.04583407930681691889, 0.3569999866705453329 ) ) ;
#7082 = STYLED_ITEM ( 'NONE', ( #7538 ), #7943 ) ;
#7083 =( GEOMETRIC_REPRESENTATION_CONTEXT ( 3 ) GLOBAL_UNCERTAINTY_ASSIGNED_CONTEXT ( ( #1132 ) ) GLOBAL_UNIT_ASSIGNED_CONTEXT ( ( #2657, #8028, #707 ) ) REPRESENTATION_CONTEXT ( 'NONE', 'WORKASPACE' ) );
#7084 = EDGE_LOOP ( 'NONE', ( #5398, #7100, #2025, #3188 ) ) ;
#7085 = ORIENTED_EDGE ( 'NONE', *, *, #7579, .F. ) ;
#7086 = ORIENTED_EDGE ( 'NONE', *, *, #9214, .F. ) ;
#7087 = CARTESIAN_POINT ( 'NONE',  ( 1.859099318740867979, 0.5458789290399396199, 0.2371741208878422325 ) ) ;
#7088 = DIRECTION ( 'NONE',  ( 0.9284766908852604139, -0.000000000000000000, -0.3713906763541007794 ) ) ;
#7089 = CARTESIAN_POINT ( 'NONE',  ( 1.901620141814936771, -0.2493218792053948363, 0.3165503545373422600 ) ) ;
#7090 = CARTESIAN_POINT ( 'NONE',  ( 1.975000000000000089, -2.449999999999999734, 0.4999999999999952260 ) ) ;
#7091 = DIRECTION ( 'NONE',  ( 0.1060905250085903556, -4.303867851713705188E-17, -0.9943564755676919109 ) ) ;
#7092 = SURFACE_SIDE_STYLE ('',( #6327 ) ) ;
#7093 =( NAMED_UNIT ( * ) PLANE_ANGLE_UNIT ( ) SI_UNIT ( $, .RADIAN. ) );
#7094 = VECTOR ( 'NONE', #5114, 1000.000000000000000 ) ;
#7095 = ORIENTED_EDGE ( 'NONE', *, *, #8344, .T. ) ;
#7096 =( GEOMETRIC_REPRESENTATION_CONTEXT ( 3 ) GLOBAL_UNCERTAINTY_ASSIGNED_CONTEXT ( ( #9490 ) ) GLOBAL_UNIT_ASSIGNED_CONTEXT ( ( #2200, #5787, #849 ) ) REPRESENTATION_CONTEXT ( 'NONE', 'WORKASPACE' ) );
#7097 = CARTESIAN_POINT ( 'NONE',  ( -1.774999999999999689, -1.599999999999999867, 0.2699999999999996292 ) ) ;
#7098 = EDGE_CURVE ( 'NONE', #4678, #6190, #912, .T. ) ;
#7099 = SURFACE_STYLE_USAGE ( .BOTH. , #4782 ) ;
#7100 = ORIENTED_EDGE ( 'NONE', *, *, #4562, .F. ) ;
#7101 = VECTOR ( 'NONE', #498, 1000.000000000000114 ) ;
#7102 = DIRECTION ( 'NONE',  ( 0.000000000000000000, 1.000000000000000000, 0.000000000000000000 ) ) ;
#7103 = VECTOR ( 'NONE', #9331, 1000.000000000000114 ) ;
#7104 = CARTESIAN_POINT ( 'NONE',  ( 2.540318690028105397, 1.620000000000000107, 0.2060369536996492501 ) ) ;
#7105 = EDGE_CURVE ( 'NONE', #4100, #7744, #3713, .T. ) ;
#7106 = ADVANCED_FACE ( 'NONE', ( #6747 ), #4489, .F. ) ;
#7107 = CARTESIAN_POINT ( 'NONE',  ( 2.540318690028105397, 1.620000000000000107, 0.2060369536996492501 ) ) ;
#7108 = VERTEX_POINT ( 'NONE', #860 ) ;
#7109 = STYLED_ITEM ( 'NONE', ( #867 ), #8833 ) ;
#7110 = CARTESIAN_POINT ( 'NONE',  ( 1.920642591091609397, 0.1451712610385080260, 0.3641064777290267118 ) ) ;
#7111 = AXIS2_PLACEMENT_3D ( 'NONE', #8233, #7599, #1681 ) ;
#7112 = CARTESIAN_POINT ( 'NONE',  ( 1.911357824182824849, 0.04639077323362962579, 0.3678203844925673760 ) ) ;
#7113 = VERTEX_POINT ( 'NONE', #3801 ) ;
#7114 = CARTESIAN_POINT ( 'NONE',  ( 1.681086225569887960, -2.189999999999999503, 0.6824701013908928138 ) ) ;
#7115 = AXIS2_PLACEMENT_3D ( 'NONE', #1919, #7983, #9498 ) ;
#7116 = CARTESIAN_POINT ( 'NONE',  ( 1.781319529336187202, 0.9200000000000001510, 0.4624701013908926739 ) ) ;
#7117 = COLOUR_RGB ( '',1.000000000000000000, 1.000000000000000000, 1.000000000000000000 ) ;
#7118 = DIRECTION ( 'NONE',  ( 1.447921622090529492E-16, 1.000000000000000000, -2.498792926766732971E-16 ) ) ;
#7119 = VECTOR ( 'NONE', #9445, 1000.000000000000000 ) ;
#7120 = EDGE_CURVE ( 'NONE', #8571, #2565, #2453, .T. ) ;
#7121 = PRESENTATION_LAYER_ASSIGNMENT (  '', '', ( #1124 ) ) ;
#7122 = CARTESIAN_POINT ( 'NONE',  ( 1.915430940671291715, 0.5027162324846328190, 0.3510773516782325077 ) ) ;
#7123 = STYLED_ITEM ( 'NONE', ( #3824 ), #6532 ) ;
#7124 = CARTESIAN_POINT ( 'NONE',  ( 1.681086225569887960, 1.620000000000000329, 0.6824701013908928138 ) ) ;
#7125 = MECHANICAL_DESIGN_GEOMETRIC_PRESENTATION_REPRESENTATION (  '', ( #1712 ), #180 ) ;
#7126 = CARTESIAN_POINT ( 'NONE',  ( 2.909998327955510611, -0.9200000000000001510, -0.1499999999999994116 ) ) ;
#7127 = DIRECTION ( 'NONE',  ( -1.488806659628716058E-32, -1.117179326706309308E-16, -1.000000000000000000 ) ) ;
#7128 = CARTESIAN_POINT ( 'NONE',  ( 1.867345882952897940, 0.5475063910849184978, 0.2577905314179167462 ) ) ;
#7129 = DIRECTION ( 'NONE',  ( -5.220691603892102636E-17, 1.000000000000000000, -1.117179326706309308E-16 ) ) ;
#7130 = LINE ( 'NONE', #4908, #194 ) ;
#7131 = UNCERTAINTY_MEASURE_WITH_UNIT (LENGTH_MEASURE( 1.000000000000000082E-05 ), #2825, 'distance_accuracy_value', 'NONE');
#7132 = DIRECTION ( 'NONE',  ( 0.000000000000000000, 0.000000000000000000, 1.000000000000000000 ) ) ;
#7133 = CARTESIAN_POINT ( 'NONE',  ( 1.853463244537822296, -0.1438672726359227216, 0.1961581113445575175 ) ) ;
#7134 = LINE ( 'NONE', #1947, #418 ) ;
#7135 = MECHANICAL_DESIGN_GEOMETRIC_PRESENTATION_REPRESENTATION (  '', ( #5898 ), #3884 ) ;
#7136 = CARTESIAN_POINT ( 'NONE',  ( 1.921948844240672472, 0.4309187186376263745, 0.3673721106016811233 ) ) ;
#7137 = VERTEX_POINT ( 'NONE', #29 ) ;
#7138 = ORIENTED_EDGE ( 'NONE', *, *, #5101, .F. ) ;
#7139 = CARTESIAN_POINT ( 'NONE',  ( 1.923586541574904940, 0.6134639439653368775, 0.3983921779729356905 ) ) ;
#7140 = ORIENTED_EDGE ( 'NONE', *, *, #8109, .F. ) ;
#7141 = CARTESIAN_POINT ( 'NONE',  ( 1.842232453460646679, 0.5301159266143317117, 0.1950069576872889565 ) ) ;
#7142 = CARTESIAN_POINT ( 'NONE',  ( 1.881714289334906809, 0.5856766290418637944, 0.2937115473729397519 ) ) ;
#7143 = CARTESIAN_POINT ( 'NONE',  ( -1.975000000000000089, 0.8500000000000005329, 0.2699999999999999623 ) ) ;
#7144 = CARTESIAN_POINT ( 'NONE',  ( 2.739492600163652813, 0.3499999999999999778, 0.4129369826212098138 ) ) ;
#7145 = CARTESIAN_POINT ( 'NONE',  ( 1.823453346888581850, 0.4162092110068145168, 0.1480591912571257163 ) ) ;
#7146 = SURFACE_STYLE_FILL_AREA ( #616 ) ;
#7147 = ORIENTED_EDGE ( 'NONE', *, *, #8767, .T. ) ;
#7148 = STYLED_ITEM ( 'NONE', ( #2520 ), #3499 ) ;
#7149 = CARTESIAN_POINT ( 'NONE',  ( 1.932871308483757433, -0.4475116657907606821, 0.3946782712093946377 ) ) ;
#7150 = LINE ( 'NONE', #3476, #3714 ) ;
#7151 = ORIENTED_EDGE ( 'NONE', *, *, #619, .F. ) ;
#7152 = CARTESIAN_POINT ( 'NONE',  ( 2.440731734960332133, -2.189999999999999947, 0.1025869392388689683 ) ) ;
#7153 = CARTESIAN_POINT ( 'NONE',  ( 1.801604165149131243, 0.3500000000000001443, 0.7592525293217020632 ) ) ;
#7154 = SURFACE_STYLE_FILL_AREA ( #9321 ) ;
#7155 = AXIS2_PLACEMENT_3D ( 'NONE', #8209, #7523, #1562 ) ;
#7156 = SURFACE_SIDE_STYLE ('',( #8625 ) ) ;
#7157 = ORIENTED_EDGE ( 'NONE', *, *, #9214, .T. ) ;
#7158 = CARTESIAN_POINT ( 'NONE',  ( 1.822268715318386079, -0.03019156948090153184, 0.1181717882959636423 ) ) ;
#7159 = B_SPLINE_CURVE_WITH_KNOTS ( 'NONE', 3,
 ( #7880, #2824, #1314, #1417, #4924, #695, #9572, #5779, #8789, #7323, #7183, #2921, #4333, #5110, #517, #7142, #2144, #3640, #6594 ),
 .UNSPECIFIED., .F., .F.,
 ( 4, 1, 1, 1, 1, 1, 1, 1, 1, 1, 1, 1, 1, 1, 1, 1, 4 ),
 ( 0.000000000000000000, 0.06784007953421118675, 0.1326688954490679861, 0.1950705264521371829, 0.2556086712886450618, 0.3148315357450783281, 0.3734254151318252557, 0.4325732796242874878, 0.4922844451246906616, 0.5525311382752630118, 0.6123789528069567556, 0.6724822110039969658, 0.7338115657770715172, 0.7965737547970180854, 0.8614358467332339231, 0.9291918124022553460, 1.000000000000000000 ),
 .UNSPECIFIED. ) ;
#7160 = DIRECTION ( 'NONE',  ( -0.9976723927324270269, 1.463531740886934579E-16, 0.06818941838404170286 ) ) ;
#7161 = ORIENTED_EDGE ( 'NONE', *, *, #5622, .F. ) ;
#7162 = FILL_AREA_STYLE ('',( #9221 ) ) ;
#7163 = DIRECTION ( 'NONE',  ( 0.000000000000000000, 1.000000000000000000, 0.000000000000000000 ) ) ;
#7164 =( GEOMETRIC_REPRESENTATION_CONTEXT ( 3 ) GLOBAL_UNCERTAINTY_ASSIGNED_CONTEXT ( ( #5182 ) ) GLOBAL_UNIT_ASSIGNED_CONTEXT ( ( #6873, #8881, #7470 ) ) REPRESENTATION_CONTEXT ( 'NONE', 'WORKASPACE' ) );
#7165 = CARTESIAN_POINT ( 'NONE',  ( 1.912306653736024042, 0.4203851540853225099, 0.3701924583757337794 ) ) ;
#7166 = LINE ( 'NONE', #3491, #7101 ) ;
#7167 = CARTESIAN_POINT ( 'NONE',  ( 2.483214825035667594, 0.3500000000000000333, 0.2050386854289296956 ) ) ;
#7168 = FILL_AREA_STYLE_COLOUR ( '', #1359 ) ;
#7169 = CARTESIAN_POINT ( 'NONE',  ( 1.892335374906084056, -0.3732548060346631003, 0.3202642613008832573 ) ) ;
#7170 = COLOUR_RGB ( '',1.000000000000000000, 1.000000000000000000, 1.000000000000000000 ) ;
#7171 =( LENGTH_UNIT ( ) NAMED_UNIT ( * ) SI_UNIT ( .MILLI., .METRE. ) );
#7172 = SURFACE_STYLE_FILL_AREA ( #1271 ) ;
#7173 = CARTESIAN_POINT ( 'NONE',  ( 1.821454105577527294, 0.08663467567265401015, 0.1161352639438166245 ) ) ;
#7174 = CARTESIAN_POINT ( 'NONE',  ( 1.869792404369811090, -0.1544766134468990304, 0.2369810109245290008 ) ) ;
#7175 = MECHANICAL_DESIGN_GEOMETRIC_PRESENTATION_REPRESENTATION (  '', ( #3938 ), #2844 ) ;
#7176 = SURFACE_SIDE_STYLE ('',( #4050 ) ) ;
#7177 = ADVANCED_FACE ( 'NONE', ( #816 ), #2400, .F. ) ;
#7178 = SURFACE_STYLE_USAGE ( .BOTH. , #1862 ) ;
#7179 = PRESENTATION_STYLE_ASSIGNMENT (( #7277 ) ) ;
#7180 = ORIENTED_EDGE ( 'NONE', *, *, #4362, .T. ) ;
#7181 = PRESENTATION_STYLE_ASSIGNMENT (( #4236 ) ) ;
#7182 = EDGE_LOOP ( 'NONE', ( #5356, #3151, #9061, #474 ) ) ;
#7183 = CARTESIAN_POINT ( 'NONE',  ( 1.906006896304923925, 0.5586995679823562044, 0.3544430647979828763 ) ) ;
#7184 = SURFACE_SIDE_STYLE ('',( #6460 ) ) ;
#7185 = CARTESIAN_POINT ( 'NONE',  ( 2.517749029844000397, 2.189999999999999947, 0.7103050971205200348 ) ) ;
#7186 =( LENGTH_UNIT ( ) NAMED_UNIT ( * ) SI_UNIT ( .MILLI., .METRE. ) );
#7187 = DIRECTION ( 'NONE',  ( 1.488806659628715785E-32, 1.117179326706309308E-16, 1.000000000000000000 ) ) ;
#7188 = FILL_AREA_STYLE ('',( #4243 ) ) ;
#7189 = PRESENTATION_LAYER_ASSIGNMENT (  '', '', ( #5949 ) ) ;
#7190 =( NAMED_UNIT ( * ) PLANE_ANGLE_UNIT ( ) SI_UNIT ( $, .RADIAN. ) );
#7191 = ORIENTED_EDGE ( 'NONE', *, *, #5515, .T. ) ;
#7192 = CARTESIAN_POINT ( 'NONE',  ( 1.861084208237263393, 0.2659029683555808043, 0.2421363446288309074 ) ) ;
#7193 = EDGE_CURVE ( 'NONE', #8181, #609, #6455, .T. ) ;
#7194 =( NAMED_UNIT ( * ) PLANE_ANGLE_UNIT ( ) SI_UNIT ( $, .RADIAN. ) );
#7195 = ORIENTED_EDGE ( 'NONE', *, *, #2524, .T. ) ;
#7196 =( NAMED_UNIT ( * ) PLANE_ANGLE_UNIT ( ) SI_UNIT ( $, .RADIAN. ) );
#7197 = PRESENTATION_LAYER_ASSIGNMENT (  '', '', ( #254 ) ) ;
#7198 = FILL_AREA_STYLE ('',( #4438 ) ) ;
#7199 = ORIENTED_EDGE ( 'NONE', *, *, #5821, .F. ) ;
#7200 = CARTESIAN_POINT ( 'NONE',  ( 1.873741758319233952, -0.1547095915088436691, 0.2468543957980843806 ) ) ;
#7201 = EDGE_CURVE ( 'NONE', #8118, #4577, #4105, .T. ) ;
#7202 = STYLED_ITEM ( 'NONE', ( #1815 ), #3106 ) ;
#7203 = CARTESIAN_POINT ( 'NONE',  ( 1.917451193808959786, 0.4939080884434081109, 0.3561279845223991880 ) ) ;
#7204 = DIRECTION ( 'NONE',  ( 1.447921622090529492E-16, 1.000000000000000000, -2.498792926766732971E-16 ) ) ;
#7205 = LINE ( 'NONE', #4364, #7232 ) ;
#7206 = AXIS2_PLACEMENT_3D ( 'NONE', #5592, #6875, #986 ) ;
#7207 = AXIS2_PLACEMENT_3D ( 'NONE', #9142, #6937, #1804 ) ;
#7208 = EDGE_CURVE ( 'NONE', #431, #6146, #9198, .T. ) ;
#7209 = SURFACE_STYLE_USAGE ( .BOTH. , #2851 ) ;
#7210 =( NAMED_UNIT ( * ) SI_UNIT ( $, .STERADIAN. ) SOLID_ANGLE_UNIT ( ) );
#7211 = CARTESIAN_POINT ( 'NONE',  ( 1.876079956011545757, -0.1145848365224679255, 0.2526998900288647265 ) ) ;
#7212 = CARTESIAN_POINT ( 'NONE',  ( 1.824398056060821727, 0.002145346404361332410, 0.1504209641877260195 ) ) ;
#7213 = VECTOR ( 'NONE', #5355, 1000.000000000000000 ) ;
#7214 = EDGE_CURVE ( 'NONE', #3833, #2409, #8525, .T. ) ;
#7215 = DIRECTION ( 'NONE',  ( -0.1060905250085902862, 4.303867851713703955E-17, 0.9943564755676917999 ) ) ;
#7216 = EDGE_CURVE ( 'NONE', #9120, #756, #2545, .T. ) ;
#7217 = MECHANICAL_DESIGN_GEOMETRIC_PRESENTATION_REPRESENTATION (  '', ( #9424 ), #589 ) ;
#7218 = VECTOR ( 'NONE', #563, 1000.000000000000000 ) ;
#7219 = STYLED_ITEM ( 'NONE', ( #2479 ), #785 ) ;
#7220 = CARTESIAN_POINT ( 'NONE',  ( 1.922223039760944108, 0.3917809146869419834, 0.3949834234380342202 ) ) ;
#7221 = ORIENTED_EDGE ( 'NONE', *, *, #9039, .T. ) ;
#7222 = LINE ( 'NONE', #7926, #1883 ) ;
#7223 = EDGE_LOOP ( 'NONE', ( #7776, #4680, #1067, #566 ) ) ;
#7224 = EDGE_CURVE ( 'NONE', #2606, #35, #5501, .T. ) ;
#7225 = FILL_AREA_STYLE_COLOUR ( '', #8073 ) ;
#7226 = SURFACE_STYLE_USAGE ( .BOTH. , #8744 ) ;
#7227 = UNCERTAINTY_MEASURE_WITH_UNIT (LENGTH_MEASURE( 1.000000000000000082E-05 ), #1007, 'distance_accuracy_value', 'NONE');
#7228 = CARTESIAN_POINT ( 'NONE',  ( -2.875000000000001332, -2.007499999999998952, 3.326939670848419450E-16 ) ) ;
#7229 = SURFACE_STYLE_USAGE ( .BOTH. , #4286 ) ;
#7230 = DIRECTION ( 'NONE',  ( 0.000000000000000000, 1.000000000000000000, -0.000000000000000000 ) ) ;
#7231 = AXIS2_PLACEMENT_3D ( 'NONE', #2924, #7230, #3646 ) ;
#7232 = VECTOR ( 'NONE', #5090, 1000.000000000000114 ) ;
#7233 = DIRECTION ( 'NONE',  ( 0.000000000000000000, 0.000000000000000000, -1.000000000000000000 ) ) ;
#7234 = ORIENTED_EDGE ( 'NONE', *, *, #4210, .T. ) ;
#7235 =( GEOMETRIC_REPRESENTATION_CONTEXT ( 3 ) GLOBAL_UNCERTAINTY_ASSIGNED_CONTEXT ( ( #9560 ) ) GLOBAL_UNIT_ASSIGNED_CONTEXT ( ( #1224, #4503, #503 ) ) REPRESENTATION_CONTEXT ( 'NONE', 'WORKASPACE' ) );
#7236 = ADVANCED_FACE ( 'NONE', ( #8473 ), #9154, .T. ) ;
#7237 = FILL_AREA_STYLE_COLOUR ( '', #311 ) ;
#7238 = VECTOR ( 'NONE', #8166, 1000.000000000000227 ) ;
#7239 = CARTESIAN_POINT ( 'NONE',  ( 1.881714289334906809, 0.5856766290418637944, 0.2937115473729397519 ) ) ;
#7240 = ORIENTED_EDGE ( 'NONE', *, *, #360, .F. ) ;
#7241 = FILL_AREA_STYLE_COLOUR ( '', #6895 ) ;
#7242 =( GEOMETRIC_REPRESENTATION_CONTEXT ( 3 ) GLOBAL_UNCERTAINTY_ASSIGNED_CONTEXT ( ( #3155 ) ) GLOBAL_UNIT_ASSIGNED_CONTEXT ( ( #1896, #6399, #3450 ) ) REPRESENTATION_CONTEXT ( 'NONE', 'WORKASPACE' ) );
#7243 = STYLED_ITEM ( 'NONE', ( #6611 ), #7818 ) ;
#7244 = DIRECTION ( 'NONE',  ( 0.3713906763541002798, 0.000000000000000000, 0.9284766908852607470 ) ) ;
#7245 = CARTESIAN_POINT ( 'NONE',  ( 1.824511284925564247, 0.3646834561604591074, 0.1237782123139087309 ) ) ;
#7246 = UNCERTAINTY_MEASURE_WITH_UNIT (LENGTH_MEASURE( 1.000000000000000082E-05 ), #8356, 'distance_accuracy_value', 'NONE');
#7247 = STYLED_ITEM ( 'NONE', ( #5268 ), #5642 ) ;
#7248 = DIRECTION ( 'NONE',  ( -1.447921622090529492E-16, -1.000000000000000000, 2.498792926766732971E-16 ) ) ;
#7249 = EDGE_CURVE ( 'NONE', #5756, #6146, #9355, .T. ) ;
#7250 = EDGE_CURVE ( 'NONE', #2298, #5599, #9241, .T. ) ;
#7251 = EDGE_LOOP ( 'NONE', ( #8273, #6514, #1311, #9092 ) ) ;
#7252 = DIRECTION ( 'NONE',  ( 0.000000000000000000, -1.000000000000000000, 0.000000000000000000 ) ) ;
#7253 = COLOUR_RGB ( '',1.000000000000000000, 1.000000000000000000, 1.000000000000000000 ) ;
#7254 = AXIS2_PLACEMENT_3D ( 'NONE', #975, #6099, #6055 ) ;
#7255 =( NAMED_UNIT ( * ) PLANE_ANGLE_UNIT ( ) SI_UNIT ( $, .RADIAN. ) );
#7256 = CARTESIAN_POINT ( 'NONE',  ( 1.920421657335631194, 0.4746557565248060717, 0.3635541433390774291 ) ) ;
#7257 = LINE ( 'NONE', #1935, #7831 ) ;
#7258 = COLOUR_RGB ( '',0.1019607843137254888, 0.1019607843137254888, 0.1019607843137254888 ) ;
#7259 = DIRECTION ( 'NONE',  ( -0.3493920875812834281, 0.3390537954853688474, -0.8734802189532161476 ) ) ;
#7260 = COLOUR_RGB ( '',1.000000000000000000, 1.000000000000000000, 1.000000000000000000 ) ;
#7261 = PRESENTATION_STYLE_ASSIGNMENT (( #2259 ) ) ;
#7262 = SURFACE_SIDE_STYLE ('',( #1300 ) ) ;
#7263 = AXIS2_PLACEMENT_3D ( 'NONE', #420, #3475, #4387 ) ;
#7264 = DIRECTION ( 'NONE',  ( 0.9284766908852604139, -0.000000000000000000, -0.3713906763541007794 ) ) ;
#7265 = MECHANICAL_DESIGN_GEOMETRIC_PRESENTATION_REPRESENTATION (  '', ( #3869 ), #1087 ) ;
#7266 = FILL_AREA_STYLE ('',( #7 ) ) ;
#7267 = PRESENTATION_STYLE_ASSIGNMENT (( #2677 ) ) ;
#7268 =( NAMED_UNIT ( * ) SI_UNIT ( $, .STERADIAN. ) SOLID_ANGLE_UNIT ( ) );
#7269 = DIRECTION ( 'NONE',  ( 0.9976723927324270269, -5.069126992984629345E-16, -0.06818941838404181388 ) ) ;
#7270 = LINE ( 'NONE', #7499, #1040 ) ;
#7271 = VECTOR ( 'NONE', #535, 1000.000000000000000 ) ;
#7272 = AXIS2_PLACEMENT_3D ( 'NONE', #212, #3165, #1707 ) ;
#7273 = PRESENTATION_STYLE_ASSIGNMENT (( #1448 ) ) ;
#7274 = B_SPLINE_CURVE_WITH_KNOTS ( 'NONE', 3,
 ( #2079, #9432, #2767, #5767, #4270, #8733, #8962, #5463, #7554, #3100, #290, #923, #871, #2314, #4736, #9170, #2413, #3040, #3192 ),
 .UNSPECIFIED., .F., .F.,
 ( 4, 1, 1, 1, 1, 1, 1, 1, 1, 1, 1, 1, 1, 1, 1, 1, 4 ),
 ( 0.000000000000000000, 0.07429619169027840142, 0.1443788321467840141, 0.2104779521626760630, 0.2735146103050152822, 0.3337905786993327628, 0.3923332665120534690, 0.4498851578508358817, 0.5076124060056994569, 0.5652508075195161741, 0.6231872918394519845, 0.6813298109894395660, 0.7409400148196149116, 0.8018760316168768165, 0.8652550298431297415, 0.9309487249441326107, 1.000000000000000000 ),
 .UNSPECIFIED. ) ;
#7275 = EDGE_CURVE ( 'NONE', #4521, #1853, #4828, .T. ) ;
#7276 = PLANE ( 'NONE',  #6927 ) ;
#7277 = SURFACE_STYLE_USAGE ( .BOTH. , #8740 ) ;
#7278 = ORIENTED_EDGE ( 'NONE', *, *, #9380, .T. ) ;
#7279 = CARTESIAN_POINT ( 'NONE',  ( 2.483214825035667594, 0.8475000000000000311, 0.2050386854289296401 ) ) ;
#7280 = CARTESIAN_POINT ( 'NONE',  ( -1.575000000000000400, 0.8500000000000004219, 1.345997447851415466E-17 ) ) ;
#7281 = LINE ( 'NONE', #4239, #7856 ) ;
#7282 = DIRECTION ( 'NONE',  ( 1.806425379650513017E-15, 1.000000000000000000, -1.117179326706309308E-16 ) ) ;
#7283 = DIRECTION ( 'NONE',  ( -0.3713906763541008349, 0.000000000000000000, -0.9284766908852605249 ) ) ;
#7284 =( NAMED_UNIT ( * ) SI_UNIT ( $, .STERADIAN. ) SOLID_ANGLE_UNIT ( ) );
#7285 = COLOUR_RGB ( '',1.000000000000000000, 1.000000000000000000, 1.000000000000000000 ) ;
#7286 = DIRECTION ( 'NONE',  ( -1.249000902703301354E-16, -3.606914277297914115E-17, -1.000000000000000000 ) ) ;
#7287 = CARTESIAN_POINT ( 'NONE',  ( 1.125000000000002220, -1.599999999999998312, 0.2700000000000002398 ) ) ;
#7288 = CARTESIAN_POINT ( 'NONE',  ( 1.919775049666501587, -0.05894460301518211764, 0.3888634482019303618 ) ) ;
#7289 = ORIENTED_EDGE ( 'NONE', *, *, #2241, .F. ) ;
#7290 = FACE_OUTER_BOUND ( 'NONE', #1705, .T. ) ;
#7291 = COLOUR_RGB ( '',0.1019607843137254888, 0.1019607843137254888, 0.1019607843137254888 ) ;
#7292 = PRESENTATION_STYLE_ASSIGNMENT (( #3605 ) ) ;
#7293 = ORIENTED_EDGE ( 'NONE', *, *, #8423, .T. ) ;
#7294 = ORIENTED_EDGE ( 'NONE', *, *, #3270, .T. ) ;
#7295 = VERTEX_POINT ( 'NONE', #4873 ) ;
#7296 = DIRECTION ( 'NONE',  ( -0.06818941838404181388, -1.789660620253718794E-17, -0.9976723927324270269 ) ) ;
#7297 = DIRECTION ( 'NONE',  ( -1.314184451497581013E-15, 0.000000000000000000, -1.000000000000000000 ) ) ;
#7298 = CARTESIAN_POINT ( 'NONE',  ( 1.822546217021162818, 0.3796421553258571557, 0.1188655425529052401 ) ) ;
#7299 = SURFACE_STYLE_FILL_AREA ( #4356 ) ;
#7300 = DIRECTION ( 'NONE',  ( 0.06818941838404181388, 1.789660620253718794E-17, 0.9976723927324270269 ) ) ;
#7301 = ORIENTED_EDGE ( 'NONE', *, *, #2791, .F. ) ;
#7302 = EDGE_CURVE ( 'NONE', #7652, #8904, #4302, .T. ) ;
#7303 =( NAMED_UNIT ( * ) SI_UNIT ( $, .STERADIAN. ) SOLID_ANGLE_UNIT ( ) );
#7304 = MECHANICAL_DESIGN_GEOMETRIC_PRESENTATION_REPRESENTATION (  '', ( #504 ), #2817 ) ;
#7305 =( NAMED_UNIT ( * ) PLANE_ANGLE_UNIT ( ) SI_UNIT ( $, .RADIAN. ) );
#7306 =( NAMED_UNIT ( * ) SI_UNIT ( $, .STERADIAN. ) SOLID_ANGLE_UNIT ( ) );
#7307 = EDGE_CURVE ( 'NONE', #5205, #1743, #4148, .T. ) ;
#7308 = DIRECTION ( 'NONE',  ( 0.000000000000000000, 0.000000000000000000, -1.000000000000000000 ) ) ;
#7309 = PRESENTATION_STYLE_ASSIGNMENT (( #9476 ) ) ;
#7310 = DIRECTION ( 'NONE',  ( 1.314184451497581013E-15, 0.000000000000000000, -1.000000000000000000 ) ) ;
#7311 = CARTESIAN_POINT ( 'NONE',  ( -1.774999999999999689, 0.000000000000000000, 1.000000000000000000 ) ) ;
#7312 = B_SPLINE_CURVE_WITH_KNOTS ( 'NONE', 3,
 ( #7437, #4346, #7478, #123, #3748, #6696, #3650, #7382, #5973, #807, #6557, #9538, #6602, #3020, #70, #8072, #1567, #852, #4528 ),
 .UNSPECIFIED., .F., .F.,
 ( 4, 1, 1, 1, 1, 1, 1, 1, 1, 1, 1, 1, 1, 1, 1, 1, 4 ),
 ( 0.000000000000000000, 0.06807022544602460423, 0.1334304311243614538, 0.1961504414953039455, 0.2571279473187740305, 0.3168673125347749031, 0.3761731906999618014, 0.4359476605849035291, 0.4965239232888284948, 0.5574553990935482428, 0.6176782722867170117, 0.6779364036295145723, 0.7387994153869100744, 0.8009448638132560250, 0.8648116296622976318, 0.9310232311067554445, 1.000000000000000000 ),
 .UNSPECIFIED. ) ;
#7313 = UNCERTAINTY_MEASURE_WITH_UNIT (LENGTH_MEASURE( 1.000000000000000082E-05 ), #2607, 'distance_accuracy_value', 'NONE');
#7314 = CARTESIAN_POINT ( 'NONE',  ( 1.820671404243186853, 0.4054701656606333748, 0.1141785106079655082 ) ) ;
#7315 = CARTESIAN_POINT ( 'NONE',  ( 1.873741758319233952, -0.1547095915088436691, 0.2468543957980843806 ) ) ;
#7316 = FACE_OUTER_BOUND ( 'NONE', #5555, .T. ) ;
#7317 = EDGE_CURVE ( 'NONE', #7719, #3819, #2507, .T. ) ;
#7318 =( LENGTH_UNIT ( ) NAMED_UNIT ( * ) SI_UNIT ( .MILLI., .METRE. ) );
#7319 = CARTESIAN_POINT ( 'NONE',  ( 1.681086225569887960, -0.8449999999999998623, 0.4624701013908927849 ) ) ;
#7320 = VERTEX_POINT ( 'NONE', #7678 ) ;
#7321 = VECTOR ( 'NONE', #9429, 1000.000000000000227 ) ;
#7322 = CARTESIAN_POINT ( 'NONE',  ( 1.839337077102904949, -0.1376835536101280455, 0.1877685167929334931 ) ) ;
#7323 = CARTESIAN_POINT ( 'NONE',  ( 1.909922085396880576, 0.5497582025976964770, 0.3642310375278743351 ) ) ;
#7324 = DIRECTION ( 'NONE',  ( 0.000000000000000000, 1.000000000000000000, 0.000000000000000000 ) ) ;
#7325 = UNCERTAINTY_MEASURE_WITH_UNIT (LENGTH_MEASURE( 1.000000000000000082E-05 ), #6553, 'distance_accuracy_value', 'NONE');
#7326 = SURFACE_STYLE_USAGE ( .BOTH. , #115 ) ;
#7327 = LINE ( 'NONE', #7185, #761 ) ;
#7328 = CARTESIAN_POINT ( 'NONE',  ( 1.823057085250910703, 0.4317731526134859776, 0.1470685371629479321 ) ) ;
#7329 = VECTOR ( 'NONE', #7512, 1000.000000000000227 ) ;
#7330 = PRESENTATION_STYLE_ASSIGNMENT (( #8747 ) ) ;
#7331 = ORIENTED_EDGE ( 'NONE', *, *, #7651, .T. ) ;
#7332 = VECTOR ( 'NONE', #3953, 1000.000000000000000 ) ;
#7333 = EDGE_CURVE ( 'NONE', #9058, #4629, #1048, .T. ) ;
#7334 = PRESENTATION_STYLE_ASSIGNMENT (( #2294 ) ) ;
#7335 = CARTESIAN_POINT ( 'NONE',  ( 1.924108120568871261, 0.4774987331228205956, 0.3996961254578508815 ) ) ;
#7336 = ORIENTED_EDGE ( 'NONE', *, *, #2362, .F. ) ;
#7337 = EDGE_CURVE ( 'NONE', #5205, #9204, #7159, .T. ) ;
#7338 = VERTEX_POINT ( 'NONE', #8654 ) ;
#7339 = ORIENTED_EDGE ( 'NONE', *, *, #3345, .T. ) ;
#7340 = ORIENTED_EDGE ( 'NONE', *, *, #3527, .T. ) ;
#7341 =( NAMED_UNIT ( * ) PLANE_ANGLE_UNIT ( ) SI_UNIT ( $, .RADIAN. ) );
#7342 = FILL_AREA_STYLE_COLOUR ( '', #602 ) ;
#7343 = LINE ( 'NONE', #9503, #9278 ) ;
#7344 = FACE_OUTER_BOUND ( 'NONE', #8108, .T. ) ;
#7345 =( GEOMETRIC_REPRESENTATION_CONTEXT ( 3 ) GLOBAL_UNCERTAINTY_ASSIGNED_CONTEXT ( ( #4704 ) ) GLOBAL_UNIT_ASSIGNED_CONTEXT ( ( #263, #5390, #8369 ) ) REPRESENTATION_CONTEXT ( 'NONE', 'WORKASPACE' ) );
#7346 = UNCERTAINTY_MEASURE_WITH_UNIT (LENGTH_MEASURE( 1.000000000000000082E-05 ), #2092, 'distance_accuracy_value', 'NONE');
#7347 =( LENGTH_UNIT ( ) NAMED_UNIT ( * ) SI_UNIT ( .MILLI., .METRE. ) );
#7348 = ORIENTED_EDGE ( 'NONE', *, *, #440, .T. ) ;
#7349 = EDGE_CURVE ( 'NONE', #909, #407, #7281, .T. ) ;
#7350 = ADVANCED_FACE ( 'NONE', ( #2050 ), #6413, .T. ) ;
#7351 = PLANE ( 'NONE',  #8669 ) ;
#7352 = SURFACE_STYLE_USAGE ( .BOTH. , #2028 ) ;
#7353 = DIRECTION ( 'NONE',  ( 0.000000000000000000, 1.000000000000000000, -0.000000000000000000 ) ) ;
#7354 = FACE_OUTER_BOUND ( 'NONE', #754, .T. ) ;
#7355 = ADVANCED_FACE ( 'NONE', ( #3557 ), #3598, .F. ) ;
#7356 = FACE_OUTER_BOUND ( 'NONE', #9542, .T. ) ;
#7357 = VECTOR ( 'NONE', #2371, 1000.000000000000000 ) ;
#7358 = DIRECTION ( 'NONE',  ( -0.1060905250085902862, 4.303867851713703955E-17, 0.9943564755676917999 ) ) ;
#7359 = DIRECTION ( 'NONE',  ( -1.000000000000000000, 0.000000000000000000, -0.000000000000000000 ) ) ;
#7360 = LINE ( 'NONE', #3451, #8591 ) ;
#7361 =( NAMED_UNIT ( * ) SI_UNIT ( $, .STERADIAN. ) SOLID_ANGLE_UNIT ( ) );
#7362 =( NAMED_UNIT ( * ) PLANE_ANGLE_UNIT ( ) SI_UNIT ( $, .RADIAN. ) );
#7363 = EDGE_CURVE ( 'NONE', #1908, #4533, #5918, .T. ) ;
#7364 =( GEOMETRIC_REPRESENTATION_CONTEXT ( 3 ) GLOBAL_UNCERTAINTY_ASSIGNED_CONTEXT ( ( #4421 ) ) GLOBAL_UNIT_ASSIGNED_CONTEXT ( ( #6583, #7362, #9 ) ) REPRESENTATION_CONTEXT ( 'NONE', 'WORKASPACE' ) );
#7365 = VECTOR ( 'NONE', #941, 1000.000000000000227 ) ;
#7366 =( NAMED_UNIT ( * ) PLANE_ANGLE_UNIT ( ) SI_UNIT ( $, .RADIAN. ) );
#7367 = ORIENTED_EDGE ( 'NONE', *, *, #9293, .T. ) ;
#7368 = DIRECTION ( 'NONE',  ( -0.3713906763541009459, 0.000000000000000000, -0.9284766908852605249 ) ) ;
#7369 = AXIS2_PLACEMENT_3D ( 'NONE', #4494, #960, #279 ) ;
#7370 = CARTESIAN_POINT ( 'NONE',  ( 1.844178477628969803, -0.1438672726359227216, 0.1998720181080985148 ) ) ;
#7371 = LINE ( 'NONE', #6732, #2438 ) ;
#7372 = CARTESIAN_POINT ( 'NONE',  ( 1.819885708292967808, 0.5219342765702187359, 0.1391400947680919431 ) ) ;
#7373 =( NAMED_UNIT ( * ) SI_UNIT ( $, .STERADIAN. ) SOLID_ANGLE_UNIT ( ) );
#7374 =( NAMED_UNIT ( * ) SI_UNIT ( $, .STERADIAN. ) SOLID_ANGLE_UNIT ( ) );
#7375 =( NAMED_UNIT ( * ) PLANE_ANGLE_UNIT ( ) SI_UNIT ( $, .RADIAN. ) );
#7376 = FACE_OUTER_BOUND ( 'NONE', #3987, .T. ) ;
#7377 = CARTESIAN_POINT ( 'NONE',  ( 1.923547957201184877, -0.0006814723642076767366, 0.3982957170386349777 ) ) ;
#7378 = ORIENTED_EDGE ( 'NONE', *, *, #5072, .F. ) ;
#7379 = AXIS2_PLACEMENT_3D ( 'NONE', #7107, #3528, #3577 ) ;
#7380 = STYLED_ITEM ( 'NONE', ( #3866 ), #1464 ) ;
#7381 = VECTOR ( 'NONE', #6464, 1000.000000000000000 ) ;
#7382 = CARTESIAN_POINT ( 'NONE',  ( 1.899597322968828550, -0.1298582968395940451, 0.3384191314577454923 ) ) ;
#7383 = VECTOR ( 'NONE', #1867, 1000.000000000000000 ) ;
#7384 = CARTESIAN_POINT ( 'NONE',  ( 2.461382810556700385, -0.4225000000000000422, -0.1143832811983295089 ) ) ;
#7385 = VERTEX_POINT ( 'NONE', #5149 ) ;
#7386 = ORIENTED_EDGE ( 'NONE', *, *, #6815, .F. ) ;
#7387 = ORIENTED_EDGE ( 'NONE', *, *, #7494, .F. ) ;
#7388 = ORIENTED_EDGE ( 'NONE', *, *, #619, .T. ) ;
#7389 = CARTESIAN_POINT ( 'NONE',  ( 2.517749029844000397, -0.4225000000000000422, 0.7103050971205200348 ) ) ;
#7390 = VECTOR ( 'NONE', #7466, 1000.000000000000000 ) ;
#7391 = DIRECTION ( 'NONE',  ( -0.1060905250085902862, 4.303867851713703955E-17, 0.9943564755676917999 ) ) ;
#7392 = MECHANICAL_DESIGN_GEOMETRIC_PRESENTATION_REPRESENTATION (  '', ( #8646 ), #1210 ) ;
#7393 = ORIENTED_EDGE ( 'NONE', *, *, #4901, .F. ) ;
#7394 = COLOUR_RGB ( '',1.000000000000000000, 1.000000000000000000, 1.000000000000000000 ) ;
#7395 = EDGE_CURVE ( 'NONE', #7108, #5205, #5091, .T. ) ;
#7396 = SURFACE_STYLE_FILL_AREA ( #142 ) ;
#7397 = PRESENTATION_LAYER_ASSIGNMENT (  '', '', ( #1987 ) ) ;
#7398 = ADVANCED_FACE ( 'NONE', ( #3785 ), #3122, .T. ) ;
#7399 = STYLED_ITEM ( 'NONE', ( #8613 ), #8102 ) ;
#7400 = CARTESIAN_POINT ( 'NONE',  ( -3.075000000000000178, 2.007500000000001172, 0.2699999999999998512 ) ) ;
#7401 = EDGE_CURVE ( 'NONE', #6140, #8317, #845, .T. ) ;
#7402 = CARTESIAN_POINT ( 'NONE',  ( 1.896330057814334946, 0.5405166150204594455, 0.3033251445358385312 ) ) ;
#7403 = PRESENTATION_LAYER_ASSIGNMENT (  '', '', ( #1215 ) ) ;
#7404 = EDGE_CURVE ( 'NONE', #6174, #7425, #8843, .T. ) ;
#7405 = CARTESIAN_POINT ( 'NONE',  ( 1.881991169021442367, -0.1544718877957835801, 0.2674779225536061955 ) ) ;
#7406 = ORIENTED_EDGE ( 'NONE', *, *, #491, .T. ) ;
#7407 = VECTOR ( 'NONE', #3449, 1000.000000000000000 ) ;
#7408 = DIRECTION ( 'NONE',  ( -1.447921622090529738E-16, -1.000000000000000000, 2.783468775164169937E-17 ) ) ;
#7409 = AXIS2_PLACEMENT_3D ( 'NONE', #2618, #436, #3396 ) ;
#7410 = CARTESIAN_POINT ( 'NONE',  ( 1.125000000000000666, 1.599999999999999645, 0.000000000000000000 ) ) ;
#7411 = PLANE ( 'NONE',  #7911 ) ;
#7412 = VECTOR ( 'NONE', #1674, 1000.000000000000114 ) ;
#7413 = FACE_OUTER_BOUND ( 'NONE', #2724, .T. ) ;
#7414 = PRESENTATION_LAYER_ASSIGNMENT (  '', '', ( #7109 ) ) ;
#7415 = VERTEX_POINT ( 'NONE', #6068 ) ;
#7416 =( LENGTH_UNIT ( ) NAMED_UNIT ( * ) SI_UNIT ( .MILLI., .METRE. ) );
#7417 = AXIS2_PLACEMENT_3D ( 'NONE', #5224, #3917, #4444 ) ;
#7418 = UNCERTAINTY_MEASURE_WITH_UNIT (LENGTH_MEASURE( 1.000000000000000082E-05 ), #334, 'distance_accuracy_value', 'NONE');
#7419 = SURFACE_SIDE_STYLE ('',( #8831 ) ) ;
#7420 = EDGE_CURVE ( 'NONE', #8351, #1285, #7371, .T. ) ;
#7421 = PRESENTATION_LAYER_ASSIGNMENT (  '', '', ( #629 ) ) ;
#7422 = AXIS2_PLACEMENT_3D ( 'NONE', #786, #5763, #8730 ) ;
#7423 = PLANE ( 'NONE',  #447 ) ;
#7424 = PLANE ( 'NONE',  #4716 ) ;
#7425 = VERTEX_POINT ( 'NONE', #3698 ) ;
#7426 =( NAMED_UNIT ( * ) SI_UNIT ( $, .STERADIAN. ) SOLID_ANGLE_UNIT ( ) );
#7427 = CARTESIAN_POINT ( 'NONE',  ( 1.820401429736785870, -0.08646556583372445870, 0.1404293983776345178 ) ) ;
#7428 = CARTESIAN_POINT ( 'NONE',  ( 1.917811869473057484, 0.3646834561604590519, 0.3839554977183173845 ) ) ;
#7429 = CARTESIAN_POINT ( 'NONE',  ( 1.811734522740225950, 0.4669113756612616184, 0.1187621308862357034 ) ) ;
#7430 = VECTOR ( 'NONE', #3280, 1000.000000000000000 ) ;
#7431 = UNCERTAINTY_MEASURE_WITH_UNIT (LENGTH_MEASURE( 1.000000000000000082E-05 ), #7347, 'distance_accuracy_value', 'NONE');
#7432 =( NAMED_UNIT ( * ) PLANE_ANGLE_UNIT ( ) SI_UNIT ( $, .RADIAN. ) );
#7433 = CARTESIAN_POINT ( 'NONE',  ( 1.876079956011545757, -0.1145848365224679255, 0.2526998900288647265 ) ) ;
#7434 = PLANE ( 'NONE',  #7231 ) ;
#7435 = CARTESIAN_POINT ( 'NONE',  ( 1.889805408054162861, -0.1438821353300510641, 0.3139393441710822130 ) ) ;
#7436 = ORIENTED_EDGE ( 'NONE', *, *, #5760, .T. ) ;
#7437 = CARTESIAN_POINT ( 'NONE',  ( 1.866476732920606008, -0.1548287389614922960, 0.2556176563371878041 ) ) ;
#7438 = AXIS2_PLACEMENT_3D ( 'NONE', #5364, #2359, #3148 ) ;
#7439 = CARTESIAN_POINT ( 'NONE',  ( -2.374999999999999112, 2.107500000000000817, 0.2699999999999998512 ) ) ;
#7440 = ORIENTED_EDGE ( 'NONE', *, *, #784, .F. ) ;
#7441 = ORIENTED_EDGE ( 'NONE', *, *, #2610, .F. ) ;
#7442 = ORIENTED_EDGE ( 'NONE', *, *, #8353, .T. ) ;
#7443 = VERTEX_POINT ( 'NONE', #15 ) ;
#7444 = FACE_OUTER_BOUND ( 'NONE', #2833, .T. ) ;
#7445 = CARTESIAN_POINT ( 'NONE',  ( -1.775000000000000133, 2.450000000000000178, 0.000000000000000000 ) ) ;
#7446 = CARTESIAN_POINT ( 'NONE',  ( 2.909998327955510611, 0.3499999999999999223, -0.1499999999999994116 ) ) ;
#7447 = PRESENTATION_STYLE_ASSIGNMENT (( #5409 ) ) ;
#7448 = UNCERTAINTY_MEASURE_WITH_UNIT (LENGTH_MEASURE( 1.000000000000000082E-05 ), #8303, 'distance_accuracy_value', 'NONE');
#7449 = SURFACE_STYLE_USAGE ( .BOTH. , #6182 ) ;
#7450 = LINE ( 'NONE', #82, #1686 ) ;
#7451 = ORIENTED_EDGE ( 'NONE', *, *, #8978, .T. ) ;
#7452 = FACE_OUTER_BOUND ( 'NONE', #4003, .T. ) ;
#7453 = CYLINDRICAL_SURFACE ( 'NONE', #1243, 0.3300000000000000155 ) ;
#7454 = CARTESIAN_POINT ( 'NONE',  ( -1.975000000000000089, -2.250000000000001332, 0.000000000000000000 ) ) ;
#7455 = DIRECTION ( 'NONE',  ( 0.9284766908852604139, -0.000000000000000000, -0.3713906763541007794 ) ) ;
#7456 = EDGE_LOOP ( 'NONE', ( #9410, #7289, #8452, #7140, #7585, #4191, #3710, #1014, #3602, #5941 ) ) ;
#7457 = LINE ( 'NONE', #6715, #9589 ) ;
#7458 = STYLED_ITEM ( 'NONE', ( #6648 ), #3240 ) ;
#7459 = CARTESIAN_POINT ( 'NONE',  ( -3.075000000000000178, 2.007500000000001172, -1.158535325877412061E-16 ) ) ;
#7460 = DIRECTION ( 'NONE',  ( 0.06818941838404181388, 1.789660620253719718E-17, 0.9976723927324270269 ) ) ;
#7461 = DIRECTION ( 'NONE',  ( 1.000000000000000000, 1.097926250618232396E-16, 0.000000000000000000 ) ) ;
#7462 = VERTEX_POINT ( 'NONE', #2968 ) ;
#7463 =( NAMED_UNIT ( * ) PLANE_ANGLE_UNIT ( ) SI_UNIT ( $, .RADIAN. ) );
#7464 = LINE ( 'NONE', #6636, #4658 ) ;
#7465 = COLOUR_RGB ( '',1.000000000000000000, 1.000000000000000000, 1.000000000000000000 ) ;
#7466 = DIRECTION ( 'NONE',  ( -0.000000000000000000, -0.000000000000000000, -1.000000000000000000 ) ) ;
#7467 = LINE ( 'NONE', #8248, #4427 ) ;
#7468 = FACE_OUTER_BOUND ( 'NONE', #1514, .T. ) ;
#7469 = LINE ( 'NONE', #843, #3537 ) ;
#7470 =( NAMED_UNIT ( * ) SI_UNIT ( $, .STERADIAN. ) SOLID_ANGLE_UNIT ( ) );
#7471 = ORIENTED_EDGE ( 'NONE', *, *, #4579, .F. ) ;
#7472 = SURFACE_SIDE_STYLE ('',( #2284 ) ) ;
#7473 = EDGE_CURVE ( 'NONE', #273, #235, #5432, .T. ) ;
#7474 = PLANE ( 'NONE',  #2456 ) ;
#7475 = ADVANCED_FACE ( 'NONE', ( #8257 ), #3992, .F. ) ;
#7476 = CARTESIAN_POINT ( 'NONE',  ( 1.932832724110037592, -0.0006814723642076767366, 0.3945818102750939249 ) ) ;
#7477 = EDGE_LOOP ( 'NONE', ( #823, #178, #6811, #8019 ) ) ;
#7478 = CARTESIAN_POINT ( 'NONE',  ( 1.872706402112589874, -0.1544718877957835801, 0.2711918293171471928 ) ) ;
#7479 =( GEOMETRIC_REPRESENTATION_CONTEXT ( 3 ) GLOBAL_UNCERTAINTY_ASSIGNED_CONTEXT ( ( #3827 ) ) GLOBAL_UNIT_ASSIGNED_CONTEXT ( ( #6945, #7875, #6408 ) ) REPRESENTATION_CONTEXT ( 'NONE', 'WORKASPACE' ) );
#7480 = CARTESIAN_POINT ( 'NONE',  ( 1.781319529336186980, 1.620000000000000329, 0.4624701013908927849 ) ) ;
#7481 = EDGE_LOOP ( 'NONE', ( #5449, #2979, #3530, #4295 ) ) ;
#7482 = ORIENTED_EDGE ( 'NONE', *, *, #1306, .F. ) ;
#7483 = ORIENTED_EDGE ( 'NONE', *, *, #3081, .F. ) ;
#7484 = PRESENTATION_STYLE_ASSIGNMENT (( #224 ) ) ;
#7485 = ORIENTED_EDGE ( 'NONE', *, *, #5230, .T. ) ;
#7486 =( NAMED_UNIT ( * ) PLANE_ANGLE_UNIT ( ) SI_UNIT ( $, .RADIAN. ) );
#7487 =( NAMED_UNIT ( * ) SI_UNIT ( $, .STERADIAN. ) SOLID_ANGLE_UNIT ( ) );
#7488 =( NAMED_UNIT ( * ) PLANE_ANGLE_UNIT ( ) SI_UNIT ( $, .RADIAN. ) );
#7489 = PLANE ( 'NONE',  #5405 ) ;
#7490 = STYLED_ITEM ( 'NONE', ( #4806 ), #9551 ) ;
#7491 = DIRECTION ( 'NONE',  ( -0.06818941838404206368, -1.789660620253715096E-17, -0.9976723927324269159 ) ) ;
#7492 = SURFACE_STYLE_USAGE ( .BOTH. , #8124 ) ;
#7493 = ORIENTED_EDGE ( 'NONE', *, *, #4098, .F. ) ;
#7494 = EDGE_CURVE ( 'NONE', #7768, #2996, #3834, .T. ) ;
#7495 =( NAMED_UNIT ( * ) SI_UNIT ( $, .STERADIAN. ) SOLID_ANGLE_UNIT ( ) );
#7496 = CARTESIAN_POINT ( 'NONE',  ( -1.974999999999999867, 1.600000000000000311, 0.2700000000000000178 ) ) ;
#7497 =( GEOMETRIC_REPRESENTATION_CONTEXT ( 3 ) GLOBAL_UNCERTAINTY_ASSIGNED_CONTEXT ( ( #8498 ) ) GLOBAL_UNIT_ASSIGNED_CONTEXT ( ( #3216, #9141, #2534 ) ) REPRESENTATION_CONTEXT ( 'NONE', 'WORKASPACE' ) );
#7498 = CARTESIAN_POINT ( 'NONE',  ( 1.919972990248129729, -0.02238590137221027274, 0.3624324756203239906 ) ) ;
#7499 = CARTESIAN_POINT ( 'NONE',  ( -1.775000000000000577, 1.599999999999999867, -7.032847502445896950E-17 ) ) ;
#7500 = ORIENTED_EDGE ( 'NONE', *, *, #393, .F. ) ;
#7501 = ADVANCED_FACE ( 'NONE', ( #5486 ), #6778, .T. ) ;
#7502 = CLOSED_SHELL ( 'NONE', ( #9060, #1537, #1777, #4822, #5053, #1597, #4698, #6532, #2185, #1167, #9295, #785, #6038, #1477, #6984, #1894, #9162, #7355, #3635, #2148, #3923, #3976 ) ) ;
#7503 = LINE ( 'NONE', #1545, #4318 ) ;
#7504 = FILL_AREA_STYLE ('',( #5278 ) ) ;
#7505 = VERTEX_POINT ( 'NONE', #6359 ) ;
#7506 = LINE ( 'NONE', #6717, #6969 ) ;
#7507 = CARTESIAN_POINT ( 'NONE',  ( 1.890918264972735852, 0.5363651834637782612, 0.3167214864675136909 ) ) ;
#7508 = CARTESIAN_POINT ( 'NONE',  ( 1.870368975146116108, 0.1598054073799710928, 0.2384224378652898824 ) ) ;
#7509 = UNCERTAINTY_MEASURE_WITH_UNIT (LENGTH_MEASURE( 1.000000000000000082E-05 ), #6519, 'distance_accuracy_value', 'NONE');
#7510 = SURFACE_SIDE_STYLE ('',( #4561 ) ) ;
#7511 = EDGE_CURVE ( 'NONE', #4533, #2321, #2715, .T. ) ;
#7512 = DIRECTION ( 'NONE',  ( 0.9284766908852604139, -0.000000000000000000, -0.3713906763541007794 ) ) ;
#7513 = FACE_OUTER_BOUND ( 'NONE', #2878, .T. ) ;
#7514 = SURFACE_SIDE_STYLE ('',( #6014 ) ) ;
#7515 = VERTEX_POINT ( 'NONE', #8601 ) ;
#7516 =( NAMED_UNIT ( * ) PLANE_ANGLE_UNIT ( ) SI_UNIT ( $, .RADIAN. ) );
#7517 =( NAMED_UNIT ( * ) PLANE_ANGLE_UNIT ( ) SI_UNIT ( $, .RADIAN. ) );
#7518 = PRESENTATION_STYLE_ASSIGNMENT (( #5964 ) ) ;
#7519 = EDGE_CURVE ( 'NONE', #8137, #6027, #9479, .T. ) ;
#7520 = CARTESIAN_POINT ( 'NONE',  ( 1.821019289649078443, 0.4669113756612616184, 0.1150482241226946784 ) ) ;
#7521 = UNCERTAINTY_MEASURE_WITH_UNIT (LENGTH_MEASURE( 1.000000000000000082E-05 ), #924, 'distance_accuracy_value', 'NONE');
#7522 = CARTESIAN_POINT ( 'NONE',  ( 1.681086225569887960, -0.9199999999999999289, 0.4624701013908927849 ) ) ;
#7523 = DIRECTION ( 'NONE',  ( 1.000000000000000000, -1.355252715606880543E-16, 0.000000000000000000 ) ) ;
#7524 = EDGE_CURVE ( 'NONE', #3329, #8537, #4456, .T. ) ;
#7525 =( LENGTH_UNIT ( ) NAMED_UNIT ( * ) SI_UNIT ( .MILLI., .METRE. ) );
#7526 = VECTOR ( 'NONE', #5676, 1000.000000000000000 ) ;
#7527 = ORIENTED_EDGE ( 'NONE', *, *, #5274, .F. ) ;
#7528 = SURFACE_STYLE_FILL_AREA ( #3896 ) ;
#7529 = PRESENTATION_LAYER_ASSIGNMENT (  '', '', ( #4278 ) ) ;
#7530 = STYLED_ITEM ( 'NONE', ( #4301 ), #4207 ) ;
#7531 = ADVANCED_FACE ( 'NONE', ( #7918 ), #549, .F. ) ;
#7532 = LINE ( 'NONE', #4627, #6493 ) ;
#7533 = ORIENTED_EDGE ( 'NONE', *, *, #6314, .T. ) ;
#7534 = ORIENTED_EDGE ( 'NONE', *, *, #189, .T. ) ;
#7535 = EDGE_LOOP ( 'NONE', ( #8397, #1101, #2248, #5084, #7972, #2206, #6132, #2251 ) ) ;
#7536 =( NAMED_UNIT ( * ) PLANE_ANGLE_UNIT ( ) SI_UNIT ( $, .RADIAN. ) );
#7537 = VERTEX_POINT ( 'NONE', #5636 ) ;
#7538 = PRESENTATION_STYLE_ASSIGNMENT (( #135 ) ) ;
#7539 = PRESENTATION_STYLE_ASSIGNMENT (( #8901 ) ) ;
#7540 = DIRECTION ( 'NONE',  ( -0.06818941838404181388, -1.789660620253718485E-17, -0.9976723927324270269 ) ) ;
#7541 = DIRECTION ( 'NONE',  ( 1.000000000000000000, -2.369136632905468679E-16, 1.157943808795868639E-32 ) ) ;
#7542 = AXIS2_PLACEMENT_3D ( 'NONE', #1474, #3718, #5988 ) ;
#7543 = PRESENTATION_LAYER_ASSIGNMENT (  '', '', ( #3045 ) ) ;
#7544 = CIRCLE ( 'NONE', #4916, 0.3300000000000000155 ) ;
#7545 = COLOUR_RGB ( '',1.000000000000000000, 1.000000000000000000, 1.000000000000000000 ) ;
#7546 = VERTEX_POINT ( 'NONE', #8775 ) ;
#7547 = FILL_AREA_STYLE_COLOUR ( '', #1695 ) ;
#7548 = CIRCLE ( 'NONE', #1344, 0.3300000000000000155 ) ;
#7549 = VERTEX_POINT ( 'NONE', #6444 ) ;
#7550 = VECTOR ( 'NONE', #3074, 999.9999999999998863 ) ;
#7551 = DIRECTION ( 'NONE',  ( 0.000000000000000000, 0.3013226308706378753, 0.9535222452178016006 ) ) ;
#7552 = VECTOR ( 'NONE', #5451, 1000.000000000000000 ) ;
#7553 = EDGE_CURVE ( 'NONE', #7320, #6282, #9521, .T. ) ;
#7554 = CARTESIAN_POINT ( 'NONE',  ( 1.837799293072322371, -0.09016687231472741981, 0.1839240567164781015 ) ) ;
#7555 = EDGE_CURVE ( 'NONE', #6335, #4571, #7274, .T. ) ;
#7556 = ORIENTED_EDGE ( 'NONE', *, *, #2551, .T. ) ;
#7557 =( GEOMETRIC_REPRESENTATION_CONTEXT ( 3 ) GLOBAL_UNCERTAINTY_ASSIGNED_CONTEXT ( ( #5954 ) ) GLOBAL_UNIT_ASSIGNED_CONTEXT ( ( #3072, #4475, #7373 ) ) REPRESENTATION_CONTEXT ( 'NONE', 'WORKASPACE' ) );
#7558 = CARTESIAN_POINT ( 'NONE',  ( 1.681086225569887960, -0.9199999999999999289, 0.4624701013908927849 ) ) ;
#7559 = STYLED_ITEM ( 'NONE', ( #1830 ), #6984 ) ;
#7560 =( NAMED_UNIT ( * ) PLANE_ANGLE_UNIT ( ) SI_UNIT ( $, .RADIAN. ) );
#7561 = ORIENTED_EDGE ( 'NONE', *, *, #2621, .T. ) ;
#7562 = LINE ( 'NONE', #202, #3721 ) ;
#7563 = PRESENTATION_STYLE_ASSIGNMENT (( #2421 ) ) ;
#7564 = CARTESIAN_POINT ( 'NONE',  ( 1.912044874910670877, 0.4641508154314675227, 0.3695380113123516441 ) ) ;
#7565 = CARTESIAN_POINT ( 'NONE',  ( -1.375000000000000444, 0.8500000000000004219, 1.345997447851415466E-17 ) ) ;
#7566 = DIRECTION ( 'NONE',  ( 0.9976723927324270269, -1.463531740886934579E-16, -0.06818941838404170286 ) ) ;
#7567 = VECTOR ( 'NONE', #33, 1000.000000000000114 ) ;
#7568 = DIRECTION ( 'NONE',  ( -0.9943564755676919109, 1.410220274669976605E-16, -0.1060905250085903140 ) ) ;
#7569 = ORIENTED_EDGE ( 'NONE', *, *, #5514, .F. ) ;
#7570 = CARTESIAN_POINT ( 'NONE',  ( -2.374999999999999112, 2.007500000000001172, -1.158535325877412061E-16 ) ) ;
#7571 = DIRECTION ( 'NONE',  ( 0.000000000000000000, 0.000000000000000000, 1.000000000000000000 ) ) ;
#7572 = CARTESIAN_POINT ( 'NONE',  ( 1.827015671461531099, 0.5449354141688540487, 0.1569650026895010875 ) ) ;
#7573 = DIRECTION ( 'NONE',  ( 1.447921622090529492E-16, 1.000000000000000000, -2.498792926766732971E-16 ) ) ;
#7574 = CARTESIAN_POINT ( 'NONE',  ( 1.833682822969674442, 0.002145346404361332410, 0.1467070574241849390 ) ) ;
#7575 =( NAMED_UNIT ( * ) PLANE_ANGLE_UNIT ( ) SI_UNIT ( $, .RADIAN. ) );
#7576 = AXIS2_PLACEMENT_3D ( 'NONE', #8232, #6666, #4498 ) ;
#7577 = ORIENTED_EDGE ( 'NONE', *, *, #90, .F. ) ;
#7578 = COLOUR_RGB ( '',1.000000000000000000, 1.000000000000000000, 1.000000000000000000 ) ;
#7579 = EDGE_CURVE ( 'NONE', #3570, #9353, #289, .T. ) ;
#7580 = CARTESIAN_POINT ( 'NONE',  ( -1.575000000000000400, -1.049999999999999822, 2.257240465527129072E-16 ) ) ;
#7582 = PRESENTATION_STYLE_ASSIGNMENT (( #1756 ) ) ;
#7581 = DIRECTION ( 'NONE',  ( -1.000000000000000000, 1.447921622090530231E-16, 1.249000902703301108E-16 ) ) ;
#7583 = VERTEX_POINT ( 'NONE', #829 ) ;
#7584 = VERTEX_POINT ( 'NONE', #146 ) ;
#7585 = ORIENTED_EDGE ( 'NONE', *, *, #2670, .T. ) ;
#7586 = PLANE ( 'NONE',  #2649 ) ;
#7587 = ORIENTED_EDGE ( 'NONE', *, *, #5971, .F. ) ;
#7588 = CARTESIAN_POINT ( 'NONE',  ( 1.824695579699259662, 0.4697302335787027494, 0.1511647732838195535 ) ) ;
#7589 = DIRECTION ( 'NONE',  ( -0.06818941838404181388, -1.789660620253718794E-17, -0.9976723927324270269 ) ) ;
#7590 = VECTOR ( 'NONE', #1895, 1000.000000000000000 ) ;
#7591 = CARTESIAN_POINT ( 'NONE',  ( 2.483214825035667594, 2.117500000000000160, 0.2050386854289296401 ) ) ;
#7592 = DIRECTION ( 'NONE',  ( 0.9284766908852604139, -0.000000000000000000, -0.3713906763541007794 ) ) ;
#7593 = DIRECTION ( 'NONE',  ( -1.488806659628715785E-32, -1.117179326706309308E-16, -1.000000000000000000 ) ) ;
#7594 = DIRECTION ( 'NONE',  ( -1.488806659628715785E-32, -1.117179326706309308E-16, -1.000000000000000000 ) ) ;
#7595 = VERTEX_POINT ( 'NONE', #8400 ) ;
#7596 = LINE ( 'NONE', #6231, #3868 ) ;
#7597 =( GEOMETRIC_REPRESENTATION_CONTEXT ( 3 ) GLOBAL_UNCERTAINTY_ASSIGNED_CONTEXT ( ( #9480 ) ) GLOBAL_UNIT_ASSIGNED_CONTEXT ( ( #4598, #3876, #6770 ) ) REPRESENTATION_CONTEXT ( 'NONE', 'WORKASPACE' ) );
#7598 = PRESENTATION_LAYER_ASSIGNMENT (  '', '', ( #2026 ) ) ;
#7599 = DIRECTION ( 'NONE',  ( 0.000000000000000000, 0.000000000000000000, -1.000000000000000000 ) ) ;
#7600 = VERTEX_POINT ( 'NONE', #8443 ) ;
#7601 = ORIENTED_EDGE ( 'NONE', *, *, #2902, .T. ) ;
#7602 = PRESENTATION_STYLE_ASSIGNMENT (( #9054 ) ) ;
#7603 = CARTESIAN_POINT ( 'NONE',  ( 1.893207986740216953, -0.09718891838032335528, 0.3224457908862162214 ) ) ;
#7604 = PRESENTATION_LAYER_ASSIGNMENT (  '', '', ( #645 ) ) ;
#7605 = ADVANCED_FACE ( 'NONE', ( #5999 ), #994, .T. ) ;
#7606 = ORIENTED_EDGE ( 'NONE', *, *, #5614, .F. ) ;
#7607 = LINE ( 'NONE', #8491, #4026 ) ;
#7608 =( NAMED_UNIT ( * ) PLANE_ANGLE_UNIT ( ) SI_UNIT ( $, .RADIAN. ) );
#7609 = MECHANICAL_DESIGN_GEOMETRIC_PRESENTATION_REPRESENTATION (  '', ( #9337 ), #4969 ) ;
#7610 = EDGE_LOOP ( 'NONE', ( #3153, #6899, #4575, #6243 ) ) ;
#7611 =( LENGTH_UNIT ( ) NAMED_UNIT ( * ) SI_UNIT ( .MILLI., .METRE. ) );
#7612 = CARTESIAN_POINT ( 'NONE',  ( 1.835065705844689754, 0.3894967754400158744, 0.1501642646117231916 ) ) ;
#7613 = DIRECTION ( 'NONE',  ( 1.447921622090529492E-16, 1.000000000000000000, -2.498792926766732971E-16 ) ) ;
#7614 = SURFACE_STYLE_USAGE ( .BOTH. , #9123 ) ;
#7615 = UNCERTAINTY_MEASURE_WITH_UNIT (LENGTH_MEASURE( 1.000000000000000082E-05 ), #4566, 'distance_accuracy_value', 'NONE');
#7616 = DIRECTION ( 'NONE',  ( -1.447921622090529492E-16, -1.000000000000000000, 2.498792926766732971E-16 ) ) ;
#7617 = EDGE_CURVE ( 'NONE', #4349, #9166, #1924, .T. ) ;
#7618 = DIRECTION ( 'NONE',  ( 1.488806659628715785E-32, 1.117179326706309308E-16, 1.000000000000000000 ) ) ;
#7619 = LINE ( 'NONE', #3831, #4594 ) ;
#7620 = CARTESIAN_POINT ( 'NONE',  ( 1.923586541574904940, 0.3061468707946052303, 0.3983921779729356905 ) ) ;
#7621 = ORIENTED_EDGE ( 'NONE', *, *, #3762, .T. ) ;
#7622 =( NAMED_UNIT ( * ) SI_UNIT ( $, .STERADIAN. ) SOLID_ANGLE_UNIT ( ) );
#7623 = UNCERTAINTY_MEASURE_WITH_UNIT (LENGTH_MEASURE( 1.000000000000000082E-05 ), #1871, 'distance_accuracy_value', 'NONE');
#7624 = CARTESIAN_POINT ( 'NONE',  ( 2.483214825035667594, -0.8475000000000000311, 0.2050386854289297511 ) ) ;
#7625 =( NAMED_UNIT ( * ) SI_UNIT ( $, .STERADIAN. ) SOLID_ANGLE_UNIT ( ) );
#7626 =( LENGTH_UNIT ( ) NAMED_UNIT ( * ) SI_UNIT ( .MILLI., .METRE. ) );
#7627 = FACE_OUTER_BOUND ( 'NONE', #7456, .T. ) ;
#7628 = ORIENTED_EDGE ( 'NONE', *, *, #7723, .T. ) ;
#7629 = ORIENTED_EDGE ( 'NONE', *, *, #540, .F. ) ;
#7630 = ORIENTED_EDGE ( 'NONE', *, *, #5622, .T. ) ;
#7631 =( NAMED_UNIT ( * ) PLANE_ANGLE_UNIT ( ) SI_UNIT ( $, .RADIAN. ) );
#7632 = ORIENTED_EDGE ( 'NONE', *, *, #8966, .F. ) ;
#7633 = CARTESIAN_POINT ( 'NONE',  ( 1.923586541574904940, -0.4036092267663704547, 0.3983921779729356905 ) ) ;
#7634 = FILL_AREA_STYLE_COLOUR ( '', #450 ) ;
#7635 = CARTESIAN_POINT ( 'NONE',  ( 1.923586541574904940, 0.6134639439653368775, 0.3983921779729356905 ) ) ;
#7636 = EDGE_CURVE ( 'NONE', #8803, #409, #8542, .T. ) ;
#7637 = ORIENTED_EDGE ( 'NONE', *, *, #7645, .F. ) ;
#7638 = EDGE_CURVE ( 'NONE', #6028, #4597, #4885, .T. ) ;
#7639 = CARTESIAN_POINT ( 'NONE',  ( 2.739492600163652813, -2.189999999999999947, 0.4129369826212098138 ) ) ;
#7640 = ORIENTED_EDGE ( 'NONE', *, *, #7214, .F. ) ;
#7641 = ORIENTED_EDGE ( 'NONE', *, *, #7772, .T. ) ;
#7642 = COLOUR_RGB ( '',1.000000000000000000, 1.000000000000000000, 1.000000000000000000 ) ;
#7643 = CARTESIAN_POINT ( 'NONE',  ( 2.235025199989362221, -0.9200000000000000400, 0.6824701013908928138 ) ) ;
#7644 =( NAMED_UNIT ( * ) SI_UNIT ( $, .STERADIAN. ) SOLID_ANGLE_UNIT ( ) );
#7645 = EDGE_CURVE ( 'NONE', #1427, #422, #385, .T. ) ;
#7646 = EDGE_CURVE ( 'NONE', #2158, #1062, #3386, .T. ) ;
#7647 = DIRECTION ( 'NONE',  ( 1.447921622090529492E-16, 1.000000000000000000, -2.498792926766732971E-16 ) ) ;
#7648 = ORIENTED_EDGE ( 'NONE', *, *, #2494, .F. ) ;
#7649 = CARTESIAN_POINT ( 'NONE',  ( 1.812169338668674579, -0.2901945926200290016, 0.1198491707073576495 ) ) ;
#7650 = STYLED_ITEM ( 'NONE', ( #456 ), #613 ) ;
#7651 = EDGE_CURVE ( 'NONE', #6174, #9209, #9258, .T. ) ;
#7652 = VERTEX_POINT ( 'NONE', #5512 ) ;
#7653 = FILL_AREA_STYLE ('',( #834 ) ) ;
#7654 = CARTESIAN_POINT ( 'NONE',  ( 2.037248960451289115, 0.3500000000000000888, 0.3024701013908927538 ) ) ;
#7655 = FILL_AREA_STYLE_COLOUR ( '', #7760 ) ;
#7656 = CARTESIAN_POINT ( 'NONE',  ( 1.821454105577527294, 0.1524883342092393790, 0.1161352639438166245 ) ) ;
#7657 =( GEOMETRIC_REPRESENTATION_CONTEXT ( 3 ) GLOBAL_UNCERTAINTY_ASSIGNED_CONTEXT ( ( #157 ) ) GLOBAL_UNIT_ASSIGNED_CONTEXT ( ( #739, #5013, #4609 ) ) REPRESENTATION_CONTEXT ( 'NONE', 'WORKASPACE' ) );
#7658 = DIRECTION ( 'NONE',  ( 1.000000000000000000, 0.000000000000000000, 0.000000000000000000 ) ) ;
#7659 = LINE ( 'NONE', #6928, #2614 ) ;
#7660 = PLANE ( 'NONE',  #5939 ) ;
#7661 = ORIENTED_EDGE ( 'NONE', *, *, #4937, .T. ) ;
#7662 =( NAMED_UNIT ( * ) PLANE_ANGLE_UNIT ( ) SI_UNIT ( $, .RADIAN. ) );
#7663 = DIRECTION ( 'NONE',  ( 1.000000000000000000, 5.220691603892097090E-17, -2.072051532726460915E-32 ) ) ;
#7664 = AXIS2_PLACEMENT_3D ( 'NONE', #7654, #7613, #3981 ) ;
#7665 =( NAMED_UNIT ( * ) SI_UNIT ( $, .STERADIAN. ) SOLID_ANGLE_UNIT ( ) );
#7666 = LINE ( 'NONE', #3946, #4843 ) ;
#7667 = EDGE_CURVE ( 'NONE', #8071, #7320, #1111, .T. ) ;
#7668 = PRESENTATION_STYLE_ASSIGNMENT (( #9144 ) ) ;
#7669 = CARTESIAN_POINT ( 'NONE',  ( -2.175000000000000266, -1.049999999999999600, 2.257240465527129072E-16 ) ) ;
#7670 = VECTOR ( 'NONE', #2866, 1000.000000000000000 ) ;
#7671 = CARTESIAN_POINT ( 'NONE',  ( 1.781319529336187202, 0.3500000000000001998, 0.4624701013908927849 ) ) ;
#7672 = FACE_OUTER_BOUND ( 'NONE', #2380, .T. ) ;
#7673 = ORIENTED_EDGE ( 'NONE', *, *, #8557, .F. ) ;
#7674 = ORIENTED_EDGE ( 'NONE', *, *, #1255, .F. ) ;
#7675 =( NAMED_UNIT ( * ) PLANE_ANGLE_UNIT ( ) SI_UNIT ( $, .RADIAN. ) );
#7676 = ORIENTED_EDGE ( 'NONE', *, *, #4260, .F. ) ;
#7677 = DIRECTION ( 'NONE',  ( 2.431469460965331377E-17, 1.000000000000000000, -2.416448376553358183E-16 ) ) ;
#7678 = CARTESIAN_POINT ( 'NONE',  ( 1.681086225569887960, -2.114999999999999769, 0.6824701013908928138 ) ) ;
#7679 = CIRCLE ( 'NONE', #3500, 0.1600000000000000033 ) ;
#7680 = CARTESIAN_POINT ( 'NONE',  ( 2.716990092096919440, -0.8475000000000000311, 0.08370509301950887493 ) ) ;
#7681 = CARTESIAN_POINT ( 'NONE',  ( 1.796356200846564111, 2.115000000000000213, 0.6824701013908927028 ) ) ;
#7682 = LINE ( 'NONE', #1676, #5688 ) ;
#7683 = CARTESIAN_POINT ( 'NONE',  ( 2.411354963226314929, -0.3500000000000000333, 0.3779271093683747029 ) ) ;
#7684 = ORIENTED_EDGE ( 'NONE', *, *, #8249, .T. ) ;
#7685 = STYLED_ITEM ( 'NONE', ( #2770 ), #3976 ) ;
#7686 = DIRECTION ( 'NONE',  ( 1.447921622090529492E-16, 1.000000000000000000, -2.498792926766732971E-16 ) ) ;
#7687 =( GEOMETRIC_REPRESENTATION_CONTEXT ( 3 ) GLOBAL_UNCERTAINTY_ASSIGNED_CONTEXT ( ( #5214 ) ) GLOBAL_UNIT_ASSIGNED_CONTEXT ( ( #6635, #5861, #7361 ) ) REPRESENTATION_CONTEXT ( 'NONE', 'WORKASPACE' ) );
#7688 = VERTEX_POINT ( 'NONE', #4206 ) ;
#7689 = ORIENTED_EDGE ( 'NONE', *, *, #8522, .F. ) ;
#7690 = PRESENTATION_STYLE_ASSIGNMENT (( #7790 ) ) ;
#7691 = FILL_AREA_STYLE ('',( #3435 ) ) ;
#7692 =( GEOMETRIC_REPRESENTATION_CONTEXT ( 3 ) GLOBAL_UNCERTAINTY_ASSIGNED_CONTEXT ( ( #2490 ) ) GLOBAL_UNIT_ASSIGNED_CONTEXT ( ( #4739, #6094, #8489 ) ) REPRESENTATION_CONTEXT ( 'NONE', 'WORKASPACE' ) );
#7693 = CARTESIAN_POINT ( 'NONE',  ( 1.975000000000000089, 2.450000000000000622, 0.4999999999999952260 ) ) ;
#7694 =( NAMED_UNIT ( * ) SI_UNIT ( $, .STERADIAN. ) SOLID_ANGLE_UNIT ( ) );
#7695 = PRESENTATION_LAYER_ASSIGNMENT (  '', '', ( #5218 ) ) ;
#7696 = SURFACE_STYLE_FILL_AREA ( #340 ) ;
#7697 = ORIENTED_EDGE ( 'NONE', *, *, #8762, .T. ) ;
#7698 = CARTESIAN_POINT ( 'NONE',  ( 2.394122236080193034, 0.9200000000000000400, 0.5394445853922670286 ) ) ;
#7699 = ADVANCED_FACE ( 'NONE', ( #7840 ), #2563, .F. ) ;
#7700 = COLOUR_RGB ( '',1.000000000000000000, 1.000000000000000000, 1.000000000000000000 ) ;
#7701 = STYLED_ITEM ( 'NONE', ( #6285 ), #1537 ) ;
#7702 = VECTOR ( 'NONE', #8432, 1000.000000000000227 ) ;
#7703 = EDGE_CURVE ( 'NONE', #9197, #9002, #2021, .T. ) ;
#7704 = LINE ( 'NONE', #8590, #765 ) ;
#7705 = VECTOR ( 'NONE', #8427, 1000.000000000000000 ) ;
#7706 = EDGE_CURVE ( 'NONE', #2684, #985, #9112, .T. ) ;
#7707 = ORIENTED_EDGE ( 'NONE', *, *, #1644, .F. ) ;
#7708 =( NAMED_UNIT ( * ) SI_UNIT ( $, .STERADIAN. ) SOLID_ANGLE_UNIT ( ) );
#7709 = FACE_OUTER_BOUND ( 'NONE', #4610, .T. ) ;
#7710 = UNCERTAINTY_MEASURE_WITH_UNIT (LENGTH_MEASURE( 1.000000000000000082E-05 ), #5862, 'distance_accuracy_value', 'NONE');
#7711 =( GEOMETRIC_REPRESENTATION_CONTEXT ( 3 ) GLOBAL_UNCERTAINTY_ASSIGNED_CONTEXT ( ( #3052 ) ) GLOBAL_UNIT_ASSIGNED_CONTEXT ( ( #4802, #8499, #4956 ) ) REPRESENTATION_CONTEXT ( 'NONE', 'WORKASPACE' ) );
#7712 = MECHANICAL_DESIGN_GEOMETRIC_PRESENTATION_REPRESENTATION (  '', ( #6469 ), #2905 ) ;
#7713 = PRESENTATION_LAYER_ASSIGNMENT (  '', '', ( #7559 ) ) ;
#7714 = FILL_AREA_STYLE ('',( #8504 ) ) ;
#7715 = CARTESIAN_POINT ( 'NONE',  ( 2.517749029844000397, 1.620000000000000107, 0.7103050971205200348 ) ) ;
#7716 = VECTOR ( 'NONE', #8783, 1000.000000000000000 ) ;
#7717 = CARTESIAN_POINT ( 'NONE',  ( 1.911357824182757570, 0.7268785781116783307, 0.3678203844925673760 ) ) ;
#7718 = CARTESIAN_POINT ( 'NONE',  ( -1.775000000000000133, 2.007500000000000728, 0.2699999999999992406 ) ) ;
#7719 = VERTEX_POINT ( 'NONE', #762 ) ;
#7720 = VECTOR ( 'NONE', #5351, 1000.000000000000000 ) ;
#7721 = SURFACE_STYLE_USAGE ( .BOTH. , #4758 ) ;
#7722 = CARTESIAN_POINT ( 'NONE',  ( -1.375000000000000444, -0.8499999999999997558, 2.033804600185867260E-16 ) ) ;
#7723 = EDGE_CURVE ( 'NONE', #714, #6793, #8717, .T. ) ;
#7724 =( GEOMETRIC_REPRESENTATION_CONTEXT ( 3 ) GLOBAL_UNCERTAINTY_ASSIGNED_CONTEXT ( ( #3838 ) ) GLOBAL_UNIT_ASSIGNED_CONTEXT ( ( #1751, #8373, #268 ) ) REPRESENTATION_CONTEXT ( 'NONE', 'WORKASPACE' ) );
#7725 = LINE ( 'NONE', #1082, #4071 ) ;
#7726 = UNCERTAINTY_MEASURE_WITH_UNIT (LENGTH_MEASURE( 1.000000000000000082E-05 ), #5174, 'distance_accuracy_value', 'NONE');
#7727 = CARTESIAN_POINT ( 'NONE',  ( 1.681086225569887960, -0.3499999999999999223, 0.4624701013908926739 ) ) ;
#7728 = CARTESIAN_POINT ( 'NONE',  ( 1.812983948409533363, -0.03019156948090153184, 0.1218856950595046534 ) ) ;
#7729 = PRESENTATION_STYLE_ASSIGNMENT (( #6989 ) ) ;
#7730 = CARTESIAN_POINT ( 'NONE',  ( 1.824398056060821727, 0.2659029683555808043, 0.1504209641877259362 ) ) ;
#7731 = VECTOR ( 'NONE', #5317, 1000.000000000000227 ) ;
#7732 = DIRECTION ( 'NONE',  ( -1.249000902703301354E-16, -2.783468775164168088E-17, -1.000000000000000000 ) ) ;
#7733 = ORIENTED_EDGE ( 'NONE', *, *, #3807, .T. ) ;
#7734 = ORIENTED_EDGE ( 'NONE', *, *, #8503, .F. ) ;
#7735 = ORIENTED_EDGE ( 'NONE', *, *, #1837, .T. ) ;
#7736 = CARTESIAN_POINT ( 'NONE',  ( 1.823760461885838069, 0.4586220156241705981, 0.1488269787502656816 ) ) ;
#7737 =( LENGTH_UNIT ( ) NAMED_UNIT ( * ) SI_UNIT ( .MILLI., .METRE. ) );
#7738 = DIRECTION ( 'NONE',  ( 0.3515846998101371246, 0.3222024856061130871, 0.8789617495253465584 ) ) ;
#7739 = COLOUR_RGB ( '',1.000000000000000000, 1.000000000000000000, 1.000000000000000000 ) ;
#7740 = DIRECTION ( 'NONE',  ( 0.000000000000000000, 1.000000000000000000, 0.000000000000000000 ) ) ;
#7741 = COLOUR_RGB ( '',1.000000000000000000, 1.000000000000000000, 1.000000000000000000 ) ;
#7742 = CARTESIAN_POINT ( 'NONE',  ( 1.835788172287819098, 0.5638672950501547598, 0.1788962547552202520 ) ) ;
#7743 = SURFACE_SIDE_STYLE ('',( #2730 ) ) ;
#7744 = VERTEX_POINT ( 'NONE', #5937 ) ;
#7745 =( LENGTH_UNIT ( ) NAMED_UNIT ( * ) SI_UNIT ( .MILLI., .METRE. ) );
#7746 = CIRCLE ( 'NONE', #7115, 0.1999999999999999833 ) ;
#7747 = EDGE_LOOP ( 'NONE', ( #7388, #27, #8964, #3303 ) ) ;
#7748 = ORIENTED_EDGE ( 'NONE', *, *, #7404, .T. ) ;
#7749 = FILL_AREA_STYLE_COLOUR ( '', #3055 ) ;
#7750 = LINE ( 'NONE', #9366, #7079 ) ;
#7751 = CARTESIAN_POINT ( 'NONE',  ( 1.885977438350223689, -0.1128587757613960380, 0.2774435958755605558 ) ) ;
#7752 =( GEOMETRIC_REPRESENTATION_CONTEXT ( 3 ) GLOBAL_UNCERTAINTY_ASSIGNED_CONTEXT ( ( #8698 ) ) GLOBAL_UNIT_ASSIGNED_CONTEXT ( ( #8772, #1490, #2179 ) ) REPRESENTATION_CONTEXT ( 'NONE', 'WORKASPACE' ) );
#7753 = ORIENTED_EDGE ( 'NONE', *, *, #953, .T. ) ;
#7754 = PRESENTATION_STYLE_ASSIGNMENT (( #4078 ) ) ;
#7755 = CARTESIAN_POINT ( 'NONE',  ( 1.833125057910107270, -0.3142295198634995068, 0.1722384688109411532 ) ) ;
#7756 = ORIENTED_EDGE ( 'NONE', *, *, #9348, .F. ) ;
#7757 = CARTESIAN_POINT ( 'NONE',  ( 1.824051081169005162, 0.4958875841690918995, 0.1226277029225119608 ) ) ;
#7758 = AXIS2_PLACEMENT_3D ( 'NONE', #1970, #4788, #5571 ) ;
#7759 = LINE ( 'NONE', #394, #7357 ) ;
#7760 = COLOUR_RGB ( '',1.000000000000000000, 1.000000000000000000, 1.000000000000000000 ) ;
#7761 = DIRECTION ( 'NONE',  ( -0.06818941838404181388, -1.789660620253718485E-17, -0.9976723927324270269 ) ) ;
#7762 = EDGE_CURVE ( 'NONE', #8220, #617, #8754, .T. ) ;
#7763 = COLOUR_RGB ( '',1.000000000000000000, 1.000000000000000000, 1.000000000000000000 ) ;
#7764 = CARTESIAN_POINT ( 'NONE',  ( 1.921329641819523593, 0.4641508154314675227, 0.3658241045488106469 ) ) ;
#7765 = DIRECTION ( 'NONE',  ( -0.06818941838404181388, -1.789660620253718485E-17, -0.9976723927324270269 ) ) ;
#7766 = EDGE_CURVE ( 'NONE', #7338, #6913, #2984, .T. ) ;
#7767 = LINE ( 'NONE', #8561, #1774 ) ;
#7768 = VERTEX_POINT ( 'NONE', #1290 ) ;
#7769 = CARTESIAN_POINT ( 'NONE',  ( -2.175000000000000266, 1.050000000000000266, 0.2699999999999999623 ) ) ;
#7770 = FILL_AREA_STYLE ('',( #9288 ) ) ;
#7771 = DIRECTION ( 'NONE',  ( 1.249000902703301354E-16, 2.783468775164168088E-17, 1.000000000000000000 ) ) ;
#7772 = EDGE_CURVE ( 'NONE', #5437, #4113, #5165, .T. ) ;
#7773 = DIRECTION ( 'NONE',  ( 0.000000000000000000, 1.000000000000000000, 0.000000000000000000 ) ) ;
#7774 = CARTESIAN_POINT ( 'NONE',  ( 1.920261663677605979, 0.4003538601946926012, 0.3631541591940172786 ) ) ;
#7775 = AXIS2_PLACEMENT_3D ( 'NONE', #1131, #3354, #1901 ) ;
#7776 = ORIENTED_EDGE ( 'NONE', *, *, #9416, .F. ) ;
#7777 = EDGE_CURVE ( 'NONE', #4401, #7719, #7343, .T. ) ;
#7778 = VERTEX_POINT ( 'NONE', #4436 ) ;
#7779 = LINE ( 'NONE', #9093, #802 ) ;
#7780 = EDGE_LOOP ( 'NONE', ( #5209, #9580, #5124, #8391, #8363, #7927, #2501, #8133 ) ) ;
#7781 = CARTESIAN_POINT ( 'NONE',  ( 1.681086225569887960, -1.619999999999999885, 0.6824701013908927028 ) ) ;
#7782 = SURFACE_STYLE_FILL_AREA ( #8428 ) ;
#7783 = SURFACE_STYLE_FILL_AREA ( #4831 ) ;
#7784 = CARTESIAN_POINT ( 'NONE',  ( 1.869979750923564943, 0.5878541878677761012, 0.2643752013445849758 ) ) ;
#7785 = CARTESIAN_POINT ( 'NONE',  ( 1.836306908880035893, 0.3809938024947299717, 0.1532672722000882337 ) ) ;
#7786 = ORIENTED_EDGE ( 'NONE', *, *, #5494, .F. ) ;
#7787 = CARTESIAN_POINT ( 'NONE',  ( 1.842854361013783970, -0.3146038914005166998, 0.1696359025344611193 ) ) ;
#7788 = FACE_OUTER_BOUND ( 'NONE', #5646, .T. ) ;
#7789 = VERTEX_POINT ( 'NONE', #5031 ) ;
#7790 = SURFACE_STYLE_USAGE ( .BOTH. , #8540 ) ;
#7791 = PLANE ( 'NONE',  #443 ) ;
#7792 = B_SPLINE_CURVE_WITH_KNOTS ( 'NONE', 3,
 ( #5643, #7966, #7136, #8568, #5012, #7774, #1135, #1906, #509, #4865, #3461 ),
 .UNSPECIFIED., .F., .F.,
 ( 4, 1, 1, 1, 1, 1, 1, 1, 4 ),
 ( 0.000000000000000000, 0.1352946047634290827, 0.2667656579247491000, 0.3948160188358731948, 0.5200516544342462799, 0.6421757029708222708, 0.7626518205584237320, 0.8818340043805023010, 1.000000000000000000 ),
 .UNSPECIFIED. ) ;
#7793 = DIRECTION ( 'NONE',  ( 1.000000000000000000, 1.097926250618232396E-16, 0.000000000000000000 ) ) ;
#7794 = LINE ( 'NONE', #8584, #4520 ) ;
#7795 = EDGE_CURVE ( 'NONE', #4577, #4721, #4250, .T. ) ;
#7796 = ORIENTED_EDGE ( 'NONE', *, *, #7762, .T. ) ;
#7797 = CARTESIAN_POINT ( 'NONE',  ( 1.801604165149131243, 0.4250000000000002109, 0.7592525293217020632 ) ) ;
#7798 = SURFACE_STYLE_USAGE ( .BOTH. , #8549 ) ;
#7799 = VECTOR ( 'NONE', #4557, 1000.000000000000000 ) ;
#7800 = ORIENTED_EDGE ( 'NONE', *, *, #4926, .F. ) ;
#7801 = LINE ( 'NONE', #7062, #8057 ) ;
#7802 = CARTESIAN_POINT ( 'NONE',  ( 1.923586541574904940, -0.2206823974980777758, 0.3983921779729356905 ) ) ;
#7803 = DIRECTION ( 'NONE',  ( 1.447921622090529492E-16, 1.000000000000000000, -2.498792926766732971E-16 ) ) ;
#7804 = VECTOR ( 'NONE', #4899, 1000.000000000000000 ) ;
#7805 = VECTOR ( 'NONE', #1665, 1000.000000000000000 ) ;
#7806 = B_SPLINE_CURVE_WITH_KNOTS ( 'NONE', 3,
 ( #6206, #9180, #9130, #3117, #1598, #8300, #4753 ),
 .UNSPECIFIED., .F., .F.,
 ( 4, 1, 1, 1, 4 ),
 ( 0.000000000000000000, 0.1744817153170463708, 0.3982857591281106502, 0.6738978473986629858, 1.000000000000000000 ),
 .UNSPECIFIED. ) ;
#7807 = DIRECTION ( 'NONE',  ( -0.06818941838404181388, -1.789660620253718794E-17, -0.9976723927324270269 ) ) ;
#7808 = CARTESIAN_POINT ( 'NONE',  ( 1.833682822969674220, 0.002145346404361331977, 0.1467070574241849112 ) ) ;
#7809 = SURFACE_STYLE_USAGE ( .BOTH. , #398 ) ;
#7810 = CARTESIAN_POINT ( 'NONE',  ( 1.520887646884255151, 0.000000000000000000, -0.6083550587536964427 ) ) ;
#7811 = SURFACE_STYLE_FILL_AREA ( #9477 ) ;
#7812 = DIRECTION ( 'NONE',  ( 1.000000000000000000, 7.233796894823279667E-16, -9.570255004117577934E-32 ) ) ;
#7813 = CARTESIAN_POINT ( 'NONE',  ( 2.461382810556700385, 2.189999999999999947, -0.1143832811983292869 ) ) ;
#7814 = UNCERTAINTY_MEASURE_WITH_UNIT (LENGTH_MEASURE( 1.000000000000000082E-05 ), #2533, 'distance_accuracy_value', 'NONE');
#7815 = SURFACE_STYLE_USAGE ( .BOTH. , #4229 ) ;
#7816 = FILL_AREA_STYLE ('',( #7078 ) ) ;
#7817 =( LENGTH_UNIT ( ) NAMED_UNIT ( * ) SI_UNIT ( .MILLI., .METRE. ) );
#7818 = ADVANCED_FACE ( 'NONE', ( #2834 ), #668, .F. ) ;
#7819 = CARTESIAN_POINT ( 'NONE',  ( 1.885977438350223689, -0.1128587757613960380, 0.2774435958755605558 ) ) ;
#7820 = EDGE_CURVE ( 'NONE', #1138, #5848, #5753, .T. ) ;
#7821 = ORIENTED_EDGE ( 'NONE', *, *, #7401, .F. ) ;
#7822 = EDGE_LOOP ( 'NONE', ( #248, #6118, #8751, #2935 ) ) ;
#7824 = VERTEX_POINT ( 'NONE', #624 ) ;
#7823 = EDGE_CURVE ( 'NONE', #7320, #5402, #2211, .T. ) ;
#7825 = DIRECTION ( 'NONE',  ( 1.000000000000000000, 5.364482804331031595E-16, -7.481895947098831472E-32 ) ) ;
#7826 = DIRECTION ( 'NONE',  ( -1.000000000000000000, 2.431469460965334458E-17, 1.249000902703301354E-16 ) ) ;
#7827 = LINE ( 'NONE', #9156, #8177 ) ;
#7828 = LINE ( 'NONE', #4724, #1231 ) ;
#7829 = CARTESIAN_POINT ( 'NONE',  ( 1.813001771145049901, 0.4817470090397062976, 0.1219302518982954137 ) ) ;
#7830 = DIRECTION ( 'NONE',  ( -2.166085619527817307E-16, 1.000000000000000000, -2.498792926766732478E-16 ) ) ;
#7831 = VECTOR ( 'NONE', #1297, 1000.000000000000114 ) ;
#7832 =( NAMED_UNIT ( * ) SI_UNIT ( $, .STERADIAN. ) SOLID_ANGLE_UNIT ( ) );
#7833 = ORIENTED_EDGE ( 'NONE', *, *, #239, .T. ) ;
#7834 = DIRECTION ( 'NONE',  ( 0.000000000000000000, -1.000000000000000000, 0.000000000000000000 ) ) ;
#7835 =( NAMED_UNIT ( * ) SI_UNIT ( $, .STERADIAN. ) SOLID_ANGLE_UNIT ( ) );
#7836 = ORIENTED_EDGE ( 'NONE', *, *, #1768, .F. ) ;
#7837 = VECTOR ( 'NONE', #3960, 1000.000000000000114 ) ;
#7838 = SURFACE_STYLE_USAGE ( .BOTH. , #4070 ) ;
#7839 = CARTESIAN_POINT ( 'NONE',  ( 1.839457495071521675, 0.3646834561604590519, 0.1611437376788032172 ) ) ;
#7840 = FACE_OUTER_BOUND ( 'NONE', #1160, .T. ) ;
#7841 = EDGE_CURVE ( 'NONE', #6057, #7985, #4313, .T. ) ;
#7842 = STYLED_ITEM ( 'NONE', ( #1498 ), #4055 ) ;
#7843 = COLOUR_RGB ( '',0.7921568627450980005, 0.8196078431372548767, 0.9333333333333333481 ) ;
#7844 = DIRECTION ( 'NONE',  ( -0.000000000000000000, -0.000000000000000000, -1.000000000000000000 ) ) ;
#7845 = ORIENTED_EDGE ( 'NONE', *, *, #6655, .F. ) ;
#7846 = COLOUR_RGB ( '',1.000000000000000000, 1.000000000000000000, 1.000000000000000000 ) ;
#7847 = LINE ( 'NONE', #5085, #2470 ) ;
#7848 = PRESENTATION_LAYER_ASSIGNMENT (  '', '', ( #2428 ) ) ;
#7849 = VECTOR ( 'NONE', #5353, 1000.000000000000114 ) ;
#7850 = EDGE_LOOP ( 'NONE', ( #7689, #6089, #4693, #7147 ) ) ;
#7851 = DIRECTION ( 'NONE',  ( -1.000000000000000000, 0.000000000000000000, -0.000000000000000000 ) ) ;
#7852 = CARTESIAN_POINT ( 'NONE',  ( -1.575000000000000844, -1.049999999999999822, 0.2700000000000001843 ) ) ;
#7853 = CARTESIAN_POINT ( 'NONE',  ( 2.235025199989362221, -1.619999999999999885, 0.5224701013908925606 ) ) ;
#7854 = VECTOR ( 'NONE', #4064, 1000.000000000000000 ) ;
#7855 = VECTOR ( 'NONE', #3985, 1000.000000000000000 ) ;
#7856 = VECTOR ( 'NONE', #8064, 1000.000000000000000 ) ;
#7857 = CARTESIAN_POINT ( 'NONE',  ( 2.924999999999999822, 1.692499999999999893, 0.06948792640113442276 ) ) ;
#7858 = LINE ( 'NONE', #3307, #1221 ) ;
#7859 = CARTESIAN_POINT ( 'NONE',  ( 1.781319529336186980, -0.9200000000000000400, 0.4624701013908927849 ) ) ;
#7860 =( LENGTH_UNIT ( ) NAMED_UNIT ( * ) SI_UNIT ( .MILLI., .METRE. ) );
#7861 = DIRECTION ( 'NONE',  ( 1.000000000000000000, 1.097926250618232396E-16, 0.000000000000000000 ) ) ;
#7862 = STYLED_ITEM ( 'NONE', ( #8211 ), #4698 ) ;
#7863 = FACE_OUTER_BOUND ( 'NONE', #2240, .T. ) ;
#7864 = CARTESIAN_POINT ( 'NONE',  ( 1.681086225569887960, -2.114999999999999769, 0.6824701013908928138 ) ) ;
#7865 = PRESENTATION_LAYER_ASSIGNMENT (  '', '', ( #1821 ) ) ;
#7866 = LINE ( 'NONE', #7565, #819 ) ;
#7867 = STYLED_ITEM ( 'NONE', ( #5273 ), #7605 ) ;
#7868 = SURFACE_STYLE_USAGE ( .BOTH. , #6403 ) ;
#7869 = VECTOR ( 'NONE', #4842, 1000.000000000000000 ) ;
#7870 = COLOUR_RGB ( '',1.000000000000000000, 1.000000000000000000, 1.000000000000000000 ) ;
#7871 =( LENGTH_UNIT ( ) NAMED_UNIT ( * ) SI_UNIT ( .MILLI., .METRE. ) );
#7872 = B_SPLINE_CURVE_WITH_KNOTS ( 'NONE', 3,
 ( #8968, #2322, #8242, #4796, #8494, #490, #1161, #4031, #4175, #3445, #1984, #8632, #6388, #7757, #4081, #1119, #392, #9377, #8593 ),
 .UNSPECIFIED., .F., .F.,
 ( 4, 1, 1, 1, 1, 1, 1, 1, 1, 1, 1, 1, 1, 1, 1, 1, 4 ),
 ( 0.000000000000000000, 0.07064215072300332465, 0.1382536470674236573, 0.2033596107954856735, 0.2662484148830683295, 0.3279196778882910168, 0.3887512814041688691, 0.4494357474917641815, 0.5108718673107427444, 0.5720888932305402408, 0.6317426019427843098, 0.6911240658607696874, 0.7503655699490047182, 0.8100371166225086572, 0.8713653057843918637, 0.9344285965418711593, 1.000000000000000000 ),
 .UNSPECIFIED. ) ;
#7873 = VECTOR ( 'NONE', #2053, 1000.000000000000114 ) ;
#7874 =( GEOMETRIC_REPRESENTATION_CONTEXT ( 3 ) GLOBAL_UNCERTAINTY_ASSIGNED_CONTEXT ( ( #5781 ) ) GLOBAL_UNIT_ASSIGNED_CONTEXT ( ( #5081, #8813, #3615 ) ) REPRESENTATION_CONTEXT ( 'NONE', 'WORKASPACE' ) );
#7875 =( NAMED_UNIT ( * ) PLANE_ANGLE_UNIT ( ) SI_UNIT ( $, .RADIAN. ) );
#7876 = ORIENTED_EDGE ( 'NONE', *, *, #5912, .F. ) ;
#7877 = CARTESIAN_POINT ( 'NONE',  ( 1.832324076592769302, 0.4349387915263127069, 0.1433101914819218115 ) ) ;
#7878 = ORIENTED_EDGE ( 'NONE', *, *, #6679, .F. ) ;
#7879 = CARTESIAN_POINT ( 'NONE',  ( 1.844733047558358541, 0.5163965005809414421, 0.1743326188958956025 ) ) ;
#7880 = CARTESIAN_POINT ( 'NONE',  ( 1.924945287951810080, 0.4472291878677761012, 0.4017890439151989845 ) ) ;
#7881 = DIRECTION ( 'NONE',  ( -1.488806659628715785E-32, -1.117179326706309308E-16, -1.000000000000000000 ) ) ;
#7882 = FACE_OUTER_BOUND ( 'NONE', #3966, .T. ) ;
#7883 =( LENGTH_UNIT ( ) NAMED_UNIT ( * ) SI_UNIT ( .MILLI., .METRE. ) );
#7884 = VECTOR ( 'NONE', #3152, 1000.000000000000000 ) ;
#7885 = ORIENTED_EDGE ( 'NONE', *, *, #1482, .T. ) ;
#7886 = COLOUR_RGB ( '',1.000000000000000000, 1.000000000000000000, 1.000000000000000000 ) ;
#7887 = SURFACE_STYLE_USAGE ( .BOTH. , #2735 ) ;
#7888 = CARTESIAN_POINT ( 'NONE',  ( 1.890999056243759302, 0.5856766290418637944, 0.2899976406093987547 ) ) ;
#7889 = VERTEX_POINT ( 'NONE', #6564 ) ;
#7890 = STYLED_ITEM ( 'NONE', ( #2514 ), #8905 ) ;
#7891 =( NAMED_UNIT ( * ) SI_UNIT ( $, .STERADIAN. ) SOLID_ANGLE_UNIT ( ) );
#7892 = CARTESIAN_POINT ( 'NONE',  ( 2.461382810556700385, 0.8475000000000000311, -0.1143832811983295089 ) ) ;
#7893 =( GEOMETRIC_REPRESENTATION_CONTEXT ( 3 ) GLOBAL_UNCERTAINTY_ASSIGNED_CONTEXT ( ( #5290 ) ) GLOBAL_UNIT_ASSIGNED_CONTEXT ( ( #8480, #6898, #7835 ) ) REPRESENTATION_CONTEXT ( 'NONE', 'WORKASPACE' ) );
#7894 = SURFACE_STYLE_USAGE ( .BOTH. , #529 ) ;
#7895 = FILL_AREA_STYLE ('',( #482 ) ) ;
#7896 = CARTESIAN_POINT ( 'NONE',  ( -2.774999999999999467, 2.007500000000001616, -1.158535325877412554E-16 ) ) ;
#7897 = VERTEX_POINT ( 'NONE', #9544 ) ;
#7898 = CIRCLE ( 'NONE', #4648, 0.3300000000000000155 ) ;
#7899 = CARTESIAN_POINT ( 'NONE',  ( 1.825056615712218333, -0.05974215834349466681, 0.1251415392805462212 ) ) ;
#7900 = CIRCLE ( 'NONE', #2482, 0.3300000000000000155 ) ;
#7901 = FILL_AREA_STYLE ('',( #8451 ) ) ;
#7902 = ORIENTED_EDGE ( 'NONE', *, *, #4591, .T. ) ;
#7903 = DIRECTION ( 'NONE',  ( -1.447921622090529492E-16, -1.000000000000000000, 2.498792926766732971E-16 ) ) ;
#7904 = MECHANICAL_DESIGN_GEOMETRIC_PRESENTATION_REPRESENTATION (  '', ( #2481 ), #4036 ) ;
#7905 =( GEOMETRIC_REPRESENTATION_CONTEXT ( 3 ) GLOBAL_UNCERTAINTY_ASSIGNED_CONTEXT ( ( #2986 ) ) GLOBAL_UNIT_ASSIGNED_CONTEXT ( ( #4791, #4886, #7694 ) ) REPRESENTATION_CONTEXT ( 'NONE', 'WORKASPACE' ) );
#7906 =( NAMED_UNIT ( * ) PLANE_ANGLE_UNIT ( ) SI_UNIT ( $, .RADIAN. ) );
#7907 = PRESENTATION_LAYER_ASSIGNMENT (  '', '', ( #9463 ) ) ;
#7908 = LINE ( 'NONE', #2668, #435 ) ;
#7909 = CIRCLE ( 'NONE', #9158, 0.3300000000000000155 ) ;
#7910 = EDGE_CURVE ( 'NONE', #8221, #7546, #9590, .T. ) ;
#7911 = AXIS2_PLACEMENT_3D ( 'NONE', #2953, #7308, #7359 ) ;
#7912 = MECHANICAL_DESIGN_GEOMETRIC_PRESENTATION_REPRESENTATION (  '', ( #2949 ), #1718 ) ;
#7913 = PLANE ( 'NONE',  #6650 ) ;
#7914 = PRESENTATION_STYLE_ASSIGNMENT (( #8084 ) ) ;
#7915 =( LENGTH_UNIT ( ) NAMED_UNIT ( * ) SI_UNIT ( .MILLI., .METRE. ) );
#7916 = CARTESIAN_POINT ( 'NONE',  ( 1.911357824182757570, 0.003803120794605252368, 0.3678203844925673760 ) ) ;
#7917 = PLANE ( 'NONE',  #8837 ) ;
#7918 = FACE_OUTER_BOUND ( 'NONE', #8147, .T. ) ;
#7919 = UNCERTAINTY_MEASURE_WITH_UNIT (LENGTH_MEASURE( 1.000000000000000082E-05 ), #7737, 'distance_accuracy_value', 'NONE');
#7920 = CARTESIAN_POINT ( 'NONE',  ( 1.796356200846564333, 1.620000000000000329, 0.6824701013908928138 ) ) ;
#7921 = FILL_AREA_STYLE ('',( #5596 ) ) ;
#7922 = EDGE_CURVE ( 'NONE', #4080, #4213, #4394, .T. ) ;
#7923 = STYLED_ITEM ( 'NONE', ( #3084 ), #2195 ) ;
#7924 = FACE_OUTER_BOUND ( 'NONE', #4551, .T. ) ;
#7925 = ORIENTED_EDGE ( 'NONE', *, *, #3789, .T. ) ;
#7926 = CARTESIAN_POINT ( 'NONE',  ( 1.681086225569887960, -0.4249999999999999334, 0.4624701013908926739 ) ) ;
#7927 = ORIENTED_EDGE ( 'NONE', *, *, #5318, .F. ) ;
#7928 =( LENGTH_UNIT ( ) NAMED_UNIT ( * ) SI_UNIT ( .MILLI., .METRE. ) );
#7929 =( LENGTH_UNIT ( ) NAMED_UNIT ( * ) SI_UNIT ( .MILLI., .METRE. ) );
#7930 = CARTESIAN_POINT ( 'NONE',  ( 1.932871308483757433, -0.4036092267663704547, 0.3946782712093946377 ) ) ;
#7931 = PLANE ( 'NONE',  #7155 ) ;
#7932 = CARTESIAN_POINT ( 'NONE',  ( -3.075000000000001066, -2.007499999999998508, 0.2700000000000002953 ) ) ;
#7933 = DIRECTION ( 'NONE',  ( -1.447921622090529492E-16, -1.000000000000000000, 2.498792926766732971E-16 ) ) ;
#7934 = EDGE_CURVE ( 'NONE', #6282, #9301, #8276, .T. ) ;
#7935 = EDGE_LOOP ( 'NONE', ( #1680, #6015, #4485, #7748 ) ) ;
#7936 = VECTOR ( 'NONE', #505, 1000.000000000000227 ) ;
#7937 = ORIENTED_EDGE ( 'NONE', *, *, #7667, .T. ) ;
#7938 = PRESENTATION_STYLE_ASSIGNMENT (( #2020 ) ) ;
#7939 = CARTESIAN_POINT ( 'NONE',  ( 1.880106657513936907, -0.2594400194492972878, 0.2896924678205149983 ) ) ;
#7940 =( LENGTH_UNIT ( ) NAMED_UNIT ( * ) SI_UNIT ( .MILLI., .METRE. ) );
#7941 = DIRECTION ( 'NONE',  ( 0.3713906763541008349, 0.000000000000000000, 0.9284766908852605249 ) ) ;
#7942 = FILL_AREA_STYLE ('',( #5797 ) ) ;
#7943 = MANIFOLD_SOLID_BREP ( 'Òý½Å2-4-solid1', #7502 ) ;
#7944 = EDGE_LOOP ( 'NONE', ( #8715, #3521, #365, #1715 ) ) ;
#7945 = EDGE_CURVE ( 'NONE', #9204, #5981, #8168, .T. ) ;
#7946 = LINE ( 'NONE', #1294, #4177 ) ;
#7947 = PRESENTATION_STYLE_ASSIGNMENT (( #7352 ) ) ;
#7948 = EDGE_CURVE ( 'NONE', #1840, #8137, #3138, .T. ) ;
#7949 =( NAMED_UNIT ( * ) SI_UNIT ( $, .STERADIAN. ) SOLID_ANGLE_UNIT ( ) );
#7950 = AXIS2_PLACEMENT_3D ( 'NONE', #9157, #1914, #6274 ) ;
#7951 = DIRECTION ( 'NONE',  ( -2.168404344971010446E-15, -1.000000000000000000, 0.000000000000000000 ) ) ;
#7952 = EDGE_CURVE ( 'NONE', #1505, #5656, #8326, .T. ) ;
#7953 = SURFACE_STYLE_FILL_AREA ( #2032 ) ;
#7954 = CLOSED_SHELL ( 'NONE', ( #9385, #3060, #6683, #1130, #9362, #5689, #3499, #7818, #3928, #7350, #4094, #5543, #2427, #36, #5693, #536, #1604, #247, #1905, #3582, #6296, #6926 ) ) ;
#7955 = ADVANCED_FACE ( 'NONE', ( #3028 ), #9046, .T. ) ;
#7956 = SURFACE_STYLE_USAGE ( .BOTH. , #7262 ) ;
#7957 = DIRECTION ( 'NONE',  ( -0.06818941838404181388, -1.789660620253718485E-17, -0.9976723927324270269 ) ) ;
#7958 =( GEOMETRIC_REPRESENTATION_CONTEXT ( 3 ) GLOBAL_UNCERTAINTY_ASSIGNED_CONTEXT ( ( #5489 ) ) GLOBAL_UNIT_ASSIGNED_CONTEXT ( ( #2136, #8880, #5773 ) ) REPRESENTATION_CONTEXT ( 'NONE', 'WORKASPACE' ) );
#7959 = CARTESIAN_POINT ( 'NONE',  ( 1.838675268659771600, 0.5237790775136970112, 0.1861139956851012023 ) ) ;
#7960 = DIRECTION ( 'NONE',  ( 1.000000000000000000, -2.431469460965334458E-17, -1.249000902703301354E-16 ) ) ;
#7961 = DIRECTION ( 'NONE',  ( -1.447921622090529738E-16, -1.000000000000000000, 2.783468775164169937E-17 ) ) ;
#7962 = DIRECTION ( 'NONE',  ( 0.9284766908852604139, -0.000000000000000000, -0.3713906763541007794 ) ) ;
#7963 = VECTOR ( 'NONE', #933, 1000.000000000000000 ) ;
#7964 = EDGE_CURVE ( 'NONE', #35, #5927, #6802, .T. ) ;
#7965 = LINE ( 'NONE', #1307, #8769 ) ;
#7966 = CARTESIAN_POINT ( 'NONE',  ( 1.921983673324174857, 0.4380615921858540540, 0.3674591833104375316 ) ) ;
#7967 = COLOUR_RGB ( '',1.000000000000000000, 1.000000000000000000, 1.000000000000000000 ) ;
#7968 = CARTESIAN_POINT ( 'NONE',  ( 1.930270573380789889, 0.3822382348100662464, 0.3881764334519758330 ) ) ;
#7969 = EDGE_LOOP ( 'NONE', ( #179, #873, #580, #1381 ) ) ;
#7970 = EDGE_CURVE ( 'NONE', #235, #6526, #5984, .T. ) ;
#7971 = LINE ( 'NONE', #7139, #1563 ) ;
#7972 = ORIENTED_EDGE ( 'NONE', *, *, #4111, .T. ) ;
#7973 = CARTESIAN_POINT ( 'NONE',  ( 1.681086225569887960, 0.9200000000000001510, 0.4624701013908926739 ) ) ;
#7974 = MANIFOLD_SOLID_BREP ( 'Ö÷Ìå-1-solid1', #9516 ) ;
#7975 = EDGE_CURVE ( 'NONE', #409, #3228, #1836, .T. ) ;
#7976 = FILL_AREA_STYLE ('',( #696 ) ) ;
#7977 = LINE ( 'NONE', #6510, #7094 ) ;
#7978 = DIRECTION ( 'NONE',  ( 0.000000000000000000, 0.000000000000000000, 1.000000000000000000 ) ) ;
#7979 = CARTESIAN_POINT ( 'NONE',  ( 2.540318690028105397, -0.9200000000000000400, 0.2060369536996492501 ) ) ;
#7980 = MECHANICAL_DESIGN_GEOMETRIC_PRESENTATION_REPRESENTATION (  '', ( #3780 ), #5038 ) ;
#7981 = CARTESIAN_POINT ( 'NONE',  ( 1.911250829286814445, -0.009535435921455700028, 0.3675528972527103977 ) ) ;
#7982 = ORIENTED_EDGE ( 'NONE', *, *, #6925, .F. ) ;
#7983 = DIRECTION ( 'NONE',  ( -1.488806659628715785E-32, -1.117179326706309308E-16, -1.000000000000000000 ) ) ;
#7984 = CARTESIAN_POINT ( 'NONE',  ( 1.922739500980440663, 0.5397998468855425003, 0.3693487524511021580 ) ) ;
#7985 = VERTEX_POINT ( 'NONE', #3469 ) ;
#7986 = CARTESIAN_POINT ( 'NONE',  ( 1.911357824182757570, 0.6134639439653368775, 0.3678203844925673760 ) ) ;
#7987 = AXIS2_PLACEMENT_3D ( 'NONE', #2709, #4176, #2622 ) ;
#7988 = ORIENTED_EDGE ( 'NONE', *, *, #1839, .F. ) ;
#7989 = CARTESIAN_POINT ( 'NONE',  ( 1.905583152080910558, 0.3646834561604591074, 0.3533837042379491256 ) ) ;
#7990 = CARTESIAN_POINT ( 'NONE',  ( 1.921329641819523593, 0.4641508154314675227, 0.3658241045488106469 ) ) ;
#7991 = PRESENTATION_STYLE_ASSIGNMENT (( #1889 ) ) ;
#7992 = SURFACE_STYLE_FILL_AREA ( #2073 ) ;
#7993 = EDGE_CURVE ( 'NONE', #3709, #3833, #6225, .T. ) ;
#7994 = CARTESIAN_POINT ( 'NONE',  ( 2.517816181961371580, -0.8475000000000000311, -0.1231949359020517998 ) ) ;
#7995 = CARTESIAN_POINT ( 'NONE',  ( 2.739492600163652813, -0.9200000000000000400, 0.4129369826212098138 ) ) ;
#7996 =( NAMED_UNIT ( * ) SI_UNIT ( $, .STERADIAN. ) SOLID_ANGLE_UNIT ( ) );
#7997 = CARTESIAN_POINT ( 'NONE',  ( 2.517816181961371580, -1.692499999999999893, -0.1231949359020516888 ) ) ;
#7998 = PLANE ( 'NONE',  #8547 ) ;
#7999 = UNCERTAINTY_MEASURE_WITH_UNIT (LENGTH_MEASURE( 1.000000000000000082E-05 ), #927, 'distance_accuracy_value', 'NONE');
#8000 = VECTOR ( 'NONE', #6707, 1000.000000000000114 ) ;
#8001 = CARTESIAN_POINT ( 'NONE',  ( 1.839337077102904949, -0.1376835536101280455, 0.1877685167929334931 ) ) ;
#8002 = STYLED_ITEM ( 'NONE', ( #1626 ), #1447 ) ;
#8003 = STYLED_ITEM ( 'NONE', ( #5796 ), #4154 ) ;
#8004 = MECHANICAL_DESIGN_GEOMETRIC_PRESENTATION_REPRESENTATION (  '', ( #1975 ), #8488 ) ;
#8005 = CARTESIAN_POINT ( 'NONE',  ( -2.774999999999999467, 2.007500000000001616, 0.2699999999999998512 ) ) ;
#8006 = CARTESIAN_POINT ( 'NONE',  ( 1.781319529336187202, -2.114999999999999769, 0.4624701013908927849 ) ) ;
#8007 = MECHANICAL_DESIGN_GEOMETRIC_PRESENTATION_REPRESENTATION (  '', ( #8782 ), #7096 ) ;
#8008 = PRESENTATION_LAYER_ASSIGNMENT (  '', '', ( #2119 ) ) ;
#8009 = CARTESIAN_POINT ( 'NONE',  ( 1.932494389240080102, 0.4018808984307502552, 0.3937359731002014751 ) ) ;
#8010 = VERTEX_POINT ( 'NONE', #1188 ) ;
#8011 = STYLED_ITEM ( 'NONE', ( #4774 ), #7236 ) ;
#8012 = CARTESIAN_POINT ( 'NONE',  ( -2.374999999999999112, 2.107500000000000817, 0.2699999999999998512 ) ) ;
#8013 =( LENGTH_UNIT ( ) NAMED_UNIT ( * ) SI_UNIT ( .MILLI., .METRE. ) );
#8014 = UNCERTAINTY_MEASURE_WITH_UNIT (LENGTH_MEASURE( 1.000000000000000082E-05 ), #6145, 'distance_accuracy_value', 'NONE');
#8015 = FILL_AREA_STYLE ('',( #5783 ) ) ;
#8016 = EDGE_CURVE ( 'NONE', #8074, #4521, #3324, .T. ) ;
#8017 =( LENGTH_UNIT ( ) NAMED_UNIT ( * ) SI_UNIT ( .MILLI., .METRE. ) );
#8018 = AXIS2_PLACEMENT_3D ( 'NONE', #9470, #4312, #9602 ) ;
#8019 = ORIENTED_EDGE ( 'NONE', *, *, #5523, .T. ) ;
#8020 = VECTOR ( 'NONE', #3715, 1000.000000000000000 ) ;
#8021 =( LENGTH_UNIT ( ) NAMED_UNIT ( * ) SI_UNIT ( .MILLI., .METRE. ) );
#8022 = STYLED_ITEM ( 'NONE', ( #227 ), #7106 ) ;
#8023 = CARTESIAN_POINT ( 'NONE',  ( 1.879264517832417658, 0.5878541878677761012, 0.2606612945810439230 ) ) ;
#8024 = ORIENTED_EDGE ( 'NONE', *, *, #7636, .F. ) ;
#8025 = ORIENTED_EDGE ( 'NONE', *, *, #6277, .F. ) ;
#8026 = EDGE_LOOP ( 'NONE', ( #8999, #8281, #8380, #3319 ) ) ;
#8027 = SURFACE_STYLE_USAGE ( .BOTH. , #9543 ) ;
#8028 =( NAMED_UNIT ( * ) PLANE_ANGLE_UNIT ( ) SI_UNIT ( $, .RADIAN. ) );
#8029 = VECTOR ( 'NONE', #6669, 1000.000000000000227 ) ;
#8030 = PRESENTATION_LAYER_ASSIGNMENT (  '', '', ( #7082 ) ) ;
#8031 =( NAMED_UNIT ( * ) PLANE_ANGLE_UNIT ( ) SI_UNIT ( $, .RADIAN. ) );
#8032 =( NAMED_UNIT ( * ) PLANE_ANGLE_UNIT ( ) SI_UNIT ( $, .RADIAN. ) );
#8033 = UNCERTAINTY_MEASURE_WITH_UNIT (LENGTH_MEASURE( 1.000000000000000082E-05 ), #5373, 'distance_accuracy_value', 'NONE');
#8034 = VECTOR ( 'NONE', #3315, 1000.000000000000000 ) ;
#8035 = PLANE ( 'NONE',  #8812 ) ;
#8036 = DIRECTION ( 'NONE',  ( 0.9284766908852604139, -0.000000000000000000, -0.3713906763541007794 ) ) ;
#8037 = VERTEX_POINT ( 'NONE', #4776 ) ;
#8038 = EDGE_CURVE ( 'NONE', #1908, #8520, #7827, .T. ) ;
#8039 = DIRECTION ( 'NONE',  ( 1.000000000000000000, -1.447921622090530231E-16, -1.249000902703301108E-16 ) ) ;
#8040 = AXIS2_PLACEMENT_3D ( 'NONE', #2223, #7408, #8134 ) ;
#8041 = VECTOR ( 'NONE', #5808, 1000.000000000000000 ) ;
#8042 =( LENGTH_UNIT ( ) NAMED_UNIT ( * ) SI_UNIT ( .MILLI., .METRE. ) );
#8043 = CARTESIAN_POINT ( 'NONE',  ( 1.878351610110434278, 0.5476102854287516752, 0.2583790252760859163 ) ) ;
#8044 = VECTOR ( 'NONE', #1735, 1000.000000000000000 ) ;
#8045 = SURFACE_STYLE_USAGE ( .BOTH. , #5761 ) ;
#8046 = AXIS2_PLACEMENT_3D ( 'NONE', #9252, #1769, #4017 ) ;
#8047 = PRESENTATION_STYLE_ASSIGNMENT (( #9517 ) ) ;
#8048 = VECTOR ( 'NONE', #3294, 1000.000000000000000 ) ;
#8049 = CARTESIAN_POINT ( 'NONE',  ( 1.796356200846564111, -2.189999999999999503, 0.6824701013908928138 ) ) ;
#8050 = MECHANICAL_DESIGN_GEOMETRIC_PRESENTATION_REPRESENTATION (  '', ( #6960 ), #7752 ) ;
#8051 = CARTESIAN_POINT ( 'NONE',  ( 1.908166426900107071, 0.4939080884434081109, 0.3598418912859401853 ) ) ;
#8052 = PRESENTATION_LAYER_ASSIGNMENT (  '', '', ( #3415 ) ) ;
#8053 = SURFACE_STYLE_USAGE ( .BOTH. , #2128 ) ;
#8054 = CARTESIAN_POINT ( 'NONE',  ( 1.837769704932333159, -0.05546676313905744837, 0.1569242623308325923 ) ) ;
#8055 = CARTESIAN_POINT ( 'NONE',  ( 1.829686196645638363, -0.08646556583372445870, 0.1367154916140935206 ) ) ;
#8056 = SURFACE_STYLE_USAGE ( .BOTH. , #5102 ) ;
#8057 = VECTOR ( 'NONE', #438, 1000.000000000000000 ) ;
#8058 = EDGE_CURVE ( 'NONE', #6172, #2684, #373, .T. ) ;
#8059 = DIRECTION ( 'NONE',  ( -0.06818941838404181388, -1.789660620253718485E-17, -0.9976723927324270269 ) ) ;
#8060 = SURFACE_STYLE_FILL_AREA ( #5915 ) ;
#8061 = ORIENTED_EDGE ( 'NONE', *, *, #5243, .F. ) ;
#8062 = CARTESIAN_POINT ( 'NONE',  ( 1.781319529336186980, -2.189999999999999503, 0.4624701013908927849 ) ) ;
#8063 = PRESENTATION_STYLE_ASSIGNMENT (( #5823 ) ) ;
#8064 = DIRECTION ( 'NONE',  ( -1.488806659628715785E-32, -1.117179326706309308E-16, -1.000000000000000000 ) ) ;
#8065 = EDGE_CURVE ( 'NONE', #9352, #140, #9244, .T. ) ;
#8066 = FILL_AREA_STYLE_COLOUR ( '', #8500 ) ;
#8067 =( NAMED_UNIT ( * ) PLANE_ANGLE_UNIT ( ) SI_UNIT ( $, .RADIAN. ) );
#8068 = DIRECTION ( 'NONE',  ( -1.447921622090529492E-16, -1.000000000000000000, 2.498792926766732971E-16 ) ) ;
#8069 = DIRECTION ( 'NONE',  ( -1.249000902703301354E-16, -2.783468775164168088E-17, -1.000000000000000000 ) ) ;
#8070 = CARTESIAN_POINT ( 'NONE',  ( 1.899597322968828550, -0.1298582968395940451, 0.3384191314577454923 ) ) ;
#8071 = VERTEX_POINT ( 'NONE', #5453 ) ;
#8072 = CARTESIAN_POINT ( 'NONE',  ( 1.922694819319810344, -0.02839312436974756465, 0.3961628723351994230 ) ) ;
#8073 = COLOUR_RGB ( '',1.000000000000000000, 1.000000000000000000, 1.000000000000000000 ) ;
#8074 = VERTEX_POINT ( 'NONE', #2547 ) ;
#8075 = ORIENTED_EDGE ( 'NONE', *, *, #6524, .T. ) ;
#8076 = ORIENTED_EDGE ( 'NONE', *, *, #4613, .F. ) ;
#8077 = ORIENTED_EDGE ( 'NONE', *, *, #8557, .T. ) ;
#8078 = CARTESIAN_POINT ( 'NONE',  ( -2.774999999999999467, 2.107500000000001261, -1.270253258548043214E-16 ) ) ;
#8079 = CARTESIAN_POINT ( 'NONE',  ( 1.815226518016711532, 0.3646834561604591074, 0.1274921190774497559 ) ) ;
#8080 = MECHANICAL_DESIGN_GEOMETRIC_PRESENTATION_REPRESENTATION (  '', ( #7148 ), #3897 ) ;
#8081 = FILL_AREA_STYLE_COLOUR ( '', #7700 ) ;
#8082 = ORIENTED_EDGE ( 'NONE', *, *, #5995, .F. ) ;
#8083 = PLANE ( 'NONE',  #8450 ) ;
#8084 = SURFACE_STYLE_USAGE ( .BOTH. , #4811 ) ;
#8085 = CARTESIAN_POINT ( 'NONE',  ( 1.887045290905482453, 0.5405166150204594455, 0.3070390512993795840 ) ) ;
#8086 = EDGE_CURVE ( 'NONE', #5887, #9352, #2597, .T. ) ;
#8087 = CARTESIAN_POINT ( 'NONE',  ( 1.899090174963015354, -0.1438821353300510641, 0.3102254374075412158 ) ) ;
#8088 = PLANE ( 'NONE',  #3692 ) ;
#8089 = FACE_OUTER_BOUND ( 'NONE', #6007, .T. ) ;
#8090 = DIRECTION ( 'NONE',  ( 1.447921622090529492E-16, 1.000000000000000000, -2.498792926766732971E-16 ) ) ;
#8091 = DIRECTION ( 'NONE',  ( 0.9284766908852604139, -0.000000000000000000, -0.3713906763541007794 ) ) ;
#8092 =( NAMED_UNIT ( * ) PLANE_ANGLE_UNIT ( ) SI_UNIT ( $, .RADIAN. ) );
#8093 = UNCERTAINTY_MEASURE_WITH_UNIT (LENGTH_MEASURE( 1.000000000000000082E-05 ), #524, 'distance_accuracy_value', 'NONE');
#8094 = CARTESIAN_POINT ( 'NONE',  ( 1.830172728162668960, 0.3646834561604590519, 0.1648576444423442422 ) ) ;
#8095 = PRESENTATION_LAYER_ASSIGNMENT (  '', '', ( #4864 ) ) ;
#8096 = ORIENTED_EDGE ( 'NONE', *, *, #8963, .F. ) ;
#8097 =( GEOMETRIC_REPRESENTATION_CONTEXT ( 3 ) GLOBAL_UNCERTAINTY_ASSIGNED_CONTEXT ( ( #4515 ) ) GLOBAL_UNIT_ASSIGNED_CONTEXT ( ( #7860, #4087, #9228 ) ) REPRESENTATION_CONTEXT ( 'NONE', 'WORKASPACE' ) );
#8098 = CARTESIAN_POINT ( 'NONE',  ( 1.812169338668674579, 0.001973852501922329118, 0.1198491707073576495 ) ) ;
#8099 = FILL_AREA_STYLE ('',( #4523 ) ) ;
#8100 = SURFACE_SIDE_STYLE ('',( #2437 ) ) ;
#8101 = UNCERTAINTY_MEASURE_WITH_UNIT (LENGTH_MEASURE( 1.000000000000000082E-05 ), #6892, 'distance_accuracy_value', 'NONE');
#8102 = ADVANCED_FACE ( 'NONE', ( #7882 ), #6325, .T. ) ;
#8103 = SURFACE_SIDE_STYLE ('',( #3643 ) ) ;
#8104 = CARTESIAN_POINT ( 'NONE',  ( 1.835090678230672179, -0.03421994177943805948, 0.1502266955766807244 ) ) ;
#8105 = LINE ( 'NONE', #5699, #7381 ) ;
#8106 = CARTESIAN_POINT ( 'NONE',  ( 1.832738113797434565, 0.4162092110068145168, 0.1443452844935847190 ) ) ;
#8107 = CARTESIAN_POINT ( 'NONE',  ( 1.884435973567755385, -0.1488567948748908965, 0.3005157579550605806 ) ) ;
#8108 = EDGE_LOOP ( 'NONE', ( #6367, #703, #3767, #6885 ) ) ;
#8109 = EDGE_CURVE ( 'NONE', #5299, #3024, #4875, .T. ) ;
#8110 = EDGE_CURVE ( 'NONE', #4002, #2346, #9534, .T. ) ;
#8111 = AXIS2_PLACEMENT_3D ( 'NONE', #5732, #4271, #2716 ) ;
#8112 = EDGE_CURVE ( 'NONE', #3251, #2541, #9402, .T. ) ;
#8113 = CARTESIAN_POINT ( 'NONE',  ( -2.374999999999999112, 2.007500000000001172, 0.2699999999999998512 ) ) ;
#8114 = VERTEX_POINT ( 'NONE', #6462 ) ;
#8115 = ORIENTED_EDGE ( 'NONE', *, *, #54, .F. ) ;
#8116 = ORIENTED_EDGE ( 'NONE', *, *, #8942, .F. ) ;
#8117 = DIRECTION ( 'NONE',  ( -0.06818941838404181388, -1.789660620253718485E-17, -0.9976723927324270269 ) ) ;
#8118 = VERTEX_POINT ( 'NONE', #3560 ) ;
#8119 = SURFACE_SIDE_STYLE ('',( #2350 ) ) ;
#8120 = CARTESIAN_POINT ( 'NONE',  ( 2.517749029844000397, -1.619999999999999885, 0.7103050971205200348 ) ) ;
#8121 = DIRECTION ( 'NONE',  ( 0.3713906763540946732, 0.000000000000000000, 0.9284766908852628564 ) ) ;
#8122 = UNCERTAINTY_MEASURE_WITH_UNIT (LENGTH_MEASURE( 1.000000000000000082E-05 ), #3437, 'distance_accuracy_value', 'NONE');
#8123 = CARTESIAN_POINT ( 'NONE',  ( 2.540318690028105397, -0.8475000000000000311, 0.2060369536996492501 ) ) ;
#8124 = SURFACE_SIDE_STYLE ('',( #5895 ) ) ;
#8125 = VERTEX_POINT ( 'NONE', #2146 ) ;
#8126 = CARTESIAN_POINT ( 'NONE',  ( 1.914867918989763274, 0.3646834561604591074, 0.3496697974744081283 ) ) ;
#8127 =( NAMED_UNIT ( * ) PLANE_ANGLE_UNIT ( ) SI_UNIT ( $, .RADIAN. ) );
#8128 = PRESENTATION_LAYER_ASSIGNMENT (  '', '', ( #5957 ) ) ;
#8129 = CARTESIAN_POINT ( 'NONE',  ( 1.824398056060821727, 0.04639077323362962579, 0.1504209641877259362 ) ) ;
#8130 = EDGE_CURVE ( 'NONE', #2344, #8546, #7977, .T. ) ;
#8131 = DIRECTION ( 'NONE',  ( 0.9943564755676919109, -1.410220274669976605E-16, 0.1060905250085903556 ) ) ;
#8132 = FILL_AREA_STYLE_COLOUR ( '', #6157 ) ;
#8133 = ORIENTED_EDGE ( 'NONE', *, *, #326, .T. ) ;
#8134 = DIRECTION ( 'NONE',  ( 1.249000902703301354E-16, 2.783468775164168088E-17, 1.000000000000000000 ) ) ;
#8135 = DIRECTION ( 'NONE',  ( 0.000000000000000000, -0.3311988494410451067, -0.9435609795497734709 ) ) ;
#8136 = DIRECTION ( 'NONE',  ( -1.767672579545045887E-15, 1.000000000000000000, -1.117179326706309308E-16 ) ) ;
#8137 = VERTEX_POINT ( 'NONE', #5782 ) ;
#8138 = PLANE ( 'NONE',  #1781 ) ;
#8139 = COLOUR_RGB ( '',1.000000000000000000, 1.000000000000000000, 1.000000000000000000 ) ;
#8140 = CARTESIAN_POINT ( 'NONE',  ( 1.823057085250910703, 0.4317731526134859776, 0.1470685371629479321 ) ) ;
#8141 = COLOUR_RGB ( '',1.000000000000000000, 1.000000000000000000, 1.000000000000000000 ) ;
#8142 = COLOUR_RGB ( '',1.000000000000000000, 1.000000000000000000, 1.000000000000000000 ) ;
#8143 = CIRCLE ( 'NONE', #1325, 0.1999999999999999833 ) ;
#8144 =( GEOMETRIC_REPRESENTATION_CONTEXT ( 3 ) GLOBAL_UNCERTAINTY_ASSIGNED_CONTEXT ( ( #8902 ) ) GLOBAL_UNIT_ASSIGNED_CONTEXT ( ( #65, #4423, #7374 ) ) REPRESENTATION_CONTEXT ( 'NONE', 'WORKASPACE' ) );
#8145 = SURFACE_STYLE_FILL_AREA ( #8839 ) ;
#8146 = DIRECTION ( 'NONE',  ( 0.9284766908852604139, -0.000000000000000000, -0.3713906763541007794 ) ) ;
#8147 = EDGE_LOOP ( 'NONE', ( #297, #1365, #3094, #7240 ) ) ;
#8148 = PRESENTATION_LAYER_ASSIGNMENT (  '', '', ( #2733 ) ) ;
#8149 = CARTESIAN_POINT ( 'NONE',  ( 1.814163151156635623, -0.04531032320607424058, 0.1248337019272601628 ) ) ;
#8150 = CARTESIAN_POINT ( 'NONE',  ( 1.924002513468708653, 0.4124710443246425995, 0.3994321077074448056 ) ) ;
#8151 = FACE_OUTER_BOUND ( 'NONE', #9000, .T. ) ;
#8152 = CARTESIAN_POINT ( 'NONE',  ( 1.844264138969913924, -0.08259705088813759644, 0.1731603474247840058 ) ) ;
#8153 = DIRECTION ( 'NONE',  ( -2.369136632905469172E-16, -1.000000000000000000, 1.117179326706309308E-16 ) ) ;
#8154 = FILL_AREA_STYLE_COLOUR ( '', #6001 ) ;
#8155 = CARTESIAN_POINT ( 'NONE',  ( 1.904013629193145096, -0.1207577311240254081, 0.3494598970185340825 ) ) ;
#8156 = EDGE_LOOP ( 'NONE', ( #5295, #4696, #4677, #3333, #6931, #3895 ) ) ;
#8157 = MECHANICAL_DESIGN_GEOMETRIC_PRESENTATION_REPRESENTATION (  '', ( #3988 ), #9561 ) ;
#8158 = AXIS2_PLACEMENT_3D ( 'NONE', #2946, #1583, #7551 ) ;
#8159 = SURFACE_SIDE_STYLE ('',( #4428 ) ) ;
#8160 = ORIENTED_EDGE ( 'NONE', *, *, #3389, .T. ) ;
#8161 = EDGE_LOOP ( 'NONE', ( #2748, #9569, #3606, #2159 ) ) ;
#8162 = ORIENTED_EDGE ( 'NONE', *, *, #8383, .T. ) ;
#8163 = FILL_AREA_STYLE ('',( #2250 ) ) ;
#8164 = ORIENTED_EDGE ( 'NONE', *, *, #8192, .F. ) ;
#8165 = DIRECTION ( 'NONE',  ( 0.000000000000000000, -1.000000000000000000, 0.000000000000000000 ) ) ;
#8166 = DIRECTION ( 'NONE',  ( -0.3473944798647143894, -0.3536223923290757742, -0.8684861996617940783 ) ) ;
#8167 = DIRECTION ( 'NONE',  ( -1.488806659628715785E-32, -1.117179326706309308E-16, -1.000000000000000000 ) ) ;
#8168 = LINE ( 'NONE', #5408, #3688 ) ;
#8169 = COLOUR_RGB ( '',1.000000000000000000, 1.000000000000000000, 1.000000000000000000 ) ;
#8170 = DIRECTION ( 'NONE',  ( -0.06818941838404181388, -1.789660620253718485E-17, -0.9976723927324270269 ) ) ;
#8171 = AXIS2_PLACEMENT_3D ( 'NONE', #6904, #6137, #195 ) ;
#8172 = CARTESIAN_POINT ( 'NONE',  ( 1.796356200846564111, 1.695000000000000284, 0.6824701013908928138 ) ) ;
#8173 = EDGE_LOOP ( 'NONE', ( #5208, #2415, #3238, #9454, #3085, #153, #1544, #4469, #4014, #6701 ) ) ;
#8174 = MECHANICAL_DESIGN_GEOMETRIC_PRESENTATION_REPRESENTATION (  '', ( #8022 ), #5551 ) ;
#8175 = STYLED_ITEM ( 'NONE', ( #738 ), #1197 ) ;
#8176 = SURFACE_SIDE_STYLE ('',( #6046 ) ) ;
#8177 = VECTOR ( 'NONE', #4149, 1000.000000000000000 ) ;
#8178 = PLANE ( 'NONE',  #7758 ) ;
#8179 = VECTOR ( 'NONE', #8170, 1000.000000000000114 ) ;
#8180 = CARTESIAN_POINT ( 'NONE',  ( 1.932871308483756545, 0.005060742745824760476, 0.3946782712093949708 ) ) ;
#8181 = VERTEX_POINT ( 'NONE', #7228 ) ;
#8182 = STYLED_ITEM ( 'NONE', ( #8638 ), #8226 ) ;
#8183 = CARTESIAN_POINT ( 'NONE',  ( 1.882597692538263257, 0.1598054073799710928, 0.2689942313456583078 ) ) ;
#8184 = AXIS2_PLACEMENT_3D ( 'NONE', #2472, #3000, #8186 ) ;
#8185 = EDGE_CURVE ( 'NONE', #8904, #3329, #7327, .T. ) ;
#8186 = DIRECTION ( 'NONE',  ( 0.000000000000000000, 1.000000000000000000, 0.000000000000000000 ) ) ;
#8187 = CARTESIAN_POINT ( 'NONE',  ( 1.842854361013784636, -0.3041999279858826899, 0.1696359025344611193 ) ) ;
#8188 = VECTOR ( 'NONE', #6972, 1000.000000000000114 ) ;
#8189 = VERTEX_POINT ( 'NONE', #2728 ) ;
#8190 = CARTESIAN_POINT ( 'NONE',  ( 2.212181053090767069, 1.620000000000000107, 0.1710270804468144445 ) ) ;
#8191 = SURFACE_STYLE_FILL_AREA ( #100 ) ;
#8192 = EDGE_CURVE ( 'NONE', #1853, #4103, #1369, .T. ) ;
#8193 = VECTOR ( 'NONE', #677, 1000.000000000000000 ) ;
#8194 = UNCERTAINTY_MEASURE_WITH_UNIT (LENGTH_MEASURE( 1.000000000000000082E-05 ), #3835, 'distance_accuracy_value', 'NONE');
#8195 = LINE ( 'NONE', #1552, #7390 ) ;
#8196 = FILL_AREA_STYLE ('',( #9566 ) ) ;
#8197 = VECTOR ( 'NONE', #5259, 1000.000000000000114 ) ;
#8198 =( NAMED_UNIT ( * ) PLANE_ANGLE_UNIT ( ) SI_UNIT ( $, .RADIAN. ) );
#8199 = CARTESIAN_POINT ( 'NONE',  ( 1.851517220369499395, 0.5301159266143317117, 0.1912930509237479593 ) ) ;
#8200 = ORIENTED_EDGE ( 'NONE', *, *, #7706, .F. ) ;
#8201 = SURFACE_STYLE_FILL_AREA ( #4612 ) ;
#8202 = CARTESIAN_POINT ( 'NONE',  ( 1.780853464843130451, -2.189999999999999503, 0.4556511595524886382 ) ) ;
#8203 = DIRECTION ( 'NONE',  ( 1.488806659628715785E-32, 1.117179326706309308E-16, 1.000000000000000000 ) ) ;
#8204 = CARTESIAN_POINT ( 'NONE',  ( 1.824051081169005162, 0.4958875841690918995, 0.1226277029225119608 ) ) ;
#8205 = STYLED_ITEM ( 'NONE', ( #2773 ), #9279 ) ;
#8206 = UNCERTAINTY_MEASURE_WITH_UNIT (LENGTH_MEASURE( 1.000000000000000082E-05 ), #217, 'distance_accuracy_value', 'NONE');
#8207 = ADVANCED_FACE ( 'NONE', ( #8657 ), #9491, .T. ) ;
#8208 = MECHANICAL_DESIGN_GEOMETRIC_PRESENTATION_REPRESENTATION (  '', ( #6967 ), #4967 ) ;
#8209 = CARTESIAN_POINT ( 'NONE',  ( 1.125000000000000666, 1.599999999999999645, 0.2700000000000000178 ) ) ;
#8210 = PRESENTATION_LAYER_ASSIGNMENT (  '', '', ( #322 ) ) ;
#8211 = PRESENTATION_STYLE_ASSIGNMENT (( #2386 ) ) ;
#8212 =( GEOMETRIC_REPRESENTATION_CONTEXT ( 3 ) GLOBAL_UNCERTAINTY_ASSIGNED_CONTEXT ( ( #7615 ) ) GLOBAL_UNIT_ASSIGNED_CONTEXT ( ( #4566, #7517, #60 ) ) REPRESENTATION_CONTEXT ( 'NONE', 'WORKASPACE' ) );
#8213 = CARTESIAN_POINT ( 'NONE',  ( 1.931979586228663059, -0.02839312436974756465, 0.3924489655716584258 ) ) ;
#8214 = ORIENTED_EDGE ( 'NONE', *, *, #8324, .T. ) ;
#8215 = B_SPLINE_CURVE_WITH_KNOTS ( 'NONE', 3,
 ( #2932, #3749, #6075, #5885, #1568, #809, #72, #6841, #3021, #3129, #176 ),
 .UNSPECIFIED., .F., .F.,
 ( 4, 1, 1, 1, 1, 1, 1, 1, 4 ),
 ( 0.000000000000000000, 0.1451868664724690061, 0.2834426109197298316, 0.4165243659288281886, 0.5431811235350826328, 0.6651530826377136663, 0.7813602063127147446, 0.8927566556418089494, 0.9999999999999998890 ),
 .UNSPECIFIED. ) ;
#8216 =( NAMED_UNIT ( * ) PLANE_ANGLE_UNIT ( ) SI_UNIT ( $, .RADIAN. ) );
#8217 =( GEOMETRIC_REPRESENTATION_CONTEXT ( 3 ) GLOBAL_UNCERTAINTY_ASSIGNED_CONTEXT ( ( #4046 ) ) GLOBAL_UNIT_ASSIGNED_CONTEXT ( ( #1730, #6902, #5617 ) ) REPRESENTATION_CONTEXT ( 'NONE', 'WORKASPACE' ) );
#8218 = DIRECTION ( 'NONE',  ( 0.9284766908852604139, -0.000000000000000000, -0.3713906763541007794 ) ) ;
#8219 = ORIENTED_EDGE ( 'NONE', *, *, #3033, .T. ) ;
#8220 = VERTEX_POINT ( 'NONE', #3599 ) ;
#8221 = VERTEX_POINT ( 'NONE', #2011 ) ;
#8222 = VECTOR ( 'NONE', #684, 1000.000000000000000 ) ;
#8223 = EDGE_LOOP ( 'NONE', ( #570, #6454, #7697, #4442 ) ) ;
#8224 = SURFACE_SIDE_STYLE ('',( #3027 ) ) ;
#8225 =( LENGTH_UNIT ( ) NAMED_UNIT ( * ) SI_UNIT ( .MILLI., .METRE. ) );
#8226 = ADVANCED_FACE ( 'NONE', ( #3644 ), #6415, .T. ) ;
#8227 = UNCERTAINTY_MEASURE_WITH_UNIT (LENGTH_MEASURE( 1.000000000000000082E-05 ), #1528, 'distance_accuracy_value', 'NONE');
#8228 = SURFACE_STYLE_USAGE ( .BOTH. , #9594 ) ;
#8229 = DIRECTION ( 'NONE',  ( 1.000000000000000000, -2.652696298084526771E-16, -1.249000902703300861E-16 ) ) ;
#8230 = ORIENTED_EDGE ( 'NONE', *, *, #1501, .T. ) ;
#8231 = VECTOR ( 'NONE', #8471, 1000.000000000000000 ) ;
#8232 = CARTESIAN_POINT ( 'NONE',  ( 1.812169338668674579, 0.7268785781116783307, 0.1198491707073576495 ) ) ;
#8233 = CARTESIAN_POINT ( 'NONE',  ( 0.000000000000000000, 0.000000000000000000, 1.000000000000000000 ) ) ;
#8234 = DIRECTION ( 'NONE',  ( 1.447921622090529492E-16, 1.000000000000000000, -2.498792926766732971E-16 ) ) ;
#8235 = EDGE_CURVE ( 'NONE', #2395, #4949, #544, .T. ) ;
#8236 = SURFACE_STYLE_USAGE ( .BOTH. , #6584 ) ;
#8237 = ORIENTED_EDGE ( 'NONE', *, *, #540, .T. ) ;
#8238 = EDGE_CURVE ( 'NONE', #3754, #2512, #6979, .T. ) ;
#8239 = FILL_AREA_STYLE ('',( #246 ) ) ;
#8240 = EDGE_CURVE ( 'NONE', #431, #1955, #7166, .T. ) ;
#8241 = ORIENTED_EDGE ( 'NONE', *, *, #7098, .F. ) ;
#8242 = CARTESIAN_POINT ( 'NONE',  ( 1.872854712965180468, 0.5874659742198834467, 0.2446367824129513369 ) ) ;
#8243 = LINE ( 'NONE', #5951, #7799 ) ;
#8244 = ORIENTED_EDGE ( 'NONE', *, *, #5762, .F. ) ;
#8245 = LINE ( 'NONE', #156, #6440 ) ;
#8246 = FACE_OUTER_BOUND ( 'NONE', #5694, .T. ) ;
#8247 = CARTESIAN_POINT ( 'NONE',  ( 1.914867918989763051, 0.3646834561604590519, 0.3496697974744080728 ) ) ;
#8248 = CARTESIAN_POINT ( 'NONE',  ( 2.517749029844000397, 0.9200000000000000400, 0.7103050971205200348 ) ) ;
#8249 = EDGE_CURVE ( 'NONE', #5896, #4624, #9226, .T. ) ;
#8250 = AXIS2_PLACEMENT_3D ( 'NONE', #9576, #5698, #5065 ) ;
#8251 =( LENGTH_UNIT ( ) NAMED_UNIT ( * ) SI_UNIT ( .MILLI., .METRE. ) );
#8252 = DIRECTION ( 'NONE',  ( -1.000000000000000000, 2.431469460965334458E-17, 1.249000902703301354E-16 ) ) ;
#8253 = CARTESIAN_POINT ( 'NONE',  ( 1.873279361281131150, 0.5473040738446763864, 0.2456984032028262932 ) ) ;
#8254 = ORIENTED_EDGE ( 'NONE', *, *, #1443, .F. ) ;
#8255 =( NAMED_UNIT ( * ) PLANE_ANGLE_UNIT ( ) SI_UNIT ( $, .RADIAN. ) );
#8256 = CARTESIAN_POINT ( 'NONE',  ( 1.826846724063575733, -0.1102557569507484764, 0.1565426341946099809 ) ) ;
#8257 = FACE_OUTER_BOUND ( 'NONE', #4487, .T. ) ;
#8258 = PRODUCT_RELATED_PRODUCT_CATEGORY ( 'part', '', ( #4024 ) ) ;
#8259 = CARTESIAN_POINT ( 'NONE',  ( 1.872854712965180468, 0.5874659742198834467, 0.2446367824129513369 ) ) ;
#8260 = SURFACE_STYLE_FILL_AREA ( #2339 ) ;
#8261 = SURFACE_STYLE_FILL_AREA ( #5923 ) ;
#8262 = DIRECTION ( 'NONE',  ( 0.000000000000000000, -1.000000000000000000, 0.000000000000000000 ) ) ;
#8263 = EDGE_LOOP ( 'NONE', ( #6217, #7734, #8586, #9371 ) ) ;
#8264 = EDGE_CURVE ( 'NONE', #1466, #985, #8558, .T. ) ;
#8265 = B_SPLINE_SURFACE_WITH_KNOTS ( 'NONE', 3, 1, ( 
 ( #5039, #583 ),
 ( #2116, #6485 ),
 ( #4307, #3533 ),
 ( #8865, #1395 ),
 ( #6528, #9464 ),
 ( #4256, #2807 ),
 ( #2751, #717 ),
 ( #8819, #5721 ),
 ( #2217, #2169 ),
 ( #3486, #9511 ),
 ( #7989, #8126 ) ),
 .UNSPECIFIED., .F., .F., .F.,
 ( 4, 1, 1, 1, 1, 1, 1, 1, 4 ),
 ( 2, 2 ),
 ( 0.000000000000000000, 0.1352946047634290827, 0.2667656579247491000, 0.3948160188358731948, 0.5200516544342462799, 0.6421757029708222708, 0.7626518205584237320, 0.8818340043805023010, 1.000000000000000000 ),
 ( 0.000000000000000000, 1.000000000000000000 ),
 .UNSPECIFIED. ) ;
#8266 = VECTOR ( 'NONE', #6065, 999.9999999999998863 ) ;
#8267 = EDGE_CURVE ( 'NONE', #756, #2201, #4853, .T. ) ;
#8268 = DIRECTION ( 'NONE',  ( -3.942553354492743038E-15, 0.000000000000000000, 1.000000000000000000 ) ) ;
#8269 = ORIENTED_EDGE ( 'NONE', *, *, #2524, .F. ) ;
#8270 = ORIENTED_EDGE ( 'NONE', *, *, #5630, .F. ) ;
#8271 = VERTEX_POINT ( 'NONE', #5479 ) ;
#8272 = SURFACE_SIDE_STYLE ('',( #5301 ) ) ;
#8273 = ORIENTED_EDGE ( 'NONE', *, *, #7511, .T. ) ;
#8274 = PRESENTATION_STYLE_ASSIGNMENT (( #4393 ) ) ;
#8275 = PLANE ( 'NONE',  #1631 ) ;
#8276 = LINE ( 'NONE', #6889, #4778 ) ;
#8277 =( NAMED_UNIT ( * ) PLANE_ANGLE_UNIT ( ) SI_UNIT ( $, .RADIAN. ) );
#8278 = DIRECTION ( 'NONE',  ( 0.9284766908852604139, -0.000000000000000000, -0.3713906763541007794 ) ) ;
#8279 = COLOUR_RGB ( '',1.000000000000000000, 1.000000000000000000, 1.000000000000000000 ) ;
#8280 = DIRECTION ( 'NONE',  ( -1.000000000000000000, 1.445024655488679718E-15, -1.465471005729988168E-31 ) ) ;
#8281 = ORIENTED_EDGE ( 'NONE', *, *, #8978, .F. ) ;
#8282 =( NAMED_UNIT ( * ) PLANE_ANGLE_UNIT ( ) SI_UNIT ( $, .RADIAN. ) );
#8283 = CARTESIAN_POINT ( 'NONE',  ( 1.912716570559662710, 0.4416842183555810264, 0.3712172504348305035 ) ) ;
#8284 = CARTESIAN_POINT ( 'NONE',  ( 1.912679680537268556, 0.4455382208589459547, 0.3711250253788457298 ) ) ;
#8285 = PRESENTATION_LAYER_ASSIGNMENT (  '', '', ( #3327 ) ) ;
#8286 = CARTESIAN_POINT ( 'NONE',  ( 1.911357824182757570, 0.003803120794605252368, 0.3678203844925673760 ) ) ;
#8287 = CARTESIAN_POINT ( 'NONE',  ( 2.924999999999999822, -2.117500000000000160, 0.06948792640113442276 ) ) ;
#8288 = EDGE_LOOP ( 'NONE', ( #288, #1559, #6672, #7436, #4146, #628, #797, #3131 ) ) ;
#8289 = DIRECTION ( 'NONE',  ( -1.488806659628715785E-32, -1.117179326706309308E-16, -1.000000000000000000 ) ) ;
#8290 = PLANE ( 'NONE',  #7254 ) ;
#8291 = VERTEX_POINT ( 'NONE', #9383 ) ;
#8292 =( LENGTH_UNIT ( ) NAMED_UNIT ( * ) SI_UNIT ( .MILLI., .METRE. ) );
#8293 = CYLINDRICAL_SURFACE ( 'NONE', #6574, 0.3017393217012238060 ) ;
#8294 = DIRECTION ( 'NONE',  ( 0.000000000000000000, -0.000000000000000000, -1.000000000000000000 ) ) ;
#8295 = UNCERTAINTY_MEASURE_WITH_UNIT (LENGTH_MEASURE( 1.000000000000000082E-05 ), #643, 'distance_accuracy_value', 'NONE');
#8296 = DIRECTION ( 'NONE',  ( -1.447921622090529492E-16, -1.000000000000000000, 2.498792926766732971E-16 ) ) ;
#8297 =( LENGTH_UNIT ( ) NAMED_UNIT ( * ) SI_UNIT ( .MILLI., .METRE. ) );
#8298 = CIRCLE ( 'NONE', #6428, 0.1999999999999999833 ) ;
#8299 = EDGE_CURVE ( 'NONE', #6483, #7046, #7858, .T. ) ;
#8300 = CARTESIAN_POINT ( 'NONE',  ( 1.835898075052121881, -0.3103895648353812153, 0.1522451876303037854 ) ) ;
#8301 = DIRECTION ( 'NONE',  ( 0.9976723927324270269, -1.463531740886934826E-16, -0.06818941838404175837 ) ) ;
#8302 = ORIENTED_EDGE ( 'NONE', *, *, #3498, .T. ) ;
#8303 =( LENGTH_UNIT ( ) NAMED_UNIT ( * ) SI_UNIT ( .MILLI., .METRE. ) );
#8304 = CARTESIAN_POINT ( 'NONE',  ( 1.881283540952141564, 0.5877602933623627957, 0.2657088523803546321 ) ) ;
#8305 = CARTESIAN_POINT ( 'NONE',  ( 1.924945287951810080, 0.4472291878677761012, 0.4017890439151989845 ) ) ;
#8306 = CARTESIAN_POINT ( 'NONE',  ( 1.851489390896641440, 0.5820768785544553348, 0.2181493012772764695 ) ) ;
#8307 = UNCERTAINTY_MEASURE_WITH_UNIT (LENGTH_MEASURE( 1.000000000000000082E-05 ), #2837, 'distance_accuracy_value', 'NONE');
#8308 = SURFACE_STYLE_USAGE ( .BOTH. , #2439 ) ;
#8309 = CARTESIAN_POINT ( 'NONE',  ( 1.874372953377086315, -0.1144864678170594841, 0.2484323834427147326 ) ) ;
#8310 = AXIS2_PLACEMENT_3D ( 'NONE', #3755, #9305, #3367 ) ;
#8311 = PRESENTATION_STYLE_ASSIGNMENT (( #5339 ) ) ;
#8312 = PRESENTATION_LAYER_ASSIGNMENT (  '', '', ( #8627 ) ) ;
#8313 = CARTESIAN_POINT ( 'NONE',  ( 1.681086225569887960, -1.694999999999999840, 0.4624701013908926739 ) ) ;
#8314 = ORIENTED_EDGE ( 'NONE', *, *, #1783, .F. ) ;
#8315 = CARTESIAN_POINT ( 'NONE',  ( 1.812169338668674579, 0.3061468707946052303, 0.1198491707073576495 ) ) ;
#8316 = LINE ( 'NONE', #4674, #1159 ) ;
#8317 = VERTEX_POINT ( 'NONE', #1166 ) ;
#8318 = ORIENTED_EDGE ( 'NONE', *, *, #8913, .F. ) ;
#8319 = ORIENTED_EDGE ( 'NONE', *, *, #1253, .T. ) ;
#8320 = LINE ( 'NONE', #1669, #1401 ) ;
#8321 = ORIENTED_EDGE ( 'NONE', *, *, #1178, .T. ) ;
#8322 = CARTESIAN_POINT ( 'NONE',  ( -1.975000000000000089, 0.8500000000000005329, 1.345997447851414234E-17 ) ) ;
#8323 = DIRECTION ( 'NONE',  ( 0.000000000000000000, 0.000000000000000000, 1.000000000000000000 ) ) ;
#8324 = EDGE_CURVE ( 'NONE', #7415, #4624, #1847, .T. ) ;
#8325 = FILL_AREA_STYLE_COLOUR ( '', #8616 ) ;
#8326 = LINE ( 'NONE', #9006, #5856 ) ;
#8327 = CARTESIAN_POINT ( 'NONE',  ( -1.975000000000000089, 2.450000000000000178, 0.5000000000000047740 ) ) ;
#8328 = SURFACE_SIDE_STYLE ('',( #3140 ) ) ;
#8329 = SURFACE_STYLE_FILL_AREA ( #6804 ) ;
#8330 = VECTOR ( 'NONE', #8280, 1000.000000000000000 ) ;
#8331 = CIRCLE ( 'NONE', #3841, 0.1600000000000000033 ) ;
#8332 = AXIS2_PLACEMENT_3D ( 'NONE', #7144, #6417, #2509 ) ;
#8333 = LINE ( 'NONE', #4582, #8776 ) ;
#8334 = ORIENTED_EDGE ( 'NONE', *, *, #4805, .F. ) ;
#8335 =( GEOMETRIC_REPRESENTATION_CONTEXT ( 3 ) GLOBAL_UNCERTAINTY_ASSIGNED_CONTEXT ( ( #2183 ) ) GLOBAL_UNIT_ASSIGNED_CONTEXT ( ( #6017, #3166, #2285 ) ) REPRESENTATION_CONTEXT ( 'NONE', 'WORKASPACE' ) );
#8336 = ORIENTED_EDGE ( 'NONE', *, *, #3677, .T. ) ;
#8337 = VERTEX_POINT ( 'NONE', #1075 ) ;
#8338 = APPLICATION_CONTEXT ( 'automotive_design' ) ;
#8339 = LINE ( 'NONE', #8283, #8029 ) ;
#8340 = LINE ( 'NONE', #5312, #6507 ) ;
#8341 = PRESENTATION_LAYER_ASSIGNMENT (  '', '', ( #7867 ) ) ;
#8342 = CARTESIAN_POINT ( 'NONE',  ( 1.911718168123277106, -0.07521565093198097351, 0.3417954203081937647 ) ) ;
#8343 =( GEOMETRIC_REPRESENTATION_CONTEXT ( 3 ) GLOBAL_UNCERTAINTY_ASSIGNED_CONTEXT ( ( #6637 ) ) GLOBAL_UNIT_ASSIGNED_CONTEXT ( ( #8670, #8753, #1430 ) ) REPRESENTATION_CONTEXT ( 'NONE', 'WORKASPACE' ) );
#8344 = EDGE_CURVE ( 'NONE', #49, #9040, #445, .T. ) ;
#8345 = CARTESIAN_POINT ( 'NONE',  ( 1.825756802437726867, -0.3090017572541753355, 0.1538178301299890360 ) ) ;
#8346 = ORIENTED_EDGE ( 'NONE', *, *, #7317, .T. ) ;
#8347 = MECHANICAL_DESIGN_GEOMETRIC_PRESENTATION_REPRESENTATION (  '', ( #2911 ), #7557 ) ;
#8348 = DIRECTION ( 'NONE',  ( 0.9284766908852604139, -0.000000000000000000, -0.3713906763541007794 ) ) ;
#8349 =( GEOMETRIC_REPRESENTATION_CONTEXT ( 3 ) GLOBAL_UNCERTAINTY_ASSIGNED_CONTEXT ( ( #455 ) ) GLOBAL_UNIT_ASSIGNED_CONTEXT ( ( #3181, #6082, #277 ) ) REPRESENTATION_CONTEXT ( 'NONE', 'WORKASPACE' ) );
#8350 = VECTOR ( 'NONE', #7391, 1000.000000000000114 ) ;
#8351 = VERTEX_POINT ( 'NONE', #397 ) ;
#8352 = LINE ( 'NONE', #2419, #5737 ) ;
#8353 = EDGE_CURVE ( 'NONE', #2256, #4823, #2576, .T. ) ;
#8354 =( NAMED_UNIT ( * ) SI_UNIT ( $, .STERADIAN. ) SOLID_ANGLE_UNIT ( ) );
#8355 = VECTOR ( 'NONE', #6397, 1000.000000000000227 ) ;
#8356 =( LENGTH_UNIT ( ) NAMED_UNIT ( * ) SI_UNIT ( .MILLI., .METRE. ) );
#8357 = DIRECTION ( 'NONE',  ( -1.447921622090529492E-16, -1.000000000000000000, 2.498792926766732971E-16 ) ) ;
#8358 = B_SPLINE_CURVE_WITH_KNOTS ( 'NONE', 3,
 ( #9211, #5511, #8483, #1829, #383, #3334, #3478 ),
 .UNSPECIFIED., .F., .F.,
 ( 4, 1, 1, 1, 4 ),
 ( 0.000000000000000000, 0.1744817153170463708, 0.3982857591281106502, 0.6738978473986629858, 1.000000000000000000 ),
 .UNSPECIFIED. ) ;
#8359 = DIRECTION ( 'NONE',  ( -0.9976723927324270269, 1.463531740886935072E-16, 0.06818941838404207756 ) ) ;
#8360 = COLOUR_RGB ( '',1.000000000000000000, 1.000000000000000000, 1.000000000000000000 ) ;
#8361 = DIRECTION ( 'NONE',  ( 0.000000000000000000, -1.000000000000000000, 0.000000000000000000 ) ) ;
#8362 = CARTESIAN_POINT ( 'NONE',  ( 1.911357824182757570, 0.04639077323362962579, 0.3678203844925673760 ) ) ;
#8363 = ORIENTED_EDGE ( 'NONE', *, *, #9023, .T. ) ;
#8364 = SURFACE_STYLE_FILL_AREA ( #2633 ) ;
#8365 = EDGE_CURVE ( 'NONE', #5553, #422, #8597, .T. ) ;
#8366 = CARTESIAN_POINT ( 'NONE',  ( 1.878351610110434278, 0.5476102854287516752, 0.2583790252760859163 ) ) ;
#8367 = CARTESIAN_POINT ( 'NONE',  ( 1.681086225569887960, -0.9199999999999999289, 0.4624701013908927849 ) ) ;
#8368 = FILL_AREA_STYLE_COLOUR ( '', #5758 ) ;
#8369 =( NAMED_UNIT ( * ) SI_UNIT ( $, .STERADIAN. ) SOLID_ANGLE_UNIT ( ) );
#8370 =( NAMED_UNIT ( * ) PLANE_ANGLE_UNIT ( ) SI_UNIT ( $, .RADIAN. ) );
#8371 =( GEOMETRIC_REPRESENTATION_CONTEXT ( 3 ) GLOBAL_UNCERTAINTY_ASSIGNED_CONTEXT ( ( #4814 ) ) GLOBAL_UNIT_ASSIGNED_CONTEXT ( ( #1435, #676, #4443 ) ) REPRESENTATION_CONTEXT ( 'NONE', 'WORKASPACE' ) );
#8372 = EDGE_CURVE ( 'NONE', #8704, #2893, #4085, .T. ) ;
#8373 =( NAMED_UNIT ( * ) PLANE_ANGLE_UNIT ( ) SI_UNIT ( $, .RADIAN. ) );
#8374 = LINE ( 'NONE', #6882, #8683 ) ;
#8375 = CARTESIAN_POINT ( 'NONE',  ( -1.775000000000000577, 1.599999999999999867, -7.032847502445896950E-17 ) ) ;
#8376 = ORIENTED_EDGE ( 'NONE', *, *, #3786, .T. ) ;
#8377 = MECHANICAL_DESIGN_GEOMETRIC_PRESENTATION_REPRESENTATION (  '', ( #3 ), #5421 ) ;
#8379 = EDGE_CURVE ( 'NONE', #2309, #7652, #6303, .T. ) ;
#8378 = AXIS2_PLACEMENT_3D ( 'NONE', #3758, #1618, #6850 ) ;
#8380 = ORIENTED_EDGE ( 'NONE', *, *, #8016, .T. ) ;
#8381 = EDGE_LOOP ( 'NONE', ( #3772, #8439, #5068, #1549 ) ) ;
#8382 =( NAMED_UNIT ( * ) SI_UNIT ( $, .STERADIAN. ) SOLID_ANGLE_UNIT ( ) );
#8384 = ORIENTED_EDGE ( 'NONE', *, *, #890, .T. ) ;
#8383 = EDGE_CURVE ( 'NONE', #7600, #1090, #9339, .T. ) ;
#8385 = SURFACE_STYLE_USAGE ( .BOTH. , #9153 ) ;
#8386 = DIRECTION ( 'NONE',  ( -0.9976723927324270269, 1.463531740886934826E-16, 0.06818941838404181388 ) ) ;
#8387 = DIRECTION ( 'NONE',  ( 0.9284766908852604139, -0.000000000000000000, -0.3713906763541007794 ) ) ;
#8388 = CARTESIAN_POINT ( 'NONE',  ( -2.875000000000001332, -2.007499999999998952, 0.2700000000000002953 ) ) ;
#8389 = PLANE ( 'NONE',  #2277 ) ;
#8390 =( NAMED_UNIT ( * ) PLANE_ANGLE_UNIT ( ) SI_UNIT ( $, .RADIAN. ) );
#8391 = ORIENTED_EDGE ( 'NONE', *, *, #3095, .T. ) ;
#8392 = PRESENTATION_LAYER_ASSIGNMENT (  '', '', ( #2947 ) ) ;
#8393 = EDGE_CURVE ( 'NONE', #7415, #5819, #7503, .T. ) ;
#8394 = CARTESIAN_POINT ( 'NONE',  ( 1.911357824182757570, 0.2659029683555808043, 0.3678203844925673760 ) ) ;
#8395 = STYLED_ITEM ( 'NONE', ( #5811 ), #2071 ) ;
#8396 = CARTESIAN_POINT ( 'NONE',  ( 2.212181053090767069, -2.189999999999999947, 0.1710270804468144445 ) ) ;
#8397 = ORIENTED_EDGE ( 'NONE', *, *, #7964, .T. ) ;
#8398 = VERTEX_POINT ( 'NONE', #2365 ) ;
#8399 = CARTESIAN_POINT ( 'NONE',  ( 2.440731734960332133, 1.620000000000000107, 0.1025869392388689683 ) ) ;
#8400 = CARTESIAN_POINT ( 'NONE',  ( -0.3017393217012238060, -1.799775028121500808, 1.000000000000000000 ) ) ;
#8401 = PRESENTATION_LAYER_ASSIGNMENT (  '', '', ( #5601 ) ) ;
#8402 =( LENGTH_UNIT ( ) NAMED_UNIT ( * ) SI_UNIT ( .MILLI., .METRE. ) );
#8403 = ORIENTED_EDGE ( 'NONE', *, *, #6679, .T. ) ;
#8404 = DIRECTION ( 'NONE',  ( -0.1259214184257361480, -0.9407669869669990081, -0.3148035460643432981 ) ) ;
#8405 = LINE ( 'NONE', #7459, #1845 ) ;
#8406 = EDGE_CURVE ( 'NONE', #4571, #5896, #8822, .T. ) ;
#8407 = VERTEX_POINT ( 'NONE', #6673 ) ;
#8408 = CARTESIAN_POINT ( 'NONE',  ( 2.378862465107961288, -2.189999999999999947, 0.6824701013908928138 ) ) ;
#8409 =( NAMED_UNIT ( * ) PLANE_ANGLE_UNIT ( ) SI_UNIT ( $, .RADIAN. ) );
#8410 = FACE_OUTER_BOUND ( 'NONE', #5025, .T. ) ;
#8411 = PRESENTATION_STYLE_ASSIGNMENT (( #1028 ) ) ;
#8412 = CARTESIAN_POINT ( 'NONE',  ( 0.000000000000000000, -1.799775028121500808, 1.000000000000000000 ) ) ;
#8413 = ORIENTED_EDGE ( 'NONE', *, *, #66, .T. ) ;
#8414 = CARTESIAN_POINT ( 'NONE',  ( -1.775000000000000133, 2.250000000000000000, 0.000000000000000000 ) ) ;
#8415 = CARTESIAN_POINT ( 'NONE',  ( 1.922739500980440663, 0.5397998468855425003, 0.3693487524511021580 ) ) ;
#8416 = FILL_AREA_STYLE_COLOUR ( '', #5691 ) ;
#8417 = DIRECTION ( 'NONE',  ( -3.608224830031759249E-16, -1.000000000000000000, 1.117179326706309062E-16 ) ) ;
#8418 = UNCERTAINTY_MEASURE_WITH_UNIT (LENGTH_MEASURE( 1.000000000000000082E-05 ), #3515, 'distance_accuracy_value', 'NONE');
#8419 = SURFACE_SIDE_STYLE ('',( #948 ) ) ;
#8420 = LINE ( 'NONE', #1754, #7430 ) ;
#8421 = CARTESIAN_POINT ( 'NONE',  ( 1.975000000000000089, 2.450000000000000622, 0.4999999999999952260 ) ) ;
#8422 = ORIENTED_EDGE ( 'NONE', *, *, #348, .T. ) ;
#8423 = EDGE_CURVE ( 'NONE', #8271, #7546, #7457, .T. ) ;
#8424 = ORIENTED_EDGE ( 'NONE', *, *, #8722, .F. ) ;
#8425 = DIRECTION ( 'NONE',  ( -1.447921622090529492E-16, -1.000000000000000000, 2.498792926766732971E-16 ) ) ;
#8426 = ORIENTED_EDGE ( 'NONE', *, *, #7820, .T. ) ;
#8427 = DIRECTION ( 'NONE',  ( 1.447921622090529492E-16, 1.000000000000000000, -2.498792926766732971E-16 ) ) ;
#8428 = FILL_AREA_STYLE ('',( #467 ) ) ;
#8429 = FILL_AREA_STYLE_COLOUR ( '', #523 ) ;
#8430 = ADVANCED_FACE ( 'NONE', ( #1632 ), #8088, .F. ) ;
#8431 = CARTESIAN_POINT ( 'NONE',  ( 1.810810592291769217, 0.4352817793311907768, 0.1164523047650945220 ) ) ;
#8432 = DIRECTION ( 'NONE',  ( 0.9284766908852604139, -0.000000000000000000, -0.3713906763541007794 ) ) ;
#8433 = EDGE_CURVE ( 'NONE', #4629, #4391, #1487, .T. ) ;
#8434 = CARTESIAN_POINT ( 'NONE',  ( 1.812169338668674579, 0.1524883342092393790, 0.1198491707073576495 ) ) ;
#8435 = ORIENTED_EDGE ( 'NONE', *, *, #6639, .F. ) ;
#8436 = ADVANCED_FACE ( 'NONE', ( #2950 ), #199, .F. ) ;
#8437 = LINE ( 'NONE', #6959, #1392 ) ;
#8438 = ORIENTED_EDGE ( 'NONE', *, *, #6534, .T. ) ;
#8439 = ORIENTED_EDGE ( 'NONE', *, *, #4859, .T. ) ;
#8440 =( GEOMETRIC_REPRESENTATION_CONTEXT ( 3 ) GLOBAL_UNCERTAINTY_ASSIGNED_CONTEXT ( ( #5678 ) ) GLOBAL_UNIT_ASSIGNED_CONTEXT ( ( #1502, #795, #3008 ) ) REPRESENTATION_CONTEXT ( 'NONE', 'WORKASPACE' ) );
#8441 = CYLINDRICAL_SURFACE ( 'NONE', #6451, 0.3300000000000000155 ) ;
#8442 = CARTESIAN_POINT ( 'NONE',  ( 2.394122236080193034, -0.9200000000000000400, 0.5394445853922671397 ) ) ;
#8443 = CARTESIAN_POINT ( 'NONE',  ( 1.681086225569887960, 0.4250000000000002109, 0.4624701013908927849 ) ) ;
#8444 = LINE ( 'NONE', #6236, #1576 ) ;
#8445 = B_SPLINE_SURFACE_WITH_KNOTS ( 'NONE', 3, 1, ( 
 ( #4718, #1042 ),
 ( #9351, #6590 ),
 ( #9485, #1310 ),
 ( #5057, #7968 ),
 ( #7220, #647 ),
 ( #4971, #8009 ),
 ( #691, #1413 ),
 ( #4329, #2820 ),
 ( #6544, #9568 ),
 ( #4233, #6643 ),
 ( #1274, #9441 ) ),
 .UNSPECIFIED., .F., .F., .F.,
 ( 4, 1, 1, 1, 1, 1, 1, 1, 4 ),
 ( 2, 2 ),
 ( 0.000000000000000000, 0.1124483899088002947, 0.2265276752126784143, 0.3444019493260280784, 0.4658649724874587283, 0.5916594493521164511, 0.7221684870248873400, 0.8586063875549269087, 1.000000000000000000 ),
 ( 0.000000000000000000, 1.000000000000000000 ),
 .UNSPECIFIED. ) ;
#8446 = MECHANICAL_DESIGN_GEOMETRIC_PRESENTATION_REPRESENTATION (  '', ( #2070 ), #4246 ) ;
#8447 = ORIENTED_EDGE ( 'NONE', *, *, #7105, .F. ) ;
#8448 = CARTESIAN_POINT ( 'NONE',  ( -1.375000000000000444, 0.8500000000000004219, 1.345997447851415466E-17 ) ) ;
#8449 = EDGE_CURVE ( 'NONE', #7824, #9018, #1991, .T. ) ;
#8450 = AXIS2_PLACEMENT_3D ( 'NONE', #5172, #7353, #4446 ) ;
#8451 = FILL_AREA_STYLE_COLOUR ( '', #1995 ) ;
#8452 = ORIENTED_EDGE ( 'NONE', *, *, #6795, .T. ) ;
#8453 = PLANE ( 'NONE',  #1711 ) ;
#8454 =( NAMED_UNIT ( * ) SI_UNIT ( $, .STERADIAN. ) SOLID_ANGLE_UNIT ( ) );
#8455 = PLANE ( 'NONE',  #5430 ) ;
#8456 = CARTESIAN_POINT ( 'NONE',  ( 0.000000000000000000, -1.799775028121500808, 0.9899999999999999911 ) ) ;
#8457 = CARTESIAN_POINT ( 'NONE',  ( 1.824398056060821727, 0.04639077323362962579, 0.1504209641877259362 ) ) ;
#8458 = ORIENTED_EDGE ( 'NONE', *, *, #1874, .T. ) ;
#8459 = SURFACE_STYLE_USAGE ( .BOTH. , #6255 ) ;
#8460 = CARTESIAN_POINT ( 'NONE',  ( 2.924999999999999822, -0.4225000000000001532, 0.06948792640113432562 ) ) ;
#8461 = PRESENTATION_LAYER_ASSIGNMENT (  '', '', ( #8756 ) ) ;
#8462 = CARTESIAN_POINT ( 'NONE',  ( 1.865088186468233378, -0.1144864678170594841, 0.2521462902062557854 ) ) ;
#8463 = CARTESIAN_POINT ( 'NONE',  ( 2.909998327955510611, 0.4224999999999999867, -0.1499999999999995226 ) ) ;
#8464 = PLANE ( 'NONE',  #1449 ) ;
#8465 = CARTESIAN_POINT ( 'NONE',  ( 1.812304419837221348, -0.01434432645197365221, 0.1201868736287257239 ) ) ;
#8466 = DIRECTION ( 'NONE',  ( 1.000000000000000000, -3.608224830031759742E-16, 2.542227526591152421E-32 ) ) ;
#8467 = VECTOR ( 'NONE', #1959, 1000.000000000000000 ) ;
#8468 = LINE ( 'NONE', #4673, #158 ) ;
#8469 = VERTEX_POINT ( 'NONE', #7649 ) ;
#8470 = EDGE_LOOP ( 'NONE', ( #8403, #6189, #3177, #6797 ) ) ;
#8471 = DIRECTION ( 'NONE',  ( 0.000000000000000000, 1.000000000000000000, 0.000000000000000000 ) ) ;
#8472 = EDGE_LOOP ( 'NONE', ( #3649, #7674, #5717, #3504, #9208, #1519 ) ) ;
#8473 = FACE_OUTER_BOUND ( 'NONE', #6618, .T. ) ;
#8474 = CARTESIAN_POINT ( 'NONE',  ( -2.175000000000000266, -0.8499999999999995337, 2.033804600185867260E-16 ) ) ;
#8475 = LINE ( 'NONE', #3806, #427 ) ;
#8476 = DIRECTION ( 'NONE',  ( -1.000000000000000000, -5.364482804331031595E-16, 7.481895947098831472E-32 ) ) ;
#8477 = ORIENTED_EDGE ( 'NONE', *, *, #6639, .T. ) ;
#8478 = STYLED_ITEM ( 'NONE', ( #872 ), #4838 ) ;
#8479 = DIRECTION ( 'NONE',  ( 1.000000000000000000, -1.447921622090530231E-16, -1.249000902703301108E-16 ) ) ;
#8480 =( LENGTH_UNIT ( ) NAMED_UNIT ( * ) SI_UNIT ( .MILLI., .METRE. ) );
#8481 = VERTEX_POINT ( 'NONE', #1019 ) ;
#8482 = ORIENTED_EDGE ( 'NONE', *, *, #1803, .F. ) ;
#8483 = CARTESIAN_POINT ( 'NONE',  ( 1.832110324443659177, -0.3133749497926702210, 0.1697016351448193405 ) ) ;
#8484 = SURFACE_STYLE_USAGE ( .BOTH. , #1153 ) ;
#8485 = MECHANICAL_DESIGN_GEOMETRIC_PRESENTATION_REPRESENTATION (  '', ( #1338 ), #588 ) ;
#8486 = CARTESIAN_POINT ( 'NONE',  ( 1.898799435537111835, -0.1025650803640813374, 0.3094985888427783660 ) ) ;
#8487 = VECTOR ( 'NONE', #5481, 1000.000000000000000 ) ;
#8488 =( GEOMETRIC_REPRESENTATION_CONTEXT ( 3 ) GLOBAL_UNCERTAINTY_ASSIGNED_CONTEXT ( ( #5374 ) ) GLOBAL_UNIT_ASSIGNED_CONTEXT ( ( #732, #2132, #4323 ) ) REPRESENTATION_CONTEXT ( 'NONE', 'WORKASPACE' ) );
#8489 =( NAMED_UNIT ( * ) SI_UNIT ( $, .STERADIAN. ) SOLID_ANGLE_UNIT ( ) );
#8490 = ORIENTED_EDGE ( 'NONE', *, *, #1072, .F. ) ;
#8491 = CARTESIAN_POINT ( 'NONE',  ( 1.681086225569887960, -0.9199999999999999289, 0.6824701013908928138 ) ) ;
#8492 = COLOUR_RGB ( '',1.000000000000000000, 1.000000000000000000, 1.000000000000000000 ) ;
#8493 = ORIENTED_EDGE ( 'NONE', *, *, #4836, .T. ) ;
#8494 = CARTESIAN_POINT ( 'NONE',  ( 1.860774157805494156, 0.5820768785544553348, 0.2144353945137354445 ) ) ;
#8495 = EDGE_CURVE ( 'NONE', #756, #2469, #6240, .T. ) ;
#8496 = CARTESIAN_POINT ( 'NONE',  ( 1.923586541574904940, 0.08663467567265401015, 0.3983921779729356905 ) ) ;
#8497 = DIRECTION ( 'NONE',  ( -1.488806659628715785E-32, -1.117179326706309308E-16, -1.000000000000000000 ) ) ;
#8498 = UNCERTAINTY_MEASURE_WITH_UNIT (LENGTH_MEASURE( 1.000000000000000082E-05 ), #3216, 'distance_accuracy_value', 'NONE');
#8499 =( NAMED_UNIT ( * ) PLANE_ANGLE_UNIT ( ) SI_UNIT ( $, .RADIAN. ) );
#8500 = COLOUR_RGB ( '',1.000000000000000000, 1.000000000000000000, 1.000000000000000000 ) ;
#8501 = PRESENTATION_LAYER_ASSIGNMENT (  '', '', ( #4611 ) ) ;
#8502 = MECHANICAL_DESIGN_GEOMETRIC_PRESENTATION_REPRESENTATION (  '', ( #4159 ), #2746 ) ;
#8503 = EDGE_CURVE ( 'NONE', #9043, #4721, #294, .T. ) ;
#8504 = FILL_AREA_STYLE_COLOUR ( '', #3620 ) ;
#8505 = CARTESIAN_POINT ( 'NONE',  ( 1.975000000000000089, 2.450000000000000622, 0.5000000000000047740 ) ) ;
#8507 = AXIS2_PLACEMENT_3D ( 'NONE', #5436, #3886, #1077 ) ;
#8506 = FILL_AREA_STYLE ('',( #5590 ) ) ;
#8508 = FILL_AREA_STYLE_COLOUR ( '', #5069 ) ;
#8509 = ORIENTED_EDGE ( 'NONE', *, *, #9263, .T. ) ;
#8510 = CARTESIAN_POINT ( 'NONE',  ( 2.909998327955510611, -0.8475000000000001421, -0.1499999999999995226 ) ) ;
#8511 = PLANE ( 'NONE',  #9319 ) ;
#8512 = CARTESIAN_POINT ( 'NONE',  ( 1.844483382715055519, -0.1022405680955968399, 0.2006342808233105846 ) ) ;
#8513 =( GEOMETRIC_REPRESENTATION_CONTEXT ( 3 ) GLOBAL_UNCERTAINTY_ASSIGNED_CONTEXT ( ( #7431 ) ) GLOBAL_UNIT_ASSIGNED_CONTEXT ( ( #7347, #5168, #767 ) ) REPRESENTATION_CONTEXT ( 'NONE', 'WORKASPACE' ) );
#8514 = LINE ( 'NONE', #4860, #3590 ) ;
#8515 = UNCERTAINTY_MEASURE_WITH_UNIT (LENGTH_MEASURE( 1.000000000000000082E-05 ), #126, 'distance_accuracy_value', 'NONE');
#8516 = CARTESIAN_POINT ( 'NONE',  ( 1.822268715318386079, -0.03019156948090153184, 0.1181717882959636284 ) ) ;
#8517 = DIRECTION ( 'NONE',  ( 0.000000000000000000, -1.000000000000000000, 0.000000000000000000 ) ) ;
#8518 = DIRECTION ( 'NONE',  ( -0.3713906763543428080, 0.000000000000000000, -0.9284766908851636025 ) ) ;
#8519 = VECTOR ( 'NONE', #7358, 1000.000000000000114 ) ;
#8520 = VERTEX_POINT ( 'NONE', #8448 ) ;
#8521 = EDGE_LOOP ( 'NONE', ( #4110, #5414, #3791, #3366 ) ) ;
#8522 = EDGE_CURVE ( 'NONE', #9587, #8857, #4652, .T. ) ;
#8523 = PLANE ( 'NONE',  #5748 ) ;
#8524 = ORIENTED_EDGE ( 'NONE', *, *, #3520, .F. ) ;
#8525 = LINE ( 'NONE', #2596, #5542 ) ;
#8526 = CARTESIAN_POINT ( 'NONE',  ( 1.905583152080910558, 0.3646834561604591074, 0.3533837042379491256 ) ) ;
#8527 = DIRECTION ( 'NONE',  ( 0.9976723927324270269, -1.463531740886934826E-16, -0.06818941838404175837 ) ) ;
#8528 = CARTESIAN_POINT ( 'NONE',  ( 2.181086225569887738, -2.189999999999999503, 0.4624701013908927294 ) ) ;
#8529 = STYLED_ITEM ( 'NONE', ( #421 ), #6071 ) ;
#8530 = DIRECTION ( 'NONE',  ( -0.3493550501174261247, 0.3393303772748779701, -0.8733876252935689477 ) ) ;
#8531 = CARTESIAN_POINT ( 'NONE',  ( 1.828453161063755772, 0.3726515730105900426, 0.1605587266950600223 ) ) ;
#8532 = CARTESIAN_POINT ( 'NONE',  ( 1.842854361013784636, -0.3041999279858826899, 0.1696359025344611193 ) ) ;
#8533 = ORIENTED_EDGE ( 'NONE', *, *, #3265, .F. ) ;
#8534 =( GEOMETRIC_REPRESENTATION_CONTEXT ( 3 ) GLOBAL_UNCERTAINTY_ASSIGNED_CONTEXT ( ( #7029 ) ) GLOBAL_UNIT_ASSIGNED_CONTEXT ( ( #2244, #1516, #3317 ) ) REPRESENTATION_CONTEXT ( 'NONE', 'WORKASPACE' ) );
#8535 = MECHANICAL_DESIGN_GEOMETRIC_PRESENTATION_REPRESENTATION (  '', ( #9463 ), #780 ) ;
#8536 = FACE_OUTER_BOUND ( 'NONE', #7610, .T. ) ;
#8537 = VERTEX_POINT ( 'NONE', #7014 ) ;
#8538 = VERTEX_POINT ( 'NONE', #432 ) ;
#8539 = COLOUR_RGB ( '',1.000000000000000000, 1.000000000000000000, 1.000000000000000000 ) ;
#8540 = SURFACE_SIDE_STYLE ('',( #6134 ) ) ;
#8541 = FACE_OUTER_BOUND ( 'NONE', #5346, .T. ) ;
#8542 = LINE ( 'NONE', #7053, #5088 ) ;
#8543 = SURFACE_STYLE_FILL_AREA ( #337 ) ;
#8544 = MECHANICAL_DESIGN_GEOMETRIC_PRESENTATION_REPRESENTATION (  '', ( #9467 ), #8834 ) ;
#8545 = AXIS2_PLACEMENT_3D ( 'NONE', #3930, #3980, #3109 ) ;
#8546 = VERTEX_POINT ( 'NONE', #5577 ) ;
#8547 = AXIS2_PLACEMENT_3D ( 'NONE', #1942, #1350, #9343 ) ;
#8548 = CARTESIAN_POINT ( 'NONE',  ( 1.825756802437726867, -0.3099735560346631447, 0.1538178301299890360 ) ) ;
#8549 = SURFACE_SIDE_STYLE ('',( #4742 ) ) ;
#8550 = EDGE_LOOP ( 'NONE', ( #3440, #7440, #2640, #5934 ) ) ;
#8551 = EDGE_CURVE ( 'NONE', #8010, #273, #342, .T. ) ;
#8552 =( LENGTH_UNIT ( ) NAMED_UNIT ( * ) SI_UNIT ( .MILLI., .METRE. ) );
#8553 = VECTOR ( 'NONE', #6059, 1000.000000000000114 ) ;
#8554 = FILL_AREA_STYLE ('',( #1298 ) ) ;
#8555 = ADVANCED_FACE ( 'NONE', ( #6907 ), #1116, .T. ) ;
#8556 =( GEOMETRIC_REPRESENTATION_CONTEXT ( 3 ) GLOBAL_UNCERTAINTY_ASSIGNED_CONTEXT ( ( #2274 ) ) GLOBAL_UNIT_ASSIGNED_CONTEXT ( ( #6456, #3464, #2142 ) ) REPRESENTATION_CONTEXT ( 'NONE', 'WORKASPACE' ) );
#8557 = EDGE_CURVE ( 'NONE', #1138, #5916, #3252, .T. ) ;
#8558 = LINE ( 'NONE', #7715, #5719 ) ;
#8559 = SURFACE_STYLE_USAGE ( .BOTH. , #5002 ) ;
#8560 =( NAMED_UNIT ( * ) SI_UNIT ( $, .STERADIAN. ) SOLID_ANGLE_UNIT ( ) );
#8561 = CARTESIAN_POINT ( 'NONE',  ( -2.175000000000000266, 1.050000000000000266, -8.883612055612035815E-18 ) ) ;
#8562 =( LENGTH_UNIT ( ) NAMED_UNIT ( * ) SI_UNIT ( .MILLI., .METRE. ) );
#8563 = CARTESIAN_POINT ( 'NONE',  ( 1.854475659170292001, 0.5434191798310895605, 0.2256149719614032323 ) ) ;
#8564 = CARTESIAN_POINT ( 'NONE',  ( 1.876079956011545979, -0.1145848365224679394, 0.2526998900288647265 ) ) ;
#8565 = CARTESIAN_POINT ( 'NONE',  ( 3.016585226210213744, 0.8474999999999999201, 0.6762103879284990793 ) ) ;
#8566 = EDGE_CURVE ( 'NONE', #4785, #3819, #9266, .T. ) ;
#8567 =( NAMED_UNIT ( * ) SI_UNIT ( $, .STERADIAN. ) SOLID_ANGLE_UNIT ( ) );
#8568 = CARTESIAN_POINT ( 'NONE',  ( 1.921591420644876536, 0.4203851540853225099, 0.3664785516121927822 ) ) ;
#8569 = EDGE_CURVE ( 'NONE', #5747, #4193, #6289, .T. ) ;
#8570 = VERTEX_POINT ( 'NONE', #7698 ) ;
#8571 = VERTEX_POINT ( 'NONE', #1064 ) ;
#8572 = ORIENTED_EDGE ( 'NONE', *, *, #4579, .T. ) ;
#8573 = CARTESIAN_POINT ( 'NONE',  ( -1.774999999999999689, -1.599999999999999867, 2.871689095215599919E-16 ) ) ;
#8574 = DIRECTION ( 'NONE',  ( 0.9284766908852604139, -0.000000000000000000, -0.3713906763541007794 ) ) ;
#8575 = CARTESIAN_POINT ( 'NONE',  ( 1.975000000000000089, 2.250000000000000444, 0.000000000000000000 ) ) ;
#8576 = FILL_AREA_STYLE_COLOUR ( '', #3306 ) ;
#8577 = CARTESIAN_POINT ( 'NONE',  ( 1.823208238062372866, 0.5338714812122425935, 0.1474464191916016742 ) ) ;
#8578 = CARTESIAN_POINT ( 'NONE',  ( 1.781319529336187202, -2.189999999999999503, 0.4624701013908927849 ) ) ;
#8579 = ORIENTED_EDGE ( 'NONE', *, *, #360, .T. ) ;
#8580 = LINE ( 'NONE', #567, #2474 ) ;
#8581 = ORIENTED_EDGE ( 'NONE', *, *, #1102, .T. ) ;
#8582 = LINE ( 'NONE', #7051, #3524 ) ;
#8583 = SURFACE_STYLE_FILL_AREA ( #7691 ) ;
#8584 = CARTESIAN_POINT ( 'NONE',  ( 2.909998327955510611, 0.8474999999999999201, -0.1499999999999995226 ) ) ;
#8585 = LINE ( 'NONE', #1930, #584 ) ;
#8586 = ORIENTED_EDGE ( 'NONE', *, *, #9050, .T. ) ;
#8587 = LINE ( 'NONE', #9510, #2000 ) ;
#8588 = MECHANICAL_DESIGN_GEOMETRIC_PRESENTATION_REPRESENTATION (  '', ( #7010 ), #2725 ) ;
#8589 = CIRCLE ( 'NONE', #4396, 0.3017393217012238060 ) ;
#8590 = CARTESIAN_POINT ( 'NONE',  ( 2.483214825035667594, 1.620000000000000107, 0.2050386854289296956 ) ) ;
#8591 = VECTOR ( 'NONE', #6442, 1000.000000000000000 ) ;
#8592 = ORIENTED_EDGE ( 'NONE', *, *, #7934, .F. ) ;
#8593 = CARTESIAN_POINT ( 'NONE',  ( 1.820095359200621710, 0.4352817793311907768, 0.1127383980015535109 ) ) ;
#8594 = CARTESIAN_POINT ( 'NONE',  ( 1.812169338668674579, 0.08663467567265401015, 0.1198491707073576495 ) ) ;
#8595 = CARTESIAN_POINT ( 'NONE',  ( -1.775000000000000133, 1.600000000000000311, 0.000000000000000000 ) ) ;
#8596 = CARTESIAN_POINT ( 'NONE',  ( 2.517749029844000397, 1.620000000000000107, 0.7103050971205200348 ) ) ;
#8597 = LINE ( 'NONE', #8505, #3400 ) ;
#8598 = LINE ( 'NONE', #7859, #3414 ) ;
#8599 = PLANE ( 'NONE',  #5210 ) ;
#8600 =( NAMED_UNIT ( * ) PLANE_ANGLE_UNIT ( ) SI_UNIT ( $, .RADIAN. ) );
#8601 = CARTESIAN_POINT ( 'NONE',  ( 2.716990092096919440, 1.692499999999999893, 0.08370509301950887493 ) ) ;
#8602 = EDGE_CURVE ( 'NONE', #3251, #6518, #4120, .T. ) ;
#8603 = CARTESIAN_POINT ( 'NONE',  ( 2.909998327955510611, 1.692499999999999893, -0.1499999999999995226 ) ) ;
#8604 = UNCERTAINTY_MEASURE_WITH_UNIT (LENGTH_MEASURE( 1.000000000000000082E-05 ), #5607, 'distance_accuracy_value', 'NONE');
#8605 =( LENGTH_UNIT ( ) NAMED_UNIT ( * ) SI_UNIT ( .MILLI., .METRE. ) );
#8606 = LINE ( 'NONE', #8648, #5358 ) ;
#8607 = DIRECTION ( 'NONE',  ( 0.9943564755676919109, -1.410220274669976605E-16, 0.1060905250085903556 ) ) ;
#8608 = DIRECTION ( 'NONE',  ( 1.447921622090529492E-16, 1.000000000000000000, -2.498792926766732971E-16 ) ) ;
#8609 = VERTEX_POINT ( 'NONE', #2615 ) ;
#8610 = ORIENTED_EDGE ( 'NONE', *, *, #2366, .T. ) ;
#8611 = LINE ( 'NONE', #1956, #1551 ) ;
#8612 = FILL_AREA_STYLE_COLOUR ( '', #5959 ) ;
#8613 = PRESENTATION_STYLE_ASSIGNMENT (( #6374 ) ) ;
#8614 = CARTESIAN_POINT ( 'NONE',  ( 1.681086225569887960, 0.3500000000000001443, 0.6824701013908928138 ) ) ;
#8615 = CARTESIAN_POINT ( 'NONE',  ( 1.825780938935837261, 0.3894967754400158744, 0.1538781713752641889 ) ) ;
#8616 = COLOUR_RGB ( '',1.000000000000000000, 1.000000000000000000, 1.000000000000000000 ) ;
#8617 = CARTESIAN_POINT ( 'NONE',  ( 1.911357824182757570, 0.003803120794605252368, 0.3678203844925673760 ) ) ;
#8618 = ORIENTED_EDGE ( 'NONE', *, *, #2167, .F. ) ;
#8619 = DIRECTION ( 'NONE',  ( 1.447921622090529492E-16, 1.000000000000000000, -2.498792926766732971E-16 ) ) ;
#8620 = CARTESIAN_POINT ( 'NONE',  ( 1.913454734071587948, 0.5397998468855425003, 0.3730626592146431553 ) ) ;
#8621 = ORIENTED_EDGE ( 'NONE', *, *, #3793, .T. ) ;
#8622 = DIRECTION ( 'NONE',  ( 0.1060905250085903556, -4.303867851713705188E-17, -0.9943564755676919109 ) ) ;
#8623 = SURFACE_SIDE_STYLE ('',( #8543 ) ) ;
#8624 = CARTESIAN_POINT ( 'NONE',  ( 1.681086225569887960, 1.620000000000000329, 0.6824701013908928138 ) ) ;
#8625 = SURFACE_STYLE_FILL_AREA ( #7942 ) ;
#8626 = EDGE_LOOP ( 'NONE', ( #9376, #5147, #558, #8572, #8858, #8941 ) ) ;
#8627 = STYLED_ITEM ( 'NONE', ( #3783 ), #2376 ) ;
#8628 = CARTESIAN_POINT ( 'NONE',  ( -1.975000000000000089, -1.049999999999999600, 0.2700000000000001843 ) ) ;
#8629 = FACE_OUTER_BOUND ( 'NONE', #5978, .T. ) ;
#8630 =( GEOMETRIC_REPRESENTATION_CONTEXT ( 3 ) GLOBAL_UNCERTAINTY_ASSIGNED_CONTEXT ( ( #2867 ) ) GLOBAL_UNIT_ASSIGNED_CONTEXT ( ( #9190, #4764, #1134 ) ) REPRESENTATION_CONTEXT ( 'NONE', 'WORKASPACE' ) );
#8631 = ORIENTED_EDGE ( 'NONE', *, *, #3554, .F. ) ;
#8632 = CARTESIAN_POINT ( 'NONE',  ( 1.829170475201820301, 0.5219342765702187359, 0.1354261880045509459 ) ) ;
#8633 = CARTESIAN_POINT ( 'NONE',  ( 2.378862465107961288, 2.189999999999999947, 0.6824701013908925917 ) ) ;
#8634 = DIRECTION ( 'NONE',  ( 0.3713906763541002798, 0.000000000000000000, 0.9284766908852607470 ) ) ;
#8635 = VECTOR ( 'NONE', #8952, 1000.000000000000000 ) ;
#8636 = PRESENTATION_LAYER_ASSIGNMENT (  '', '', ( #7701 ) ) ;
#8637 = SURFACE_STYLE_FILL_AREA ( #7714 ) ;
#8638 = PRESENTATION_STYLE_ASSIGNMENT (( #1792 ) ) ;
#8639 =( NAMED_UNIT ( * ) PLANE_ANGLE_UNIT ( ) SI_UNIT ( $, .RADIAN. ) );
#8640 = FILL_AREA_STYLE ('',( #8508 ) ) ;
#8641 = DIRECTION ( 'NONE',  ( 1.000000000000000000, -1.447921622090530231E-16, -1.249000902703301108E-16 ) ) ;
#8642 = STYLED_ITEM ( 'NONE', ( #8311 ), #4771 ) ;
#8643 = FACE_OUTER_BOUND ( 'NONE', #2702, .T. ) ;
#8644 = DIRECTION ( 'NONE',  ( 1.447921622090529492E-16, 1.000000000000000000, -2.498792926766732971E-16 ) ) ;
#8645 = AXIS2_PLACEMENT_3D ( 'NONE', #6868, #8296, #4603 ) ;
#8646 = STYLED_ITEM ( 'NONE', ( #4667 ), #7501 ) ;
#8647 = LINE ( 'NONE', #3457, #6910 ) ;
#8648 = CARTESIAN_POINT ( 'NONE',  ( 2.517749029844000397, -0.8475000000000000311, 0.7103050971205200348 ) ) ;
#8649 = EDGE_CURVE ( 'NONE', #6172, #7768, #3194, .T. ) ;
#8650 = MECHANICAL_DESIGN_GEOMETRIC_PRESENTATION_REPRESENTATION (  '', ( #1215 ), #8663 ) ;
#8651 = ORIENTED_EDGE ( 'NONE', *, *, #4347, .T. ) ;
#8652 = CARTESIAN_POINT ( 'NONE',  ( 2.716990092096919440, 0.4225000000000000422, 0.08370509301950887493 ) ) ;
#8653 = ORIENTED_EDGE ( 'NONE', *, *, #9071, .F. ) ;
#8654 = CARTESIAN_POINT ( 'NONE',  ( 1.830172728162668960, 0.3646834561604590519, 0.1648576444423442422 ) ) ;
#8655 = SURFACE_STYLE_USAGE ( .BOTH. , #5696 ) ;
#8656 = EDGE_CURVE ( 'NONE', #4527, #366, #7607, .T. ) ;
#8657 = FACE_OUTER_BOUND ( 'NONE', #2407, .T. ) ;
#8658 = DIRECTION ( 'NONE',  ( -1.000000000000000000, 2.098455817713879319E-16, 0.000000000000000000 ) ) ;
#8659 = LINE ( 'NONE', #8578, #3374 ) ;
#8660 = VECTOR ( 'NONE', #4697, 1000.000000000000000 ) ;
#8661 = CARTESIAN_POINT ( 'NONE',  ( 1.896604947555304843, -0.09080210414373639238, 0.3309381929239351150 ) ) ;
#8662 = VERTEX_POINT ( 'NONE', #4794 ) ;
#8663 =( GEOMETRIC_REPRESENTATION_CONTEXT ( 3 ) GLOBAL_UNCERTAINTY_ASSIGNED_CONTEXT ( ( #6649 ) ) GLOBAL_UNIT_ASSIGNED_CONTEXT ( ( #2761, #3539, #9474 ) ) REPRESENTATION_CONTEXT ( 'NONE', 'WORKASPACE' ) );
#8664 = SURFACE_STYLE_FILL_AREA ( #4880 ) ;
#8665 = EDGE_CURVE ( 'NONE', #2565, #8317, #2471, .T. ) ;
#8666 = EDGE_CURVE ( 'NONE', #1468, #956, #1978, .T. ) ;
#8667 = CARTESIAN_POINT ( 'NONE',  ( 1.924902161769765030, 0.4524369235607308970, 0.4016812284600861371 ) ) ;
#8668 = ORIENTED_EDGE ( 'NONE', *, *, #8656, .F. ) ;
#8669 = AXIS2_PLACEMENT_3D ( 'NONE', #8956, #37, #2894 ) ;
#8670 =( LENGTH_UNIT ( ) NAMED_UNIT ( * ) SI_UNIT ( .MILLI., .METRE. ) );
#8671 = STYLED_ITEM ( 'NONE', ( #1624 ), #5975 ) ;
#8672 = CARTESIAN_POINT ( 'NONE',  ( 2.517749029844000397, -0.3500000000000000333, 0.7103050971205200348 ) ) ;
#8673 = CARTESIAN_POINT ( 'NONE',  ( 1.824151274814832524, 0.3670714932136552311, 0.1228781870370799223 ) ) ;
#8674 = CARTESIAN_POINT ( 'NONE',  ( 1.880106657513936907, -0.2594400194492972878, 0.2896924678205149983 ) ) ;
#8675 = EDGE_CURVE ( 'NONE', #5135, #755, #1207, .T. ) ;
#8676 = SURFACE_SIDE_STYLE ('',( #5716 ) ) ;
#8677 = ORIENTED_EDGE ( 'NONE', *, *, #5330, .F. ) ;
#8678 = PRESENTATION_LAYER_ASSIGNMENT (  '', '', ( #3256 ) ) ;
#8679 = FILL_AREA_STYLE_COLOUR ( '', #8360 ) ;
#8680 = VECTOR ( 'NONE', #4365, 1000.000000000000000 ) ;
#8681 = FACE_OUTER_BOUND ( 'NONE', #3462, .T. ) ;
#8682 = PRESENTATION_STYLE_ASSIGNMENT (( #719 ) ) ;
#8683 = VECTOR ( 'NONE', #269, 999.9999999999998863 ) ;
#8684 = CARTESIAN_POINT ( 'NONE',  ( 1.923586541574904940, -0.1767799584736875484, 0.3983921779729356905 ) ) ;
#8685 = COLOUR_RGB ( '',1.000000000000000000, 1.000000000000000000, 1.000000000000000000 ) ;
#8686 = FACE_OUTER_BOUND ( 'NONE', #9529, .T. ) ;
#8687 = STYLED_ITEM ( 'NONE', ( #1223 ), #2033 ) ;
#8688 = EDGE_CURVE ( 'NONE', #1468, #2298, #1535, .T. ) ;
#8689 = CARTESIAN_POINT ( 'NONE',  ( 1.908740746380474196, 0.3817746361060514459, 0.3612776899868606617 ) ) ;
#8690 = PRESENTATION_LAYER_ASSIGNMENT (  '', '', ( #3578 ) ) ;
#8691 = FACE_OUTER_BOUND ( 'NONE', #7477, .T. ) ;
#8692 = AXIS2_PLACEMENT_3D ( 'NONE', #5327, #979, #299 ) ;
#8693 = LINE ( 'NONE', #2629, #161 ) ;
#8694 = FILL_AREA_STYLE ('',( #6578 ) ) ;
#8695 = FILL_AREA_STYLE_COLOUR ( '', #6897 ) ;
#8696 = CARTESIAN_POINT ( 'NONE',  ( 1.823760461885838069, 0.4586220156241705981, 0.1488269787502656816 ) ) ;
#8697 = CARTESIAN_POINT ( 'NONE',  ( 1.824430698596160694, -0.002126440003930568819, 0.1505025705260727986 ) ) ;
#8698 = UNCERTAINTY_MEASURE_WITH_UNIT (LENGTH_MEASURE( 1.000000000000000082E-05 ), #8772, 'distance_accuracy_value', 'NONE');
#8699 = DIRECTION ( 'NONE',  ( 3.608224830031759249E-16, 1.000000000000000000, -1.117179326706309062E-16 ) ) ;
#8700 = CARTESIAN_POINT ( 'NONE',  ( -1.975000000000000089, 1.050000000000000266, -8.883612055612035815E-18 ) ) ;
#8701 = DIRECTION ( 'NONE',  ( -1.488806659628715785E-32, -1.117179326706309308E-16, -1.000000000000000000 ) ) ;
#8702 = PRESENTATION_LAYER_ASSIGNMENT (  '', '', ( #3431 ) ) ;
#8703 =( NAMED_UNIT ( * ) PLANE_ANGLE_UNIT ( ) SI_UNIT ( $, .RADIAN. ) );
#8704 = VERTEX_POINT ( 'NONE', #8628 ) ;
#8705 = DIRECTION ( 'NONE',  ( 1.488806659628715785E-32, 1.117179326706309308E-16, 1.000000000000000000 ) ) ;
#8706 = EDGE_LOOP ( 'NONE', ( #3297, #5180, #6121, #7982 ) ) ;
#8707 = CARTESIAN_POINT ( 'NONE',  ( 1.850115088015558573, 0.5400113300577781272, 0.2147135440745670809 ) ) ;
#8708 = DIRECTION ( 'NONE',  ( -0.06818941838404181388, -1.789660620253718485E-17, -0.9976723927324270269 ) ) ;
#8709 = FILL_AREA_STYLE_COLOUR ( '', #5227 ) ;
#8710 =( LENGTH_UNIT ( ) NAMED_UNIT ( * ) SI_UNIT ( .MILLI., .METRE. ) );
#8711 = CARTESIAN_POINT ( 'NONE',  ( 1.880106657513936907, -0.3597639523761265723, 0.2896924678205149983 ) ) ;
#8712 = ORIENTED_EDGE ( 'NONE', *, *, #8977, .T. ) ;
#8713 = VECTOR ( 'NONE', #2658, 1000.000000000000000 ) ;
#8714 = CARTESIAN_POINT ( 'NONE',  ( 1.906006896304923925, 0.5586995679823562044, 0.3544430647979828763 ) ) ;
#8715 = ORIENTED_EDGE ( 'NONE', *, *, #1029, .T. ) ;
#8716 = CARTESIAN_POINT ( 'NONE',  ( 3.016585226210213744, 1.692499999999999893, 0.6762103879284991903 ) ) ;
#8717 = LINE ( 'NONE', #573, #1831 ) ;
#8718 = SURFACE_STYLE_USAGE ( .BOTH. , #9591 ) ;
#8719 = EDGE_CURVE ( 'NONE', #7897, #7789, #2705, .T. ) ;
#8720 = UNCERTAINTY_MEASURE_WITH_UNIT (LENGTH_MEASURE( 1.000000000000000082E-05 ), #5250, 'distance_accuracy_value', 'NONE');
#8721 = SURFACE_SIDE_STYLE ('',( #2802 ) ) ;
#8722 = EDGE_CURVE ( 'NONE', #6027, #2256, #9462, .T. ) ;
#8723 = FILL_AREA_STYLE_COLOUR ( '', #2275 ) ;
#8724 = ORIENTED_EDGE ( 'NONE', *, *, #393, .T. ) ;
#8725 = CARTESIAN_POINT ( 'NONE',  ( 1.912044874910670877, 0.4641508154314675227, 0.3695380113123516441 ) ) ;
#8726 = STYLED_ITEM ( 'NONE', ( #2548 ), #3817 ) ;
#8727 = CARTESIAN_POINT ( 'NONE',  ( 2.461382810556700385, 1.620000000000000107, -0.1143832811983292869 ) ) ;
#8728 = AXIS2_PLACEMENT_3D ( 'NONE', #5869, #3595, #4276 ) ;
#8729 = PLANE ( 'NONE',  #6013 ) ;
#8730 = DIRECTION ( 'NONE',  ( 0.3713906763541002798, 0.000000000000000000, 0.9284766908852607470 ) ) ;
#8731 = CARTESIAN_POINT ( 'NONE',  ( 2.461382810556700385, 0.9200000000000000400, -0.1143832811983292869 ) ) ;
#8732 = CARTESIAN_POINT ( 'NONE',  ( 1.826064197119763755, 0.4802556829742888334, 0.1545863168350826711 ) ) ;
#8733 = CARTESIAN_POINT ( 'NONE',  ( 1.848314504322790874, -0.1067785653571871468, 0.2102120848426495825 ) ) ;
#8734 = CARTESIAN_POINT ( 'NONE',  ( 1.820095359200621710, 0.4352817793311907768, 0.1127383980015535109 ) ) ;
#8735 = DIRECTION ( 'NONE',  ( 0.06818941838404181388, 1.789660620253718794E-17, 0.9976723927324270269 ) ) ;
#8736 = AXIS2_PLACEMENT_3D ( 'NONE', #2814, #4366, #5764 ) ;
#8737 = PRESENTATION_STYLE_ASSIGNMENT (( #8236 ) ) ;
#8738 = CARTESIAN_POINT ( 'NONE',  ( 0.000000000000000000, -1.799775028121500808, 0.9899999999999999911 ) ) ;
#8739 = STYLED_ITEM ( 'NONE', ( #6447 ), #536 ) ;
#8740 = SURFACE_SIDE_STYLE ('',( #2003 ) ) ;
#8741 = ORIENTED_EDGE ( 'NONE', *, *, #7363, .F. ) ;
#8742 = PLANE ( 'NONE',  #4057 ) ;
#8743 = CARTESIAN_POINT ( 'NONE',  ( 1.847960035568624315, 0.5237790775136970112, 0.1824000889215601773 ) ) ;
#8744 = SURFACE_SIDE_STYLE ('',( #2008 ) ) ;
#8745 = CARTESIAN_POINT ( 'NONE',  ( 1.920642591091610285, 0.7268785781116783307, 0.3641064777290263788 ) ) ;
#8746 = LINE ( 'NONE', #9493, #1203 ) ;
#8747 = SURFACE_STYLE_USAGE ( .BOTH. , #5156 ) ;
#8748 = VERTEX_POINT ( 'NONE', #6432 ) ;
#8749 =( NAMED_UNIT ( * ) PLANE_ANGLE_UNIT ( ) SI_UNIT ( $, .RADIAN. ) );
#8750 = CARTESIAN_POINT ( 'NONE',  ( 1.885234556201959233, 0.5875765517206066324, 0.2755863905048982487 ) ) ;
#8751 = ORIENTED_EDGE ( 'NONE', *, *, #5578, .T. ) ;
#8752 =( LENGTH_UNIT ( ) NAMED_UNIT ( * ) SI_UNIT ( .MILLI., .METRE. ) );
#8753 =( NAMED_UNIT ( * ) PLANE_ANGLE_UNIT ( ) SI_UNIT ( $, .RADIAN. ) );
#8754 = LINE ( 'NONE', #7939, #2609 ) ;
#8755 = SURFACE_STYLE_USAGE ( .BOTH. , #625 ) ;
#8756 = STYLED_ITEM ( 'NONE', ( #7991 ), #2836 ) ;
#8757 = FILL_AREA_STYLE ('',( #5938 ) ) ;
#8758 = ORIENTED_EDGE ( 'NONE', *, *, #7401, .T. ) ;
#8759 = CARTESIAN_POINT ( 'NONE',  ( 1.853463244537822296, -0.1438672726359227216, 0.1961581113445575175 ) ) ;
#8760 = VECTOR ( 'NONE', #817, 1000.000000000000000 ) ;
#8761 = FACE_OUTER_BOUND ( 'NONE', #149, .T. ) ;
#8762 = EDGE_CURVE ( 'NONE', #8469, #607, #7946, .T. ) ;
#8763 = CARTESIAN_POINT ( 'NONE',  ( -1.975000000000000089, -0.8499999999999995337, 0.2700000000000001843 ) ) ;
#8764 = PRESENTATION_LAYER_ASSIGNMENT (  '', '', ( #1805 ) ) ;
#8765 = MECHANICAL_DESIGN_GEOMETRIC_PRESENTATION_REPRESENTATION (  '', ( #4274 ), #5359 ) ;
#8767 = EDGE_CURVE ( 'NONE', #7549, #8857, #8587, .T. ) ;
#8766 = DIRECTION ( 'NONE',  ( 1.447921622090529492E-16, 1.000000000000000000, -2.498792926766732971E-16 ) ) ;
#8768 = AXIS2_PLACEMENT_3D ( 'NONE', #1992, #2077, #3542 ) ;
#8769 = VECTOR ( 'NONE', #7215, 1000.000000000000114 ) ;
#8770 = CARTESIAN_POINT ( 'NONE',  ( -1.975000000000000089, -0.8499999999999995337, 2.033804600185867013E-16 ) ) ;
#8771 = EDGE_CURVE ( 'NONE', #2344, #6818, #7847, .T. ) ;
#8772 =( LENGTH_UNIT ( ) NAMED_UNIT ( * ) SI_UNIT ( .MILLI., .METRE. ) );
#8773 = SURFACE_SIDE_STYLE ('',( #640 ) ) ;
#8774 = CARTESIAN_POINT ( 'NONE',  ( 2.470334063891023292E-16, -2.250000000000000444, 1.000000000000000000 ) ) ;
#8775 = CARTESIAN_POINT ( 'NONE',  ( -2.774999999999999467, 2.107500000000001261, -1.270253258548043214E-16 ) ) ;
#8776 = VECTOR ( 'NONE', #4013, 1000.000000000000000 ) ;
#8777 = MECHANICAL_DESIGN_GEOMETRIC_PRESENTATION_REPRESENTATION (  '', ( #3821 ), #5831 ) ;
#8778 = COLOUR_RGB ( '',1.000000000000000000, 1.000000000000000000, 1.000000000000000000 ) ;
#8779 =( NAMED_UNIT ( * ) PLANE_ANGLE_UNIT ( ) SI_UNIT ( $, .RADIAN. ) );
#8780 =( GEOMETRIC_REPRESENTATION_CONTEXT ( 3 ) GLOBAL_UNCERTAINTY_ASSIGNED_CONTEXT ( ( #4136 ) ) GLOBAL_UNIT_ASSIGNED_CONTEXT ( ( #6459, #3510, #3467 ) ) REPRESENTATION_CONTEXT ( 'NONE', 'WORKASPACE' ) );
#8781 = CARTESIAN_POINT ( 'NONE',  ( 2.235025199989362221, 0.3500000000000000888, 0.6824701013908928138 ) ) ;
#8782 = STYLED_ITEM ( 'NONE', ( #7330 ), #5477 ) ;
#8783 = DIRECTION ( 'NONE',  ( 2.166085619527817307E-16, -1.000000000000000000, 2.498792926766732478E-16 ) ) ;
#8784 = CARTESIAN_POINT ( 'NONE',  ( -0.3017393217012238060, -1.799775028121500808, 0.9899999999999999911 ) ) ;
#8785 = VERTEX_POINT ( 'NONE', #7110 ) ;
#8786 = VECTOR ( 'NONE', #3230, 1000.000000000000114 ) ;
#8787 = DIRECTION ( 'NONE',  ( 0.9284766908852604139, -0.000000000000000000, -0.3713906763541007794 ) ) ;
#8788 = CARTESIAN_POINT ( 'NONE',  ( 1.830672232824847701, -0.1207273167959836552, 0.1661064060977915369 ) ) ;
#8789 = CARTESIAN_POINT ( 'NONE',  ( 1.913454734071587948, 0.5397998468855425003, 0.3730626592146431553 ) ) ;
#8790 = CARTESIAN_POINT ( 'NONE',  ( 1.681086225569887960, -1.694999999999999840, 0.4624701013908926739 ) ) ;
#8791 = UNCERTAINTY_MEASURE_WITH_UNIT (LENGTH_MEASURE( 1.000000000000000082E-05 ), #8402, 'distance_accuracy_value', 'NONE');
#8792 = LINE ( 'NONE', #8845, #2290 ) ;
#8793 = CARTESIAN_POINT ( 'NONE',  ( 1.823039309683916587, 0.4349387915263127069, 0.1470240982454628087 ) ) ;
#8794 = SURFACE_SIDE_STYLE ('',( #1370 ) ) ;
#8795 = MECHANICAL_DESIGN_GEOMETRIC_PRESENTATION_REPRESENTATION (  '', ( #3687 ), #599 ) ;
#8796 = LINE ( 'NONE', #8313, #4466 ) ;
#8797 = ORIENTED_EDGE ( 'NONE', *, *, #793, .F. ) ;
#8798 = FACE_OUTER_BOUND ( 'NONE', #329, .T. ) ;
#8799 = EDGE_CURVE ( 'NONE', #755, #2996, #2068, .T. ) ;
#8800 = CARTESIAN_POINT ( 'NONE',  ( 1.933392887477723754, 0.4774987331228205956, 0.3959822186943098843 ) ) ;
#8801 = ORIENTED_EDGE ( 'NONE', *, *, #3793, .F. ) ;
#8802 = ORIENTED_EDGE ( 'NONE', *, *, #6338, .F. ) ;
#8803 = VERTEX_POINT ( 'NONE', #582 ) ;
#8804 = ORIENTED_EDGE ( 'NONE', *, *, #4989, .F. ) ;
#8805 =( NAMED_UNIT ( * ) PLANE_ANGLE_UNIT ( ) SI_UNIT ( $, .RADIAN. ) );
#8806 = DIRECTION ( 'NONE',  ( -2.112773557637960693E-16, -1.000000000000000000, 1.117179326706309308E-16 ) ) ;
#8807 = AXIS2_PLACEMENT_3D ( 'NONE', #9340, #9600, #2674 ) ;
#8808 = VECTOR ( 'NONE', #4298, 1000.000000000000000 ) ;
#8809 = DIRECTION ( 'NONE',  ( -1.447921622090529492E-16, -1.000000000000000000, 2.498792926766732971E-16 ) ) ;
#8810 = CARTESIAN_POINT ( 'NONE',  ( 1.820104645204514648, 0.4317937211440443512, 0.1127616130112867043 ) ) ;
#8811 = UNCERTAINTY_MEASURE_WITH_UNIT (LENGTH_MEASURE( 1.000000000000000082E-05 ), #2648, 'distance_accuracy_value', 'NONE');
#8812 = AXIS2_PLACEMENT_3D ( 'NONE', #4398, #6523, #7300 ) ;
#8813 =( NAMED_UNIT ( * ) PLANE_ANGLE_UNIT ( ) SI_UNIT ( $, .RADIAN. ) );
#8814 = PRESENTATION_STYLE_ASSIGNMENT (( #4441 ) ) ;
#8815 = ORIENTED_EDGE ( 'NONE', *, *, #6566, .F. ) ;
#8816 = FACE_OUTER_BOUND ( 'NONE', #1613, .T. ) ;
#8817 =( GEOMETRIC_REPRESENTATION_CONTEXT ( 3 ) GLOBAL_UNCERTAINTY_ASSIGNED_CONTEXT ( ( #7999 ) ) GLOBAL_UNIT_ASSIGNED_CONTEXT ( ( #927, #6628, #3873 ) ) REPRESENTATION_CONTEXT ( 'NONE', 'WORKASPACE' ) );
#8818 = AXIS2_PLACEMENT_3D ( 'NONE', #2812, #4315, #2224 ) ;
#8819 = CARTESIAN_POINT ( 'NONE',  ( 1.908740746380474196, 0.3817746361060514459, 0.3612776899868606617 ) ) ;
#8820 = VECTOR ( 'NONE', #5520, 1000.000000000000114 ) ;
#8821 =( GEOMETRIC_REPRESENTATION_CONTEXT ( 3 ) GLOBAL_UNCERTAINTY_ASSIGNED_CONTEXT ( ( #5192 ) ) GLOBAL_UNIT_ASSIGNED_CONTEXT ( ( #8042, #7255, #7303 ) ) REPRESENTATION_CONTEXT ( 'NONE', 'WORKASPACE' ) );
#8822 = LINE ( 'NONE', #94, #7731 ) ;
#8823 = LINE ( 'NONE', #2177, #8519 ) ;
#8824 = COLOUR_RGB ( '',1.000000000000000000, 1.000000000000000000, 1.000000000000000000 ) ;
#8825 = ADVANCED_FACE ( 'NONE', ( #1932 ), #9420, .F. ) ;
#8826 = VECTOR ( 'NONE', #3707, 1000.000000000000000 ) ;
#8827 =( NAMED_UNIT ( * ) SI_UNIT ( $, .STERADIAN. ) SOLID_ANGLE_UNIT ( ) );
#8828 = CARTESIAN_POINT ( 'NONE',  ( 1.894540810467788994, 0.5313503996380554151, 0.3257778502051457137 ) ) ;
#8829 =( GEOMETRIC_REPRESENTATION_CONTEXT ( 3 ) GLOBAL_UNCERTAINTY_ASSIGNED_CONTEXT ( ( #8720 ) ) GLOBAL_UNIT_ASSIGNED_CONTEXT ( ( #5250, #4376, #1797 ) ) REPRESENTATION_CONTEXT ( 'NONE', 'WORKASPACE' ) );
#8830 = CARTESIAN_POINT ( 'NONE',  ( 1.975000000000000089, 2.450000000000000622, 0.5000000000000047740 ) ) ;
#8831 = SURFACE_STYLE_FILL_AREA ( #4370 ) ;
#8832 =( NAMED_UNIT ( * ) SI_UNIT ( $, .STERADIAN. ) SOLID_ANGLE_UNIT ( ) );
#8833 = ADVANCED_FACE ( 'NONE', ( #8816 ), #7351, .T. ) ;
#8834 =( GEOMETRIC_REPRESENTATION_CONTEXT ( 3 ) GLOBAL_UNCERTAINTY_ASSIGNED_CONTEXT ( ( #2887 ) ) GLOBAL_UNIT_ASSIGNED_CONTEXT ( ( #7940, #8032, #4437 ) ) REPRESENTATION_CONTEXT ( 'NONE', 'WORKASPACE' ) );
#8835 = ADVANCED_FACE ( 'NONE', ( #3668 ), #4544, .T. ) ;
#8836 = AXIS2_PLACEMENT_3D ( 'NONE', #4214, #2708, #9272 ) ;
#8837 = AXIS2_PLACEMENT_3D ( 'NONE', #8830, #4368, #2182 ) ;
#8838 = PLANE ( 'NONE',  #382 ) ;
#8839 = FILL_AREA_STYLE ('',( #4416 ) ) ;
#8840 = SURFACE_SIDE_STYLE ('',( #8060 ) ) ;
#8841 = ORIENTED_EDGE ( 'NONE', *, *, #6277, .T. ) ;
#8842 = CARTESIAN_POINT ( 'NONE',  ( 1.864456991410381237, -0.1547095915088436691, 0.2505683025616253778 ) ) ;
#8843 = LINE ( 'NONE', #3836, #6603 ) ;
#8844 = FACE_OUTER_BOUND ( 'NONE', #2641, .T. ) ;
#8845 = CARTESIAN_POINT ( 'NONE',  ( -1.502272727272729647, 1.977272727272729513, 1.681818181818179880 ) ) ;
#8846 = SURFACE_SIDE_STYLE ('',( #4381 ) ) ;
#8847 = STYLED_ITEM ( 'NONE', ( #7181 ), #2338 ) ;
#8848 = SURFACE_STYLE_USAGE ( .BOTH. , #5784 ) ;
#8849 = CARTESIAN_POINT ( 'NONE',  ( 2.235025199989362221, 1.620000000000000107, 0.6824701013908928138 ) ) ;
#8850 = CARTESIAN_POINT ( 'NONE',  ( 1.932757102147926620, -0.01193570643909260334, 0.3943927553698175492 ) ) ;
#8851 = ORIENTED_EDGE ( 'NONE', *, *, #8238, .T. ) ;
#8852 = ADVANCED_FACE ( 'NONE', ( #7452 ), #824, .T. ) ;
#8853 = MECHANICAL_DESIGN_GEOMETRIC_PRESENTATION_REPRESENTATION (  '', ( #964 ), #6822 ) ;
#8854 = CARTESIAN_POINT ( 'NONE',  ( 2.739492600163652813, 2.117500000000000160, 0.4129369826212097028 ) ) ;
#8855 = ORIENTED_EDGE ( 'NONE', *, *, #7922, .F. ) ;
#8856 = ORIENTED_EDGE ( 'NONE', *, *, #4263, .F. ) ;
#8857 = VERTEX_POINT ( 'NONE', #5566 ) ;
#8858 = ORIENTED_EDGE ( 'NONE', *, *, #1251, .T. ) ;
#8859 = SURFACE_SIDE_STYLE ('',( #2740 ) ) ;
#8860 = PRESENTATION_STYLE_ASSIGNMENT (( #8718 ) ) ;
#8861 = AXIS2_PLACEMENT_3D ( 'NONE', #989, #262, #9140 ) ;
#8862 = FILL_AREA_STYLE ('',( #766 ) ) ;
#8863 = EDGE_LOOP ( 'NONE', ( #8237, #8621, #2318, #26, #1921, #225, #3473, #8841 ) ) ;
#8864 =( LENGTH_UNIT ( ) NAMED_UNIT ( * ) SI_UNIT ( .MILLI., .METRE. ) );
#8865 = CARTESIAN_POINT ( 'NONE',  ( 1.912306653736024042, 0.4203851540853225099, 0.3701924583757337794 ) ) ;
#8866 =( LENGTH_UNIT ( ) NAMED_UNIT ( * ) SI_UNIT ( .MILLI., .METRE. ) );
#8867 = SURFACE_STYLE_FILL_AREA ( #4501 ) ;
#8868 = DIRECTION ( 'NONE',  ( 1.000000000000000000, -1.806425379650513412E-15, 1.869220423420277720E-31 ) ) ;
#8869 = MECHANICAL_DESIGN_GEOMETRIC_PRESENTATION_REPRESENTATION (  '', ( #8726 ), #364 ) ;
#8870 = FILL_AREA_STYLE ('',( #637 ) ) ;
#8871 = DIRECTION ( 'NONE',  ( 0.3459792421768996262, -0.3635424856527065263, 0.8649481054422570869 ) ) ;
#8872 = PRESENTATION_STYLE_ASSIGNMENT (( #1491 ) ) ;
#8873 = VERTEX_POINT ( 'NONE', #6130 ) ;
#8874 = SURFACE_STYLE_USAGE ( .BOTH. , #3686 ) ;
#8875 =( NAMED_UNIT ( * ) PLANE_ANGLE_UNIT ( ) SI_UNIT ( $, .RADIAN. ) );
#8876 = UNCERTAINTY_MEASURE_WITH_UNIT (LENGTH_MEASURE( 1.000000000000000082E-05 ), #2566, 'distance_accuracy_value', 'NONE');
#8877 =( NAMED_UNIT ( * ) PLANE_ANGLE_UNIT ( ) SI_UNIT ( $, .RADIAN. ) );
#8878 = DIRECTION ( 'NONE',  ( -7.233796894823277695E-16, 1.000000000000000000, -1.117179326706309308E-16 ) ) ;
#8879 = MECHANICAL_DESIGN_GEOMETRIC_PRESENTATION_REPRESENTATION (  '', ( #5928 ), #7164 ) ;
#8880 =( NAMED_UNIT ( * ) PLANE_ANGLE_UNIT ( ) SI_UNIT ( $, .RADIAN. ) );
#8881 =( NAMED_UNIT ( * ) PLANE_ANGLE_UNIT ( ) SI_UNIT ( $, .RADIAN. ) );
#8882 = EDGE_LOOP ( 'NONE', ( #5654, #6571, #4980, #287 ) ) ;
#8883 =( GEOMETRIC_REPRESENTATION_CONTEXT ( 3 ) GLOBAL_UNCERTAINTY_ASSIGNED_CONTEXT ( ( #836 ) ) GLOBAL_UNIT_ASSIGNED_CONTEXT ( ( #8292, #1637, #6718 ) ) REPRESENTATION_CONTEXT ( 'NONE', 'WORKASPACE' ) );
#8884 = DIRECTION ( 'NONE',  ( -1.447921622090529738E-16, -1.000000000000000000, 2.783468775164169937E-17 ) ) ;
#8885 = CARTESIAN_POINT ( 'NONE',  ( -1.375000000000000444, -0.8499999999999997558, 0.2700000000000001843 ) ) ;
#8886 =( NAMED_UNIT ( * ) PLANE_ANGLE_UNIT ( ) SI_UNIT ( $, .RADIAN. ) );
#8887 = UNCERTAINTY_MEASURE_WITH_UNIT (LENGTH_MEASURE( 1.000000000000000082E-05 ), #6973, 'distance_accuracy_value', 'NONE');
#8888 = PRESENTATION_STYLE_ASSIGNMENT (( #5966 ) ) ;
#8889 = SURFACE_STYLE_USAGE ( .BOTH. , #1608 ) ;
#8890 = CARTESIAN_POINT ( 'NONE',  ( 1.899090174963015354, -0.1438821353300510641, 0.3102254374075412158 ) ) ;
#8891 = VERTEX_POINT ( 'NONE', #3862 ) ;
#8892 = MECHANICAL_DESIGN_GEOMETRIC_PRESENTATION_REPRESENTATION (  '', ( #851 ), #5794 ) ;
#8893 = DIRECTION ( 'NONE',  ( 1.488806659628715785E-32, 1.117179326706309308E-16, 1.000000000000000000 ) ) ;
#8894 = ORIENTED_EDGE ( 'NONE', *, *, #4219, .T. ) ;
#8895 = ORIENTED_EDGE ( 'NONE', *, *, #1072, .T. ) ;
#8896 = ORIENTED_EDGE ( 'NONE', *, *, #7993, .F. ) ;
#8897 = ORIENTED_EDGE ( 'NONE', *, *, #5494, .T. ) ;
#8898 = DIRECTION ( 'NONE',  ( -1.249000902703301354E-16, -2.783468775164168088E-17, -1.000000000000000000 ) ) ;
#8899 = SURFACE_STYLE_USAGE ( .BOTH. , #1672 ) ;
#8900 = CARTESIAN_POINT ( 'NONE',  ( 1.833682822969674220, 0.2659029683555808043, 0.1467070574241849112 ) ) ;
#8901 = SURFACE_STYLE_USAGE ( .BOTH. , #2403 ) ;
#8902 = UNCERTAINTY_MEASURE_WITH_UNIT (LENGTH_MEASURE( 1.000000000000000082E-05 ), #65, 'distance_accuracy_value', 'NONE');
#8903 = PLANE ( 'NONE',  #9557 ) ;
#8904 = VERTEX_POINT ( 'NONE', #6087 ) ;
#8905 = ADVANCED_FACE ( 'NONE', ( #2604 ), #285, .T. ) ;
#8906 =( NAMED_UNIT ( * ) SI_UNIT ( $, .STERADIAN. ) SOLID_ANGLE_UNIT ( ) );
#8907 = MECHANICAL_DESIGN_GEOMETRIC_PRESENTATION_REPRESENTATION (  '', ( #1461 ), #256 ) ;
#8908 = CARTESIAN_POINT ( 'NONE',  ( -1.975000000000000089, 2.450000000000000178, 0.4999999999999952260 ) ) ;
#8909 = SURFACE_STYLE_USAGE ( .BOTH. , #4646 ) ;
#8910 = CARTESIAN_POINT ( 'NONE',  ( 1.932832724110037592, -0.0006814723642076767366, 0.3945818102750939249 ) ) ;
#8911 = ORIENTED_EDGE ( 'NONE', *, *, #2504, .T. ) ;
#8912 =( NAMED_UNIT ( * ) PLANE_ANGLE_UNIT ( ) SI_UNIT ( $, .RADIAN. ) );
#8913 = EDGE_CURVE ( 'NONE', #3025, #4597, #9049, .T. ) ;
#8914 = CARTESIAN_POINT ( 'NONE',  ( 1.812169338668674579, 0.7671224805507027567, 0.1198491707073576495 ) ) ;
#8915 = PRESENTATION_LAYER_ASSIGNMENT (  '', '', ( #1790 ) ) ;
#8916 = PLANE ( 'NONE',  #6706 ) ;
#8917 = ORIENTED_EDGE ( 'NONE', *, *, #633, .F. ) ;
#8918 = DIRECTION ( 'NONE',  ( -1.447921622090529492E-16, -1.000000000000000000, 2.498792926766732971E-16 ) ) ;
#8919 = MECHANICAL_DESIGN_GEOMETRIC_PRESENTATION_REPRESENTATION (  '', ( #9086 ), #3501 ) ;
#8920 = DIRECTION ( 'NONE',  ( 0.000000000000000000, 0.000000000000000000, -1.000000000000000000 ) ) ;
#8921 = MECHANICAL_DESIGN_GEOMETRIC_PRESENTATION_REPRESENTATION (  '', ( #8478 ), #5217 ) ;
#8922 =( GEOMETRIC_REPRESENTATION_CONTEXT ( 3 ) GLOBAL_UNCERTAINTY_ASSIGNED_CONTEXT ( ( #8988 ) ) GLOBAL_UNIT_ASSIGNED_CONTEXT ( ( #6920, #1254, #3388 ) ) REPRESENTATION_CONTEXT ( 'NONE', 'WORKASPACE' ) );
#8923 = CIRCLE ( 'NONE', #4747, 0.3300000000000000155 ) ;
#8924 = STYLED_ITEM ( 'NONE', ( #5253 ), #3928 ) ;
#8925 = CARTESIAN_POINT ( 'NONE',  ( 1.833980346608112155, 0.4697302335787027494, 0.1474508665202785562 ) ) ;
#8926 = ORIENTED_EDGE ( 'NONE', *, *, #390, .F. ) ;
#8927 = VECTOR ( 'NONE', #6196, 1000.000000000000000 ) ;
#8928 = SURFACE_STYLE_USAGE ( .BOTH. , #1649 ) ;
#8929 =( GEOMETRIC_REPRESENTATION_CONTEXT ( 3 ) GLOBAL_UNCERTAINTY_ASSIGNED_CONTEXT ( ( #1418 ) ) GLOBAL_UNIT_ASSIGNED_CONTEXT ( ( #3717, #5080, #3525 ) ) REPRESENTATION_CONTEXT ( 'NONE', 'WORKASPACE' ) );
#8930 = SURFACE_SIDE_STYLE ('',( #2143 ) ) ;
#8931 = CARTESIAN_POINT ( 'NONE',  ( 1.879264517832417658, 0.5878541878677761012, 0.2606612945810439230 ) ) ;
#8932 = CARTESIAN_POINT ( 'NONE',  ( -3.075000000000001066, -2.007499999999998508, 0.2700000000000002953 ) ) ;
#8933 = CARTESIAN_POINT ( 'NONE',  ( 1.834275474257613947, -0.02266035243378160605, 0.1481886856440344513 ) ) ;
#8934 = VERTEX_POINT ( 'NONE', #2408 ) ;
#8935 = COLOUR_RGB ( '',1.000000000000000000, 1.000000000000000000, 1.000000000000000000 ) ;
#8936 = CIRCLE ( 'NONE', #4759, 0.1599999999999999756 ) ;
#8937 = VECTOR ( 'NONE', #7761, 1000.000000000000114 ) ;
#8938 = FILL_AREA_STYLE ('',( #2929 ) ) ;
#8939 = STYLED_ITEM ( 'NONE', ( #611 ), #7355 ) ;
#8940 = CARTESIAN_POINT ( 'NONE',  ( 1.932871308483757433, -0.2206823974980777758, 0.3946782712093946377 ) ) ;
#8941 = ORIENTED_EDGE ( 'NONE', *, *, #2951, .T. ) ;
#8942 = EDGE_CURVE ( 'NONE', #8537, #2684, #7596, .T. ) ;
#8943 = EDGE_LOOP ( 'NONE', ( #3050, #906, #2232, #1779 ) ) ;
#8944 = EDGE_LOOP ( 'NONE', ( #4890, #3322, #4632, #1864 ) ) ;
#8945 =( NAMED_UNIT ( * ) SI_UNIT ( $, .STERADIAN. ) SOLID_ANGLE_UNIT ( ) );
#8946 = ORIENTED_EDGE ( 'NONE', *, *, #4613, .T. ) ;
#8947 =( NAMED_UNIT ( * ) PLANE_ANGLE_UNIT ( ) SI_UNIT ( $, .RADIAN. ) );
#8948 =( LENGTH_UNIT ( ) NAMED_UNIT ( * ) SI_UNIT ( .MILLI., .METRE. ) );
#8949 = LINE ( 'NONE', #2110, #8350 ) ;
#8950 = AXIS2_PLACEMENT_3D ( 'NONE', #8672, #4165, #6286 ) ;
#8951 = EDGE_CURVE ( 'NONE', #6288, #1693, #6896, .T. ) ;
#8952 = DIRECTION ( 'NONE',  ( 0.000000000000000000, 1.000000000000000000, 0.000000000000000000 ) ) ;
#8953 = ORIENTED_EDGE ( 'NONE', *, *, #9039, .F. ) ;
#8954 = COLOUR_RGB ( '',1.000000000000000000, 1.000000000000000000, 1.000000000000000000 ) ;
#8955 = EDGE_CURVE ( 'NONE', #1614, #7537, #3915, .T. ) ;
#8956 = CARTESIAN_POINT ( 'NONE',  ( 1.975000000000000089, 2.450000000000000622, 0.5000000000000047740 ) ) ;
#8957 = VECTOR ( 'NONE', #8059, 1000.000000000000114 ) ;
#8958 = FILL_AREA_STYLE_COLOUR ( '', #2774 ) ;
#8959 =( GEOMETRIC_REPRESENTATION_CONTEXT ( 3 ) GLOBAL_UNCERTAINTY_ASSIGNED_CONTEXT ( ( #2679 ) ) GLOBAL_UNIT_ASSIGNED_CONTEXT ( ( #3369, #9357, #1816 ) ) REPRESENTATION_CONTEXT ( 'NONE', 'WORKASPACE' ) );
#8960 = FACE_OUTER_BOUND ( 'NONE', #4390, .T. ) ;
#8961 = CARTESIAN_POINT ( 'NONE',  ( 1.880106657513936907, -0.3597639523761265723, 0.2896924678205149983 ) ) ;
#8962 = CARTESIAN_POINT ( 'NONE',  ( 1.844483382715055741, -0.1022405680955968399, 0.2006342808233105290 ) ) ;
#8963 = EDGE_CURVE ( 'NONE', #8407, #2664, #3185, .T. ) ;
#8964 = ORIENTED_EDGE ( 'NONE', *, *, #7638, .F. ) ;
#8965 =( GEOMETRIC_REPRESENTATION_CONTEXT ( 3 ) GLOBAL_UNCERTAINTY_ASSIGNED_CONTEXT ( ( #7131 ) ) GLOBAL_UNIT_ASSIGNED_CONTEXT ( ( #2825, #1420, #4380 ) ) REPRESENTATION_CONTEXT ( 'NONE', 'WORKASPACE' ) );
#8966 = EDGE_CURVE ( 'NONE', #8934, #4429, #8437, .T. ) ;
#8967 = CARTESIAN_POINT ( 'NONE',  ( 1.833569594104931699, -0.3146038914005168108, 0.1733498092980023109 ) ) ;
#8968 = CARTESIAN_POINT ( 'NONE',  ( 1.879264517832417658, 0.5878541878677761012, 0.2606612945810439230 ) ) ;
#8969 = CARTESIAN_POINT ( 'NONE',  ( 1.837737927972608265, 0.3726515730105900426, 0.1568448199315189973 ) ) ;
#8970 = VECTOR ( 'NONE', #2662, 1000.000000000000114 ) ;
#8971 = ORIENTED_EDGE ( 'NONE', *, *, #7970, .T. ) ;
#8972 = CARTESIAN_POINT ( 'NONE',  ( 1.882911597786516067, 0.5437003175297734359, 0.2967048185019620088 ) ) ;
#8973 =( NAMED_UNIT ( * ) PLANE_ANGLE_UNIT ( ) SI_UNIT ( $, .RADIAN. ) );
#8974 = PRESENTATION_LAYER_ASSIGNMENT (  '', '', ( #5258 ) ) ;
#8975 = UNCERTAINTY_MEASURE_WITH_UNIT (LENGTH_MEASURE( 1.000000000000000082E-05 ), #5535, 'distance_accuracy_value', 'NONE');
#8976 = CARTESIAN_POINT ( 'NONE',  ( 1.815226518016711532, 0.3646834561604591074, 0.1274921190774497559 ) ) ;
#8977 = EDGE_CURVE ( 'NONE', #2345, #2344, #7898, .T. ) ;
#8978 = EDGE_CURVE ( 'NONE', #8074, #9040, #4016, .T. ) ;
#8979 = VECTOR ( 'NONE', #4837, 1000.000000000000000 ) ;
#8980 = FILL_AREA_STYLE_COLOUR ( '', #7642 ) ;
#8981 = VECTOR ( 'NONE', #2392, 1000.000000000000000 ) ;
#8982 = DIRECTION ( 'NONE',  ( -1.488806659628715785E-32, -1.117179326706309308E-16, -1.000000000000000000 ) ) ;
#8983 = CARTESIAN_POINT ( 'NONE',  ( 1.832420197262357719, 0.4469755723107199930, 0.1435504931558933550 ) ) ;
#8984 = VERTEX_POINT ( 'NONE', #7097 ) ;
#8985 = FACE_OUTER_BOUND ( 'NONE', #8026, .T. ) ;
#8986 = CARTESIAN_POINT ( 'NONE',  ( 1.831967364148659350, -0.3056504859503476057, 0.1693442344073204653 ) ) ;
#8987 = LINE ( 'NONE', #3837, #5612 ) ;
#8988 = UNCERTAINTY_MEASURE_WITH_UNIT (LENGTH_MEASURE( 1.000000000000000082E-05 ), #6920, 'distance_accuracy_value', 'NONE');
#8989 = VECTOR ( 'NONE', #3139, 1000.000000000000227 ) ;
#8990 = CARTESIAN_POINT ( 'NONE',  ( 1.837769704932333159, -0.05546676313905744837, 0.1569242623308326201 ) ) ;
#8991 = PRESENTATION_LAYER_ASSIGNMENT (  '', '', ( #7123 ) ) ;
#8992 = CARTESIAN_POINT ( 'NONE',  ( 2.378862465107961288, -2.189999999999999947, 0.6824701013908928138 ) ) ;
#8993 = STYLED_ITEM ( 'NONE', ( #5109 ), #1894 ) ;
#8994 = LINE ( 'NONE', #5493, #1517 ) ;
#8995 = ORIENTED_EDGE ( 'NONE', *, *, #6631, .T. ) ;
#8996 = DIRECTION ( 'NONE',  ( -1.488806659628715785E-32, -1.117179326706309308E-16, -1.000000000000000000 ) ) ;
#8997 =( GEOMETRIC_REPRESENTATION_CONTEXT ( 3 ) GLOBAL_UNCERTAINTY_ASSIGNED_CONTEXT ( ( #1227 ) ) GLOBAL_UNIT_ASSIGNED_CONTEXT ( ( #6759, #3813, #3920 ) ) REPRESENTATION_CONTEXT ( 'NONE', 'WORKASPACE' ) );
#8998 =( NAMED_UNIT ( * ) PLANE_ANGLE_UNIT ( ) SI_UNIT ( $, .RADIAN. ) );
#8999 = ORIENTED_EDGE ( 'NONE', *, *, #5093, .F. ) ;
#9000 = EDGE_LOOP ( 'NONE', ( #3799, #9304 ) ) ;
#9001 = ORIENTED_EDGE ( 'NONE', *, *, #496, .F. ) ;
#9002 = VERTEX_POINT ( 'NONE', #7787 ) ;
#9003 = PLANE ( 'NONE',  #8310 ) ;
#9004 = FILL_AREA_STYLE ('',( #6032 ) ) ;
#9005 =( LENGTH_UNIT ( ) NAMED_UNIT ( * ) SI_UNIT ( .MILLI., .METRE. ) );
#9006 = CARTESIAN_POINT ( 'NONE',  ( 2.235025199989362221, -0.9200000000000000400, 0.6824701013908928138 ) ) ;
#9007 = FILL_AREA_STYLE_COLOUR ( '', #5883 ) ;
#9008 = UNCERTAINTY_MEASURE_WITH_UNIT (LENGTH_MEASURE( 1.000000000000000082E-05 ), #8225, 'distance_accuracy_value', 'NONE');
#9009 = DIRECTION ( 'NONE',  ( -1.000000000000000000, -5.220691603892097090E-17, 2.072051532726460915E-32 ) ) ;
#9010 =( NAMED_UNIT ( * ) PLANE_ANGLE_UNIT ( ) SI_UNIT ( $, .RADIAN. ) );
#9011 = FACE_OUTER_BOUND ( 'NONE', #7944, .T. ) ;
#9012 = ORIENTED_EDGE ( 'NONE', *, *, #653, .F. ) ;
#9013 = EDGE_CURVE ( 'NONE', #8785, #8351, #8580, .T. ) ;
#9014 = LINE ( 'NONE', #7454, #3276 ) ;
#9015 = CARTESIAN_POINT ( 'NONE',  ( 1.906856209995724472, -0.05639344399829729348, 0.3565663490249846301 ) ) ;
#9016 =( NAMED_UNIT ( * ) SI_UNIT ( $, .STERADIAN. ) SOLID_ANGLE_UNIT ( ) );
#9017 = ORIENTED_EDGE ( 'NONE', *, *, #7934, .T. ) ;
#9018 = VERTEX_POINT ( 'NONE', #4202 ) ;
#9019 = CARTESIAN_POINT ( 'NONE',  ( 1.681086225569887960, 1.695000000000000284, 0.6824701013908928138 ) ) ;
#9020 = CARTESIAN_POINT ( 'NONE',  ( 1.906146173762439222, 0.5027162324846328190, 0.3547912584417735604 ) ) ;
#9021 = SURFACE_SIDE_STYLE ('',( #3260 ) ) ;
#9022 = CARTESIAN_POINT ( 'NONE',  ( 1.887805777971730770, 0.5459656908027549216, 0.2820144449293284783 ) ) ;
#9023 = EDGE_CURVE ( 'NONE', #4785, #4401, #2831, .T. ) ;
#9024 =( LENGTH_UNIT ( ) NAMED_UNIT ( * ) SI_UNIT ( .MILLI., .METRE. ) );
#9025 = DIRECTION ( 'NONE',  ( -6.994852725712931474E-17, -1.000000000000000000, 0.000000000000000000 ) ) ;
#9026 = ORIENTED_EDGE ( 'NONE', *, *, #8393, .F. ) ;
#9027 =( NAMED_UNIT ( * ) SI_UNIT ( $, .STERADIAN. ) SOLID_ANGLE_UNIT ( ) );
#9028 = DIRECTION ( 'NONE',  ( 0.000000000000000000, -1.000000000000000000, 0.000000000000000000 ) ) ;
#9029 = FILL_AREA_STYLE ('',( #5191 ) ) ;
#9030 = FACE_OUTER_BOUND ( 'NONE', #8263, .T. ) ;
#9031 = CARTESIAN_POINT ( 'NONE',  ( 1.857599271231643367, -0.1067785653571871468, 0.2064981780791085575 ) ) ;
#9032 = FILL_AREA_STYLE_COLOUR ( '', #3220 ) ;
#9033 = DIRECTION ( 'NONE',  ( 0.000000000000000000, 0.000000000000000000, 1.000000000000000000 ) ) ;
#9034 = ORIENTED_EDGE ( 'NONE', *, *, #839, .F. ) ;
#9035 = DIRECTION ( 'NONE',  ( 1.447921622090529738E-16, 1.000000000000000000, -2.783468775164169937E-17 ) ) ;
#9037 = CARTESIAN_POINT ( 'NONE',  ( 2.037248960451289115, -1.619999999999999885, 0.3024701013908925873 ) ) ;
#9036 = CARTESIAN_POINT ( 'NONE',  ( 1.796356200846564111, -2.114999999999999769, 0.6824701013908928138 ) ) ;
#9038 = ORIENTED_EDGE ( 'NONE', *, *, #2909, .T. ) ;
#9039 = EDGE_CURVE ( 'NONE', #4533, #2893, #7746, .T. ) ;
#9040 = VERTEX_POINT ( 'NONE', #7149 ) ;
#9041 = ORIENTED_EDGE ( 'NONE', *, *, #5762, .T. ) ;
#9042 = DIRECTION ( 'NONE',  ( -1.447921622090529738E-16, -1.000000000000000000, 2.783468775164169937E-17 ) ) ;
#9043 = VERTEX_POINT ( 'NONE', #4293 ) ;
#9044 = SURFACE_STYLE_USAGE ( .BOTH. , #3136 ) ;
#9045 = CARTESIAN_POINT ( 'NONE',  ( 2.394122236080193034, -0.3500000000000000333, 0.5394445853922670286 ) ) ;
#9046 = PLANE ( 'NONE',  #2616 ) ;
#9047 = LINE ( 'NONE', #1009, #8330 ) ;
#9048 = ORIENTED_EDGE ( 'NONE', *, *, #7703, .F. ) ;
#9049 = LINE ( 'NONE', #1825, #8048 ) ;
#9050 = EDGE_CURVE ( 'NONE', #9043, #7033, #5789, .T. ) ;
#9051 =( NAMED_UNIT ( * ) PLANE_ANGLE_UNIT ( ) SI_UNIT ( $, .RADIAN. ) );
#9052 = ORIENTED_EDGE ( 'NONE', *, *, #1358, .T. ) ;
#9053 = DIRECTION ( 'NONE',  ( 0.3497469451815110042, 0.3363908276654486995, 0.8743673629537848102 ) ) ;
#9054 = SURFACE_STYLE_USAGE ( .BOTH. , #6091 ) ;
#9055 = PRESENTATION_LAYER_ASSIGNMENT (  '', '', ( #851 ) ) ;
#9056 = CARTESIAN_POINT ( 'NONE',  ( 1.920642591091610285, 0.003803120794605252368, 0.3641064777290263788 ) ) ;
#9057 = LINE ( 'NONE', #9115, #3518 ) ;
#9058 = VERTEX_POINT ( 'NONE', #3430 ) ;
#9059 = CARTESIAN_POINT ( 'NONE',  ( 1.861084208237263393, 0.2659029683555808043, 0.2421363446288309074 ) ) ;
#9060 = ADVANCED_FACE ( 'NONE', ( #6470 ), #4981, .F. ) ;
#9061 = ORIENTED_EDGE ( 'NONE', *, *, #8522, .T. ) ;
#9062 = FACE_OUTER_BOUND ( 'NONE', #2937, .T. ) ;
#9063 = SURFACE_SIDE_STYLE ('',( #5237 ) ) ;
#9064 = ADVANCED_FACE ( 'NONE', ( #1966 ), #2058, .T. ) ;
#9065 = FILL_AREA_STYLE ('',( #7018 ) ) ;
#9066 = LINE ( 'NONE', #3112, #638 ) ;
#9067 = UNCERTAINTY_MEASURE_WITH_UNIT (LENGTH_MEASURE( 1.000000000000000082E-05 ), #6685, 'distance_accuracy_value', 'NONE');
#9068 = SURFACE_STYLE_USAGE ( .BOTH. , #9021 ) ;
#9069 = CARTESIAN_POINT ( 'NONE',  ( 1.934212450518060677, 0.4431875897776986206, 0.3980311262951516382 ) ) ;
#9070 = AXIS2_PLACEMENT_3D ( 'NONE', #9222, #6916, #250 ) ;
#9071 = EDGE_CURVE ( 'NONE', #6833, #9111, #7312, .T. ) ;
#9072 = ADVANCED_FACE ( 'NONE', ( #8798 ), #2203, .F. ) ;
#9073 = VECTOR ( 'NONE', #7738, 1000.000000000000114 ) ;
#9074 = CARTESIAN_POINT ( 'NONE',  ( 2.378862465107961288, -0.9200000000000000400, 0.6824701013908928138 ) ) ;
#9075 = CARTESIAN_POINT ( 'NONE',  ( 1.868384085649720694, 0.5458789290399396199, 0.2334602141243012075 ) ) ;
#9076 = ORIENTED_EDGE ( 'NONE', *, *, #8267, .F. ) ;
#9077 = DIRECTION ( 'NONE',  ( -1.314184451497581013E-15, 0.000000000000000000, -1.000000000000000000 ) ) ;
#9078 =( NAMED_UNIT ( * ) PLANE_ANGLE_UNIT ( ) SI_UNIT ( $, .RADIAN. ) );
#9079 =( LENGTH_UNIT ( ) NAMED_UNIT ( * ) SI_UNIT ( .MILLI., .METRE. ) );
#9080 = CARTESIAN_POINT ( 'NONE',  ( 2.037248960451289115, -0.3499999999999999778, 0.4624701013908926184 ) ) ;
#9081 = UNCERTAINTY_MEASURE_WITH_UNIT (LENGTH_MEASURE( 1.000000000000000082E-05 ), #7525, 'distance_accuracy_value', 'NONE');
#9082 = DIRECTION ( 'NONE',  ( 1.447921622090529492E-16, 1.000000000000000000, -2.498792926766732971E-16 ) ) ;
#9083 = PRESENTATION_STYLE_ASSIGNMENT (( #9294 ) ) ;
#9084 = STYLED_ITEM ( 'NONE', ( #9083 ), #3975 ) ;
#9085 = VECTOR ( 'NONE', #3800, 1000.000000000000000 ) ;
#9086 = STYLED_ITEM ( 'NONE', ( #4470 ), #2383 ) ;
#9087 = PRESENTATION_STYLE_ASSIGNMENT (( #2496 ) ) ;
#9088 = DIRECTION ( 'NONE',  ( 3.608224830031759249E-16, 1.000000000000000000, -1.117179326706309062E-16 ) ) ;
#9089 = DIRECTION ( 'NONE',  ( -0.06818941838404206368, -1.789660620253715096E-17, -0.9976723927324269159 ) ) ;
#9090 = ORIENTED_EDGE ( 'NONE', *, *, #4926, .T. ) ;
#9091 = VERTEX_POINT ( 'NONE', #6023 ) ;
#9092 = ORIENTED_EDGE ( 'NONE', *, *, #7363, .T. ) ;
#9093 = CARTESIAN_POINT ( 'NONE',  ( 1.815226518016711310, 0.3646834561604590519, 0.1274921190774497282 ) ) ;
#9094 = ORIENTED_EDGE ( 'NONE', *, *, #6596, .T. ) ;
#9095 = CARTESIAN_POINT ( 'NONE',  ( 1.832356536444574635, 0.4390036000856658016, 0.1433913411114350334 ) ) ;
#9096 = CARTESIAN_POINT ( 'NONE',  ( 1.932871308483757433, -0.1767799584736875484, 0.3946782712093946377 ) ) ;
#9097 = CARTESIAN_POINT ( 'NONE',  ( 2.212181053090767069, 0.9200000000000000400, 0.1710270804468143335 ) ) ;
#9098 = CARTESIAN_POINT ( 'NONE',  ( 1.911357824182757570, 0.6134639439653368775, 0.3678203844925673760 ) ) ;
#9099 = DIRECTION ( 'NONE',  ( 3.608224830031759742E-16, 1.000000000000000000, -1.117179326706309308E-16 ) ) ;
#9100 = FILL_AREA_STYLE_COLOUR ( '', #4911 ) ;
#9101 = CARTESIAN_POINT ( 'NONE',  ( 1.681086225569887960, -0.8449999999999998623, 0.6824701013908928138 ) ) ;
#9102 = VECTOR ( 'NONE', #6039, 1000.000000000000227 ) ;
#9103 = VECTOR ( 'NONE', #6064, 1000.000000000000000 ) ;
#9104 = MECHANICAL_DESIGN_GEOMETRIC_PRESENTATION_REPRESENTATION (  '', ( #2119 ), #6452 ) ;
#9105 = CARTESIAN_POINT ( 'NONE',  ( 2.517816181961371580, 0.3499999999999999778, -0.1231949359020515777 ) ) ;
#9106 = ORIENTED_EDGE ( 'NONE', *, *, #2852, .F. ) ;
#9107 = AXIS2_PLACEMENT_3D ( 'NONE', #7633, #6372, #6271 ) ;
#9108 = EDGE_CURVE ( 'NONE', #8748, #1505, #9145, .T. ) ;
#9109 = CARTESIAN_POINT ( 'NONE',  ( 1.873312925629410541, 0.2659029683555808043, 0.2727081381091993051 ) ) ;
#9110 = ORIENTED_EDGE ( 'NONE', *, *, #1443, .T. ) ;
#9111 = VERTEX_POINT ( 'NONE', #2098 ) ;
#9112 = CIRCLE ( 'NONE', #6765, 0.3300000000000000155 ) ;
#9113 = SURFACE_STYLE_FILL_AREA ( #3921 ) ;
#9114 = VECTOR ( 'NONE', #1524, 1000.000000000000114 ) ;
#9115 = CARTESIAN_POINT ( 'NONE',  ( 2.378862465107961288, -1.619999999999999885, 0.6824701013908925917 ) ) ;
#9116 = ORIENTED_EDGE ( 'NONE', *, *, #89, .F. ) ;
#9117 = PRESENTATION_LAYER_ASSIGNMENT (  '', '', ( #4463 ) ) ;
#9118 = CARTESIAN_POINT ( 'NONE',  ( 2.196345996542119927, 2.189999999999999947, 0.3194445853922670553 ) ) ;
#9119 = VECTOR ( 'NONE', #8466, 1000.000000000000000 ) ;
#9120 = VERTEX_POINT ( 'NONE', #5071 ) ;
#9121 = PRESENTATION_STYLE_ASSIGNMENT (( #932 ) ) ;
#9122 = SURFACE_STYLE_FILL_AREA ( #6867 ) ;
#9123 = SURFACE_SIDE_STYLE ('',( #3881 ) ) ;
#9124 = PRESENTATION_LAYER_ASSIGNMENT (  '', '', ( #2150 ) ) ;
#9125 = CARTESIAN_POINT ( 'NONE',  ( 2.037248960451289115, -2.189999999999999503, 0.3024701013908927538 ) ) ;
#9126 = CARTESIAN_POINT ( 'NONE',  ( 1.927673693893282580, 0.3674984733929558822, 0.3816842347332075613 ) ) ;
#9127 = PRESENTATION_LAYER_ASSIGNMENT (  '', '', ( #1530 ) ) ;
#9128 = B_SPLINE_SURFACE_WITH_KNOTS ( 'NONE', 3, 1, ( 
 ( #8967, #9374 ),
 ( #7755, #3254 ),
 ( #2706, #1782 ),
 ( #1981, #4079 ),
 ( #1260, #9175 ),
 ( #9219, #2523 ),
 ( #1886, #296 ) ),
 .UNSPECIFIED., .F., .F., .F.,
 ( 4, 1, 1, 1, 4 ),
 ( 2, 2 ),
 ( 0.000000000000000000, 0.1744817153170463708, 0.3982857591281106502, 0.6738978473986629858, 1.000000000000000000 ),
 ( 0.000000000000000000, 1.000000000000000000 ),
 .UNSPECIFIED. ) ;
#9129 = ADVANCED_FACE ( 'NONE', ( #7290 ), #1424, .F. ) ;
#9130 = CARTESIAN_POINT ( 'NONE',  ( 1.841395091352511670, -0.3133749497926702210, 0.1659877283812783155 ) ) ;
#9131 =( GEOMETRIC_REPRESENTATION_CONTEXT ( 3 ) GLOBAL_UNCERTAINTY_ASSIGNED_CONTEXT ( ( #8876 ) ) GLOBAL_UNIT_ASSIGNED_CONTEXT ( ( #2566, #5470, #973 ) ) REPRESENTATION_CONTEXT ( 'NONE', 'WORKASPACE' ) );
#9132 = MECHANICAL_DESIGN_GEOMETRIC_PRESENTATION_REPRESENTATION (  '', ( #8671 ), #623 ) ;
#9133 = EDGE_CURVE ( 'NONE', #9209, #192, #8468, .T. ) ;
#9134 = FILL_AREA_STYLE ('',( #353 ) ) ;
#9135 = ORIENTED_EDGE ( 'NONE', *, *, #953, .F. ) ;
#9136 = CARTESIAN_POINT ( 'NONE',  ( 1.781319529336187202, -1.619999999999999885, 0.4624701013908926739 ) ) ;
#9137 = CARTESIAN_POINT ( 'NONE',  ( 2.739492600163652813, -1.619999999999999885, 0.4129369826212096473 ) ) ;
#9138 = DIRECTION ( 'NONE',  ( 1.447921622090529492E-16, 1.000000000000000000, -2.498792926766732971E-16 ) ) ;
#9139 = EDGE_CURVE ( 'NONE', #2893, #7583, #6839, .T. ) ;
#9140 = DIRECTION ( 'NONE',  ( 0.000000000000000000, 0.000000000000000000, 1.000000000000000000 ) ) ;
#9141 =( NAMED_UNIT ( * ) PLANE_ANGLE_UNIT ( ) SI_UNIT ( $, .RADIAN. ) );
#9142 = CARTESIAN_POINT ( 'NONE',  ( 1.975000000000000089, 2.450000000000000622, 0.5000000000000047740 ) ) ;
#9143 = EDGE_CURVE ( 'NONE', #6377, #2863, #5296, .T. ) ;
#9144 = SURFACE_STYLE_USAGE ( .BOTH. , #1564 ) ;
#9145 = CIRCLE ( 'NONE', #6026, 0.1599999999999999756 ) ;
#9146 = VECTOR ( 'NONE', #5159, 1000.000000000000000 ) ;
#9147 = DIRECTION ( 'NONE',  ( 1.447921622090529492E-16, 1.000000000000000000, -2.498792926766732971E-16 ) ) ;
#9148 = ORIENTED_EDGE ( 'NONE', *, *, #9391, .T. ) ;
#9149 = PRESENTATION_LAYER_ASSIGNMENT (  '', '', ( #2481 ) ) ;
#9150 = ORIENTED_EDGE ( 'NONE', *, *, #3201, .T. ) ;
#9151 = DIRECTION ( 'NONE',  ( 0.000000000000000000, 0.000000000000000000, 1.000000000000000000 ) ) ;
#9152 = VERTEX_POINT ( 'NONE', #175 ) ;
#9153 = SURFACE_SIDE_STYLE ('',( #6175 ) ) ;
#9154 = PLANE ( 'NONE',  #9107 ) ;
#9155 = DIRECTION ( 'NONE',  ( -0.1060905250085903556, 4.303867851713705188E-17, 0.9943564755676919109 ) ) ;
#9156 = CARTESIAN_POINT ( 'NONE',  ( -1.375000000000000444, 1.050000000000000044, -8.883612055612035815E-18 ) ) ;
#9157 = CARTESIAN_POINT ( 'NONE',  ( 1.577669998408546048, 1.695000000000000284, 0.7745580952545570996 ) ) ;
#9158 = AXIS2_PLACEMENT_3D ( 'NONE', #2090, #5062, #3597 ) ;
#9159 = B_SPLINE_CURVE_WITH_KNOTS ( 'NONE', 3,
 ( #8094, #6009, #6682, #2960, #2228, #1641, #837, #4413, #5956, #8140, #3828 ),
 .UNSPECIFIED., .F., .F.,
 ( 4, 1, 1, 1, 1, 1, 1, 1, 4 ),
 ( 0.000000000000000000, 0.1252796967356255564, 0.2494199707420505230, 0.3733567994928196354, 0.4966812787822854069, 0.6202029157439822304, 0.7450863201614560394, 0.8712691950190974977, 1.000000000000000000 ),
 .UNSPECIFIED. ) ;
#9160 = DIRECTION ( 'NONE',  ( 5.220691603892097090E-17, -1.000000000000000000, 1.117179326706309308E-16 ) ) ;
#9161 = CARTESIAN_POINT ( 'NONE',  ( 2.235025199989362221, -2.189999999999999503, 0.5224701013908927827 ) ) ;
#9162 = ADVANCED_FACE ( 'NONE', ( #3952 ), #6074, .F. ) ;
#9163 = DIRECTION ( 'NONE',  ( 1.447921622090529492E-16, 1.000000000000000000, -2.498792926766732971E-16 ) ) ;
#9164 = VERTEX_POINT ( 'NONE', #8315 ) ;
#9165 = SURFACE_STYLE_USAGE ( .BOTH. , #5360 ) ;
#9166 = VERTEX_POINT ( 'NONE', #4053 ) ;
#9167 = ORIENTED_EDGE ( 'NONE', *, *, #1657, .T. ) ;
#9168 =( NAMED_UNIT ( * ) PLANE_ANGLE_UNIT ( ) SI_UNIT ( $, .RADIAN. ) );
#9169 = DIRECTION ( 'NONE',  ( -2.166085619527817307E-16, 1.000000000000000000, -2.498792926766732478E-16 ) ) ;
#9170 = CARTESIAN_POINT ( 'NONE',  ( 1.824990707348761232, -0.02266035243378160605, 0.1519025924075754486 ) ) ;
#9171 = SURFACE_STYLE_USAGE ( .BOTH. , #4944 ) ;
#9172 =( GEOMETRIC_REPRESENTATION_CONTEXT ( 3 ) GLOBAL_UNCERTAINTY_ASSIGNED_CONTEXT ( ( #1331 ) ) GLOBAL_UNIT_ASSIGNED_CONTEXT ( ( #1181, #7631, #462 ) ) REPRESENTATION_CONTEXT ( 'NONE', 'WORKASPACE' ) );
#9173 = B_SPLINE_CURVE_WITH_KNOTS ( 'NONE', 3,
 ( #1032, #6834, #1128, #5335, #4089, #4614, #3213, #6163, #8415, #2435, #1745, #3991, #7025, #9185, #2532, #3121, #5485, #8304, #1652 ),
 .UNSPECIFIED., .F., .F.,
 ( 4, 1, 1, 1, 1, 1, 1, 1, 1, 1, 1, 1, 1, 1, 1, 1, 4 ),
 ( 0.000000000000000000, 0.06784007953421118675, 0.1326688954490679861, 0.1950705264521371829, 0.2556086712886450618, 0.3148315357450783281, 0.3734254151318252557, 0.4325732796242874878, 0.4922844451246906616, 0.5525311382752630118, 0.6123789528069567556, 0.6724822110039969658, 0.7338115657770715172, 0.7965737547970180854, 0.8614358467332339231, 0.9291918124022553460, 1.000000000000000000 ),
 .UNSPECIFIED. ) ;
#9174 = VERTEX_POINT ( 'NONE', #2444 ) ;
#9175 = CARTESIAN_POINT ( 'NONE',  ( 1.837478474556699215, -0.3111571722176793009, 0.1561961863917476212 ) ) ;
#9176 = ORIENTED_EDGE ( 'NONE', *, *, #3870, .F. ) ;
#9177 = CARTESIAN_POINT ( 'NONE',  ( 2.716990092096919440, 2.117500000000000160, 0.08370509301950876391 ) ) ;
#9178 =( NAMED_UNIT ( * ) PLANE_ANGLE_UNIT ( ) SI_UNIT ( $, .RADIAN. ) );
#9179 = UNCERTAINTY_MEASURE_WITH_UNIT (LENGTH_MEASURE( 1.000000000000000082E-05 ), #8866, 'distance_accuracy_value', 'NONE');
#9180 = CARTESIAN_POINT ( 'NONE',  ( 1.842409824818960207, -0.3142295198634995068, 0.1685245620473999617 ) ) ;
#9181 = CARTESIAN_POINT ( 'NONE',  ( 2.909998327955510611, 1.619999999999999885, -0.1499999999999994116 ) ) ;
#9182 = DIRECTION ( 'NONE',  ( -3.608224830031759249E-16, -1.000000000000000000, 1.117179326706309308E-16 ) ) ;
#9183 = ORIENTED_EDGE ( 'NONE', *, *, #121, .T. ) ;
#9184 = DIRECTION ( 'NONE',  ( -1.488806659628715785E-32, -1.117179326706309308E-16, -1.000000000000000000 ) ) ;
#9185 = CARTESIAN_POINT ( 'NONE',  ( 1.901634275411386854, 0.5785802008621927506, 0.3165856885284670796 ) ) ;
#9186 = SURFACE_SIDE_STYLE ('',( #1708 ) ) ;
#9187 = SURFACE_STYLE_USAGE ( .BOTH. , #7028 ) ;
#9188 = UNCERTAINTY_MEASURE_WITH_UNIT (LENGTH_MEASURE( 1.000000000000000082E-05 ), #8864, 'distance_accuracy_value', 'NONE');
#9189 = PLANE ( 'NONE',  #4251 ) ;
#9190 =( LENGTH_UNIT ( ) NAMED_UNIT ( * ) SI_UNIT ( .MILLI., .METRE. ) );
#9191 = FACE_OUTER_BOUND ( 'NONE', #8550, .T. ) ;
#9192 = DIRECTION ( 'NONE',  ( 1.447921622090529492E-16, 1.000000000000000000, -2.498792926766732971E-16 ) ) ;
#9193 = ORIENTED_EDGE ( 'NONE', *, *, #2487, .T. ) ;
#9194 = EDGE_LOOP ( 'NONE', ( #2829, #9229, #344, #7796 ) ) ;
#9195 = ORIENTED_EDGE ( 'NONE', *, *, #8235, .F. ) ;
#9196 = CARTESIAN_POINT ( 'NONE',  ( 1.923586541574904940, -0.2206823974980777758, 0.3983921779729356905 ) ) ;
#9197 = VERTEX_POINT ( 'NONE', #2390 ) ;
#9198 = LINE ( 'NONE', #6176, #8786 ) ;
#9199 = LINE ( 'NONE', #466, #7837 ) ;
#9200 = CARTESIAN_POINT ( 'NONE',  ( 2.440731734960332133, -0.8475000000000000311, 0.1025869392388689683 ) ) ;
#9201 = DIRECTION ( 'NONE',  ( 0.3713906763540981149, 0.000000000000000000, 0.9284766908852615241 ) ) ;
#9202 = DIRECTION ( 'NONE',  ( 0.06818941838404181388, 1.789660620253719718E-17, 0.9976723927324270269 ) ) ;
#9203 = CARTESIAN_POINT ( 'NONE',  ( -1.975000000000000089, -1.049999999999999600, 2.257240465527129072E-16 ) ) ;
#9204 = VERTEX_POINT ( 'NONE', #1088 ) ;
#9205 = CLOSED_SHELL ( 'NONE', ( #7475, #513, #4786, #6623, #6349, #61, #1216, #5386, #8430, #485, #8102, #774, #3883, #661, #7699, #8436, #4687, #2033, #2187, #196, #1739, #5642 ) ) ;
#9206 = DIRECTION ( 'NONE',  ( 0.3713906763541002798, 0.000000000000000000, 0.9284766908852607470 ) ) ;
#9207 = DIRECTION ( 'NONE',  ( -3.942553354492743038E-15, 0.000000000000000000, 1.000000000000000000 ) ) ;
#9208 = ORIENTED_EDGE ( 'NONE', *, *, #779, .T. ) ;
#9209 = VERTEX_POINT ( 'NONE', #5495 ) ;
#9210 = VECTOR ( 'NONE', #841, 1000.000000000000000 ) ;
#9211 = CARTESIAN_POINT ( 'NONE',  ( 1.833569594104932143, -0.3146038914005171439, 0.1733498092980033378 ) ) ;
#9212 = LINE ( 'NONE', #1923, #1060 ) ;
#9213 = VECTOR ( 'NONE', #9341, 1000.000000000000000 ) ;
#9214 = EDGE_CURVE ( 'NONE', #5553, #4675, #5444, .T. ) ;
#9215 = ORIENTED_EDGE ( 'NONE', *, *, #5971, .T. ) ;
#9216 = EDGE_CURVE ( 'NONE', #4678, #4374, #4625, .T. ) ;
#9217 = CARTESIAN_POINT ( 'NONE',  ( 1.780853464843130451, -1.619999999999999885, 0.4556511595524884717 ) ) ;
#9218 = VECTOR ( 'NONE', #6076, 1000.000000000000000 ) ;
#9219 = CARTESIAN_POINT ( 'NONE',  ( 1.826613308143268943, -0.3103895648353812153, 0.1559590943938449492 ) ) ;
#9220 = VERTEX_POINT ( 'NONE', #993 ) ;
#9221 = FILL_AREA_STYLE_COLOUR ( '', #2796 ) ;
#9222 = CARTESIAN_POINT ( 'NONE',  ( 1.824398056060821727, 0.002145346404361331977, 0.1504209641877259362 ) ) ;
#9223 = CARTESIAN_POINT ( 'NONE',  ( -2.774999999999999467, 2.007500000000001616, 0.2699999999999998512 ) ) ;
#9224 = PLANE ( 'NONE',  #122 ) ;
#9225 = EDGE_CURVE ( 'NONE', #409, #9018, #8374, .T. ) ;
#9226 = LINE ( 'NONE', #7808, #5245 ) ;
#9227 = LINE ( 'NONE', #6872, #4622 ) ;
#9228 =( NAMED_UNIT ( * ) SI_UNIT ( $, .STERADIAN. ) SOLID_ANGLE_UNIT ( ) );
#9229 = ORIENTED_EDGE ( 'NONE', *, *, #7970, .F. ) ;
#9230 = CARTESIAN_POINT ( 'NONE',  ( 1.932871308483757433, 0.7671224805507027567, 0.3946782712093946377 ) ) ;
#9231 = AXIS2_PLACEMENT_3D ( 'NONE', #4850, #1212, #7951 ) ;
#9232 = CARTESIAN_POINT ( 'NONE',  ( 1.861756244984222874, -0.1103154712784189390, 0.2168906124605553265 ) ) ;
#9233 = DIRECTION ( 'NONE',  ( 0.9284766908852604139, -0.000000000000000000, -0.3713906763541007794 ) ) ;
#9234 = LINE ( 'NONE', #1859, #606 ) ;
#9235 = EDGE_CURVE ( 'NONE', #3871, #1312, #3222, .T. ) ;
#9236 = CARTESIAN_POINT ( 'NONE',  ( 1.914111551829253521, -0.06618890234083459057, 0.3477788795731346361 ) ) ;
#9237 = EDGE_LOOP ( 'NONE', ( #8592, #6653, #6322, #1522 ) ) ;
#9238 = EDGE_LOOP ( 'NONE', ( #5232, #531, #2141, #2226 ) ) ;
#9239 = CARTESIAN_POINT ( 'NONE',  ( 1.774999999999999689, 0.000000000000000000, 1.000000000000000000 ) ) ;
#9240 = ORIENTED_EDGE ( 'NONE', *, *, #4122, .F. ) ;
#9241 = LINE ( 'NONE', #5557, #7383 ) ;
#9242 = COLOUR_RGB ( '',1.000000000000000000, 1.000000000000000000, 1.000000000000000000 ) ;
#9243 = FILL_AREA_STYLE_COLOUR ( '', #5665 ) ;
#9244 = LINE ( 'NONE', #7090, #920 ) ;
#9245 = STYLED_ITEM ( 'NONE', ( #451 ), #2513 ) ;
#9246 = CARTESIAN_POINT ( 'NONE',  ( -1.575000000000000844, 1.050000000000000044, -8.883612055612035815E-18 ) ) ;
#9247 = FILL_AREA_STYLE ('',( #6278 ) ) ;
#9248 = ORIENTED_EDGE ( 'NONE', *, *, #9013, .T. ) ;
#9249 = MECHANICAL_DESIGN_GEOMETRIC_PRESENTATION_REPRESENTATION (  '', ( #8003 ), #6905 ) ;
#9250 = SURFACE_STYLE_FILL_AREA ( #3144 ) ;
#9251 = EDGE_CURVE ( 'NONE', #6818, #2515, #8420, .T. ) ;
#9252 = CARTESIAN_POINT ( 'NONE',  ( 2.037248960451289115, -0.9200000000000000400, 0.3024701013908927538 ) ) ;
#9253 = ORIENTED_EDGE ( 'NONE', *, *, #6577, .T. ) ;
#9254 = ORIENTED_EDGE ( 'NONE', *, *, #8433, .T. ) ;
#9255 =( NAMED_UNIT ( * ) PLANE_ANGLE_UNIT ( ) SI_UNIT ( $, .RADIAN. ) );
#9256 = DIRECTION ( 'NONE',  ( 0.06818941838404181388, 1.789660620253718794E-17, 0.9976723927324270269 ) ) ;
#9257 = VECTOR ( 'NONE', #9546, 1000.000000000000227 ) ;
#9258 = LINE ( 'NONE', #5573, #1663 ) ;
#9259 = FILL_AREA_STYLE ('',( #6193 ) ) ;
#9260 = PRESENTATION_LAYER_ASSIGNMENT (  '', '', ( #8002 ) ) ;
#9261 = COLOUR_RGB ( '',1.000000000000000000, 1.000000000000000000, 1.000000000000000000 ) ;
#9262 = EDGE_CURVE ( 'NONE', #4113, #2015, #6851, .T. ) ;
#9263 = EDGE_CURVE ( 'NONE', #4429, #7778, #3261, .T. ) ;
#9264 = FILL_AREA_STYLE_COLOUR ( '', #6592 ) ;
#9265 = ORIENTED_EDGE ( 'NONE', *, *, #390, .T. ) ;
#9266 = LINE ( 'NONE', #7797, #8820 ) ;
#9267 = VECTOR ( 'NONE', #2198, 1000.000000000000000 ) ;
#9268 = VECTOR ( 'NONE', #8868, 1000.000000000000000 ) ;
#9269 = CARTESIAN_POINT ( 'NONE',  ( -2.875000000000000444, 1.807500000000001661, -9.350994605361504955E-17 ) ) ;
#9270 = EDGE_CURVE ( 'NONE', #7744, #4080, #5735, .T. ) ;
#9271 = EDGE_LOOP ( 'NONE', ( #6283, #3103, #5075, #976, #3904, #6561, #417, #856 ) ) ;
#9272 = DIRECTION ( 'NONE',  ( 0.000000000000000000, 0.000000000000000000, -1.000000000000000000 ) ) ;
#9273 = DIRECTION ( 'NONE',  ( -1.000000000000000000, 2.112773557637960693E-16, -8.715402809761551965E-33 ) ) ;
#9274 = SURFACE_STYLE_USAGE ( .BOTH. , #3344 ) ;
#9275 = UNCERTAINTY_MEASURE_WITH_UNIT (LENGTH_MEASURE( 1.000000000000000082E-05 ), #6031, 'distance_accuracy_value', 'NONE');
#9276 = CARTESIAN_POINT ( 'NONE',  ( 1.905583152080910336, 0.3646834561604590519, 0.3533837042379490700 ) ) ;
#9277 =( GEOMETRIC_REPRESENTATION_CONTEXT ( 3 ) GLOBAL_UNCERTAINTY_ASSIGNED_CONTEXT ( ( #9067 ) ) GLOBAL_UNIT_ASSIGNED_CONTEXT ( ( #6685, #8198, #4518 ) ) REPRESENTATION_CONTEXT ( 'NONE', 'WORKASPACE' ) );
#9278 = VECTOR ( 'NONE', #1470, 1000.000000000000114 ) ;
#9279 = ADVANCED_FACE ( 'NONE', ( #1309, #7924 ), #4190, .T. ) ;
#9280 = AXIS2_PLACEMENT_3D ( 'NONE', #4435, #8806, #5030 ) ;
#9281 = CARTESIAN_POINT ( 'NONE',  ( 2.212181053090767069, -0.9200000000000000400, 0.1710270804468144445 ) ) ;
#9282 = DIRECTION ( 'NONE',  ( 1.000000000000000000, -3.608224830031759742E-16, 2.542227526591152421E-32 ) ) ;
#9284 = MECHANICAL_DESIGN_GEOMETRIC_PRESENTATION_REPRESENTATION (  '', ( #8002 ), #1202 ) ;
#9283 = CARTESIAN_POINT ( 'NONE',  ( 1.781319529336187202, 0.8450000000000000844, 0.4624701013908927294 ) ) ;
#9285 =( LENGTH_UNIT ( ) NAMED_UNIT ( * ) SI_UNIT ( .MILLI., .METRE. ) );
#9286 = DIRECTION ( 'NONE',  ( 1.447921622090529492E-16, 1.000000000000000000, -2.498792926766732971E-16 ) ) ;
#9287 = FILL_AREA_STYLE_COLOUR ( '', #8539 ) ;
#9288 = FILL_AREA_STYLE_COLOUR ( '', #6154 ) ;
#9289 = PRESENTATION_LAYER_ASSIGNMENT (  '', '', ( #4015 ) ) ;
#9290 = FILL_AREA_STYLE ('',( #8368 ) ) ;
#9291 = UNCERTAINTY_MEASURE_WITH_UNIT (LENGTH_MEASURE( 1.000000000000000082E-05 ), #9079, 'distance_accuracy_value', 'NONE');
#9292 = DIRECTION ( 'NONE',  ( 0.000000000000000000, -1.000000000000000000, 0.000000000000000000 ) ) ;
#9293 = EDGE_CURVE ( 'NONE', #5126, #6599, #7792, .T. ) ;
#9294 = SURFACE_STYLE_USAGE ( .BOTH. , #3412 ) ;
#9295 = ADVANCED_FACE ( 'NONE', ( #6405 ), #9392, .T. ) ;
#9296 = CARTESIAN_POINT ( 'NONE',  ( -1.975000000000000089, 2.450000000000000178, 0.5000000000000047740 ) ) ;
#9297 = VECTOR ( 'NONE', #1835, 1000.000000000000227 ) ;
#9298 =( NAMED_UNIT ( * ) SI_UNIT ( $, .STERADIAN. ) SOLID_ANGLE_UNIT ( ) );
#9299 =( GEOMETRIC_REPRESENTATION_CONTEXT ( 3 ) GLOBAL_UNCERTAINTY_ASSIGNED_CONTEXT ( ( #8014 ) ) GLOBAL_UNIT_ASSIGNED_CONTEXT ( ( #6145, #7608, #929 ) ) REPRESENTATION_CONTEXT ( 'NONE', 'WORKASPACE' ) );
#9300 = B_SPLINE_SURFACE_WITH_KNOTS ( 'NONE', 3, 1, ( 
 ( #8345, #9325 ),
 ( #1256, #6340 ),
 ( #2840, #6525 ),
 ( #5755, #2113 ),
 ( #5662, #4168 ),
 ( #5035, #4252 ),
 ( #4887, #430 ) ),
 .UNSPECIFIED., .F., .F., .F.,
 ( 4, 1, 1, 1, 4 ),
 ( 2, 2 ),
 ( 0.000000000000000000, 0.3005748677701809424, 0.5683474126119628655, 0.8000111549537444189, 1.000000000000000000 ),
 ( 0.000000000000000000, 1.000000000000000000 ),
 .UNSPECIFIED. ) ;
#9301 = VERTEX_POINT ( 'NONE', #8006 ) ;
#9302 = ORIENTED_EDGE ( 'NONE', *, *, #4326, .F. ) ;
#9303 = PRESENTATION_STYLE_ASSIGNMENT (( #1719 ) ) ;
#9304 = ORIENTED_EDGE ( 'NONE', *, *, #9390, .T. ) ;
#9305 = DIRECTION ( 'NONE',  ( -1.445024655488679521E-15, -1.000000000000000000, 1.117179326706309308E-16 ) ) ;
#9306 = CARTESIAN_POINT ( 'NONE',  ( 1.975000000000000089, 2.450000000000000622, 0.5000000000000047740 ) ) ;
#9307 = DIRECTION ( 'NONE',  ( 1.447921622090529492E-16, 1.000000000000000000, -2.498792926766732971E-16 ) ) ;
#9308 = PLANE ( 'NONE',  #7950 ) ;
#9309 = AXIS2_PLACEMENT_3D ( 'NONE', #632, #4403, #5171 ) ;
#9310 = CARTESIAN_POINT ( 'NONE',  ( 2.461382810556700385, -0.9200000000000000400, -0.1143832811983292869 ) ) ;
#9311 = CARTESIAN_POINT ( 'NONE',  ( 1.923586541574904940, 0.005060742745824760476, 0.3983921779729356905 ) ) ;
#9312 = CARTESIAN_POINT ( 'NONE',  ( 2.924999999999999822, 0.8474999999999999201, 0.06948792640113432562 ) ) ;
#9313 = EDGE_LOOP ( 'NONE', ( #8493, #5497, #7294, #7885 ) ) ;
#9314 = AXIS2_PLACEMENT_3D ( 'NONE', #7047, #9452, #8619 ) ;
#9315 = PRESENTATION_LAYER_ASSIGNMENT (  '', '', ( #5585 ) ) ;
#9316 = CARTESIAN_POINT ( 'NONE',  ( 1.125000000000000222, -1.600000000000000533, 0.2700000000000000178 ) ) ;
#9317 = ORIENTED_EDGE ( 'NONE', *, *, #2868, .F. ) ;
#9318 = ORIENTED_EDGE ( 'NONE', *, *, #121, .F. ) ;
#9319 = AXIS2_PLACEMENT_3D ( 'NONE', #7769, #7663, #260 ) ;
#9320 = FACE_OUTER_BOUND ( 'NONE', #6664, .T. ) ;
#9321 = FILL_AREA_STYLE ('',( #1881 ) ) ;
#9322 = CARTESIAN_POINT ( 'NONE',  ( 1.812169338668674579, 0.7268785781116783307, 0.1198491707073576495 ) ) ;
#9323 = CARTESIAN_POINT ( 'NONE',  ( 1.927096636381910200, 0.3646834561604590519, 0.3802415909547763317 ) ) ;
#9324 = AXIS2_PLACEMENT_3D ( 'NONE', #574, #3523, #6479 ) ;
#9325 = CARTESIAN_POINT ( 'NONE',  ( 1.835041569346579582, -0.3090017572541753355, 0.1501039233664480388 ) ) ;
#9326 = AXIS2_PLACEMENT_3D ( 'NONE', #3584, #8131, #9465 ) ;
#9327 = ORIENTED_EDGE ( 'NONE', *, *, #3484, .T. ) ;
#9328 = COLOUR_RGB ( '',1.000000000000000000, 1.000000000000000000, 1.000000000000000000 ) ;
#9329 = CARTESIAN_POINT ( 'NONE',  ( 1.839956999733700416, -0.1207273167959836552, 0.1623924993342505119 ) ) ;
#9330 = ADVANCED_FACE ( 'NONE', ( #7468 ), #9525, .F. ) ;
#9331 = DIRECTION ( 'NONE',  ( -0.06818941838404181388, -1.789660620253718794E-17, -0.9976723927324270269 ) ) ;
#9332 = ORIENTED_EDGE ( 'NONE', *, *, #5772, .F. ) ;
#9333 = SURFACE_STYLE_USAGE ( .BOTH. , #3398 ) ;
#9334 = CARTESIAN_POINT ( 'NONE',  ( 1.873312925629410541, 0.1598054073799710928, 0.2727081381091993051 ) ) ;
#9335 = AXIS2_PLACEMENT_3D ( 'NONE', #318, #8425, #9151 ) ;
#9336 =( NAMED_UNIT ( * ) SI_UNIT ( $, .STERADIAN. ) SOLID_ANGLE_UNIT ( ) );
#9337 = STYLED_ITEM ( 'NONE', ( #3466 ), #1777 ) ;
#9338 = SURFACE_STYLE_USAGE ( .BOTH. , #1989 ) ;
#9339 = LINE ( 'NONE', #2672, #7884 ) ;
#9340 = CARTESIAN_POINT ( 'NONE',  ( 1.812169338668674579, -0.3304384950590533720, 0.1198491707073576495 ) ) ;
#9341 = DIRECTION ( 'NONE',  ( 0.000000000000000000, 1.000000000000000000, 0.000000000000000000 ) ) ;
#9342 = CARTESIAN_POINT ( 'NONE',  ( -1.775000000000000133, -1.600000000000000311, 0.000000000000000000 ) ) ;
#9343 = DIRECTION ( 'NONE',  ( -0.06818941838404181388, -1.789660620253718794E-17, -0.9976723927324270269 ) ) ;
#9344 = CARTESIAN_POINT ( 'NONE',  ( 1.832492570021009959, -0.07420135785389521399, 0.1706572490881973214 ) ) ;
#9345 = AXIS2_PLACEMENT_3D ( 'NONE', #3337, #9368, #2700 ) ;
#9346 = SURFACE_STYLE_USAGE ( .BOTH. , #6787 ) ;
#9347 =( NAMED_UNIT ( * ) PLANE_ANGLE_UNIT ( ) SI_UNIT ( $, .RADIAN. ) );
#9348 = EDGE_CURVE ( 'NONE', #2569, #4103, #5816, .T. ) ;
#9349 = SURFACE_STYLE_FILL_AREA ( #4821 ) ;
#9350 = AXIS2_PLACEMENT_3D ( 'NONE', #7143, #5824, #7324 ) ;
#9351 = CARTESIAN_POINT ( 'NONE',  ( 1.918388926984430087, 0.3674984733929558822, 0.3853981414967485586 ) ) ;
#9352 = VERTEX_POINT ( 'NONE', #2963 ) ;
#9353 = VERTEX_POINT ( 'NONE', #8781 ) ;
#9354 = CARTESIAN_POINT ( 'NONE',  ( 1.854475659170292001, 0.5434191798310895605, 0.2256149719614032323 ) ) ;
#9355 = LINE ( 'NONE', #1003, #7705 ) ;
#9356 = SURFACE_SIDE_STYLE ('',( #6888 ) ) ;
#9357 =( NAMED_UNIT ( * ) PLANE_ANGLE_UNIT ( ) SI_UNIT ( $, .RADIAN. ) );
#9358 =( NAMED_UNIT ( * ) SI_UNIT ( $, .STERADIAN. ) SOLID_ANGLE_UNIT ( ) );
#9359 = CARTESIAN_POINT ( 'NONE',  ( 1.838882563030298734, 0.3673475718487866915, 0.1597064075757460844 ) ) ;
#9360 = DIRECTION ( 'NONE',  ( 0.9284766908852604139, -0.000000000000000000, -0.3713906763541007794 ) ) ;
#9361 = ORIENTED_EDGE ( 'NONE', *, *, #4881, .T. ) ;
#9362 = ADVANCED_FACE ( 'NONE', ( #688 ), #8838, .F. ) ;
#9363 = DIRECTION ( 'NONE',  ( 1.447921622090530231E-16, 1.000000000000000000, -1.117179326706309308E-16 ) ) ;
#9364 = ORIENTED_EDGE ( 'NONE', *, *, #8951, .T. ) ;
#9365 = SURFACE_STYLE_FILL_AREA ( #6425 ) ;
#9366 = CARTESIAN_POINT ( 'NONE',  ( 1.923586541574904940, 0.08663467567265401015, 0.3983921779729356905 ) ) ;
#9367 = CARTESIAN_POINT ( 'NONE',  ( 1.876079956011545757, -0.1145848365224679255, 0.2526998900288647265 ) ) ;
#9368 = DIRECTION ( 'NONE',  ( -0.9943564755676919109, 1.410220274669976605E-16, -0.1060905250085903140 ) ) ;
#9369 = CARTESIAN_POINT ( 'NONE',  ( 1.928836178270526558, 0.3731693354646876681, 0.3845904456763176160 ) ) ;
#9370 = PRESENTATION_STYLE_ASSIGNMENT (( #2065 ) ) ;
#9371 = ORIENTED_EDGE ( 'NONE', *, *, #5103, .T. ) ;
#9372 =( LENGTH_UNIT ( ) NAMED_UNIT ( * ) SI_UNIT ( .MILLI., .METRE. ) );
#9373 = PRESENTATION_LAYER_ASSIGNMENT (  '', '', ( #2997 ) ) ;
#9374 = CARTESIAN_POINT ( 'NONE',  ( 1.842854361013784636, -0.3146038914005168108, 0.1696359025344610916 ) ) ;
#9375 = VECTOR ( 'NONE', #5280, 1000.000000000000000 ) ;
#9376 = ORIENTED_EDGE ( 'NONE', *, *, #3922, .T. ) ;
#9377 = CARTESIAN_POINT ( 'NONE',  ( 1.820142179498445811, 0.4407001324074164561, 0.1128554487461129047 ) ) ;
#9378 = LINE ( 'NONE', #6488, #5806 ) ;
#9379 =( LENGTH_UNIT ( ) NAMED_UNIT ( * ) SI_UNIT ( .MILLI., .METRE. ) );
#9380 = EDGE_CURVE ( 'NONE', #6424, #8037, #160, .T. ) ;
#9381 = VECTOR ( 'NONE', #9481, 1000.000000000000000 ) ;
#9382 = CARTESIAN_POINT ( 'NONE',  ( 1.910976896768753486, 0.4003538601946926012, 0.3668680659575582759 ) ) ;
#9383 = CARTESIAN_POINT ( 'NONE',  ( 1.125000000000000222, -1.600000000000000533, 0.2700000000000000178 ) ) ;
#9384 = COLOUR_RGB ( '',0.1019607843137254888, 0.1019607843137254888, 0.1019607843137254888 ) ;
#9385 = ADVANCED_FACE ( 'NONE', ( #3262 ), #4706, .F. ) ;
#9386 = LINE ( 'NONE', #7167, #7590 ) ;
#9387 = UNCERTAINTY_MEASURE_WITH_UNIT (LENGTH_MEASURE( 1.000000000000000082E-05 ), #1323, 'distance_accuracy_value', 'NONE');
#9388 = CARTESIAN_POINT ( 'NONE',  ( 1.820095359200621710, 0.4352817793311907768, 0.1127383980015535109 ) ) ;
#9389 = CARTESIAN_POINT ( 'NONE',  ( 1.834857752803567665, -0.1298463881596779446, 0.1765702060445899224 ) ) ;
#9390 = EDGE_CURVE ( 'NONE', #1287, #7385, #8589, .T. ) ;
#9391 = EDGE_CURVE ( 'NONE', #4823, #8137, #1791, .T. ) ;
#9392 = CYLINDRICAL_SURFACE ( 'NONE', #1753, 0.1599999999999999756 ) ;
#9393 = PRESENTATION_LAYER_ASSIGNMENT (  '', '', ( #1461 ) ) ;
#9394 = ORIENTED_EDGE ( 'NONE', *, *, #7975, .F. ) ;
#9395 = EDGE_LOOP ( 'NONE', ( #4824, #1206, #1736, #7937 ) ) ;
#9396 = FILL_AREA_STYLE_COLOUR ( '', #7763 ) ;
#9397 = ORIENTED_EDGE ( 'NONE', *, *, #808, .F. ) ;
#9398 = EDGE_CURVE ( 'NONE', #1285, #128, #6726, .T. ) ;
#9399 = SURFACE_SIDE_STYLE ('',( #2007 ) ) ;
#9400 = DIRECTION ( 'NONE',  ( -1.249000902703301354E-16, -2.783468775164168088E-17, -1.000000000000000000 ) ) ;
#9401 = LINE ( 'NONE', #8790, #874 ) ;
#9402 = LINE ( 'NONE', #5697, #150 ) ;
#9403 = CARTESIAN_POINT ( 'NONE',  ( -2.875000000000000444, 1.807500000000001661, 0.2699999999999998512 ) ) ;
#9404 = CARTESIAN_POINT ( 'NONE',  ( 1.833274767090544044, 0.4071086254047469599, 0.1456869177263596105 ) ) ;
#9405 = PRESENTATION_LAYER_ASSIGNMENT (  '', '', ( #7202 ) ) ;
#9406 = CARTESIAN_POINT ( 'NONE',  ( 1.906856209995724472, -0.05639344399829729348, 0.3565663490249846301 ) ) ;
#9407 = ORIENTED_EDGE ( 'NONE', *, *, #4803, .F. ) ;
#9408 = SURFACE_STYLE_FILL_AREA ( #2654 ) ;
#9409 = CARTESIAN_POINT ( 'NONE',  ( -1.882999999999999119, 1.600000000000000311, 0.2700000000000000178 ) ) ;
#9410 = ORIENTED_EDGE ( 'NONE', *, *, #5045, .F. ) ;
#9411 = STYLED_ITEM ( 'NONE', ( #4710 ), #2427 ) ;
#9412 = DIRECTION ( 'NONE',  ( 1.447921622090529492E-16, 1.000000000000000000, -2.498792926766732971E-16 ) ) ;
#9413 = CARTESIAN_POINT ( 'NONE',  ( 1.894816717180773269, -0.1070026367163823683, 0.2995417929519333389 ) ) ;
#9414 = CARTESIAN_POINT ( 'NONE',  ( 1.931507806669796823, 0.3917809146869419834, 0.3912695166744932229 ) ) ;
#9415 = STYLED_ITEM ( 'NONE', ( #7668 ), #4752 ) ;
#9416 = EDGE_CURVE ( 'NONE', #9002, #3728, #7806, .T. ) ;
#9417 = PRESENTATION_LAYER_ASSIGNMENT (  '', '', ( #1483 ) ) ;
#9418 = LINE ( 'NONE', #483, #5529 ) ;
#9419 = ORIENTED_EDGE ( 'NONE', *, *, #4755, .F. ) ;
#9420 = PLANE ( 'NONE',  #4793 ) ;
#9421 = AXIS2_PLACEMENT_3D ( 'NONE', #5967, #2238, #6691 ) ;
#9422 = PRESENTATION_STYLE_ASSIGNMENT (( #1785 ) ) ;
#9423 = DIRECTION ( 'NONE',  ( -1.447921622090529492E-16, -1.000000000000000000, 2.498792926766732971E-16 ) ) ;
#9424 = STYLED_ITEM ( 'NONE', ( #7690 ), #1477 ) ;
#9425 =( GEOMETRIC_REPRESENTATION_CONTEXT ( 3 ) GLOBAL_UNCERTAINTY_ASSIGNED_CONTEXT ( ( #6461 ) ) GLOBAL_UNIT_ASSIGNED_CONTEXT ( ( #1371, #6552, #803 ) ) REPRESENTATION_CONTEXT ( 'NONE', 'WORKASPACE' ) );
#9426 = CARTESIAN_POINT ( 'NONE',  ( 1.912716570559662710, 0.4416842183555810264, 0.3712172504348305035 ) ) ;
#9427 = CARTESIAN_POINT ( 'NONE',  ( 1.796356200846564333, -2.189999999999999503, 0.6824701013908928138 ) ) ;
#9428 = LINE ( 'NONE', #2762, #4800 ) ;
#9429 = DIRECTION ( 'NONE',  ( 0.9284766908852604139, -0.000000000000000000, -0.3713906763541007794 ) ) ;
#9430 = PLANE ( 'NONE',  #8768 ) ;
#9431 = CARTESIAN_POINT ( 'NONE',  ( 1.823071769535721920, 0.4390036000856658016, 0.1471052478749760584 ) ) ;
#9432 = CARTESIAN_POINT ( 'NONE',  ( 1.865088186468233600, -0.1144864678170594841, 0.2521462902062557299 ) ) ;
#9433 = COLOUR_RGB ( '',1.000000000000000000, 1.000000000000000000, 1.000000000000000000 ) ;
#9434 = MECHANICAL_DESIGN_GEOMETRIC_PRESENTATION_REPRESENTATION (  '', ( #7867 ), #442 ) ;
#9435 =( LENGTH_UNIT ( ) NAMED_UNIT ( * ) SI_UNIT ( .MILLI., .METRE. ) );
#9436 = FILL_AREA_STYLE_COLOUR ( '', #3978 ) ;
#9437 = CARTESIAN_POINT ( 'NONE',  ( 1.916140976904577187, -0.05639344399829729348, 0.3528524422614436329 ) ) ;
#9438 = EDGE_CURVE ( 'NONE', #7889, #8891, #2430, .T. ) ;
#9439 = EDGE_CURVE ( 'NONE', #9164, #8114, #3059, .T. ) ;
#9440 = COLOUR_RGB ( '',1.000000000000000000, 1.000000000000000000, 1.000000000000000000 ) ;
#9441 = CARTESIAN_POINT ( 'NONE',  ( 1.934230054860662795, 0.4472291878677761012, 0.3980751371516579873 ) ) ;
#9442 = ORIENTED_EDGE ( 'NONE', *, *, #7617, .T. ) ;
#9444 = ORIENTED_EDGE ( 'NONE', *, *, #2124, .F. ) ;
#9443 = EDGE_CURVE ( 'NONE', #1953, #5126, #996, .T. ) ;
#9445 = DIRECTION ( 'NONE',  ( 1.447921622090529492E-16, 1.000000000000000000, -2.498792926766732971E-16 ) ) ;
#9446 = FILL_AREA_STYLE_COLOUR ( '', #6300 ) ;
#9447 =( NAMED_UNIT ( * ) PLANE_ANGLE_UNIT ( ) SI_UNIT ( $, .RADIAN. ) );
#9448 = AXIS2_PLACEMENT_3D ( 'NONE', #1893, #4131, #4900 ) ;
#9449 = SURFACE_STYLE_USAGE ( .BOTH. , #3472 ) ;
#9450 = ORIENTED_EDGE ( 'NONE', *, *, #7952, .F. ) ;
#9451 = STYLED_ITEM ( 'NONE', ( #6821 ), #5799 ) ;
#9452 = DIRECTION ( 'NONE',  ( 1.000000000000000000, -1.447921622090529738E-16, -1.249000902703301108E-16 ) ) ;
#9453 = CARTESIAN_POINT ( 'NONE',  ( 1.932208733888381991, 0.4915744821283195010, 0.3930218347209569196 ) ) ;
#9454 = ORIENTED_EDGE ( 'NONE', *, *, #1974, .F. ) ;
#9455 = PRESENTATION_LAYER_ASSIGNMENT (  '', '', ( #155 ) ) ;
#9456 = FILL_AREA_STYLE_COLOUR ( '', #7843 ) ;
#9457 =( NAMED_UNIT ( * ) SI_UNIT ( $, .STERADIAN. ) SOLID_ANGLE_UNIT ( ) );
#9458 = DIRECTION ( 'NONE',  ( 0.9284766908852604139, 0.000000000000000000, -0.3713906763541007794 ) ) ;
#9459 = FILL_AREA_STYLE ('',( #8723 ) ) ;
#9460 = ORIENTED_EDGE ( 'NONE', *, *, #3092, .T. ) ;
#9461 = MECHANICAL_DESIGN_GEOMETRIC_PRESENTATION_REPRESENTATION (  '', ( #7890 ), #4797 ) ;
#9462 = LINE ( 'NONE', #532, #2934 ) ;
#9463 = STYLED_ITEM ( 'NONE', ( #1849 ), #6349 ) ;
#9464 = CARTESIAN_POINT ( 'NONE',  ( 1.921053473953778790, 0.4101820854507777225, 0.3651336848844468075 ) ) ;
#9465 = DIRECTION ( 'NONE',  ( -0.1060905250085903556, 4.303867851713705188E-17, 0.9943564755676919109 ) ) ;
#9466 = MECHANICAL_DESIGN_GEOMETRIC_PRESENTATION_REPRESENTATION (  '', ( #8205 ), #5634 ) ;
#9467 = STYLED_ITEM ( 'NONE', ( #8860 ), #3582 ) ;
#9468 = CARTESIAN_POINT ( 'NONE',  ( 1.681086225569887960, -2.189999999999999503, 0.4624701013908927849 ) ) ;
#9469 = MECHANICAL_DESIGN_GEOMETRIC_PRESENTATION_REPRESENTATION (  '', ( #322 ), #6042 ) ;
#9470 = CARTESIAN_POINT ( 'NONE',  ( 1.923586541574904940, 0.3061468707946052303, 0.3983921779729356905 ) ) ;
#9471 =( GEOMETRIC_REPRESENTATION_CONTEXT ( 3 ) GLOBAL_UNCERTAINTY_ASSIGNED_CONTEXT ( ( #347 ) ) GLOBAL_UNIT_ASSIGNED_CONTEXT ( ( #1854, #9078, #4711 ) ) REPRESENTATION_CONTEXT ( 'NONE', 'WORKASPACE' ) );
#9472 =( NAMED_UNIT ( * ) SI_UNIT ( $, .STERADIAN. ) SOLID_ANGLE_UNIT ( ) );
#9473 = MECHANICAL_DESIGN_GEOMETRIC_PRESENTATION_REPRESENTATION (  '', ( #3578 ), #8997 ) ;
#9474 =( NAMED_UNIT ( * ) SI_UNIT ( $, .STERADIAN. ) SOLID_ANGLE_UNIT ( ) );
#9475 = PLANE ( 'NONE',  #8545 ) ;
#9476 = SURFACE_STYLE_USAGE ( .BOTH. , #8773 ) ;
#9477 = FILL_AREA_STYLE ('',( #1349 ) ) ;
#9478 = CARTESIAN_POINT ( 'NONE',  ( 1.842232453460646679, 0.5301159266143317117, 0.1950069576872889565 ) ) ;
#9479 = LINE ( 'NONE', #5050, #5377 ) ;
#9480 = UNCERTAINTY_MEASURE_WITH_UNIT (LENGTH_MEASURE( 1.000000000000000082E-05 ), #4598, 'distance_accuracy_value', 'NONE');
#9481 = DIRECTION ( 'NONE',  ( 2.166085619527817307E-16, -1.000000000000000000, 2.498792926766732478E-16 ) ) ;
#9482 = CARTESIAN_POINT ( 'NONE',  ( 1.864034669196374061, -0.1522874956203999486, 0.2225866729909332375 ) ) ;
#9483 = FILL_AREA_STYLE ('',( #603 ) ) ;
#9484 = COLOUR_RGB ( '',1.000000000000000000, 1.000000000000000000, 1.000000000000000000 ) ;
#9485 = CARTESIAN_POINT ( 'NONE',  ( 1.919551411361673843, 0.3731693354646876681, 0.3883043524398586133 ) ) ;
#9486 = EDGE_LOOP ( 'NONE', ( #8435, #389, #2066, #8318, #4433, #6292, #3332, #8061 ) ) ;
#9487 = FILL_AREA_STYLE_COLOUR ( '', #7291 ) ;
#9488 = ORIENTED_EDGE ( 'NONE', *, *, #314, .T. ) ;
#9489 = CARTESIAN_POINT ( 'NONE',  ( 2.181086225569887738, -2.189999999999999503, 0.4624701013908927294 ) ) ;
#9490 = UNCERTAINTY_MEASURE_WITH_UNIT (LENGTH_MEASURE( 1.000000000000000082E-05 ), #2200, 'distance_accuracy_value', 'NONE');
#9491 = PLANE ( 'NONE',  #2764 ) ;
#9492 =( NAMED_UNIT ( * ) SI_UNIT ( $, .STERADIAN. ) SOLID_ANGLE_UNIT ( ) );
#9493 = CARTESIAN_POINT ( 'NONE',  ( 1.681086225569887960, -2.114999999999999769, 0.4624701013908927849 ) ) ;
#9494 = CARTESIAN_POINT ( 'NONE',  ( 1.823092284558444742, 0.4255045313271630381, 0.1471565354317838359 ) ) ;
#9495 = FILL_AREA_STYLE ('',( #1513 ) ) ;
#9496 = ORIENTED_EDGE ( 'NONE', *, *, #2045, .T. ) ;
#9497 = EDGE_CURVE ( 'NONE', #9018, #127, #5533, .T. ) ;
#9498 = DIRECTION ( 'NONE',  ( 0.000000000000000000, -1.000000000000000000, 0.000000000000000000 ) ) ;
#9499 = CARTESIAN_POINT ( 'NONE',  ( 1.916541272803435891, 0.5289792466201791443, 0.3807790060442646785 ) ) ;
#9500 = ORIENTED_EDGE ( 'NONE', *, *, #481, .F. ) ;
#9501 = SURFACE_STYLE_FILL_AREA ( #3571 ) ;
#9502 = FILL_AREA_STYLE_COLOUR ( '', #4936 ) ;
#9503 = CARTESIAN_POINT ( 'NONE',  ( 1.780853464843130451, 0.3500000000000001443, 0.4556511595524886382 ) ) ;
#9504 = UNCERTAINTY_MEASURE_WITH_UNIT (LENGTH_MEASURE( 1.000000000000000082E-05 ), #1508, 'distance_accuracy_value', 'NONE');
#9505 = FACE_OUTER_BOUND ( 'NONE', #7251, .T. ) ;
#9506 = LINE ( 'NONE', #5133, #454 ) ;
#9507 = SURFACE_STYLE_USAGE ( .BOTH. , #7156 ) ;
#9508 = EDGE_LOOP ( 'NONE', ( #7786, #2594, #4933, #8160 ) ) ;
#9509 = EDGE_CURVE ( 'NONE', #9091, #3133, #4458, .T. ) ;
#9510 = CARTESIAN_POINT ( 'NONE',  ( 2.909998327955510611, 2.117500000000000160, -0.1499999999999995226 ) ) ;
#9511 = CARTESIAN_POINT ( 'NONE',  ( 1.915444787594175358, 0.3674411551991100811, 0.3511119689854390602 ) ) ;
#9512 = FILL_AREA_STYLE ('',( #4309 ) ) ;
#9513 = EDGE_CURVE ( 'NONE', #2541, #7137, #842, .T. ) ;
#9514 = CARTESIAN_POINT ( 'NONE',  ( 1.681086225569887960, 0.3500000000000001443, 0.4624701013908927849 ) ) ;
#9515 = CARTESIAN_POINT ( 'NONE',  ( 1.893720740476607878, -0.1488567948748908965, 0.2968018511915195834 ) ) ;
#9516 = CLOSED_SHELL ( 'NONE', ( #2836, #2067, #5975, #6674, #368, #2221, #2071, #4275, #3971, #4817, #2338, #125, #3912, #3844, #6515, #1388, #2383, #7236, #907, #1464, #2376, #5713, #6808, #1390, #4117, #2088, #4938, #4262, #5807, #8555, #4621, #2803, #3667, #3975, #5477, #9279, #2795, #7501, #7605, #5972, #1411, #3330, #838, #974, #4207, #458, #5799, #4684, #494, #8226, #8207, #613, #8852, #4771, #2738, #19, #6100, #3207, #3552, #7398, #4653, #1776, #6684, #5921, #4324, #7955, #4510, #2091, #5914, #8835, #4752, #6394, #3159, #8833, #9330, #3240 ) ) ;
#9517 = SURFACE_STYLE_USAGE ( .BOTH. , #2035 ) ;
#9518 = SURFACE_STYLE_FILL_AREA ( #682 ) ;
#9519 = CARTESIAN_POINT ( 'NONE',  ( 2.461382810556700385, 0.3500000000000000333, -0.1143832811983292869 ) ) ;
#9520 = FACE_OUTER_BOUND ( 'NONE', #3173, .T. ) ;
#9521 = LINE ( 'NONE', #7864, #1506 ) ;
#9522 = CARTESIAN_POINT ( 'NONE',  ( 1.832690568327276726, -0.09876988648517828762, 0.1442264208181924523 ) ) ;
#9523 = FILL_AREA_STYLE_COLOUR ( '', #5974 ) ;
#9524 = EDGE_CURVE ( 'NONE', #1955, #1043, #6352, .T. ) ;
#9525 = CYLINDRICAL_SURFACE ( 'NONE', #2222, 0.3017393217012238060 ) ;
#9526 = COLOUR_RGB ( '',1.000000000000000000, 1.000000000000000000, 1.000000000000000000 ) ;
#9527 = SURFACE_SIDE_STYLE ('',( #9567 ) ) ;
#9528 = LINE ( 'NONE', #2862, #4549 ) ;
#9529 = EDGE_LOOP ( 'NONE', ( #515, #7756, #1659, #9215 ) ) ;
#9530 = DIRECTION ( 'NONE',  ( 1.249000902703301354E-16, 1.960023273030422060E-17, 1.000000000000000000 ) ) ;
#9531 = CARTESIAN_POINT ( 'NONE',  ( 1.876630649861750655, 0.5475063910849184978, 0.2540766246543757489 ) ) ;
#9532 = CARTESIAN_POINT ( 'NONE',  ( -1.774999999999999245, -2.007500000000001616, 0.2699999999999996847 ) ) ;
#9533 = FACE_OUTER_BOUND ( 'NONE', #1885, .T. ) ;
#9534 = LINE ( 'NONE', #8793, #2463 ) ;
#9535 = CARTESIAN_POINT ( 'NONE',  ( 1.832324076592769302, 0.4349387915263127069, 0.1433101914819218115 ) ) ;
#9536 = LINE ( 'NONE', #2873, #5387 ) ;
#9537 = ORIENTED_EDGE ( 'NONE', *, *, #6815, .T. ) ;
#9538 = CARTESIAN_POINT ( 'NONE',  ( 1.914909287131268956, -0.08632325981206499799, 0.3766990418638465066 ) ) ;
#9539 = ORIENTED_EDGE ( 'NONE', *, *, #5357, .T. ) ;
#9540 = VERTEX_POINT ( 'NONE', #444 ) ;
#9541 = EDGE_LOOP ( 'NONE', ( #8797, #2936, #8384, #484 ) ) ;
#9542 = EDGE_LOOP ( 'NONE', ( #6468, #7845, #9183, #6874 ) ) ;
#9543 = SURFACE_SIDE_STYLE ('',( #9501 ) ) ;
#9544 = CARTESIAN_POINT ( 'NONE',  ( 1.821454105577527294, 0.001973852501922329118, 0.1161352639438166245 ) ) ;
#9545 = SURFACE_STYLE_USAGE ( .BOTH. , #1387 ) ;
#9546 = DIRECTION ( 'NONE',  ( 0.9284766908852604139, -0.000000000000000000, -0.3713906763541007794 ) ) ;
#9547 = ORIENTED_EDGE ( 'NONE', *, *, #9263, .F. ) ;
#9548 = EDGE_CURVE ( 'NONE', #4922, #699, #2760, .T. ) ;
#9549 = SURFACE_STYLE_USAGE ( .BOTH. , #9596 ) ;
#9550 = COLOUR_RGB ( '',1.000000000000000000, 1.000000000000000000, 1.000000000000000000 ) ;
#9551 = ADVANCED_FACE ( 'NONE', ( #5724 ), #2575, .F. ) ;
#9552 = CARTESIAN_POINT ( 'NONE',  ( 1.910254596314539421, 0.5185101243728922338, 0.3381364907863481650 ) ) ;
#9553 = EDGE_CURVE ( 'NONE', #5207, #8704, #1165, .T. ) ;
#9554 = PRESENTATION_STYLE_ASSIGNMENT (( #8045 ) ) ;
#9555 = VECTOR ( 'NONE', #9184, 1000.000000000000000 ) ;
#9556 = VECTOR ( 'NONE', #1884, 1000.000000000000114 ) ;
#9557 = AXIS2_PLACEMENT_3D ( 'NONE', #1292, #7941, #9458 ) ;
#9558 = LINE ( 'NONE', #2907, #1225 ) ;
#9559 =( LENGTH_UNIT ( ) NAMED_UNIT ( * ) SI_UNIT ( .MILLI., .METRE. ) );
#9560 = UNCERTAINTY_MEASURE_WITH_UNIT (LENGTH_MEASURE( 1.000000000000000082E-05 ), #1224, 'distance_accuracy_value', 'NONE');
#9561 =( GEOMETRIC_REPRESENTATION_CONTEXT ( 3 ) GLOBAL_UNCERTAINTY_ASSIGNED_CONTEXT ( ( #3947 ) ) GLOBAL_UNIT_ASSIGNED_CONTEXT ( ( #4208, #2660, #627 ) ) REPRESENTATION_CONTEXT ( 'NONE', 'WORKASPACE' ) );
#9562 = SURFACE_STYLE_FILL_AREA ( #6062 ) ;
#9563 = PRESENTATION_LAYER_ASSIGNMENT (  '', '', ( #3056 ) ) ;
#9564 = EDGE_CURVE ( 'NONE', #4349, #4025, #1937, .T. ) ;
#9565 = VECTOR ( 'NONE', #4723, 1000.000000000000000 ) ;
#9566 = FILL_AREA_STYLE_COLOUR ( '', #3471 ) ;
#9567 = SURFACE_STYLE_FILL_AREA ( #3594 ) ;
#9568 = CARTESIAN_POINT ( 'NONE',  ( 1.934177858848354692, 0.4352460477745915823, 0.3979446471208873959 ) ) ;
#9569 = ORIENTED_EDGE ( 'NONE', *, *, #5647, .T. ) ;
#9570 = CARTESIAN_POINT ( 'NONE',  ( -1.775000000000000133, 2.007500000000002061, 9.999999999999998224 ) ) ;
#9571 = CARTESIAN_POINT ( 'NONE',  ( 2.909998327955510611, -1.692499999999999893, -0.1499999999999995226 ) ) ;
#9572 = CARTESIAN_POINT ( 'NONE',  ( 1.919163372975153159, 0.5173406441163430625, 0.3873342564735572369 ) ) ;
#9573 = CARTESIAN_POINT ( 'NONE',  ( -2.775000000000000355, -2.007499999999998952, 0.2700000000000002953 ) ) ;
#9574 = UNCERTAINTY_MEASURE_WITH_UNIT (LENGTH_MEASURE( 1.000000000000000082E-05 ), #7626, 'distance_accuracy_value', 'NONE');
#9575 = CARTESIAN_POINT ( 'NONE',  ( 1.839427334322211616, -0.3067809204963437009, 0.1610683358055263192 ) ) ;
#9576 = CARTESIAN_POINT ( 'NONE',  ( 2.739492600163652813, -0.9200000000000000400, 0.4129369826212098138 ) ) ;
#9577 = FILL_AREA_STYLE_COLOUR ( '', #8169 ) ;
#9578 = VECTOR ( 'NONE', #7455, 1000.000000000000227 ) ;
#9579 = CARTESIAN_POINT ( 'NONE',  ( 1.881991169021442367, -0.1544718877957835801, 0.2674779225536061955 ) ) ;
#9580 = ORIENTED_EDGE ( 'NONE', *, *, #6205, .T. ) ;
#9581 = SURFACE_STYLE_FILL_AREA ( #8938 ) ;
#9582 = COLOUR_RGB ( '',1.000000000000000000, 1.000000000000000000, 1.000000000000000000 ) ;
#9583 = CARTESIAN_POINT ( 'NONE',  ( 1.911045132477616093, 0.5665236028040199212, 0.3401128311940403992 ) ) ;
#9584 = EDGE_LOOP ( 'NONE', ( #7988, #7016, #9017, #7336 ) ) ;
#9585 = ORIENTED_EDGE ( 'NONE', *, *, #7910, .T. ) ;
#9586 = ORIENTED_EDGE ( 'NONE', *, *, #6958, .T. ) ;
#9587 = VERTEX_POINT ( 'NONE', #7857 ) ;
#9588 = CARTESIAN_POINT ( 'NONE',  ( 1.932871308483756545, 0.005060742745824760476, 0.3946782712093949708 ) ) ;
#9589 = VECTOR ( 'NONE', #8289, 1000.000000000000000 ) ;
#9590 = LINE ( 'NONE', #8078, #6477 ) ;
#9591 = SURFACE_SIDE_STYLE ('',( #6521 ) ) ;
#9592 = UNCERTAINTY_MEASURE_WITH_UNIT (LENGTH_MEASURE( 1.000000000000000082E-05 ), #7883, 'distance_accuracy_value', 'NONE');
#9593 = DIRECTION ( 'NONE',  ( -3.608224830031759249E-16, -1.000000000000000000, 1.117179326706309308E-16 ) ) ;
#9594 = SURFACE_SIDE_STYLE ('',( #5846 ) ) ;
#9595 = ORIENTED_EDGE ( 'NONE', *, *, #8192, .T. ) ;
#9596 = SURFACE_SIDE_STYLE ('',( #6041 ) ) ;
#9597 = AXIS2_PLACEMENT_3D ( 'NONE', #5425, #8404, #1158 ) ;
#9598 = PRESENTATION_LAYER_ASSIGNMENT (  '', '', ( #2928 ) ) ;
#9599 = PRESENTATION_STYLE_ASSIGNMENT (( #6572 ) ) ;
#9600 = DIRECTION ( 'NONE',  ( 0.1350162896300096949, 0.9315776194850602376, 0.3375407240750272764 ) ) ;
#9601 = CARTESIAN_POINT ( 'NONE',  ( 1.869066843201581563, 0.5476102854287516752, 0.2620929320396269135 ) ) ;
#9602 = DIRECTION ( 'NONE',  ( 0.000000000000000000, -0.000000000000000000, -1.000000000000000000 ) ) ;
#9603 = STYLED_ITEM ( 'NONE', ( #4691 ), #6050 ) ;
ENDSEC;
END-ISO-10303-21;
